day,window_id,packet_rate,byte_rate,unique_dst_ips,unique_dst_ports,syn_ack_ratio,avg_pkt_size,dst_port_entropy,failed_conn_rate,fwd_psh_rate,avg_flow_duration,label_attack_now,attack_fraction,attack_family,mitre
monday,0,145583.18686718962,3747142.9868388535,51,51,0.256,161.93450832022282,3.8136406361152257,0.002,0.062,31268985.174,0,0.0,none,-
monday,1,60334.99372931205,1417863.6667525568,87,87,0.26704545454545453,186.07740935617122,3.2977135371688373,0.0,0.092,17679112.086,0,0.0,none,-
monday,2,65260.4071673762,1848337.2246030811,101,101,0.24666666666666667,153.78552763294,3.720110787222935,0.0,0.072,19775172.224,0,0.0,none,-
monday,3,74224.76233654786,1634219.8750304284,82,82,0.2727272727272727,150.0283575140048,3.43028859431578,0.0,0.07,49279276.65,0,0.0,none,-
monday,4,71975.37017622715,1392845.624265734,91,91,0.33774834437086093,188.498071476338,3.598969617613472,0.0,0.1,32353381.938,0,0.0,none,-
monday,5,67629.24585728162,1603306.7897054548,55,55,0.3246753246753247,188.5761279427886,3.130885144905076,0.0,0.098,30299435.656,0,0.0,none,-
monday,6,77359.19890309118,2304301.513085712,83,83,0.24836601307189543,150.59756685585302,3.2362001291978615,0.0,0.074,11708892.404,0,0.0,none,-
monday,7,83455.54098290965,1963888.9971541238,85,85,0.3825503355704698,172.24438507301517,2.977197715661071,0.0,0.112,10621861.258,0,0.0,none,-
monday,8,97480.71561005186,1381240.1019971606,100,100,0.17058823529411765,162.3696321421734,3.372236363318271,0.0,0.056,27912910.738,0,0.0,none,-
monday,9,68072.44148748687,1347206.7045483608,75,75,0.296,164.35222458792938,3.04565032135332,0.0,0.072,35490284.738,0,0.0,none,-
monday,10,58700.430673363655,1701222.954810185,71,71,0.21951219512195122,139.8465710767096,3.0674240574006184,0.0,0.07,15092793.448,0,0.0,none,-
monday,11,94563.62021676428,1724269.718657014,94,94,0.3427230046948357,119.21054323876359,3.244031618839731,0.0,0.144,25225985.6,0,0.0,none,-
monday,12,61852.43247606241,1570217.9619488548,74,74,0.2191780821917808,159.2390760716816,3.2447701134448343,0.002,0.062,27010153.532,0,0.0,none,-
monday,13,76619.0630623717,1813252.523174937,104,104,0.30434782608695654,178.302878385788,3.6522639641300394,0.0,0.096,24498256.202,0,0.0,none,-
monday,14,59649.53808239771,937435.6439403325,63,63,0.20422535211267606,155.9937207763974,2.9415887508578598,0.002,0.056,20526053.136,0,0.0,none,-
monday,15,74382.87320889211,1095459.7048795943,74,74,0.3067484662576687,210.12831044808743,2.8875552566556837,0.002,0.098,28329463.51,0,0.0,none,-
monday,16,72855.92261818965,1581965.248964336,79,79,0.3228346456692913,152.4140578113442,3.1999481567019443,0.0,0.08,29819645.108,0,0.0,none,-
monday,17,61845.942564485165,1131085.4899865962,101,101,0.2546583850931677,153.53139676883902,3.325413003597494,0.0,0.08,10361051.386,0,0.0,none,-
monday,18,57072.29615809074,1060465.5692833834,65,65,0.17105263157894737,141.253578762476,2.6135678068709156,0.0,0.05,5317250.18,0,0.0,none,-
monday,19,65656.85504871364,1484389.7020025558,86,86,0.1711229946524064,149.69883195159179,2.951027474908122,0.0,0.062,22787919.086,0,0.0,none,-
monday,20,71789.03051239836,1612707.285146276,76,76,0.31297709923664124,161.6732345115948,3.002014601280089,0.0,0.08,31001869.638,0,0.0,none,-
monday,21,87932.59541982636,1405513.3690456536,89,89,0.20930232558139536,128.1032857434758,3.2146826341354373,0.0,0.07,33254863.554,0,0.0,none,-
monday,22,88615.30304190674,2263713.5726895593,100,100,0.3612565445026178,141.02219807077418,3.4259997303361867,0.0,0.136,24847727.824,0,0.0,none,-
monday,23,43226.98502704915,723761.4739660056,49,49,0.19548872180451127,160.12574580400198,2.4746971120519605,0.0,0.05,21309036.356,0,0.0,none,-
monday,24,69044.72015444656,2025754.9784054263,72,72,0.29518072289156627,164.4212065613898,2.4856747446011136,0.0,0.096,8090960.4,0,0.0,none,-
monday,25,70425.30986386655,1509568.6129558638,85,85,0.4084507042253521,160.8947129132578,2.7218019654367924,0.0,0.114,15334769.244,0,0.0,none,-
monday,26,57550.03121632248,1369682.963050457,61,61,0.2585034013605442,172.66849932387842,2.4478006220914086,0.0,0.074,17274824.184,0,0.0,none,-
monday,27,17184.9012705,261757.19353037822,25,25,0.25806451612903225,284.1539505979514,1.0878175979085978,0.0,0.03,14827320.228,0,0.0,none,-
monday,28,10389.590607412842,158792.2501730687,16,16,0.4722222222222222,319.9697756066758,0.9497035773736922,0.0,0.032,11743979.4,0,0.0,none,-
monday,29,18289.97301308729,420201.2930383363,32,32,0.2777777777777778,258.990565692784,1.7791796403768152,0.0,0.028,21959206.464,0,0.0,none,-
monday,30,33160.86379754425,910766.051274626,44,44,0.2708333333333333,260.3109173876368,1.8291286543368068,0.0,0.05,27131569.038,0,0.0,none,-
monday,31,86699.94001166534,1058370.3063099438,96,96,0.3486238532110092,151.434804746555,3.4714931823671593,0.0,0.15,31208083.766,0,0.0,none,-
monday,32,41555.15098791955,637559.8793895685,96,96,0.1111111111111111,132.17751595252298,3.312656528375619,0.0,0.034,8837924.156,0,0.0,none,-
monday,33,102166.69554876882,2789749.6310559777,93,93,0.32105263157894737,197.1470205573258,3.527436142308488,0.0,0.12,21691278.36,0,0.0,none,-
monday,34,49113.55549370234,1309299.2108869625,73,73,0.23417721518987342,135.2930421738198,3.168593254659468,0.0,0.072,22063632.402,0,0.0,none,-
monday,35,54026.480149677314,1321916.5217235622,51,51,0.2980769230769231,180.5098193339232,2.72122127764916,0.0,0.06,36626958.714,0,0.0,none,-
monday,36,47094.096302216916,1016030.6716466064,68,68,0.192,145.5664494040942,3.223128652845477,0.0,0.046,13789872.364,0,0.0,none,-
monday,37,36864.04839628845,869634.4196671632,44,44,0.19811320754716982,168.13303198221763,2.3207758749900744,0.0,0.04,16693986.634,0,0.0,none,-
monday,38,71258.78057587761,2174165.6481448254,77,77,0.3202614379084967,179.0087658717902,2.7600440616348574,0.0,0.096,14776548.802,0,0.0,none,-
monday,39,54213.03343628076,1225469.8191603047,67,67,0.3,154.3598555210632,2.824632524925084,0.0,0.1,25132966.762,0,0.0,none,-
monday,40,79337.88429206773,1342797.5774250245,72,72,0.3277777777777778,167.26433336111182,2.871655106230879,0.0,0.116,30798594.432,0,0.0,none,-
monday,41,101927.34817846197,1650217.2049647965,89,89,0.41509433962264153,165.20851620291342,3.009202380044756,0.0,0.13,35024791.202,0,0.0,none,-
monday,42,56235.434676016965,897797.2301858679,69,69,0.3333333333333333,109.512358887088,3.053140080839265,0.0,0.084,30399582.588,0,0.0,none,-
monday,43,37172.11862421846,614162.8158555889,57,57,0.1781609195402299,187.75134970134718,2.3186386785551445,0.0,0.06,9443032.022,0,0.0,none,-
monday,44,56814.33493055073,1497893.913741584,65,65,0.17424242424242425,158.1433586734068,2.735323929486864,0.0,0.044,18306396.316,0,0.0,none,-
monday,45,31868.886318857076,440692.50149776175,38,38,0.26548672566371684,148.04469325901002,2.3393458249970376,0.0,0.058,26801415.484,0,0.0,none,-
monday,46,71554.29391130441,1183572.5183132682,72,72,0.32941176470588235,163.35843059024361,2.895359548408001,0.0,0.11,46329171.072,0,0.0,none,-
monday,47,44462.051809319106,757564.8237241543,51,51,0.23423423423423423,157.88455672026157,2.412719180483358,0.0,0.05,22879806.936,0,0.0,none,-
monday,48,25542.50285770874,284858.64890948724,35,35,0.0707070707070707,107.94798057287201,1.9656054499040618,0.0,0.012,10224869.9,0,0.0,none,-
monday,49,44288.66250274645,806452.0287609,56,56,0.2127659574468085,115.9344421048636,2.7565851785979696,0.0,0.058,16542934.37,0,0.0,none,-
monday,50,53864.00534705706,899826.8633736329,60,60,0.17032967032967034,154.4552701179288,2.8468221608409885,0.0,0.06,26498471.796,0,0.0,none,-
monday,51,51306.36828220702,1124534.1196542254,70,70,0.2275449101796407,134.5263149819614,3.065271287433925,0.0,0.074,28429520.87,0,0.0,none,-
monday,52,19007.72996763744,396654.6573448857,28,28,0.08035714285714286,144.8796552539984,1.879801952239454,0.0,0.016,21926284.614,0,0.0,none,-
monday,53,23282.0823861508,500897.15459398116,39,39,0.08823529411764706,159.32893578115699,2.3684625359360925,0.0,0.022,26347243.748,0,0.0,none,-
monday,54,52617.33661206426,729104.4016444184,67,67,0.24375,129.4062715646342,2.940653050598909,0.0,0.076,16024921.84,0,0.0,none,-
monday,55,41107.99996323454,822422.2720229139,38,38,0.17857142857142858,125.4638041752324,2.2778090925515473,0.0,0.038,16624686.682,0,0.0,none,-
monday,56,32953.572411917885,1014292.3765203214,43,43,0.1875,148.148474751952,2.2018832689139143,0.0,0.034,10184367.812,0,0.0,none,-
monday,57,53204.73027218076,1412914.7829798956,52,52,0.1895424836601307,141.00204944547917,2.4222924283600547,0.0,0.056,15326272.674,0,0.0,none,-
monday,58,67743.57351168487,2018506.461217446,70,70,0.20765027322404372,160.6001219914278,2.91160195347506,0.0,0.074,21864003.966,0,0.0,none,-
monday,59,53287.572373219984,972577.1230339137,63,63,0.2682926829268293,153.759611291098,2.8165853521089472,0.0,0.086,23792850.128,0,0.0,none,-
monday,60,38141.137969520656,1025963.1404790201,50,50,0.3132530120481928,140.2098635425638,2.749774023106811,0.002,0.102,38093206.632,0,0.0,none,-
monday,61,59361.95462283522,689349.2233615514,71,71,0.2733333333333333,119.411805841163,2.7874641900275394,0.0,0.08,25799803.256,0,0.0,none,-
monday,62,57519.134902664584,1215991.3531808255,72,72,0.2517482517482518,163.36719538318542,2.869706210151816,0.0,0.07,19813886.856,0,0.0,none,-
monday,63,11956.035667407636,201105.82062783217,32,32,0.06164383561643835,273.2177739255036,1.7594237707174225,0.0,0.016,6745824.092,0,0.0,none,-
monday,64,40438.87695871005,718130.0700044304,48,48,0.14743589743589744,162.581409565718,2.459900720791524,0.002,0.044,32303352.996,0,0.0,none,-
monday,65,27479.886642941437,534408.2331766285,43,43,0.15217391304347827,132.2596567205766,2.4846680038069118,0.002,0.026,12524094.606,0,0.0,none,-
monday,66,71211.85535576653,1294200.852096568,76,76,0.323943661971831,136.1820408761944,3.1623106821057645,0.002,0.09,21662779.55,0,0.0,none,-
monday,67,55011.83663049744,956636.9560839531,63,63,0.2589928057553957,140.03983565059798,2.7222221992297966,0.002,0.07,18436722.628,0,0.0,none,-
monday,68,24182.55830108395,417936.1237463259,31,31,0.19594594594594594,127.96291773392139,2.227560664954325,0.0,0.056,30981985.222,0,0.0,none,-
monday,69,58447.4138258809,963184.925404373,70,70,0.2662337662337662,133.8723978321256,2.9021981035922257,0.0,0.08,28969037.792,0,0.0,none,-
monday,70,51645.91093576093,773804.4922314505,57,57,0.2839506172839506,89.65352187110001,2.893877654906623,0.0,0.09,23832819.368,0,0.0,none,-
monday,71,50480.461612602885,1340654.195613452,71,71,0.3023255813953488,131.31170673596517,2.9308789492695473,0.0,0.102,28671650.732,0,0.0,none,-
monday,72,32020.66771992445,777004.7886042836,46,46,0.26515151515151514,106.76763338087899,2.5242344906735488,0.002,0.068,26143411.65,0,0.0,none,-
monday,73,41688.79799487867,726259.7604160974,50,50,0.2932330827067669,147.45755944396882,2.640062308901103,0.0,0.076,24131144.36,0,0.0,none,-
monday,74,31843.775877254302,684027.1195775843,34,34,0.21487603305785125,144.9641711634976,2.2503497658438256,0.0,0.05,10025406.788,0,0.0,none,-
monday,75,36413.34372602063,709513.8567591326,39,39,0.13533834586466165,153.8441439699206,2.3326778164164423,0.0,0.034,17716115.808,0,0.0,none,-
monday,76,47199.213721337874,1460051.8358543692,54,54,0.35454545454545455,153.2195668470252,2.3628284671674207,0.0,0.076,9939507.682,0,0.0,none,-
monday,77,41777.89041969107,1252260.6794148304,49,49,0.23880597014925373,142.1072836282026,2.803936160071511,0.0,0.062,20574027.384,0,0.0,none,-
monday,78,19005.201142296206,713877.2021307071,36,36,0.12751677852348994,135.89841110265462,2.2491349802295098,0.0,0.036,22853836.068,0,0.0,none,-
monday,79,47614.96522480862,949879.9219786761,66,66,0.24509803921568626,126.4876436103264,2.5247818015391954,0.0,0.048,10253379.35,0,0.0,none,-
monday,80,54743.374159829575,1593095.8839266824,55,55,0.2426470588235294,171.63484291031725,2.503586782807274,0.0,0.064,11474780.668,0,0.0,none,-
monday,81,51374.130983243966,742074.9063679649,71,71,0.18421052631578946,199.543449287489,2.6232354425802455,0.0,0.04,24281927.998,0,0.0,none,-
monday,82,55582.26060219058,1062134.8025705575,86,86,0.24675324675324675,125.0230220983326,3.167960877119656,0.0,0.074,18574433.278,0,0.0,none,-
monday,83,45922.14033620596,642136.9851120277,67,67,0.15333333333333332,162.0514368733454,2.696207300152097,0.0,0.044,17235461.746,0,0.0,none,-
monday,84,58032.15475829674,824197.3652282514,87,87,0.35911602209944754,148.97835063850079,3.1355730469238576,0.0,0.128,21767333.144,0,0.0,none,-
monday,85,82732.05366276029,953400.8558497011,113,113,0.19642857142857142,152.1206982350764,3.598780194669155,0.0,0.064,13335470.01,0,0.0,none,-
monday,86,112536.16314669457,1527651.9874705398,136,136,0.2864864864864865,166.61589101334638,3.857977960644087,0.0,0.104,5304969.148,0,0.0,none,-
monday,87,88332.05989584538,1232589.7662628503,141,141,0.24468085106382978,148.0367834570696,3.933107399670325,0.0,0.09,4036686.57,0,0.0,none,-
monday,88,60827.8572038137,924931.0160469124,95,95,0.21428571428571427,126.2078571677934,3.035684484784494,0.0,0.076,25069698.556,0,0.0,none,-
monday,89,114591.69911143628,2025835.245353529,118,118,0.3815261044176707,139.63266728857423,3.344756483686138,0.0,0.188,27403626.93,0,0.0,none,-
monday,90,50793.70755771843,1037962.4253572777,89,89,0.30201342281879195,174.35001178188102,2.9154783395682413,0.0,0.088,12139746.586,0,0.0,none,-
monday,91,63146.714753421016,943846.8252801988,92,92,0.25384615384615383,166.74440461586738,2.8255168070419634,0.0,0.064,12394626.41,0,0.0,none,-
monday,92,16155.807384619211,483450.7621775571,24,24,0.1095890410958904,122.5716077440886,1.822220745004679,0.0,0.014,10718970.522,0,0.0,none,-
monday,93,52494.68880419926,990816.9871875272,71,71,0.12931034482758622,160.7388042702062,2.8665419431442003,0.0,0.028,14775888.434,0,0.0,none,-
monday,94,59254.44955372971,1056185.9461144092,105,105,0.18012422360248448,138.3857197009024,3.207999735321359,0.0,0.056,22684788.844,0,0.0,none,-
monday,95,24905.51661612655,479565.1121915795,34,34,0.18181818181818182,181.6210460369956,2.0067993865540297,0.0,0.026,16299743.02,0,0.0,none,-
monday,96,80103.42500321502,1486838.4243267907,83,83,0.4195804195804196,146.293873291472,2.9451256689802134,0.0,0.118,22148863.264,0,0.0,none,-
monday,97,60456.97197254739,860839.0426466522,74,74,0.203125,167.8324264169266,2.8586548744181837,0.0,0.05,23222403.526,0,0.0,none,-
monday,98,37676.48206650434,676132.7641572682,73,73,0.23809523809523808,141.290747327041,2.5338576399052393,0.0,0.068,22457812.348,0,0.0,none,-
monday,99,65085.711446405294,1120515.4296897154,104,104,0.23030303030303031,157.46800969931678,3.16426320951254,0.0,0.074,27042208.578,0,0.0,none,-
monday,100,48264.10158861269,696870.8394895904,55,55,0.1623931623931624,134.8152949577304,2.441990154337284,0.0,0.036,17671124.218,0,0.0,none,-
monday,101,70549.49467599628,1352030.016395161,115,115,0.15934065934065933,166.2346633821668,3.6749429281117765,0.0,0.056,7612793.982,0,0.0,none,-
monday,102,58918.50225938845,796195.8384319391,111,111,0.23316062176165803,106.4647202005914,3.4931711034825543,0.0,0.088,15758082.2,0,0.0,none,-
monday,103,47985.461289753766,1103519.8469555487,89,89,0.14285714285714285,183.29739205804358,3.162585190165154,0.0,0.036,23711346.536,0,0.0,none,-
monday,104,37492.94825837393,415409.4887673666,97,97,0.14666666666666667,152.57625508742902,3.2831383382341857,0.0,0.042,15598808.558,0,0.0,none,-
monday,105,84678.2703999798,1395890.0435352058,126,126,0.3386243386243386,136.13685238749,3.7486729739073534,0.0,0.126,20043831.424,0,0.0,none,-
monday,106,65050.9197168859,1622172.0700384367,98,98,0.1956521739130435,137.539545303975,3.4397952419306064,0.0,0.07,14082430.452,0,0.0,none,-
monday,107,58335.67644500248,1173664.664784339,78,78,0.21705426356589147,127.8480326968148,2.764082561806222,0.0,0.054,9786371.988,0,0.0,none,-
monday,108,81960.24763353501,1306365.980860008,101,101,0.17277486910994763,137.5317082301256,3.3857077409611853,0.0,0.064,15820041.194,0,0.0,none,-
monday,109,55871.20841947548,1109440.8987278566,109,109,0.1989247311827957,129.47037762399478,3.6000301145515263,0.0,0.072,20498519.234,0,0.0,none,-
monday,110,66963.30198971178,1387219.582760843,111,111,0.2265193370165746,140.0011060702466,3.529940319075612,0.0,0.08,21126630.872,0,0.0,none,-
monday,111,61374.32969125499,810120.1333543157,119,119,0.28804347826086957,133.4405647623368,3.6074882504079606,0.0,0.104,10654906.634,0,0.0,none,-
monday,112,73289.70047689261,1164880.6490026526,108,108,0.152317880794702,127.537380403674,3.4578639891019662,0.0,0.044,10403447.102,0,0.0,none,-
monday,113,55110.37024749035,859665.2860680773,101,101,0.1875,146.37625837144418,3.457061749529392,0.0,0.058,22063890.18,0,0.0,none,-
monday,114,44557.484099780224,957846.6994606864,52,52,0.2818181818181818,145.301579859522,2.250461676806991,0.0,0.06,7173745.988,0,0.0,none,-
monday,115,39806.38642162336,930437.3712978254,53,53,0.23148148148148148,123.4206782860694,2.4926993523603493,0.0,0.048,6935611.1,0,0.0,none,-
monday,116,46440.0885407751,678845.1451892274,69,69,0.07253886010362694,167.75872029561,2.6955815849273934,0.0,0.026,25725892.814,0,0.0,none,-
monday,117,44977.78098549137,614796.6772091587,71,71,0.14960629921259844,164.24910053568544,2.8895997986103388,0.0,0.036,13381899.64,0,0.0,none,-
monday,118,46650.65802619946,582657.1933650195,85,85,0.1895424836601307,145.39126434714638,3.1662862695996328,0.0,0.056,19400934.148,0,0.0,none,-
monday,119,38717.245038679466,474151.1432321245,67,67,0.1619047619047619,152.0242462523338,2.8393348238088763,0.002,0.032,17358393.776,0,0.0,none,-
monday,120,63451.33483007636,1726111.7241031292,82,82,0.27586206896551724,167.96703025864238,2.918316461450743,0.0,0.078,14209024.882,0,0.0,none,-
monday,121,72581.57245335793,1465572.6496007768,102,102,0.37857142857142856,119.20634515881682,3.4354985658371295,0.0,0.104,17033294.172,0,0.0,none,-
monday,122,44437.881689143236,868296.4722235505,50,50,0.3023255813953488,124.8491475593204,2.0827529846404342,0.0,0.05,7629547.948,0,0.0,none,-
monday,123,37700.91086699045,1115293.0903435969,54,54,0.12173913043478261,133.9431763321102,2.3613889760932585,0.0,0.026,6886982.92,0,0.0,none,-
monday,124,48983.585255591795,609070.3585499313,89,89,0.12831858407079647,147.14391283417498,2.9180019440568223,0.0,0.056,27032516.138,0,0.0,none,-
monday,125,87354.13413334146,1358302.1537081504,81,81,0.23118279569892472,137.2572749387848,2.894127929213373,0.0,0.084,20127514.766,0,0.0,none,-
monday,126,45912.085992158405,733298.9698696716,66,66,0.19718309859154928,158.5655579160008,2.589937611783031,0.0,0.054,7634584.604,0,0.0,none,-
monday,127,18406.26773798552,530460.3697757984,40,40,0.2054794520547945,115.5475683558538,1.924843611447879,0.0,0.028,8390587.82,0,0.0,none,-
monday,128,114223.66077207544,1591928.525901966,122,122,0.28095238095238095,142.628064028758,3.5718056892660384,0.0,0.116,28973544.998,0,0.0,none,-
monday,129,57326.06166183537,667699.2408590685,72,72,0.24,132.1140685492078,2.977979704617048,0.0,0.082,22057098.894,0,0.0,none,-
monday,130,64825.7061990549,1101265.081555118,72,72,0.22641509433962265,201.2214026308272,2.791442053300286,0.008,0.07,44021426.4,0,0.0,none,-
monday,131,29161.827142230042,752937.5647409017,42,42,0.2,148.19411417409802,2.2525211604255553,0.0,0.034,9713863.986,0,0.0,none,-
monday,132,37854.575437249434,981167.3624562955,39,39,0.2815533980582524,166.3135139518476,2.2589788769493535,0.0,0.056,11961202.312,0,0.0,none,-
monday,133,40263.229006567926,949291.8090702127,46,46,0.26548672566371684,122.0002416761644,2.4384809378674857,0.0,0.058,9487057.712,0,0.0,none,-
monday,134,28489.46689188158,351531.64040249056,43,43,0.1527777777777778,182.26270420085118,2.4072288637954324,0.0,0.042,20755610.824,0,0.0,none,-
monday,135,24127.219370841107,612447.3108590731,29,29,0.12142857142857143,197.6873391110914,1.9544059893123653,0.0,0.032,23139058.118,0,0.0,none,-
monday,136,44446.985180072836,1158889.0291056635,58,58,0.26865671641791045,115.949586254283,2.6222824873749864,0.0,0.07,22809162.656,0,0.0,none,-
monday,137,88528.79770032852,1096637.4883583407,74,74,0.23923444976076555,180.6007827030404,2.6175266301514086,0.0,0.098,37577478.862,0,0.0,none,-
monday,138,25950.149040854056,320122.7654055433,46,46,0.2920353982300885,140.56157225899102,2.327669746926626,0.0,0.064,11363305.21,0,0.0,none,-
monday,139,40703.0440987135,1339917.7510511954,44,44,0.3883495145631068,159.7747032551276,2.474501773532861,0.0,0.078,16694334.416,0,0.0,none,-
monday,140,45864.47927754432,696378.4722235088,67,67,0.23008849557522124,140.3511761468848,2.7505655941581733,0.0,0.05,3377633.278,0,0.0,none,-
monday,141,51198.59842545107,1553033.2096271082,82,82,0.19333333333333333,149.6089365795044,3.1111212329097944,0.0,0.056,5202190.488,0,0.0,none,-
monday,142,67498.84526136682,798641.5003748323,128,128,0.1813186813186813,167.08621169021876,3.6246822810600077,0.0,0.064,11787320.558,0,0.0,none,-
monday,143,40959.20072864969,784434.6228297498,39,39,0.1497005988023952,165.462769528212,2.3266288458368054,0.0,0.048,30821282.894,0,0.0,none,-
monday,144,84361.96768436405,1302129.998048985,106,106,0.28994082840236685,157.04443089210136,3.3690727229337396,0.0,0.096,40208185.494,0,0.0,none,-
monday,145,43693.78275174122,1213555.4696111125,53,53,0.3,175.09708650788863,2.6395905052738464,0.0,0.076,28689836.566,0,0.0,none,-
monday,146,74650.38125627732,1346459.143520155,94,94,0.3791208791208791,126.3896000124094,3.267217439225208,0.0,0.136,15180311.784,0,0.0,none,-
monday,147,63988.00363538141,922093.068438316,76,76,0.27906976744186046,172.38132030914778,3.144209363525229,0.0,0.07,28165778.506,0,0.0,none,-
monday,148,31208.269132734327,670156.7014200129,42,42,0.3140495867768595,149.8545916068242,2.6249010302111944,0.0,0.074,21989992.388,0,0.0,none,-
monday,149,47336.44476864594,739994.3989725197,76,76,0.375886524822695,151.75408921230218,2.7346113724417807,0.0,0.104,14413140.486,0,0.0,none,-
monday,150,28979.093623376422,789684.3331622765,85,85,0.16167664670658682,173.2265883773246,2.8503243553026714,0.0,0.052,6651101.15,0,0.0,none,-
monday,151,21111.873826974126,264959.8435633376,57,57,0.08121827411167512,107.091391777412,2.2956148405856642,0.0,0.03,3854756.086,0,0.0,none,-
monday,152,45786.1848591308,1063898.0176106952,56,56,0.19672131147540983,97.468072540954,2.462726428403342,0.0,0.07,6923986.904,0,0.0,none,-
monday,153,28161.74596184452,612133.6859299511,43,43,0.2808988764044944,121.36214192340479,2.14907008708558,0.0,0.048,6278924.51,0,0.0,none,-
monday,154,51959.73267493571,1149708.7015900372,64,64,0.308411214953271,145.61483940599103,2.7333780177635543,0.0,0.064,14482289.576,0,0.0,none,-
monday,155,73434.94391556636,1663644.4480104158,65,65,0.3875968992248062,186.68603856950423,2.810263694529875,0.0,0.098,20452418.428,0,0.0,none,-
monday,156,46363.036192281055,983342.5030151474,68,68,0.2882882882882883,142.9588619374758,2.864708628522987,0.0,0.062,26082032.466,0,0.0,none,-
monday,157,59775.66833084539,900888.7484424956,72,72,0.24,153.1445294500652,2.8046277876374415,0.0,0.082,42643291.756,0,0.0,none,-
monday,158,90694.05413371307,1762275.1904494292,118,118,0.3941176470588235,145.016188219755,3.494167577350493,0.0,0.132,4390177.424,0,0.0,none,-
monday,159,57334.05285357441,889464.7785374701,78,78,0.3489583333333333,138.9565367304128,2.908760477848559,0.0,0.132,21112649.778,0,0.0,none,-
monday,160,62288.311975913195,1004489.8109491947,63,63,0.494949494949495,135.175292299918,2.738390048062225,0.0,0.194,20125131.352,0,0.0,none,-
monday,161,69622.15675700498,1234864.2114945904,94,94,0.49,146.185265183204,3.0857393471975003,0.0,0.194,16097610.002,0,0.0,none,-
monday,162,51864.96775262966,1084614.970326581,73,73,0.3987341772151899,141.9148143296188,3.01757607982889,0.0,0.124,18468312.858,0,0.0,none,-
monday,163,68479.78380135742,1212593.6106005022,87,87,0.453551912568306,165.1963254195378,3.088849962350044,0.0,0.164,33144785.944,0,0.0,none,-
monday,164,31552.454876891687,407481.4619439485,46,46,0.21052631578947367,144.5603665720002,2.3559544177981855,0.0,0.046,15685025.474,0,0.0,none,-
monday,165,78092.17930441537,2330267.5340923597,78,78,0.36024844720496896,172.084770178406,2.4356138875005913,0.0,0.114,10190965.722,0,0.0,none,-
monday,166,44582.31342056145,979991.4536750077,53,53,0.3486238532110092,137.0390301438976,2.5210589746359,0.0,0.074,12636643.076,0,0.0,none,-
monday,167,75506.91546459455,1253730.4750007356,65,65,0.3106796116504854,135.529612210282,2.755195619834672,0.0,0.126,20603492.85,0,0.0,none,-
monday,168,116862.63445927424,2010328.5618722292,135,135,0.40555555555555556,134.8164786353208,3.7611912261518956,0.0,0.144,13008744.844,0,0.0,none,-
monday,169,109393.00556899727,2394836.9101990946,150,150,0.48444444444444446,122.169700514252,4.149451245174604,0.0,0.216,12290567.176,0,0.0,none,-
monday,170,93066.32454450172,1812867.1427456695,109,109,0.43609022556390975,142.56867851322318,3.596746418501386,0.0,0.114,11520397.09,0,0.0,none,-
monday,171,76849.05551564264,1275134.6224485459,87,87,0.2802547770700637,115.4156182987364,3.39951163496784,0.002,0.086,5222971.922,0,0.0,none,-
monday,172,121534.609777695,2608460.3682414894,138,138,0.4666666666666667,99.74515431444699,4.326934529168395,0.0,0.222,8476608.246,0,0.0,none,-
monday,173,134156.37059924865,2545391.8217187095,145,145,0.46956521739130436,125.66425011957278,4.30731645428664,0.0,0.214,13666261.332,0,0.0,none,-
monday,174,138926.69326326906,2937366.5105564385,174,174,0.5412844036697247,162.0420619936636,4.69545840832338,0.0,0.234,5062952.062,0,0.0,none,-
monday,175,80063.57174387705,1607401.0700543446,162,162,0.25654450261780104,192.870882665567,4.075485037462472,0.0,0.096,2100669.752,0,0.0,none,-
monday,176,106988.01985662342,1951237.870838182,146,146,0.3627450980392157,141.876832741562,4.133512600020103,0.0,0.146,16683960.806,0,0.0,none,-
monday,177,61605.77546817815,1044988.2735517218,101,101,0.2727272727272727,128.3916899398074,3.3171839241791847,0.0,0.07,2891148.8,0,0.0,none,-
monday,178,74701.29752124212,1705154.0857732892,98,98,0.38571428571428573,130.3293375076046,3.5034255915632264,0.0,0.106,10181130.236,0,0.0,none,-
monday,179,94029.67700251685,1490470.127887974,118,118,0.3562231759656652,120.9524784090734,4.001772938298844,0.0,0.164,8779761.918,0,0.0,none,-
monday,180,110472.71901671457,2156727.7860208396,97,97,0.4063926940639269,118.43794672921742,3.5083146737056357,0.0,0.176,17732117.188,0,0.0,none,-
monday,181,55196.88550570609,873403.8423137228,63,63,0.49382716049382713,127.46908581109942,2.7909595836828984,0.002,0.158,12744764.826,0,0.0,none,-
monday,182,60755.15165310957,1159585.967108737,83,83,0.41304347826086957,124.50086282391,3.1067949589911317,0.0,0.15,21083826.68,0,0.0,none,-
monday,183,34439.68049679071,689327.2074473918,57,57,0.18947368421052632,180.18860005805058,2.704777217415098,0.0,0.034,15576511.642,0,0.0,none,-
monday,184,48821.68583512752,1084963.0477198167,63,63,0.16666666666666666,156.09356016418837,2.693189481763076,0.0,0.044,11662073.896,0,0.0,none,-
monday,185,39123.80391299009,1176290.8181656138,59,59,0.3248407643312102,172.7287625035604,2.306575058843748,0.0,0.1,21654824.498,0,0.0,none,-
monday,186,84517.04592573947,1401511.4328196824,80,80,0.37254901960784315,148.23614010406962,2.8455310403184115,0.0,0.112,13418855.204,0,0.0,none,-
monday,187,56576.324414108756,1319018.3773743173,67,67,0.2905405405405405,157.05227296878058,2.7205130494590533,0.004,0.084,18042918.104,0,0.0,none,-
monday,188,69540.5680168719,1619602.539113584,68,68,0.43452380952380953,155.47357229530078,2.858187956193646,0.0,0.144,20556177.892,0,0.0,none,-
monday,189,87746.1391238468,1416594.2253265895,111,111,0.4129032258064516,168.72871990494943,3.4764015583995356,0.0,0.126,18636179.74,0,0.0,none,-
monday,190,38765.037915455236,636858.3457764579,99,99,0.14925373134328357,144.848022775156,3.2956506421563496,0.0,0.038,7524851.658,0,0.0,none,-
monday,191,62056.571950865255,871536.5238261848,114,114,0.21910112359550563,113.28550755460661,3.8037027242262034,0.0,0.076,9079148.094,0,0.0,none,-
monday,192,85807.36100439187,1587014.1092802468,97,97,0.34831460674157305,111.0631857345936,3.403378547448977,0.0,0.122,13367046.97,0,0.0,none,-
monday,193,10919.983062268502,178833.37340471102,19,19,0.045454545454545456,127.5941995170036,1.67453520633253,0.0,0.006,8204362.542,0,0.0,none,-
monday,194,60419.06666705838,1175995.5358799342,86,86,0.2409090909090909,147.36537243908379,3.0670971807089025,0.0,0.104,13900232.892,0,0.0,none,-
monday,195,106922.63401900508,1550100.3944191565,132,132,0.3627906976744186,151.091249988678,3.9812951697553887,0.0,0.154,9536235.696,0,0.0,none,-
monday,196,76187.81924778697,1662301.3384236388,73,73,0.34054054054054056,109.799026249046,3.0879297899905342,0.0,0.124,16759833.716,0,0.0,none,-
monday,197,65267.59593279856,1726048.713272452,70,70,0.25333333333333335,112.72485464026438,2.954827162066802,0.0,0.074,10027077.206,0,0.0,none,-
monday,198,97671.79265195465,1500852.9621188915,114,114,0.39906103286384975,152.6113386680418,3.6190527715165093,0.0,0.168,19856087.618,0,0.0,none,-
monday,199,107385.02831826675,2423542.43751394,134,134,0.41517857142857145,122.7812211068522,4.041452358710415,0.0,0.184,15169152.804,0,0.0,none,-
monday,200,49215.85830366761,933421.8197169123,56,56,0.2846715328467153,122.8612975924532,2.5874510067646925,0.0,0.076,9057230.478,0,0.0,none,-
monday,201,48579.97642232453,1060718.9408091258,67,67,0.16071428571428573,148.2592826368592,2.924735879099476,0.0,0.052,19023454.89,0,0.0,none,-
monday,202,20989.32042595678,523049.37235250627,39,39,0.1206896551724138,114.1031227869052,2.1882939631362057,0.0,0.026,12589477.264,0,0.0,none,-
monday,203,62475.982675542684,1046587.9695869784,60,60,0.4322033898305085,127.2666999591108,2.5701162715477706,0.0,0.202,10124096.16,0,0.0,none,-
monday,204,37412.42359428311,661536.1225325076,68,68,0.1488095238095238,170.7543686228144,2.7196774301313025,0.0,0.048,9093972.988,0,0.0,none,-
monday,205,32057.344548266767,467145.8131743524,39,39,0.25443786982248523,171.0342089502268,2.0219450322832895,0.0,0.084,19372730.132,0,0.0,none,-
monday,206,59585.01426293284,1131186.6785127567,72,72,0.2689655172413793,174.3216200720418,2.88298916067188,0.0,0.076,17172072.934,0,0.0,none,-
monday,207,53970.952840803686,1487826.8120720806,68,68,0.2229299363057325,191.55546632737176,2.6764614790240753,0.0,0.068,37208865.27,0,0.0,none,-
monday,208,119801.01192359618,2163010.662736989,135,135,0.4418604651162791,138.50117402412022,4.124182445665646,0.0,0.188,10527169.678,0,0.0,none,-
monday,209,67143.17002288884,1344135.844017096,118,118,0.4010152284263959,108.71041059997701,3.703116904107183,0.0,0.156,9570396.652,0,0.0,none,-
monday,210,62176.41553312685,1275855.5236158017,96,96,0.2962962962962963,122.67360070835619,3.223802458941744,0.0,0.094,7165356.148,0,0.0,none,-
monday,211,120758.93214708313,1989842.4530032603,132,132,0.41203703703703703,132.29957294300962,4.1113775054492905,0.0,0.176,7300440.618,0,0.0,none,-
monday,212,47837.192151723124,718432.4549413843,102,102,0.3202614379084967,127.15317155418859,3.6752377837768666,0.0,0.096,4537038.686,0,0.0,none,-
monday,213,95723.48028654813,1499751.6683388357,135,135,0.34615384615384615,136.32707845199423,4.3272497071528875,0.0,0.142,9208806.762,0,0.0,none,-
monday,214,88851.84764127582,2184162.7561631156,105,105,0.4090909090909091,144.089500082506,3.5784937344731294,0.0,0.142,13308826.062,0,0.0,none,-
monday,215,120000.25006224505,2156007.8758834763,129,129,0.3804878048780488,143.11377659229422,3.997601862446399,0.0,0.154,7706223.54,0,0.0,none,-
monday,216,74439.68920307427,1030495.4327335267,108,108,0.38181818181818183,178.445100302478,3.5323123267515486,0.0,0.124,9003076.826,0,0.0,none,-
monday,217,80022.0623487925,1366794.2449818854,124,124,0.3502824858757062,138.411123424377,3.748588861697974,0.0,0.122,3033803.406,0,0.0,none,-
monday,218,57202.16150829029,1153225.7540705258,73,73,0.33620689655172414,143.93043746587102,2.8381428666382713,0.0,0.076,6483525.316,0,0.0,none,-
monday,219,99325.48502841026,2209014.1000041943,97,97,0.52,176.4797834315002,3.3979479160827917,0.0,0.18,28432695.33,0,0.0,none,-
monday,220,90290.82318958481,1497581.2662567073,94,94,0.4293785310734463,120.33424092277201,3.352665234518975,0.0,0.15,14272439.188,0,0.0,none,-
monday,221,69807.20387609744,1664444.8834116068,112,112,0.29473684210526313,163.1933264814628,3.5524231293673925,0.0,0.11,26681359.696,0,0.0,none,-
monday,222,49343.34496979937,580505.0139325383,167,167,0.21929824561403508,195.22981896452418,4.037787245998396,0.0,0.098,7705951.962,0,0.0,none,-
monday,223,121474.73088234391,1471887.5658312873,119,119,0.31746031746031744,135.324718245052,3.575572418429064,0.0,0.158,26380606.692,0,0.0,none,-
monday,224,66273.64017629498,1009749.2055870442,121,121,0.29850746268656714,132.02115853529878,3.608836699861429,0.0,0.118,9621585.116,0,0.0,none,-
monday,225,59067.45327187942,1218023.2239024453,72,72,0.5,159.22463885457802,2.5047630017806286,0.0,0.114,8647849.572,0,0.0,none,-
monday,226,71765.27666221291,1937149.0680746299,54,54,0.49489795918367346,124.91500309779,2.455137359002504,0.0,0.192,10851205.91,0,0.0,none,-
monday,227,71883.85230686399,1786315.8677857255,76,76,0.5061728395061729,152.703129077573,3.0198591845294604,0.0,0.162,14514605.898,0,0.0,none,-
monday,228,51824.36989261881,1296464.9099270166,63,63,0.24509803921568626,132.123648264806,2.6160049705460575,0.0,0.048,8986291.088,0,0.0,none,-
monday,229,70019.5416413185,1473945.6032029595,97,97,0.44274809160305345,171.9321743170572,3.4743278766626724,0.002,0.114,13653805.238,0,0.0,none,-
monday,230,35842.87233035761,515297.4198379969,57,57,0.26136363636363635,172.26772452949737,2.538255959170723,0.0,0.044,20184921.248,0,0.0,none,-
monday,231,70373.57610256005,1396177.6338361097,80,80,0.25112107623318386,154.96774649150962,3.2420326507862596,0.0,0.11,16862425.278,0,0.0,none,-
monday,232,93337.25632145401,1220660.9747676172,144,144,0.24651162790697675,160.888342616955,4.121342828604789,0.0,0.104,21376276.704,0,0.0,none,-
monday,233,73188.4176992186,1216090.7130381698,126,126,0.2798165137614679,175.35478958199522,3.6853203125780922,0.0,0.12,17944980.632,0,0.0,none,-
monday,234,48290.39282116999,581040.2449662751,132,132,0.23469387755102042,192.5719238328786,3.907939702384036,0.0,0.09,11591911.73,0,0.0,none,-
monday,235,71108.20272501123,1512501.8192097472,98,98,0.3873239436619718,154.5350281288534,3.392934165192914,0.0,0.108,3953278.438,0,0.0,none,-
monday,236,61191.208031689224,1194742.2870607304,102,102,0.23870967741935484,115.15916710062758,3.2323799577504193,0.0,0.072,3123281.39,0,0.0,none,-
monday,237,110651.6409622377,1980713.0574262196,152,152,0.3319672131147541,156.99784803983638,4.101066234718909,0.0,0.16,8418703.194,0,0.0,none,-
monday,238,113703.9688546055,2573495.3271759558,144,144,0.4636363636363636,127.07695078861481,4.156731198336364,0.0,0.202,9896668.488,0,0.0,none,-
monday,239,103063.99885538475,2003340.7736886274,96,96,0.5174825174825175,180.9905813545442,3.536923475442852,0.002,0.146,26131722.56,0,0.0,none,-
monday,240,109911.71877486708,2191521.8007448427,124,124,0.5353982300884956,125.2572246509506,3.8121880404474866,0.0,0.24,19993765.384,0,0.0,none,-
monday,241,32091.005419172463,476151.5702453581,22,22,0.6,97.45816040249021,1.5427570029817987,0.0,0.148,5178556.788,0,0.0,none,-
monday,242,60643.82809055072,2045691.7221719665,67,67,0.5036496350364964,146.1010197969384,2.697360884157061,0.0,0.136,4692968.448,0,0.0,none,-
monday,243,123882.37119198947,2439783.4074424794,124,124,0.45714285714285713,172.8234868875912,3.483853526570445,0.0,0.158,14131168.736,0,0.0,none,-
monday,244,86216.81924528768,1617058.5485400371,101,101,0.4772727272727273,165.6513479735834,3.367209204140524,0.0,0.166,8279926.986,0,0.0,none,-
monday,245,49305.23863088419,685324.7259548972,58,58,0.26126126126126126,216.80444114176137,2.595983484695752,0.0,0.056,3773244.82,0,0.0,none,-
monday,246,118459.11693872017,2413878.8408687524,123,123,0.5465116279069767,175.40214556444099,3.7461725684616027,0.0,0.186,9252318.502,0,0.0,none,-
monday,247,80048.8772430774,1917297.9381816098,80,80,0.5086206896551724,138.6883604138252,3.015858934035467,0.0,0.116,16243485.966,0,0.0,none,-
monday,248,152488.05418722917,3365901.3640486985,142,142,0.5989847715736041,159.1613557882224,3.9907044263334095,0.0,0.234,16990432.396,0,0.0,none,-
monday,249,87852.61662220648,1685413.5173508332,82,82,0.53125,159.7092506293488,2.9833789123934373,0.0,0.168,15097370.168,0,0.0,none,-
monday,250,68342.02051734347,853778.4663343487,87,87,0.45222929936305734,185.53557559492464,3.21665988964227,0.0,0.14,24082112.92,0,0.0,none,-
monday,251,53500.643814297495,786864.2942950035,132,132,0.18012422360248448,148.22566211467202,3.9174754682786013,0.0,0.056,4218890.528,0,0.0,none,-
monday,252,98238.74163708297,1734583.2791319685,151,151,0.31840796019900497,167.27522532005278,4.175453242842894,0.0,0.126,3728243.468,0,0.0,none,-
monday,253,95061.70016937792,1587032.3100000746,154,154,0.39344262295081966,142.52385187276099,4.165724779588275,0.004,0.19,11012254.678,0,0.0,none,-
monday,254,92339.96082749484,1741147.665210643,134,134,0.2774869109947644,144.91674428837297,3.9471539502652417,0.0,0.104,2401896.588,0,0.0,none,-
monday,255,122840.64393563359,2809931.237561712,134,134,0.5130890052356021,164.17267346627318,3.9612503402584816,0.0,0.194,6997216.26,0,0.0,none,-
monday,256,120582.11209637063,2278795.5650987835,123,123,0.5081967213114754,130.5252713894468,3.863664975674898,0.0,0.184,8707051.214,0,0.0,none,-
monday,257,117669.00555819737,2244622.1382539608,149,149,0.5066666666666667,127.1119746323318,4.146423737564527,0.0,0.226,11195264.402,0,0.0,none,-
monday,258,106516.64046444696,1948014.1634970203,119,119,0.5066666666666667,133.6564565790388,3.589682708620707,0.0,0.15,14569221.952,0,0.0,none,-
monday,259,103049.41532002378,1952461.9274392063,105,105,0.5337078651685393,112.93613258180778,3.7587204768510025,0.0,0.188,9669321.572,0,0.0,none,-
monday,260,124652.93831420812,2214027.9813873414,133,133,0.580952380952381,122.1052519908906,3.8328791084199993,0.0,0.242,10050768.338,0,0.0,none,-
monday,261,123913.63190458762,3040964.3258568454,109,109,0.5441176470588235,164.27233362009022,3.233703920144968,0.0,0.146,6152796.9,0,0.0,none,-
monday,262,74404.4996003407,1748265.6598011556,105,105,0.34459459459459457,139.67127137836138,3.1973873290218444,0.0,0.1,4097274.596,0,0.0,none,-
monday,263,74758.8350149644,1928184.899324423,71,71,0.4791666666666667,143.48231012148398,2.8750292081187863,0.0,0.182,4749624.98,0,0.0,none,-
monday,264,116671.00004679798,3201378.3130489397,108,108,0.5975609756097561,203.0250654319438,2.824020381462141,0.0,0.194,6147109.912,0,0.0,none,-
monday,265,59738.19210799066,1219835.7815266557,62,62,0.3333333333333333,146.146401875071,2.6892421966595066,0.0,0.084,9054164.104,0,0.0,none,-
monday,266,75526.96431881917,2217129.8019069876,82,82,0.43506493506493504,153.5025256792864,3.095007119463412,0.0,0.132,14232505.208,0,0.0,none,-
monday,267,87197.91600278065,1966629.4035093985,116,116,0.3699421965317919,174.42939775530022,3.4537055606477,0.0,0.126,19650596.674,0,0.0,none,-
monday,268,98581.12042889859,1833466.9621558904,126,126,0.47398843930635837,131.7375989818764,3.7942218964062424,0.0,0.162,6509499.038,0,0.0,none,-
monday,269,63389.996642355414,1144306.6051378865,115,115,0.37037037037037035,144.904153083628,3.697528146923073,0.0,0.118,7235087.43,0,0.0,none,-
monday,270,81013.24517679561,1075359.2818061067,154,154,0.23580786026200873,104.56612765281541,4.049728654172754,0.0,0.106,6645267.812,0,0.0,none,-
monday,271,97374.358283544,1553610.8065533447,168,168,0.19069767441860466,91.2345451888942,4.638887731474783,0.0,0.08,6698810.954,0,0.0,none,-
monday,272,93098.46688566472,1916062.7127576503,111,111,0.3125,164.45096724157,3.6046990164675607,0.0,0.108,11747549.282,0,0.0,none,-
monday,273,103427.78134927055,2173455.2475134498,120,120,0.43455497382198954,137.992989880093,3.8498888583737925,0.0,0.164,11194543.346,0,0.0,none,-
monday,274,74587.08886113623,1396842.7755216362,76,76,0.39552238805970147,149.4048708028702,2.913007351464797,0.0,0.104,7879696.812,0,0.0,none,-
monday,275,51647.87407464662,943118.0770076306,65,65,0.2635135135135135,157.19540929170523,2.9014655151709237,0.0,0.076,3263065.234,0,0.0,none,-
monday,276,88308.97253933316,2182286.6102838423,84,84,0.34269662921348315,128.4762816143748,3.17025017581865,0.0,0.12,7339842.646,0,0.0,none,-
monday,277,89717.43261979165,1704412.098763349,122,122,0.35175879396984927,123.27117205994881,3.825740609594164,0.0,0.138,6092367.216,0,0.0,none,-
monday,278,107129.76829640601,1925197.890664685,118,118,0.480225988700565,127.097431105659,3.611290456585631,0.0,0.168,12446597.26,0,0.0,none,-
monday,279,127385.3463480776,2516178.277981367,114,114,0.5494505494505495,143.01891022363318,3.902309619013716,0.0,0.198,38405572.06,0,0.0,none,-
monday,280,96311.36546547558,1987435.7380042488,107,107,0.5297619047619048,138.39003748399682,3.647511164665182,0.0,0.176,11870469.388,0,0.0,none,-
monday,281,82396.40732625415,1686479.6599842887,75,75,0.48951048951048953,201.7516861428914,2.99129389654255,0.0,0.138,12435223.514,0,0.0,none,-
monday,282,112753.70687659545,2836256.580772988,117,117,0.6620689655172414,189.33565142057464,3.276422926540344,0.0,0.19,10029682.298,0,0.0,none,-
monday,283,119462.37903586004,1768281.9132012317,157,157,0.357487922705314,146.9889955616592,4.042759037272435,0.0,0.146,4613934.204,0,0.0,none,-
monday,284,60772.07299282549,1228623.34849017,120,120,0.46994535519125685,174.6705627180692,3.1594805205749203,0.0,0.17,9990165.68,0,0.0,none,-
monday,285,33648.40776811656,480898.7944929792,119,119,0.17177914110429449,180.6529230911756,3.3559663960925565,0.0,0.054,4097994.404,0,0.0,none,-
monday,286,104590.81188166703,2224384.696265632,152,152,0.4642857142857143,166.6354716741424,3.676499460955191,0.0,0.18,8645943.72,0,0.0,none,-
monday,287,110526.93102303677,1899829.1675398638,116,116,0.45544554455445546,160.07629365380743,3.702486595242131,0.0,0.182,14342708.46,0,0.0,none,-
monday,288,135959.55015988523,2495105.179992482,145,145,0.4297520661157025,134.0360552454946,4.213254438922443,0.002,0.206,15688728.722,0,0.0,none,-
monday,289,92412.46955132956,1779014.3004915838,115,115,0.46060606060606063,136.92810073338998,3.7499249927079417,0.0,0.15,6762212.238,0,0.0,none,-
monday,290,51740.532840195236,1145583.615321575,87,87,0.3359375,134.3530918210672,3.2713213025333006,0.0,0.084,2140904.98,0,0.0,none,-
monday,291,78806.01555870059,1556510.6209530337,126,126,0.41798941798941797,128.0208261562648,4.076454282649042,0.0,0.156,3633923.484,0,0.0,none,-
monday,292,115474.30589784378,1970381.5303384007,133,133,0.4292682926829268,128.5825284881178,4.1766306619453095,0.0,0.174,7281249.872,0,0.0,none,-
monday,293,23130.512505781182,470441.6678587773,32,32,0.2391304347826087,139.85997605088937,1.8980861391009562,0.0,0.042,4448126.004,0,0.0,none,-
monday,294,117098.94374095366,2541886.418155672,123,123,0.3979591836734694,168.9496090015484,3.4809451692187903,0.0,0.154,4593860.104,0,0.0,none,-
monday,295,101728.73942941552,1945399.7096371741,124,124,0.4913294797687861,121.40177434526882,3.903548018552477,0.0,0.168,8897419.404,0,0.0,none,-
monday,296,98744.79457733137,2038734.7188709218,110,110,0.4759036144578313,167.6602586872468,3.501934407577904,0.0,0.156,12206902.564,0,0.0,none,-
monday,297,100209.4458061845,1884008.8460519032,98,98,0.5245901639344263,156.77660046580579,3.4245247116729005,0.0,0.19,13005917.97,0,0.0,none,-
monday,298,124146.05077966399,2123979.96217651,132,132,0.5380434782608695,136.574575866537,3.876861014003068,0.002,0.196,18199880.646,0,0.0,none,-
monday,299,101530.6101119344,1880429.116133335,116,116,0.5119047619047619,133.87888698710339,3.619450652878118,0.0,0.17,5708466.668,0,0.0,none,-
monday,300,91756.42193091752,1731105.0581363554,121,121,0.41379310344827586,148.65175094103478,3.696669770984469,0.0,0.142,4568367.47,0,0.0,none,-
monday,301,87649.11746965743,1711564.2968473022,144,144,0.4527363184079602,130.6369516302076,4.088622875457803,0.0,0.18,4557736.79,0,0.0,none,-
monday,302,97569.55742490935,1782181.2128781443,129,129,0.43103448275862066,139.2674869568866,3.8420034024157514,0.0,0.148,10558701.092,0,0.0,none,-
monday,303,40194.32154121661,875338.0484648478,72,72,0.3761467889908257,154.2248649751826,2.57360885137719,0.0,0.08,4980221.782,0,0.0,none,-
monday,304,157442.566749751,3206206.6569261397,152,152,0.6871508379888268,172.41606048817943,3.9064678833327964,0.0,0.244,23563588.464,0,0.0,none,-
monday,305,115716.93009955583,1943146.90526591,151,151,0.47959183673469385,135.7033525918338,3.9471713415551575,0.0,0.186,5756587.346,0,0.0,none,-
monday,306,143049.46409484252,3803522.320458229,141,141,0.7125748502994012,144.077069566247,3.7936547406564385,0.0,0.236,11405533.692,0,0.0,none,-
monday,307,120930.93207549912,2205540.6666059485,136,136,0.6802325581395349,169.0083329349072,3.584229241567053,0.0,0.232,10821156.526,0,0.0,none,-
monday,308,124740.97213304504,2278366.6068771062,134,134,0.6167664670658682,171.5829153372948,4.163487274829137,0.0,0.204,5380345.584,0,0.0,none,-
monday,309,118661.62389175067,1890970.524656936,130,130,0.5025641025641026,161.00452158322562,4.165474795090855,0.0,0.194,4644006.024,0,0.0,none,-
monday,310,86837.92423854629,1275566.181178482,119,119,0.35195530726256985,135.40095483026963,3.9770593033935002,0.0,0.124,7323513.896,0,0.0,none,-
monday,311,69921.58426326352,1621620.7148626926,91,91,0.2958579881656805,134.6229148796752,3.4678200315769354,0.0,0.098,11839117.424,0,0.0,none,-
monday,312,106281.195309773,1919941.2675739517,120,120,0.4158415841584158,132.1512849316272,3.8355794192650614,0.0,0.166,14258252.816,0,0.0,none,-
monday,313,69565.54137442968,966758.8448274706,99,99,0.2994011976047904,125.46099605509461,3.5460895945996107,0.0,0.098,6762196.562,0,0.0,none,-
monday,314,108604.11833855015,1741896.039589667,134,134,0.3804347826086957,136.1017713095606,3.9593061216136816,0.0,0.138,25219162.578,0,0.0,none,-
monday,315,116662.83232016378,2251448.8844364216,149,149,0.46846846846846846,132.07986231224382,4.123584463716437,0.0,0.206,10073208.332,0,0.0,none,-
monday,316,103570.55503097885,1727423.5216861954,131,131,0.3876651982378855,118.74913129960261,4.152991105483902,0.008,0.174,4791133.714,0,0.0,none,-
monday,317,93476.23741648192,1816130.270598028,152,152,0.4018264840182648,139.1234820764088,4.267879552348795,0.0,0.174,7348345.252,0,0.0,none,-
monday,318,71922.15806895969,1290994.027216507,113,113,0.35545023696682465,172.42955320459598,3.3642666226289317,0.0,0.148,8713249.772,0,0.0,none,-
monday,319,61421.453298034794,1293882.4300609299,79,79,0.2529411764705882,210.04208010655498,2.7777123338491787,0.006,0.084,2073931.63,0,0.0,none,-
monday,320,116344.17216416667,1998631.1653730473,142,142,0.43946188340807174,120.27804256700279,4.025537370340547,0.0,0.194,5305069.828,0,0.0,none,-
monday,321,85330.56554483765,1901645.6913136845,90,90,0.55,143.1056289937572,3.2709591916728034,0.0,0.152,7001149.234,0,0.0,none,-
monday,322,127071.48025931594,3242228.2672977187,112,112,0.5133333333333333,160.703932112532,3.3169540896601113,0.0,0.152,6176666.066,0,0.0,none,-
monday,323,118232.071817631,2117383.286324337,145,145,0.39805825242718446,119.089255988339,4.039008698462894,0.0,0.162,11593910.57,0,0.0,none,-
monday,324,70301.93656847333,1376227.9897332306,85,85,0.2789115646258503,165.4166633407662,3.2390241587397783,0.0,0.08,5688570.442,0,0.0,none,-
monday,325,80324.1564067634,1651940.397959154,96,96,0.5555555555555556,192.47940040956797,3.2412083616433267,0.0,0.168,22782761.904,0,0.0,none,-
monday,326,123470.24137467243,2199061.136683875,147,147,0.3958333333333333,108.55255761384981,4.608703373938307,0.0,0.188,4886601.356,0,0.0,none,-
monday,327,144378.1569872249,2426397.1020724094,164,164,0.44672131147540983,114.6015035649582,4.595370956523527,0.0,0.216,5915564.252,0,0.0,none,-
monday,328,98166.40445435027,2007650.6420655851,115,115,0.44171779141104295,144.3136108548156,3.8934683723942407,0.0,0.142,4074677.448,0,0.0,none,-
monday,329,76344.05883303931,1159613.4561561737,153,153,0.2753623188405797,163.9666637933228,4.144639590848041,0.0,0.112,1953099.46,0,0.0,none,-
monday,330,86486.92400980773,1273619.0444823918,141,141,0.36086956521739133,147.34580140062718,4.223139387840909,0.0,0.164,4677298.128,0,0.0,none,-
monday,331,81297.92070809581,1402028.2539755139,143,143,0.3568075117370892,161.3492519977186,4.30582894785374,0.0,0.15,5243405.38,0,0.0,none,-
monday,332,63371.30156295769,1079199.146357989,131,131,0.2962962962962963,134.6983565118362,4.006959379757728,0.0,0.094,3224097.356,0,0.0,none,-
monday,333,144203.6222761296,3563862.3052864075,149,149,0.45,133.47122844722279,4.340680982382057,0.002,0.178,6338928.406,0,0.0,none,-
monday,334,118281.00490753433,2636217.8060567523,121,121,0.6271186440677966,127.9317642154384,3.9960645722641543,0.0,0.22,19145133.762,0,0.0,none,-
monday,335,81331.59702460638,1937220.5491967588,84,84,0.3049645390070922,125.75966020238839,3.0527286247754803,0.0,0.084,3535322.566,0,0.0,none,-
monday,336,118574.80559706125,2076338.4317779837,136,136,0.4158878504672897,125.960787578223,3.873086953568544,0.0,0.176,4682641.724,0,0.0,none,-
monday,337,60737.171805164966,1471973.7647279752,78,78,0.39416058394160586,131.5596833822798,2.8218711475903726,0.0,0.106,7997543.428,0,0.0,none,-
monday,338,143267.6171766233,3331923.7112759487,142,142,0.6613756613756614,156.8844638413542,3.8780606571226786,0.0,0.248,6253220.208,0,0.0,none,-
monday,339,76892.41963673708,1330226.3518233453,128,128,0.2978723404255319,130.6703282642782,3.9503590496753427,0.0,0.11,13918690.766,0,0.0,none,-
monday,340,92723.59625700081,1791404.259793047,94,94,0.4602272727272727,162.2291931708586,2.8152636363971193,0.0,0.16,12146564.164,0,0.0,none,-
monday,341,94678.1142554207,1581388.7669843778,104,104,0.592156862745098,115.4038778596786,3.4227960187101623,0.0,0.3,16248806.068,0,0.0,none,-
monday,342,98535.55114184294,2577824.477826606,119,119,0.47878787878787876,145.8731546090408,3.7252834564879946,0.002,0.156,16296653.06,0,0.0,none,-
monday,343,77055.88199979326,1771650.9785191673,109,109,0.5741935483870968,152.4908341096264,3.5801992650457257,0.0,0.176,7396834.428,0,0.0,none,-
monday,344,73339.74753155264,1017736.3825148237,143,143,0.31840796019900497,134.6036445026316,4.348005003113533,0.0,0.126,4838276.632,0,0.0,none,-
monday,345,88797.36061918401,1129884.4300226911,135,135,0.2849740932642487,146.2974866215752,4.145198263988757,0.0,0.108,4855534.996,0,0.0,none,-
monday,346,116012.34390016472,1902870.526533158,124,124,0.5165876777251185,118.1763017146876,3.9624156105831747,0.0,0.216,7064439.822,0,0.0,none,-
monday,347,147409.55705168354,3098842.3104707515,152,152,0.5990566037735849,121.35600434267481,4.5600738354972385,0.0,0.252,5999976.98,0,0.0,none,-
monday,348,69185.04177542606,1399482.981695341,119,119,0.43859649122807015,175.3197146972496,3.854687029161407,0.0,0.148,5456319.566,0,0.0,none,-
monday,349,73421.6644731505,1553004.873398294,109,109,0.3767123287671233,129.3570902362064,3.4628654793419935,0.0,0.108,4084503.274,0,0.0,none,-
monday,350,96853.48720474931,1939256.993036644,125,125,0.5066666666666667,160.562732241813,3.4381022020252017,0.0,0.15,3143667.782,0,0.0,none,-
monday,351,107627.03984928329,1841901.4327057707,106,106,0.474025974025974,131.94669334495063,3.3788286480586747,0.0,0.144,6808429.708,0,0.0,none,-
monday,352,49341.84212919365,886407.6131890753,54,54,0.4888888888888889,138.5282528803302,2.4548120519309182,0.0,0.174,9124802.064,0,0.0,none,-
monday,353,81493.19517663273,1583307.5875015538,98,98,0.4240506329113924,145.81262276225297,3.2883737376126847,0.0,0.132,22830636.026,0,0.0,none,-
monday,354,81720.60001171182,1943551.835437807,100,100,0.5079365079365079,178.01092913303802,3.0163937455572887,0.0,0.126,9901867.244,0,0.0,none,-
monday,355,106512.94325246375,1810657.5441489646,135,135,0.37823834196891193,169.8221115236228,3.9316526984044344,0.0,0.144,15061770.914,0,0.0,none,-
monday,356,95155.988959555,1347212.0071907486,157,157,0.3868312757201646,128.786671137968,4.3367740010190525,0.0,0.186,13838358.936,0,0.0,none,-
monday,357,95186.60640864968,1543217.1008387394,114,114,0.4,148.7517411736608,3.779533927024919,0.0,0.13,6245315.542,0,0.0,none,-
monday,358,87211.67948008144,1594377.215164215,121,121,0.39,119.52158457328818,4.06753203611153,0.002,0.154,7119442.874,0,0.0,none,-
monday,359,113924.17818940929,1927778.7530161585,134,134,0.375,124.7489920052448,4.060112895835062,0.0,0.16,8420565.84,0,0.0,none,-
monday,360,108313.08576301258,2389134.9443189446,115,115,0.6353591160220995,115.7546504925562,3.6976274090729957,0.0,0.228,9583978.358,0,0.0,none,-
monday,361,119840.4567622757,2315377.7033470795,121,121,0.5854922279792746,106.99331453423659,3.8673315915621123,0.0,0.224,6003464.418,0,0.0,none,-
monday,362,82720.37847511837,1700936.5869255385,127,127,0.41708542713567837,140.39268460618797,3.8409179038258716,0.0,0.164,6575659.156,0,0.0,none,-
monday,363,84879.47189882434,1407403.280211821,147,147,0.27391304347826084,127.0271461014486,4.195817370488027,0.0,0.124,4930460.436,0,0.0,none,-
monday,364,56837.64480713493,533324.0871198059,162,162,0.14814814814814814,180.880241999392,4.059614830630786,0.004,0.062,2895873.19,0,0.0,none,-
monday,365,91949.29129470194,1485538.6987836643,149,149,0.35537190082644626,126.66060604888361,4.249181342580043,0.0,0.17,6580876.214,0,0.0,none,-
monday,366,111965.85419309384,2573223.0239671106,140,140,0.4266666666666667,141.14657806929358,4.4170911957132235,0.0,0.19,3824144.344,0,0.0,none,-
monday,367,103917.58199180377,1626247.0785107012,133,133,0.45701357466063347,143.6857914971704,4.458826770761249,0.0,0.2,5538681.61,0,0.0,none,-
monday,368,36407.61339751948,734183.5321965661,83,83,0.2777777777777778,127.37903654190958,3.29020935531752,0.0,0.078,3750951.138,0,0.0,none,-
monday,369,100675.78932974768,1731896.322398904,125,125,0.3605150214592275,132.7320974704338,4.344618348415906,0.0,0.166,8598439.294,0,0.0,none,-
monday,370,96054.81164353799,1711640.4060779582,133,133,0.45588235294117646,128.4924583826568,3.9868435704968164,0.0,0.184,6533671.734,0,0.0,none,-
monday,371,70325.86864226911,1181795.4619517305,129,129,0.39285714285714285,192.62569024739838,3.6577499511494844,0.0,0.174,3853815.452,0,0.0,none,-
monday,372,69734.09861157676,1088658.856214696,138,138,0.3631578947368421,128.2664306504884,4.070988820774285,0.0,0.136,4400513.336,0,0.0,none,-
monday,373,84872.02787861168,1068751.6293730186,154,154,0.3167420814479638,139.55615654708038,4.072802388658544,0.0,0.138,4657549.978,0,0.0,none,-
monday,374,97198.22819169126,1582817.7407301292,146,146,0.3286384976525822,154.8433123354608,4.153545771993906,0.0,0.138,17729742.532,0,0.0,none,-
monday,375,97395.68198481045,1353730.3873271206,118,118,0.3827751196172249,124.40987188648062,3.978164329963047,0.0,0.158,3659918.096,0,0.0,none,-
monday,376,116609.36954074618,2536276.2606309145,127,127,0.4104803493449782,110.7082515680838,4.467701897186764,0.002,0.186,9103833.264,0,0.0,none,-
monday,377,96401.83641590137,1693745.189045094,136,136,0.3791469194312796,118.6448717752094,4.547454033054289,0.002,0.158,13552394.586,0,0.0,none,-
monday,378,67109.75770734798,1443793.1941396722,69,69,0.5238095238095238,126.6270760347256,2.7314777466708744,0.0,0.13,11010867.686,0,0.0,none,-
monday,379,45239.615048837586,1167037.4839543758,55,55,0.35344827586206895,129.42240912125482,2.3995006939208214,0.0,0.08,8136489.98,0,0.0,none,-
monday,380,75864.72148370865,1639846.7785876507,104,104,0.46153846153846156,149.1126682496424,3.4826859366791747,0.0,0.142,4526647.356,0,0.0,none,-
monday,381,60577.85939807354,893377.293889762,95,95,0.3313953488372093,143.1999440326218,3.2919307635424513,0.0,0.112,14996228.598,0,0.0,none,-
monday,382,105534.77925970584,2614438.8627700475,142,142,0.4297520661157025,130.7463083984774,4.412287166578937,0.002,0.206,12874412.504,0,0.0,none,-
monday,383,62192.249037792826,958345.2741987826,152,152,0.29493087557603687,170.2837579746508,4.131880918156867,0.0,0.126,2465443.41,0,0.0,none,-
monday,384,92991.04373761339,1892738.0482604217,147,147,0.4225941422594142,127.3713739131238,4.363648832989129,0.0,0.2,5731144.62,0,0.0,none,-
monday,385,81367.74888511826,1650816.1904154199,144,144,0.38571428571428573,128.82649672156518,4.24749094904875,0.0,0.16,6823546.28,0,0.0,none,-
monday,386,100737.6236764403,1724751.7604575146,141,141,0.4558139534883721,118.51154432732339,3.8945967285656575,0.0,0.194,6774352.11,0,0.0,none,-
monday,387,85040.08224283207,1153477.2218875214,142,142,0.3918918918918919,116.17045151406599,4.0660315482097245,0.0,0.172,3068881.956,0,0.0,none,-
monday,388,84488.8890928784,1394480.056156289,122,122,0.34574468085106386,144.590163881919,3.8635987929149422,0.0,0.128,3363568.058,0,0.0,none,-
monday,389,90237.57799066535,1737086.2195018989,98,98,0.41397849462365593,121.1990613622538,3.6723126689238677,0.0,0.152,7916441.128,0,0.0,none,-
monday,390,118700.63766972351,1961802.2782355014,107,107,0.44047619047619047,169.965953086038,3.4599832405949824,0.0,0.146,21842387.004,0,0.0,none,-
monday,391,97568.18336794514,2312184.102887049,99,99,0.4639175257731959,166.31519174120498,3.536930615589354,0.0,0.178,16606278.332,0,0.0,none,-
monday,392,41601.78121638911,973889.6352272899,84,84,0.31654676258992803,135.91529300698718,3.137668844177995,0.0,0.086,12040329.21,0,0.0,none,-
monday,393,50505.218872275545,685682.308110281,148,148,0.22388059701492538,169.9782865530608,3.871010895858702,0.0,0.088,3005098.494,0,0.0,none,-
monday,394,52620.015422876626,1075936.6052224657,146,146,0.21428571428571427,152.1571848854864,3.897871423458744,0.0,0.082,3958306.812,0,0.0,none,-
monday,395,59853.60296175939,1313127.6953348299,84,84,0.413265306122449,131.7787829089954,3.2579441818675274,0.0,0.16,17857873.094,0,0.0,none,-
monday,396,67407.17063607747,1972976.2315266146,79,79,0.515625,191.31960758337163,3.225999132913958,0.0,0.196,18515207.206,0,0.0,none,-
monday,397,77006.07356950015,2012665.2012201801,82,82,0.5080213903743316,132.854844862442,3.222457509220443,0.0,0.188,24031406.36,0,0.0,none,-
monday,398,89997.69563386009,1365616.4262297312,145,145,0.33678756476683935,137.0645853544168,4.062644781662425,0.0,0.128,6395788.386,0,0.0,none,-
monday,399,71060.37661554212,1014923.9567700756,127,127,0.2303370786516854,142.83238984821062,4.06514900327867,0.0,0.08,5037905.73,0,0.0,none,-
monday,400,84125.48965518053,1371472.682632358,115,115,0.375609756097561,170.0862889754134,3.7939030091334303,0.0,0.152,19470272.882,0,0.0,none,-
monday,401,69598.08842618299,1160826.0607822658,114,114,0.2896174863387978,157.03134624887042,3.8705475736464137,0.004,0.104,14604588.364,0,0.0,none,-
monday,402,71414.8143292717,1506449.141415935,104,104,0.432,157.39114512411598,3.3340433594122403,0.0,0.106,1952439.48,0,0.0,none,-
monday,403,45783.93394810588,848504.1200131169,112,112,0.3235294117647059,131.76159889976378,3.738614259075786,0.0,0.108,5627914.622,0,0.0,none,-
monday,404,78636.46394481178,2156099.9488274767,114,114,0.32432432432432434,172.153732161039,3.724686617195085,0.0,0.094,4433263.272,0,0.0,none,-
monday,405,75879.78904227154,1520331.34143344,65,65,0.6355555555555555,112.99994768013339,2.8094392282031846,0.0,0.284,23214667.26,0,0.0,none,-
monday,406,36249.54011603461,1311262.1438806232,56,56,0.3,163.8834224121128,2.9246274759408064,0.0,0.064,23906065.598,0,0.0,none,-
monday,407,51944.238798171034,2157851.463565935,79,79,0.25,157.80752441420236,3.0245718914343547,0.002,0.054,8920919.702,0,0.0,none,-
monday,408,53013.30825709405,1515521.5568655557,74,74,0.30246913580246915,173.03133862281916,3.025595350575761,0.0,0.096,22025448.33,0,0.0,none,-
monday,409,39379.246754220396,899605.3368301037,37,37,0.3300970873786408,121.046943094424,1.978253298188367,0.0,0.066,5818878.596,0,0.0,none,-
monday,410,37114.782339615136,914601.7787072865,57,57,0.2679738562091503,156.3083466101064,2.6172006309947937,0.0,0.08,15241441.5,0,0.0,none,-
monday,411,42049.15747664067,789866.6483328132,67,67,0.4418604651162791,148.0151109114398,2.5101587614585106,0.0,0.074,14395886.04,0,0.0,none,-
monday,412,61700.0908618632,1185341.9791257614,67,67,0.3277310924369748,152.6925866467864,2.7445013024794305,0.002,0.076,22353893.722,0,0.0,none,-
monday,413,65679.6511904214,1927039.9027061881,91,91,0.33793103448275863,174.72262879735257,3.2579376342532917,0.0,0.096,32710340.668,0,0.0,none,-
monday,414,73992.42719716097,1173097.7496972748,87,87,0.475,129.9464146512814,3.0347232051660344,0.0,0.15,16068408.316,0,0.0,none,-
monday,415,28467.630034703558,617103.609709529,43,43,0.21904761904761905,142.0119010327046,2.225481531815879,0.0,0.044,10589532.572,0,0.0,none,-
monday,416,41282.72938572904,1002807.8379126601,46,46,0.30097087378640774,143.55004627333557,2.415322057670347,0.0,0.06,21897225.094,0,0.0,none,-
monday,417,60287.39829929883,1302478.0086729322,78,78,0.34057971014492755,150.4300750370842,3.0360538225618665,0.0,0.092,21458252.82,0,0.0,none,-
monday,418,73997.37687512553,1515479.3572403027,69,69,0.4247787610619469,162.33779551408423,2.7988091095124723,0.0,0.094,27112742.556,0,0.0,none,-
monday,419,37199.23649281708,1073884.4619409754,52,52,0.20192307692307693,189.8483975367098,2.3540375449513693,0.0,0.04,6177227.672,0,0.0,none,-
monday,420,77531.58415383934,2022712.0658363905,85,85,0.36645962732919257,158.64910523062298,2.9722506065687844,0.0,0.116,12810091.982,0,0.0,none,-
monday,421,49238.15078556178,947449.1311922517,61,61,0.2846153846153846,158.28774022683118,2.574625341403202,0.0,0.072,33185875.822,0,0.0,none,-
monday,422,103069.32930963379,1538006.1397164185,98,98,0.47878787878787876,160.26823220763757,3.075088898451444,0.0,0.156,31160391.348,0,0.0,none,-
monday,423,32860.026019583005,501033.58607034787,47,47,0.5180722891566265,203.5324321721732,2.3496777150272807,0.0,0.084,13078298.69,0,0.0,none,-
monday,424,32442.114882117872,811985.0813938928,40,40,0.330188679245283,146.10648769877682,2.2228135643896687,0.0,0.068,17564293.334,0,0.0,none,-
monday,425,83332.38483526887,972580.7993633958,85,85,0.2937062937062937,119.2502007682784,2.9912509842127264,0.0,0.082,11871017.892,0,0.0,none,-
monday,426,47855.33068767366,795057.4952053068,64,64,0.2627118644067797,148.72444473945677,2.6023659388859017,0.0,0.06,9845150.006,0,0.0,none,-
monday,427,34734.1841134028,919929.3112144849,51,51,0.1348314606741573,142.0016180012038,2.2751476334682468,0.0,0.022,22119258.08,0,0.0,none,-
monday,428,47839.388324587955,793859.7989258292,60,60,0.27692307692307694,136.0561543798938,2.5541621087530975,0.0,0.07,16777164.712,0,0.0,none,-
monday,429,86081.56636014902,1445508.4845154807,105,105,0.3826530612244898,155.8598368267458,3.2771979520288963,0.0,0.148,44398961.938,0,0.0,none,-
monday,430,19398.431417914286,567839.7478749568,24,24,0.15942028985507245,132.69296828624098,1.5897341058619068,0.0,0.02,10245275.848,0,0.0,none,-
monday,431,63467.79904684295,1193668.4985422757,78,78,0.34415584415584416,138.7973612790096,2.97796758949127,0.0,0.104,12078216.402,0,0.0,none,-
monday,432,57319.513442892945,1175677.4274880623,76,76,0.2846715328467153,142.8753386635572,3.062481529945651,0.0,0.076,28707793.42,0,0.0,none,-
monday,433,52326.08906112112,989923.0184405121,76,76,0.3,134.6022992270258,2.8310424032719124,0.0,0.076,11553813.994,0,0.0,none,-
monday,434,73744.59056553221,525648.1434315554,77,77,0.3333333333333333,139.2730705604346,2.887520517057668,0.0,0.1,13794643.942,0,0.0,none,-
monday,435,51944.4219019241,895730.2741829139,64,64,0.20618556701030927,120.1104406690868,2.5959251471977285,0.0,0.038,10837927.218,0,0.0,none,-
monday,436,43314.707175745934,1208197.0653769618,49,49,0.31666666666666665,154.40286342484777,2.4372437826688866,0.002,0.036,36456500.634,0,0.0,none,-
monday,437,5346.158453009129,359765.66102246655,8,8,0.025,114.6140513335584,0.933397129915724,0.002,0.0,4258859.484,0,0.0,none,-
monday,438,12050.331786655248,334862.4544536542,13,13,0.024691358024691357,122.17008272842419,1.5248472329762899,0.0,0.002,6226887.128,0,0.0,none,-
monday,439,47834.04701602398,560793.3650677424,51,51,0.20437956204379562,133.06706667774603,2.4119928118997045,0.0,0.054,5512656.022,0,0.0,none,-
monday,440,19919.67330610659,451730.6684841645,28,28,0.10112359550561797,136.62432718556158,1.8437153832733606,0.0,0.016,5152328.268,0,0.0,none,-
monday,441,31695.630624526537,697585.7574632778,35,35,0.1348314606741573,127.21311231794999,1.9889989761616598,0.0,0.022,5065484.446,0,0.0,none,-
monday,442,21251.303182794953,564146.034453594,22,22,0.10576923076923077,118.21853952624141,1.8483112003322335,0.0,0.02,9319838.498,0,0.0,none,-
monday,443,26558.53055389731,565803.6206899192,33,33,0.1134020618556701,114.96643855297359,1.9880386884495702,0.0,0.02,7295264.056,0,0.0,none,-
monday,444,48860.38930507252,649939.33480314,49,49,0.23972602739726026,173.35739269281063,2.431646951063862,0.0,0.068,29358356.85,0,0.0,none,-
monday,445,20426.7614323686,729794.1404207007,29,29,0.25396825396825395,136.92531328632361,1.7476733166680507,0.0,0.03,13112470.446,0,0.0,none,-
monday,446,37763.16173776309,380244.79366557184,44,44,0.24475524475524477,172.2136547351876,2.3808310450556336,0.0,0.068,31800139.626,0,0.0,none,-
monday,447,45046.1792433351,995837.9175759708,55,55,0.28,117.4300678948596,2.5590110223290026,0.002,0.068,16132544.82,0,0.0,none,-
monday,448,60411.633323543516,1054758.7839166997,68,68,0.25,145.4738724982742,2.7292290318674897,0.0,0.052,22198658.384,0,0.0,none,-
monday,449,53941.51633719289,1083162.653590135,66,66,0.16822429906542055,115.95703043231941,2.5676502559264223,0.0,0.034,3924248.194,0,0.0,none,-
monday,450,55610.94398038952,1314431.0342013254,76,76,0.3202614379084967,137.6711165060148,2.920295087357115,0.0,0.096,17612771.432,0,0.0,none,-
monday,451,31241.20283180364,567261.185722375,34,34,0.14473684210526316,156.35401548981758,2.17254892262523,0.0,0.02,35656257.164,0,0.0,none,-
monday,452,73666.71578696552,1647419.1193385178,67,67,0.6545454545454545,177.7888223167588,2.475137943396296,0.0,0.142,26073643.782,0,0.0,none,-
monday,453,59652.66480248139,1053805.6163593074,76,76,0.3567251461988304,156.9467118611296,2.8203598328317128,0.0,0.12,35274797.93,0,0.0,none,-
monday,454,43199.289037999464,980609.584277432,54,54,0.2564102564102564,147.36151705921603,2.548466677796128,0.002,0.058,25810032.418,0,0.0,none,-
monday,455,52381.344258917314,1132524.040832728,65,65,0.3284671532846715,181.7178024476056,2.834328328136869,0.0,0.088,33077003.784,0,0.0,none,-
monday,456,39127.08057514239,911005.1569434531,39,39,0.21495327102803738,160.161408523613,2.357514843717039,0.0,0.044,12792335.882,0,0.0,none,-
monday,457,17801.9073620412,404708.7389866745,26,26,0.3148148148148148,120.0470596379124,1.7787683270818597,0.0,0.032,21395144.616,0,0.0,none,-
monday,458,37076.17864674939,903422.9032827306,49,49,0.39436619718309857,140.58903045631422,2.200776359487179,0.0,0.054,14073701.412,0,0.0,none,-
monday,459,36108.5388452983,1383940.9175449547,48,48,0.16,146.7030418733062,2.451647059736783,0.0,0.03,11685048.638,0,0.0,none,-
monday,460,15969.625248053835,400877.1058095665,25,25,0.14666666666666667,128.8312928111238,1.815306506119904,0.0,0.02,16381408.512,0,0.0,none,-
monday,461,26633.45437842863,464280.0639816482,34,34,0.14814814814814814,125.70707495761619,1.9726632136785278,0.0,0.022,6148581.27,0,0.0,none,-
monday,462,36294.855493436575,823403.5803804822,52,52,0.2644628099173554,159.391265434781,2.6039381151522676,0.0,0.062,23911513.176,0,0.0,none,-
monday,463,46742.69950992496,1187149.1837712699,58,58,0.2112676056338028,111.6741212211206,2.669412441706136,0.0,0.058,16456944.754,0,0.0,none,-
monday,464,47245.25018834323,907683.0429012191,63,63,0.23076923076923078,117.2829623354466,2.772572060144981,0.0,0.07,26025689.316,0,0.0,none,-
monday,465,37741.1306839347,672913.3642809698,56,56,0.319672131147541,149.2836084730444,2.565862353454543,0.0,0.076,24962888.354,0,0.0,none,-
monday,466,37680.47750858149,828647.1541619303,48,48,0.2235294117647059,124.8786623919426,2.2802563269194405,0.0,0.036,9608917.262,0,0.0,none,-
monday,467,73315.65477767651,1558076.8223991045,71,71,0.31097560975609756,113.40159008181459,3.0800894107167194,0.0,0.1,17813927.11,0,0.0,none,-
monday,468,21151.66398345111,412601.8018481765,49,49,0.20930232558139536,122.53090742881781,2.2313954438397205,0.0,0.034,14897289.438,0,0.0,none,-
monday,469,58778.423272203116,1121747.466063402,69,69,0.3072289156626506,138.42880412596358,2.894336643097561,0.0,0.1,31046380.962,0,0.0,none,-
monday,470,60508.31595716843,1165453.417683767,81,81,0.42016806722689076,142.99170680409543,2.959378956857511,0.0,0.098,16542194.894,0,0.0,none,-
monday,471,61832.34364991419,1610499.0104244724,44,44,0.38636363636363635,138.76232839087803,2.4217636909655167,0.0,0.1,19121195.944,0,0.0,none,-
monday,472,49051.33303480867,1580921.0897104905,55,55,0.36470588235294116,131.3213880288562,2.2883932670293974,0.0,0.06,8539779.068,0,0.0,none,-
monday,473,44598.12078279153,845020.8667557222,51,51,0.2127659574468085,121.2322139955916,2.3402146441715868,0.0,0.038,12519042.688,0,0.0,none,-
monday,474,54942.694484558255,1571407.5949558462,51,51,0.32075471698113206,129.0424925585902,2.4603187251568177,0.0,0.066,12240548.604,0,0.0,none,-
monday,475,88376.2544789811,956807.820872932,82,82,0.3439153439153439,211.7429922939374,2.807340602744924,0.0,0.128,57482569.946,0,0.0,none,-
monday,476,53382.45403745806,814276.9931515635,87,87,0.3717948717948718,127.745815316091,3.146948370087682,0.0,0.114,32801070.422,0,0.0,none,-
monday,477,43068.626613983084,602148.8290702319,61,61,0.3611111111111111,124.33248470507702,2.4259329202114546,0.0,0.076,12626276.848,0,0.0,none,-
monday,478,56599.53191382782,1434600.0790255058,72,72,0.2981366459627329,150.0907688411392,2.883135667659751,0.0,0.094,28032885.438,0,0.0,none,-
monday,479,54207.42236591609,1388488.481103512,66,66,0.26548672566371684,123.480072982231,3.0142104737964157,0.0,0.058,30584367.062,0,0.0,none,-
monday,480,62250.724061890935,1074749.585847419,72,72,0.41739130434782606,161.1603199865374,2.798796457365477,0.0,0.094,27593692.402,0,0.0,none,-
monday,481,46594.77898376782,1249910.2921538777,49,49,0.3157894736842105,119.424838408044,2.1049503015163418,0.0,0.058,3208681.296,0,0.0,none,-
monday,482,44312.170770821496,1289368.7241930692,49,49,0.22900763358778625,143.3217979039132,2.4427204591329432,0.0,0.058,6967615.484,0,0.0,none,-
monday,483,32965.99913384723,916027.2361918971,57,57,0.18253968253968253,137.0392253312836,2.8649253941963435,0.006,0.044,29628980.114,0,0.0,none,-
monday,484,33931.52175941938,1071334.8560147067,45,45,0.27631578947368424,133.079015939287,2.0044831795982283,0.002,0.04,7205734.392,0,0.0,none,-
monday,485,31008.690155332453,655947.4099396098,38,38,0.27848101265822783,119.5609539104622,1.7689192443900148,0.0,0.042,6081723.49,0,0.0,none,-
monday,486,32161.592616319344,910625.1478334509,41,41,0.2037037037037037,118.12132841924821,1.9839067568991489,0.0,0.042,3036675.664,0,0.0,none,-
monday,487,80011.30384565998,2608299.937758543,72,72,0.32231404958677684,135.332098617046,2.966284670881169,0.0,0.076,6201454.194,0,0.0,none,-
monday,488,40046.663020727065,713918.1848799194,54,54,0.24691358024691357,153.4716875616932,2.4254154544117745,0.0,0.038,31226436.062,0,0.0,none,-
monday,489,61204.16931126316,803879.3253161206,82,82,0.391304347826087,125.4202225445224,3.133906252546212,0.0,0.124,28402938.784,0,0.0,none,-
monday,490,28345.915159028642,674365.3106421332,37,37,0.4084507042253521,113.0859784704742,1.9311066334883362,0.002,0.056,15779725.484,0,0.0,none,-
monday,491,33395.644534833846,1041353.5898748828,28,28,0.20967741935483872,123.202156351473,1.708118336873668,0.0,0.024,7953140.874,0,0.0,none,-
monday,492,67815.29958496687,2644794.6021033484,67,67,0.26666666666666666,159.2819969550098,2.906043823860291,0.0,0.062,14668373.168,0,0.0,none,-
monday,493,40373.248576114995,786600.1113728072,55,55,0.22826086956521738,148.6403370053836,2.332898256769807,0.0,0.04,20601217.274,0,0.0,none,-
monday,494,65801.76190638762,1212152.6312082026,79,79,0.3076923076923077,184.6633368016156,2.9910866435361423,0.0,0.086,28226837.61,0,0.0,none,-
monday,495,47086.18266765528,827912.0447898601,77,77,0.29605263157894735,131.67494658412102,2.896212155568528,0.0,0.088,10972746.32,0,0.0,none,-
monday,496,35012.90017973704,758139.6506281347,37,37,0.24074074074074073,141.91819945899678,2.4788096530708135,0.0,0.05,29163901.492,0,0.0,none,-
monday,497,40719.04231100296,878584.5187009338,62,62,0.20652173913043478,142.57477737970459,2.6193149685989408,0.0,0.036,15054685.77,0,0.0,none,-
monday,498,42185.89987994548,1035922.8631793982,40,40,0.3865546218487395,160.8486177080276,2.18223743731219,0.0,0.09,14227218.292,0,0.0,none,-
monday,499,22610.50015228848,416672.37444999185,31,31,0.05,160.00243504485982,1.9614569580721697,0.0,0.012,19043040.628,0,0.0,none,-
monday,500,50108.47331565588,951187.9820648051,68,68,0.21804511278195488,163.36460673150083,3.03436002462467,0.0,0.056,36253433.784,0,0.0,none,-
monday,501,74455.1334531347,1803821.355271905,61,61,0.328,120.20678397638481,2.871688884819561,0.0,0.08,15394646.09,0,0.0,none,-
monday,502,35792.56177860921,1024972.9145324266,38,38,0.38028169014084506,131.9069220786478,1.85280545541092,0.0,0.052,6312117.888,0,0.0,none,-
monday,503,37849.373561674176,952746.9808453679,50,50,0.16176470588235295,161.7635192793138,2.551478793207791,0.0,0.02,34587420.862,0,0.0,none,-
monday,504,60604.69697425221,1595699.198524641,57,57,0.2722222222222222,217.40502810519342,2.5472726862255746,0.0,0.096,11588371.364,0,0.0,none,-
monday,505,33533.508126056135,709069.1487632967,47,47,0.1984126984126984,163.6506174619972,2.2782324085022987,0.0,0.048,5069553.364,0,0.0,none,-
monday,506,43891.37972303389,1874727.3489244997,53,53,0.33707865168539325,163.11761601664497,2.777758424219481,0.0,0.058,15550560.198,0,0.0,none,-
monday,507,95212.60873430541,2153455.016492251,82,82,0.4876543209876543,154.82028619846102,3.268803481119379,0.0,0.156,24007051.368,0,0.0,none,-
monday,508,40767.077866509666,1131936.187200129,69,69,0.3020833333333333,137.40289867212041,2.624652710730303,0.0,0.056,6689475.056,0,0.0,none,-
monday,509,69383.79303100052,1553580.1394778856,81,81,0.36363636363636365,194.3816956799418,3.1545115883316246,0.0,0.094,32408599.176,0,0.0,none,-
monday,510,41571.31652067135,677831.6927527406,55,55,0.2815533980582524,119.30042279909279,2.2116289680132732,0.0,0.056,8471370.87,0,0.0,none,-
monday,511,35516.06878597075,958392.437799572,58,58,0.21782178217821782,148.91853899401798,2.5549906571429344,0.0,0.042,14157032.524,0,0.0,none,-
monday,512,45580.32467403587,1169200.9723332648,60,60,0.4731182795698925,178.9662716383024,2.352219640147658,0.002,0.086,22312704.824,0,0.0,none,-
monday,513,43940.3777972543,1009503.0693656263,62,62,0.15151515151515152,162.92022664772423,2.6591907217229354,0.0,0.028,31706161.988,0,0.0,none,-
monday,514,80316.64235195768,1626674.856422941,98,98,0.3486238532110092,155.97909626848502,3.196465805112579,0.0,0.15,47342104.038,0,0.0,none,-
monday,515,24015.74707752818,949519.7386478836,37,37,0.3333333333333333,121.96324233414599,1.8887491390348803,0.006,0.062,10785594.772,0,0.0,none,-
monday,516,41546.54592845107,1432419.7938472263,53,53,0.3617021276595745,147.39889462199818,2.394278345697863,0.0,0.066,6841211.99,0,0.0,none,-
monday,517,71582.05342803664,1761085.2595050642,84,84,0.24615384615384617,189.93620354917618,2.9951221126568623,0.0,0.062,13319045.59,0,0.0,none,-
monday,518,44624.74531558769,1009794.1612832216,45,45,0.3875,148.052508831652,2.093702529050509,0.0,0.06,21020001.286,0,0.0,none,-
monday,519,90553.55773728919,2266000.293677574,97,97,0.5,176.3456160809408,3.068220595460459,0.0,0.13,29493707.48,0,0.0,none,-
monday,520,78700.95441665895,1694801.7939404289,80,80,0.46621621621621623,150.0258525383738,2.8228342902891406,0.0,0.136,32601972.388,0,0.0,none,-
monday,521,24351.44260915046,529713.395350462,37,37,0.17391304347826086,121.342533662474,1.9852874606325017,0.0,0.022,13888242.06,0,0.0,none,-
monday,522,78028.50672644752,1361456.2357875262,88,88,0.25161290322580643,153.6094114839252,3.0732359793850663,0.0,0.076,19914754.83,0,0.0,none,-
monday,523,77820.43315323966,1678955.0554669802,68,68,0.38636363636363635,174.5408928322988,2.588149456399353,0.0,0.1,53757101.996,0,0.0,none,-
monday,524,45128.506036296356,849522.7015953313,62,62,0.32407407407407407,143.15860879101876,2.5295337043446597,0.0,0.068,6208727.192,0,0.0,none,-
monday,525,58736.88838423692,2568516.9747356246,58,58,0.28225806451612906,179.03436626422481,3.011892644259905,0.0,0.068,28357311.278,0,0.0,none,-
monday,526,16035.502166021302,324592.52982813667,29,29,0.125,126.4855654435946,1.7368355337663572,0.0,0.018,6005196.164,0,0.0,none,-
monday,527,70213.27272806752,1703641.5502081346,89,89,0.34615384615384615,144.2221896112022,3.1101126377002215,0.0,0.124,10304052.424,0,0.0,none,-
monday,528,36867.33376082277,605189.6559070556,30,30,0.12408759124087591,151.8918950711832,2.1141732697599633,0.0,0.032,12289402.728,0,0.0,none,-
monday,529,47770.2403593435,1312511.271922021,77,77,0.2782608695652174,140.58862136956742,2.843830208149325,0.0,0.062,22767105.926,0,0.0,none,-
monday,530,68259.83302937697,1293980.229463486,53,53,0.2085889570552147,137.7750533717488,2.5299516682350354,0.0,0.066,11983005.05,0,0.0,none,-
monday,531,35179.6543914825,824319.1992181761,34,34,0.2840909090909091,120.6636655696742,1.8690427152041282,0.0,0.048,9332715.446,0,0.0,none,-
monday,532,82882.5704330581,2226460.0935711875,80,80,0.22043010752688172,150.13262050708158,3.1745939151018012,0.0,0.08,26751114.26,0,0.0,none,-
monday,533,67362.32326893318,804217.4937655792,62,62,0.32061068702290074,139.350634310662,2.6583232709836606,0.0,0.082,18863036.832,0,0.0,none,-
monday,534,42537.449396282995,1169992.7283894743,59,59,0.24836601307189543,149.41132940797263,2.7754494775861014,0.0,0.074,11920401.542,0,0.0,none,-
monday,535,68492.40022861335,1227713.3571664123,58,58,0.2916666666666667,153.14508828742902,2.728210709913925,0.0,0.068,17675807.576,0,0.0,none,-
monday,536,24516.75671978145,423195.4867166847,37,37,0.2967032967032967,127.9325738977976,1.9219478113017292,0.0,0.052,8269545.23,0,0.0,none,-
monday,537,36359.63136532745,982215.4062183477,59,59,0.28440366972477066,156.0588541630658,2.483177683554666,0.0,0.06,7264739.582,0,0.0,none,-
monday,538,47891.26822247792,634523.3827744345,43,43,0.12666666666666668,155.06450416398,2.2995955127426075,0.0,0.036,28032267.24,0,0.0,none,-
monday,539,72441.77115497929,1521588.971373042,78,78,0.35374149659863946,168.92276846149582,2.9559398938509305,0.0,0.102,42060247.566,0,0.0,none,-
monday,540,56359.27202136687,1533277.8025142378,65,65,0.41237113402061853,131.33646608453518,2.4514346241851124,0.0,0.078,9345677.686,0,0.0,none,-
monday,541,63122.46112108846,1460413.3206279245,76,76,0.36054421768707484,149.4759841512338,2.984416364861481,0.0,0.104,10872168.752,0,0.0,none,-
monday,542,14394.76795165383,486396.04800003686,32,32,0.2413793103448276,143.14060966341842,1.8627964135063968,0.0,0.04,8020926.398,0,0.0,none,-
monday,543,41932.79973731918,1285010.042125344,55,55,0.16666666666666666,146.69654692282802,2.6628885928384776,0.0,0.032,18476759.234,0,0.0,none,-
monday,544,54544.3710462387,1630680.3365980661,70,70,0.27049180327868855,163.8888066272452,2.93478760982632,0.0,0.064,25579494.726,0,0.0,none,-
monday,545,70531.60110359317,1296657.2246091692,75,75,0.46956521739130436,147.49607819296378,2.865556072490855,0.0,0.106,23922238.822,0,0.0,none,-
monday,546,79025.41434927184,1168036.477979285,75,75,0.4112903225806452,188.6727095998178,2.9795491913048764,0.0,0.1,35259606.822,0,0.0,none,-
monday,547,49340.02026030446,639584.8102962796,69,69,0.46464646464646464,136.79781956185,2.769710879702276,0.002,0.09,21888615.732,0,0.0,none,-
monday,548,43151.30252965486,1179683.571575886,60,60,0.2857142857142857,137.813472347397,2.642716517554598,0.0,0.05,29928242.73,0,0.0,none,-
monday,549,46445.56660799818,712400.4613843628,65,65,0.3310344827586207,174.86392973226722,2.668210316742675,0.0,0.094,19428862.908,0,0.0,none,-
monday,550,69655.67053008819,1895076.8926336442,68,68,0.3375796178343949,152.90692096239636,2.9430220605336332,0.0,0.104,21805336.488,0,0.0,none,-
monday,551,55583.63410261704,1048463.6078847682,70,70,0.26229508196721313,179.39931963811978,2.6648842435947726,0.002,0.062,25236443.786,0,0.0,none,-
monday,552,45591.72211516247,840691.114723783,61,61,0.40625,145.0293436842482,2.6112288068126674,0.0,0.076,14163413.882,0,0.0,none,-
monday,553,71640.51168487966,2367588.5306189456,81,81,0.3805970149253731,178.5063332683774,3.144292908261472,0.004,0.1,14892092.736,0,0.0,none,-
monday,554,85421.48709107988,2316734.1752732927,94,94,0.3893805309734513,176.3368949625122,3.160669796758779,0.0,0.086,27821130.526,0,0.0,none,-
monday,555,52077.658264116064,1027277.7648713684,69,69,0.33088235294117646,159.9955885236368,2.8395606881379027,0.0,0.088,16293040.816,0,0.0,none,-
monday,556,27830.059957237543,490888.52374363196,46,46,0.22916666666666666,125.65810180537139,2.0530162837788652,0.0,0.042,7964953.686,0,0.0,none,-
monday,557,56984.12791205442,1142615.4235181026,76,76,0.2459016393442623,257.46422841135484,2.614881656111824,0.0,0.058,19057670.272,0,0.0,none,-
monday,558,84727.28533605128,1820205.6339716716,115,115,0.4111111111111111,156.24252956784662,3.620136302206568,0.0,0.146,24904219.16,0,0.0,none,-
monday,559,69324.86611144191,1495245.8476010652,92,92,0.42105263157894735,155.3882985787144,3.3054594474100893,0.0,0.11,11799804.296,0,0.0,none,-
monday,560,74004.71098113006,1114452.802636118,81,81,0.3829787234042553,158.8455580822628,2.9620719602467,0.0,0.106,31177306.394,0,0.0,none,-
monday,561,60752.84640534063,1130377.3119587882,80,80,0.3125,170.8731615248638,3.2661259088489825,0.0,0.078,21133080.212,0,0.0,none,-
monday,562,37285.35869000692,925853.6863530399,44,44,0.32978723404255317,145.0914839421412,2.4177504808762693,0.0,0.06,14948994.64,0,0.0,none,-
monday,563,40178.169789326595,1598240.108947831,47,47,0.21,112.9858342519222,2.385381600569459,0.0,0.04,7278429.322,0,0.0,none,-
monday,564,36057.281658970496,834396.3108650831,57,57,0.3118279569892473,154.8005209484314,2.477087069836312,0.0,0.056,18098120.962,0,0.0,none,-
monday,565,68206.18882357085,1330758.6446853883,75,75,0.21232876712328766,132.483285564613,3.1035892282568724,0.0,0.06,29033544.322,0,0.0,none,-
monday,566,50677.06235423902,890370.9911038994,83,83,0.3524590163934426,147.0971730247408,2.965301586393682,0.0,0.084,11780206.26,0,0.0,none,-
monday,567,50247.581252722055,1480045.6863273198,66,66,0.2647058823529412,160.1741517247576,2.808659094548917,0.0,0.052,16157030.002,0,0.0,none,-
monday,568,53198.82417009215,1226136.9923175864,66,66,0.38372093023255816,148.5562566421242,2.479926194780771,0.0,0.064,13038533.912,0,0.0,none,-
monday,569,50256.82492262878,990842.8744356186,52,52,0.13793103448275862,154.816078986502,2.5481104696451924,0.0,0.03,16466978.632,0,0.0,none,-
monday,570,38060.29074665981,1125221.9337318013,61,61,0.23595505617977527,144.07448854870378,2.6721047895055237,0.0,0.04,13785466.544,0,0.0,none,-
monday,571,62690.22201163933,1301967.1032686448,74,74,0.4,158.0679859171964,2.778229073390956,0.0,0.098,14282614.246,0,0.0,none,-
monday,572,59082.46231508534,725568.1161979595,77,77,0.3047619047619048,196.2531906068562,2.976242952246812,0.0,0.062,53252689.098,0,0.0,none,-
monday,573,53476.52496562756,583039.1997135896,82,82,0.3310810810810811,139.6380573338748,2.893796581957771,0.002,0.096,14587327.618,0,0.0,none,-
monday,574,63146.71711493678,1392920.6323115495,85,85,0.2638888888888889,168.02438102594658,3.0919892266290656,0.0,0.074,29681141.872,0,0.0,none,-
monday,575,32069.274373099215,919665.0552262919,43,43,0.30158730158730157,118.0866791132056,1.777556965678245,0.0,0.036,3015333.376,0,0.0,none,-
monday,576,72527.39572852955,1604379.0063707342,76,76,0.34545454545454546,137.69027189438958,2.9413366581065232,0.0,0.074,11632734.948,0,0.0,none,-
monday,577,37435.964468188424,613317.409209599,67,67,0.26495726495726496,176.5445973771882,2.722324252835851,0.0,0.06,33570631.504,0,0.0,none,-
monday,578,44729.677880934265,1032937.4169523638,49,49,0.15463917525773196,129.14979595591558,2.262813805203787,0.002,0.028,10685149.326,0,0.0,none,-
monday,579,42775.386463002535,745815.9679852454,45,45,0.25,126.33316933765181,2.1802686197493264,0.0,0.048,11731500.958,0,0.0,none,-
monday,580,33236.08656290323,659687.2568000619,46,46,0.17796610169491525,188.3584920046214,2.4190859112390437,0.0,0.04,13785570.38,0,0.0,none,-
monday,581,32890.02059545696,645169.4655911633,37,37,0.31,133.0459458467392,1.8849040050490362,0.0,0.06,9564866.29,0,0.0,none,-
monday,582,37904.00380912858,1016316.7388825781,48,48,0.14912280701754385,143.5862907803308,2.343411798106764,0.0,0.032,11511491.342,0,0.0,none,-
monday,583,51921.24293716291,1609109.8779828968,73,73,0.35766423357664234,182.66374254974858,2.870403527081199,0.0,0.096,23413470.164,0,0.0,none,-
monday,584,38482.23709370552,833198.2554046445,51,51,0.1984126984126984,129.1687336915494,2.2907442812191063,0.0,0.048,15447783.806,0,0.0,none,-
monday,585,37674.689812954886,1242021.9391777336,55,55,0.4132231404958678,148.1151344050362,2.2645795689128896,0.0,0.098,13442985.282,0,0.0,none,-
monday,586,94155.75419961529,1786323.4933818872,127,127,0.16560509554140126,107.34038218689078,3.6368591828384162,0.0,0.05,4815755.44,0,0.0,none,-
monday,587,37610.733876822334,840273.8062465808,51,51,0.25,144.07874525865023,2.182736787377933,0.0,0.052,4676923.988,0,0.0,none,-
monday,588,44130.1919057813,834094.253671968,50,50,0.24822695035460993,137.30636849463218,2.3871448043992802,0.004,0.068,16563166.302,0,0.0,none,-
monday,589,55936.47402465077,730384.4728652197,67,67,0.11965811965811966,149.562675589094,2.6144845918186634,0.0,0.026,33995519.216,0,0.0,none,-
monday,590,61758.47630223763,1226536.560026555,81,81,0.4022346368715084,140.376143968126,2.765324215774335,0.0,0.142,21992564.216,0,0.0,none,-
monday,591,47286.55669210592,1850568.8609629197,50,50,0.20618556701030927,113.14748277478121,2.1790681596897947,0.0,0.038,12687542.136,0,0.0,none,-
monday,592,59200.789844588784,1055867.491488091,86,86,0.24571428571428572,138.4829605776114,3.0095883985159313,0.0,0.084,19597062.238,0,0.0,none,-
monday,593,40988.64894147645,689418.3024281242,48,48,0.4473684210526316,134.0671696901322,2.1584812966340334,0.0,0.066,32036001.36,0,0.0,none,-
monday,594,67287.42220264667,1470354.8571265964,92,92,0.125,129.2289565739132,2.927822154270989,0.0,0.026,7955225.998,0,0.0,none,-
monday,595,73189.76708179787,1088783.0791738706,101,101,0.40522875816993464,131.0012269480744,3.1944682095182517,0.0,0.122,12829309.548,0,0.0,none,-
monday,596,35511.42830695111,1030714.2052189296,45,45,0.24285714285714285,121.3831184047794,1.9261988714033196,0.0,0.032,6758247.204,0,0.0,none,-
monday,597,82911.4843992668,1525988.9721737122,69,69,0.38,160.112268274369,2.5641256047898446,0.0,0.112,9217901.492,0,0.0,none,-
monday,598,31330.02464235053,705637.4554014878,46,46,0.19736842105263158,128.703122868494,2.0144143571302795,0.0,0.028,12914276.432,0,0.0,none,-
monday,599,50332.267361883634,1304502.6922860667,65,65,0.26277372262773724,196.93515068620897,2.728711754932126,0.0,0.07,38562594.466,0,0.0,none,-
monday,600,50022.37917455603,984342.6935062011,62,62,0.3671875,131.3525577913606,2.5761958501242326,0.0,0.092,22388835.288,0,0.0,none,-
monday,601,43977.96660704214,995023.3987366941,62,62,0.27184466019417475,115.2282620190672,2.505112381022438,0.0,0.054,16563238.5,0,0.0,none,-
monday,602,86824.2942678957,1302280.2713412603,103,103,0.25757575757575757,157.4761990044018,3.277696766904727,0.0,0.066,11641998.49,0,0.0,none,-
monday,603,67116.43474369412,1615292.8870353224,79,79,0.3877551020408163,126.94185839279561,2.691356535856541,0.0,0.074,7347666.132,0,0.0,none,-
monday,604,18468.431023892368,639297.822742004,23,23,0.38235294117647056,144.1892799837662,1.3634431376632885,0.0,0.024,2601187.148,0,0.0,none,-
monday,605,21111.93426160618,628440.829225622,23,23,0.06451612903225806,105.772008833877,1.4261491007262042,0.0,0.006,5217006.186,0,0.0,none,-
monday,606,41510.01270894035,1108131.8110803908,78,78,0.19047619047619047,132.22961988376122,2.981053435142096,0.0,0.054,10500455.494,0,0.0,none,-
monday,607,36286.056496170575,1116547.8292698832,49,49,0.2235294117647059,155.08269103710424,2.3329083681477667,0.0,0.036,14020688.176,0,0.0,none,-
monday,608,44440.781645430434,838502.997549415,51,51,0.34177215189873417,165.9317303963864,2.4470623519776997,0.0,0.052,21823447.774,0,0.0,none,-
monday,609,74189.66211930935,1040905.9337622062,83,83,0.4127906976744186,163.69448328597903,3.2225949673840995,0.0,0.14,26706057.642,0,0.0,none,-
monday,610,83003.83480767565,2122014.8197769234,87,87,0.2967741935483871,151.7252432199372,3.5177367165515134,0.002,0.09,31057683.04,0,0.0,none,-
monday,611,48769.63691961077,657205.1140169346,61,61,0.28695652173913044,156.54293985187542,2.6156420810494545,0.0,0.064,4762718.466,0,0.0,none,-
monday,612,62290.673838971765,725022.0725442405,72,72,0.11971830985915492,151.9266257153174,2.97203255747315,0.0,0.032,7383705.568,0,0.0,none,-
monday,613,98227.7891885518,1888261.7843871375,110,110,0.36809815950920244,119.6707038844814,3.923240889899461,0.0,0.118,13034272.722,0,0.0,none,-
monday,614,107019.88643010208,1768792.392842615,111,111,0.44375,163.3460515853766,3.495575301747034,0.0,0.14,26582442.374,0,0.0,none,-
monday,615,101013.28657382193,2000126.33220437,145,145,0.45,148.0729460863442,4.158570299043805,0.002,0.16,7309558.346,0,0.0,none,-
monday,616,73576.7955558491,1285612.7567062424,135,135,0.3081395348837209,166.4276289730278,3.9936377002975867,0.0,0.104,9334084.64,0,0.0,none,-
monday,617,67425.65639382353,1543807.1445357222,108,108,0.3614457831325301,145.23098805767157,3.523464968882147,0.0,0.118,4866517.854,0,0.0,none,-
monday,618,72066.90345380518,1051816.4066781113,105,105,0.22784810126582278,131.8031494853846,3.298989020244436,0.0,0.07,4729695.36,0,0.0,none,-
monday,619,84340.30441990934,1995237.0730287998,123,123,0.2832369942196532,137.2890241496208,3.809063042975159,0.0,0.096,3730714.236,0,0.0,none,-
monday,620,98062.0961715064,1907253.8407185238,105,105,0.33962264150943394,131.0361219349324,3.5481828482966082,0.0,0.106,4494812.764,0,0.0,none,-
monday,621,71196.21525841962,1528001.2912975186,96,96,0.3916083916083916,166.0617258539144,3.294840400835998,0.0,0.11,20446003.37,0,0.0,none,-
monday,622,42904.61703646811,941758.7853103479,57,57,0.39655172413793105,147.31266352412177,2.4395764048943116,0.0,0.09,2524283.55,0,0.0,none,-
monday,623,79852.40727256329,1725506.0627761364,92,92,0.38125,167.4078533634216,3.2947845191528367,0.0,0.12,2698193.206,0,0.0,none,-
monday,624,92920.94191563886,1541527.9127766413,94,94,0.39267015706806285,186.5490049548158,2.957503709483565,0.0,0.148,23087200.184,0,0.0,none,-
monday,625,44328.069995211365,776987.0046090779,73,73,0.22727272727272727,137.31577723328076,2.886325302484347,0.0,0.068,17488761.874,0,0.0,none,-
monday,626,22210.288990512952,424683.68653890427,34,34,0.1650485436893204,125.5341458984534,1.9824680237051762,0.0,0.032,4372079.974,0,0.0,none,-
monday,627,55663.28779015766,822088.6544693606,73,73,0.2054794520547945,162.4226924277176,2.7322785736086708,0.0,0.058,11691275.146,0,0.0,none,-
monday,628,79369.84536287648,1276819.004314447,88,88,0.3,159.413544066847,3.0617824953278188,0.0,0.106,15802897.29,0,0.0,none,-
monday,629,43714.25291112907,357549.95203784475,98,98,0.2736318407960199,131.8265283924094,3.3159196226393703,0.0,0.108,17362569.836,0,0.0,none,-
monday,630,78212.55105682135,1102889.8931119242,117,117,0.31958762886597936,116.6605129400298,3.7105793726547684,0.0,0.122,11766093.678,0,0.0,none,-
monday,631,110864.39881873828,1609329.9597702513,122,122,0.19072164948453607,126.18497810990081,3.699908453089323,0.0,0.072,33533401.454,0,0.0,none,-
monday,632,21677.16479968597,704459.989356686,42,42,0.2542372881355932,113.91413131008039,1.8887130261558924,0.0,0.028,8577936.758,0,0.0,none,-
monday,633,79774.23211200538,1013546.0413684094,122,122,0.29515418502202645,139.42370834141622,3.7297367917488944,0.004,0.132,19356380.374,0,0.0,none,-
monday,634,59775.52971374495,781068.6442100151,92,92,0.2421875,113.9978551803904,2.976160797991858,0.0,0.06,5947699.122,0,0.0,none,-
monday,635,90520.67368827239,1116612.976335332,137,137,0.1912568306010929,127.15720386185019,3.9094534822778853,0.0,0.068,15736862.65,0,0.0,none,-
monday,636,97650.59830287077,1171894.7879616285,111,111,0.38341968911917096,142.4088142739118,3.4103848773092,0.0,0.146,25279031.228,0,0.0,none,-
monday,637,79165.75607067363,1188084.107268593,112,112,0.38071065989847713,114.2374322158404,3.482554121250992,0.0,0.148,12521172.854,0,0.0,none,-
monday,638,62139.09269539664,1457302.5220943626,101,101,0.2727272727272727,122.4203478047566,3.3188906550815185,0.0,0.076,3179286.568,0,0.0,none,-
monday,639,60227.194007792146,1100622.3000798908,87,87,0.33088235294117646,125.1978916240934,3.0927268115843556,0.0,0.088,7194705.19,0,0.0,none,-
monday,640,99266.33901262448,2125827.0870592943,137,137,0.26519337016574585,128.5460337026984,4.192937685732992,0.0,0.094,13872259.998,0,0.0,none,-
monday,641,26663.642412913294,635741.2432127404,39,39,0.2112676056338028,122.22649362725001,1.8131232964938704,0.0,0.028,7281580.714,0,0.0,none,-
monday,642,62069.488608993925,1161377.1247913623,77,77,0.2824427480916031,146.9108160367946,2.8138884332227896,0.0,0.072,14110003.212,0,0.0,none,-
monday,643,26713.78681657978,440894.5955939641,76,76,0.21818181818181817,122.20034044555939,2.692844843182456,0.0,0.046,6232523.138,0,0.0,none,-
monday,644,78886.36893495994,1024287.2363556194,114,114,0.39361702127659576,190.11786923313724,3.4424277528688245,0.0,0.146,11626431.622,0,0.0,none,-
monday,645,21870.384095187175,495505.9203292816,39,39,0.29850746268656714,137.7863408164966,2.0381977213953735,0.0,0.038,8394731.34,0,0.0,none,-
monday,646,27947.704234012246,729166.0004224255,35,35,0.24615384615384617,100.006596926285,1.8152268251755352,0.0,0.03,4466002.138,0,0.0,none,-
monday,647,63450.22306284225,1383715.069656483,82,82,0.2777777777777778,148.778418329389,3.14025814719034,0.0,0.088,11693093.108,0,0.0,none,-
monday,648,72767.18248810586,912934.4388496458,88,88,0.2215568862275449,149.39554946520778,3.0414910308626952,0.0,0.072,32627525.284,0,0.0,none,-
monday,649,38483.6193419641,694919.3139627783,63,63,0.20952380952380953,133.37685035868904,2.632436730726055,0.0,0.042,6493305.762,0,0.0,none,-
monday,650,72710.43684910523,781480.471734081,73,73,0.1377245508982036,187.29733900912257,2.772755152998905,0.0,0.044,24035644.188,0,0.0,none,-
monday,651,28878.156886570385,558024.4866925593,34,34,0.03597122302158273,98.5104169352484,2.0382465958388334,0.0,0.008,12801991.778,0,0.0,none,-
monday,652,33670.036331415315,897085.9381007967,49,49,0.22297297297297297,158.9218523182874,2.3949122545048036,0.0,0.064,33744825.71,0,0.0,none,-
monday,653,32573.13862398042,1155154.1436648935,39,39,0.18181818181818182,145.8129528938786,1.9010246754492006,0.0,0.026,4224763.336,0,0.0,none,-
monday,654,29611.374345200635,497375.56799966627,45,45,0.17567567567567569,130.2457966067696,2.344271265803317,0.0,0.05,36387859.628,0,0.0,none,-
monday,655,19838.124514852563,557295.3485849522,27,27,0.2857142857142857,104.81608507449539,1.4438188357332085,0.0,0.022,6899783.862,0,0.0,none,-
monday,656,52759.929289324326,1169600.3412413083,53,53,0.3504273504273504,164.829774947831,2.428474352415704,0.0,0.08,10359450.732,0,0.0,none,-
monday,657,63776.73545309661,2188458.960916628,65,65,0.2826086956521739,146.979946899579,2.6080945478737316,0.0,0.076,8260566.618,0,0.0,none,-
monday,658,62334.95927681841,1763175.1330982938,62,62,0.26717557251908397,159.8736271517836,2.653893936321566,0.0,0.068,30813970.466,0,0.0,none,-
monday,659,24504.483398576565,645073.4209663757,42,42,0.175,132.4233485703314,2.2399958062685585,0.0,0.054,30379487.938,0,0.0,none,-
monday,660,59126.38601040414,933764.6066515789,66,66,0.3609022556390977,122.1643347483898,2.6827180860939626,0.0,0.094,27616896.538,0,0.0,none,-
monday,661,47604.66448689338,677348.5392950173,71,71,0.4506172839506173,143.591000079812,2.7789866758318165,0.0,0.144,24547541.884,0,0.0,none,-
monday,662,24490.009007539767,350032.31646256504,32,32,0.21481481481481482,110.02971468605459,2.0318190525112776,0.002,0.056,31508292.688,0,0.0,none,-
monday,663,45072.21157211419,608206.4161990788,58,58,0.2831858407079646,118.32129884007,2.3428623830961914,0.0,0.062,11665969.676,0,0.0,none,-
monday,664,37740.99482354,927757.951157959,52,52,0.23232323232323232,153.4673093285858,2.234920916624791,0.0,0.044,7157051.398,0,0.0,none,-
monday,665,36234.76211093918,1563046.261777583,45,45,0.10852713178294573,162.9285768596214,2.326918650931375,0.0,0.026,10848712.658,0,0.0,none,-
monday,666,37504.660944632175,736839.4439806057,48,48,0.3504273504273504,133.37418846384983,2.4468284379256633,0.0,0.08,30323604.002,0,0.0,none,-
monday,667,81129.6668436553,1348763.8876350182,87,87,0.2789115646258503,153.748505833486,3.1878857674984826,0.0,0.08,35890356.42,0,0.0,none,-
monday,668,79760.69113831726,1161177.3271018658,92,92,0.5408805031446541,159.8011005172546,3.1119537855510115,0.002,0.17,44588493.138,0,0.0,none,-
monday,669,40742.10961406451,849614.3658654544,48,48,0.29896907216494845,126.8163191879956,2.3295784170981655,0.0,0.056,21274978.582,0,0.0,none,-
monday,670,51824.92647489739,1354664.292473419,59,59,0.29906542056074764,165.267049141631,2.7060091086853237,0.0,0.062,29392372.936,0,0.0,none,-
monday,671,36189.41377969754,1024090.0847529944,41,41,0.16666666666666666,118.6203321528566,2.137673607023442,0.0,0.024,10995712.032,0,0.0,none,-
monday,672,40683.582213094545,799517.4192188786,84,84,0.12213740458015267,135.3017250497332,3.024433489073894,0.0,0.03,12712406.678,0,0.0,none,-
monday,673,46353.92665237362,742093.94535925,158,158,0.04395604395604396,62.72142369883281,3.806446899178879,0.0,0.014,1532876.842,0,0.0,none,-
monday,674,40691.67540592683,625919.7163289371,142,142,0.028409090909090908,62.266533056893195,3.5160858307197875,0.0,0.008,2176709.818,0,0.0,none,-
monday,675,32321.841322673976,592915.2904941131,130,130,0.03821656050955414,62.28932868986619,3.2329552729768523,0.0,0.01,2083696.14,0,0.0,none,-
monday,676,44143.115076926784,651019.3568341132,151,151,0.011049723756906077,60.6392059256536,3.6256407049437973,0.0,0.002,1086435.096,0,0.0,none,-
monday,677,47907.957984070126,784254.0765887293,143,143,0.01875,65.1077220416268,3.452283226613588,0.0,0.004,1721991.756,0,0.0,none,-
monday,678,42338.72559035545,759274.2024718035,136,136,0.018633540372670808,62.0116086261866,3.3977864979369157,0.0,0.004,1315240.15,0,0.0,none,-
monday,679,48790.989387671645,840326.5572334717,152,152,0.023668639053254437,60.3782691287756,3.591202647624085,0.0,0.006,1020606.246,0,0.0,none,-
monday,680,43883.67686971954,756304.1505042153,140,140,0.036585365853658534,60.481304680505,3.3857415200081755,0.0,0.01,1018818.5,0,0.0,none,-
monday,681,50001.570667532134,762819.8249854412,131,131,0.013245033112582781,61.9550830215174,3.3305701685706826,0.0,0.002,1246375.836,0,0.0,none,-
monday,682,51633.925677946165,960457.984495656,160,160,0.02857142857142857,61.6629946168684,3.748159096316365,0.0,0.008,1581066.728,0,0.0,none,-
monday,683,48944.17366123179,723706.0657447603,131,131,0.025157232704402517,64.0123115895022,3.3216231784403787,0.0,0.006,1552568.072,0,0.0,none,-
monday,684,35639.54273538277,713993.7887093332,140,140,0.037267080745341616,70.855712092196,3.392373597421072,0.0,0.01,1311468.274,0,0.0,none,-
monday,685,43231.71468093425,689151.0577784526,128,128,0.025477707006369428,64.6260270807736,3.2577594030074724,0.0,0.006,1346838.506,0,0.0,none,-
monday,686,43257.520388334124,639561.3891840744,145,145,0.017142857142857144,59.5739982195146,3.524772984363551,0.0,0.004,1464639.842,0,0.0,none,-
monday,687,49013.1677697484,779346.2746507423,127,127,0.03184713375796178,64.177080170517,3.1483552299828688,0.0,0.008,1385138.588,0,0.0,none,-
monday,688,45079.363504769055,651232.4522784097,153,153,0.028735632183908046,63.018835269789996,3.661614482629388,0.0,0.008,1544739.45,0,0.0,none,-
monday,689,49212.145949273916,1118916.6986649984,144,144,0.023529411764705882,60.3189447818232,3.456846302208457,0.0,0.006,785720.736,0,0.0,none,-
monday,690,44444.637723039865,744733.2926425161,131,131,0.04375,65.0903977539458,3.3063032122703326,0.0,0.012,2118127.538,0,0.0,none,-
monday,691,45061.80295050586,750627.0718182991,149,149,0.046242774566473986,62.61821549361359,3.521482013307809,0.0,0.014,1054111.238,0,0.0,none,-
monday,692,37538.16274914453,676959.5133413122,127,127,0.04516129032258064,64.157266678213,3.190633152327843,0.0,0.012,754936.654,0,0.0,none,-
monday,693,46589.70148494753,790732.4385773767,144,144,0.03125,68.0991520078806,3.4248881702304637,0.0,0.008,870686.686,0,0.0,none,-
monday,694,46923.52354400411,705166.46813535,143,143,0.028409090909090908,59.758048037676794,3.468874293514923,0.0,0.008,1442198.36,0,0.0,none,-
monday,695,44470.845039018146,790677.5443849345,123,123,0.04666666666666667,60.8736077586208,3.155007664331742,0.0,0.012,641349.024,0,0.0,none,-
monday,696,42535.70251549104,722172.2799757423,138,138,0.03289473684210526,71.02064498549021,3.315151993817774,0.0,0.008,1389244.804,0,0.0,none,-
monday,697,38836.83007346664,524529.1308133426,140,140,0.04678362573099415,60.753777524043194,3.4418816128190537,0.0,0.014,2441795.362,0,0.0,none,-
monday,698,40910.07299007214,813214.2699444892,143,143,0.02531645569620253,64.2992082083388,3.430737160853596,0.0,0.006,1048377.556,0,0.0,none,-
monday,699,44953.609100319765,776471.1863518821,127,127,0.02702702702702703,66.83933377212419,3.148449984966517,0.0,0.006,1381383.662,0,0.0,none,-
monday,700,49786.61780984585,791137.7275818295,135,135,0.012422360248447204,64.8844058273206,3.3670057849299706,0.0,0.002,1231902.354,0,0.0,none,-
monday,701,44799.43037147367,683608.2992339592,149,149,0.040697674418604654,61.221724028927596,3.662570743395655,0.0,0.012,2330986.812,0,0.0,none,-
monday,702,46774.511355221955,735432.7328815031,146,146,0.030864197530864196,62.5774625337628,3.4679670879069864,0.0,0.008,941809.826,0,0.0,none,-
monday,703,57007.21207733353,955636.7719781342,145,145,0.024096385542168676,63.4620980858814,3.4906132399246053,0.0,0.006,1121784.028,0,0.0,none,-
monday,704,60547.954160538,912070.972183754,130,130,0.036585365853658534,62.1791876985512,3.3336791202776688,0.0,0.01,1098980.332,0,0.0,none,-
monday,705,47146.38463739399,686544.2211866515,151,151,0.029585798816568046,60.114607900433406,3.593972078544894,0.0,0.008,1522068.298,0,0.0,none,-
monday,706,46755.60346387738,684681.6471148083,142,142,0.02631578947368421,69.2392733506462,3.4075506185461597,0.0,0.006,2238062.412,0,0.0,none,-
monday,707,59835.53657247293,808192.4401064002,141,141,0.0375,65.64859953532199,3.4652522725583648,0.0,0.01,1347684.042,0,0.0,none,-
monday,708,46810.703853441024,797422.2086167958,134,134,0.03225806451612903,73.07554534010261,3.367495940240336,0.0,0.008,2008235.552,0,0.0,none,-
monday,709,55882.269164448706,1006394.622435499,141,141,0.012269938650306749,61.521574024674,3.4375347117830826,0.0,0.002,1182894.124,0,0.0,none,-
monday,710,43679.273005675,711903.1420761966,142,142,0.023668639053254437,61.252418148340006,3.464436097786111,0.0,0.006,1748477.44,0,0.0,none,-
monday,711,37373.58266341814,574139.7239053469,156,156,0.03867403314917127,60.7036464267618,3.7464601387988683,0.0,0.012,1211072.16,0,0.0,none,-
monday,712,45429.77099116071,871920.1417234273,137,137,0.018292682926829267,64.2470180124484,3.487692350146653,0.0,0.004,1677385.242,0,0.0,none,-
monday,713,54004.34899024325,905002.1728272623,131,131,0.024539877300613498,60.3995459886572,3.376938073582143,0.0,0.006,1988781.706,0,0.0,none,-
monday,714,35123.638597828,796766.9194237172,138,138,0.04242424242424243,70.12333681648461,3.3724262781524112,0.0,0.012,1170776.598,0,0.0,none,-
monday,715,43312.28748331205,832201.0624366441,139,139,0.04093567251461988,63.2572436247286,3.428371235770297,0.0,0.012,933615.732,0,0.0,none,-
monday,716,44877.197071169576,688160.4883392473,144,144,0.041916167664670656,68.651146559528,3.476172290195116,0.0,0.012,1218626.436,0,0.0,none,-
monday,717,45277.048538332274,635263.6700330538,154,154,0.0335195530726257,60.4665913664604,3.723419811235847,0.0,0.01,1854144.172,0,0.0,none,-
monday,718,40244.132086203455,701644.6895083307,134,134,0.01875,68.5011757931486,3.312913831261005,0.0,0.004,1238876.758,0,0.0,none,-
monday,719,37098.223453538296,672835.7633704271,128,128,0.04316546762589928,75.78604437700919,3.14125737357939,0.0,0.01,1703066.03,0,0.0,none,-
monday,720,39712.62482009631,622976.6450756011,139,139,0.023391812865497075,62.156242784616204,3.492918761395371,0.0,0.006,1164497.85,0,0.0,none,-
monday,721,41671.978011770225,672447.0413738351,144,144,0.01764705882352941,60.958515580544,3.498919771087998,0.0,0.004,1756776.932,0,0.0,none,-
monday,722,43760.60145804833,673741.2424396784,148,148,0.011363636363636364,58.5790629990134,3.628244908771576,0.0,0.002,1602890.318,0,0.0,none,-
monday,723,42399.95262677478,717308.9378123177,151,151,0.016574585635359115,52.8054542124546,3.647548854226181,0.0,0.004,728519.732,0,0.0,none,-
monday,724,43871.73156411091,699515.9724118353,120,120,0.01935483870967742,67.9389239802584,3.1213260384869916,0.0,0.004,889184.986,0,0.0,none,-
monday,725,41169.33697378315,659858.3521137625,130,130,0.01875,60.4691664809492,3.276673602887823,0.0,0.004,732340.36,0,0.0,none,-
monday,726,52165.78788470588,765159.63142259,157,157,0.016853932584269662,62.705354348437,3.827930261728273,0.0,0.004,1553434.98,0,0.0,none,-
monday,727,54174.67412969685,859663.6756282456,144,144,0.036585365853658534,57.91904506435021,3.5312737517976274,0.0,0.01,1060368.448,0,0.0,none,-
monday,728,39616.90083796923,708315.4375279667,128,128,0.025157232704402517,70.6060349296516,3.2811484844414798,0.0,0.006,1660687.56,0,0.0,none,-
monday,729,46239.636160117436,855099.8760321928,147,147,0.046242774566473986,61.3625369920038,3.5687783520836387,0.0,0.014,1623502.712,0,0.0,none,-
monday,730,40200.207140573984,893259.9828679692,142,142,0.03067484662576687,71.0825603443934,3.5250828681627038,0.0,0.008,948349.432,0,0.0,none,-
monday,731,38423.41721016246,725445.7251760036,123,123,0.034482758620689655,66.3153821746882,2.9875586593281325,0.0,0.008,1145485.884,0,0.0,none,-
monday,732,40565.995823585436,627607.0596004861,135,135,0.0064516129032258064,67.87413658828659,3.3512323857096593,0.0,0.0,2258806.954,0,0.0,none,-
monday,733,52936.50958625527,833268.4689802048,130,130,0.047619047619047616,69.63532236798119,3.2253050733955133,0.0,0.012,1604157.83,0,0.0,none,-
monday,734,52222.584710020994,702143.1989868307,132,132,0.037267080745341616,60.8275938835678,3.375669652165098,0.0,0.01,1412188.456,0,0.0,none,-
monday,735,34832.1447333524,534615.0950066071,147,147,0.022727272727272728,69.3950587349914,3.653116370781393,0.0,0.006,1037981.4,0,0.0,none,-
monday,736,46921.542232387874,795208.8542558699,148,148,0.030120481927710843,70.47505346857979,3.6188329785894116,0.0,0.008,1038419.268,0,0.0,none,-
monday,737,41384.12293374141,664209.0977696535,146,146,0.017857142857142856,55.631067407154404,3.452492846648714,0.0,0.004,1304639.794,0,0.0,none,-
monday,738,42832.013850179705,797935.2473108625,145,145,0.029239766081871343,68.9968587411744,3.526673496219205,0.0,0.008,2365400.57,0,0.0,none,-
monday,739,53831.825494313984,861788.075609649,143,143,0.025477707006369428,61.6035790196074,3.4212503438533313,0.0,0.006,953344.238,0,0.0,none,-
monday,740,47414.95124168405,811618.7693384226,143,143,0.0440251572327044,64.4391818785454,3.3890512648546753,0.0,0.012,702909.46,0,0.0,none,-
monday,741,52390.67550224455,1023009.9758178417,137,137,0.0375,63.17467171945779,3.3748593950944663,0.0,0.01,1167636.476,0,0.0,none,-
monday,742,48197.55509592545,761802.5269730965,162,162,0.0546448087431694,60.9595723296316,3.8148872274917354,0.0,0.018,1363845.728,0,0.0,none,-
monday,743,40983.98539279348,625020.8066692877,140,140,0.024096385542168676,66.0059215623846,3.430952082835657,0.0,0.006,1763824.942,0,0.0,none,-
monday,744,45320.672770571415,667951.5051621128,150,150,0.029239766081871343,64.07473883706801,3.574488851335417,0.0,0.008,820930.06,0,0.0,none,-
monday,745,26192.766760068018,522824.16029636184,127,127,0.027777777777777776,73.86796323901599,3.1664669499256153,0.0,0.006,1928294.502,0,0.0,none,-
monday,746,44375.499074332845,704151.082769511,144,144,0.01818181818181818,58.5942267395088,3.455931444206678,0.0,0.004,1616122.64,0,0.0,none,-
monday,747,49566.940593286796,1040530.5715809268,136,136,0.0379746835443038,68.47722549989759,3.3791793496129525,0.0,0.01,1508612.526,0,0.0,none,-
monday,748,48462.270556973504,839213.9135170665,130,130,0.037037037037037035,61.8676563058892,3.3423706182945896,0.0,0.01,1146119.618,0,0.0,none,-
monday,749,51847.500842100715,995433.6514228701,134,134,0.012738853503184714,65.0100618603624,3.322490503085292,0.0,0.002,1352743.078,0,0.0,none,-
monday,750,45715.72626348789,610453.083609334,148,148,0.023529411764705882,64.545546814703,3.524318697831177,0.0,0.006,1256011.202,0,0.0,none,-
monday,751,48132.08079144704,692248.3850955847,150,150,0.017341040462427744,62.8841531683054,3.657773443939088,0.0,0.004,1430805.104,0,0.0,none,-
monday,752,51430.9748592001,770671.8822000714,144,144,0.031055900621118012,64.88432876954839,3.5335693348831727,0.0,0.008,1074719.826,0,0.0,none,-
monday,753,54999.04373907416,735268.4190919804,141,141,0.03508771929824561,57.150028695379,3.491830077360259,0.0,0.01,832553.932,0,0.0,none,-
monday,754,39973.696414228936,789868.8216714411,148,148,0.023255813953488372,59.0254752792692,3.494487677246978,0.0,0.006,1170254.76,0,0.0,none,-
monday,755,47855.93695570914,714907.3464093573,135,135,0.03164556962025317,67.4470283862878,3.381413914964944,0.0,0.008,995517.41,0,0.0,none,-
monday,756,53392.683042442855,794740.0404064987,140,140,0.006172839506172839,61.599625828393194,3.4562807258954793,0.0,0.0,1256271.63,0,0.0,none,-
monday,757,42998.28309609193,844073.2136104857,135,135,0.05063291139240506,69.068708218795,3.3799065791344605,0.0,0.014,743226.906,0,0.0,none,-
monday,758,50061.938095493075,735030.4418463538,137,137,0.030864197530864196,62.6940285400704,3.418038266124058,0.0,0.008,966706.924,0,0.0,none,-
monday,759,36405.207543568955,691376.7545840285,118,118,0.027777777777777776,74.6212618858162,2.987353225772465,0.0,0.006,1460350.136,0,0.0,none,-
monday,760,50429.33612429345,720519.8976435487,140,140,0.042682926829268296,60.0930806665932,3.4379571726813367,0.0,0.012,1211640.066,0,0.0,none,-
monday,761,47608.780362287835,693261.028438034,126,126,0.02702702702702703,60.6286164261666,3.096165402527225,0.0,0.006,1589634.87,0,0.0,none,-
monday,762,50230.764791176916,747385.9353997922,131,131,0.04487179487179487,63.3866164476754,3.1971726306872874,0.0,0.012,597768.382,0,0.0,none,-
monday,763,49086.14267222081,773242.4192608446,127,127,0.026845637583892617,73.89651053217061,3.2488109379447034,0.0,0.006,1940222.164,0,0.0,none,-
monday,764,46270.840210903,733563.749102479,137,137,0.01910828025477707,66.1863056205838,3.3975250857981516,0.0,0.004,1694882.576,0,0.0,none,-
monday,765,45288.26979007061,783440.528193892,147,147,0.041916167664670656,59.57693715284779,3.5647656701070076,0.0,0.012,818710.148,0,0.0,none,-
monday,766,41711.25470263478,872221.8609691841,136,136,0.026490066225165563,65.0158815955016,3.3082201754169605,0.0,0.006,1380734.308,0,0.0,none,-
monday,767,37043.320760369556,771933.4543503546,134,134,0.013071895424836602,66.5922703491126,3.2716261877394945,0.0,0.002,1806387.742,0,0.0,none,-
monday,768,35903.966564821974,606542.9602308996,133,133,0.018633540372670808,60.460177522332,3.2854289571426474,0.0,0.004,1475861.794,0,0.0,none,-
monday,769,38806.174913094284,653500.5253296775,154,154,0.022857142857142857,67.51549151634539,3.662313759649167,0.0,0.006,1254255.73,0,0.0,none,-
monday,770,49578.69305778076,781241.6054108,147,147,0.018518518518518517,60.951712171231,3.503313638659402,0.0,0.004,839346.898,0,0.0,none,-
monday,771,61986.45088771492,957002.6999989421,142,142,0.024096385542168676,58.971877199431404,3.510899265112778,0.0,0.006,943486.78,0,0.0,none,-
monday,772,45754.34735690035,695166.0042615066,131,131,0.03773584905660377,61.805622271741406,3.2737623584046824,0.0,0.01,1161973.334,0,0.0,none,-
monday,773,36726.0255843517,631353.3019237514,133,133,0.025974025974025976,64.6061952295636,3.365339320468445,0.0,0.006,1183413.588,0,0.0,none,-
monday,774,54719.6931429025,878985.1806920994,140,140,0.027210884353741496,69.7507053580546,3.3710654988246924,0.0,0.006,1907134.216,0,0.0,none,-
monday,775,54346.77638899539,844905.5232052724,149,149,0.018404907975460124,61.071039871066404,3.5687395781498203,0.0,0.004,1494288.468,0,0.0,none,-
monday,776,51855.77337713054,771758.1857711931,150,150,0.05325443786982249,70.11741338934321,3.6316895007931773,0.0,0.016,1688278.446,0,0.0,none,-
monday,777,45042.90111261713,689356.1911566255,152,152,0.017964071856287425,60.166106022707204,3.6003965752168066,0.0,0.004,875993.024,0,0.0,none,-
monday,778,40396.52797489708,672696.0800521738,141,141,0.018292682926829267,66.9158651448798,3.434246352216298,0.0,0.004,794700.036,0,0.0,none,-
monday,779,51232.486802942025,678338.8311847885,150,150,0.006024096385542169,64.892042417444,3.5479681798679668,0.0,0.0,1913570.67,0,0.0,none,-
monday,780,47521.124919331094,766349.2776030289,141,141,0.03164556962025317,60.10501853993999,3.3173986804233397,0.0,0.008,840774.33,0,0.0,none,-
monday,781,43176.48477086903,681950.2215123647,135,135,0.012903225806451613,66.0067343973782,3.2705152646806672,0.0,0.002,1874877.87,0,0.0,none,-
monday,782,38651.40196393135,665288.7276379849,144,144,0.03529411764705882,68.3945364126758,3.4906414166893356,0.0,0.01,796129.28,0,0.0,none,-
monday,783,63288.434449591834,727695.8379262254,142,142,0.030303030303030304,57.8271791614332,3.5182886407232674,0.0,0.008,1303807.272,0,0.0,none,-
monday,784,35467.46044900103,584398.934351768,134,134,0.03592814371257485,66.90437587113719,3.368953521310468,0.0,0.01,1676047.116,0,0.0,none,-
monday,785,45391.464116963965,718119.519529638,140,140,0.05,64.5118703960136,3.383234231640502,0.0,0.014,1805997.64,0,0.0,none,-
monday,786,40666.40709707237,639214.4438951497,135,135,0.012738853503184714,69.9690869253868,3.252978632155,0.0,0.002,1161093.294,0,0.0,none,-
monday,787,56447.33950001304,736881.1122982688,130,130,0.032467532467532464,64.1826168353848,3.2426057749728043,0.0,0.008,1312974.804,0,0.0,none,-
monday,788,39088.479003988374,596570.6287461738,128,128,0.03821656050955414,63.89520362732699,3.2516686672491555,0.0,0.01,1976818.612,0,0.0,none,-
monday,789,38553.90432258975,797431.5684697336,147,147,0.024691358024691357,65.1282546049716,3.486836728921234,0.0,0.006,1238066.922,0,0.0,none,-
monday,790,46886.63402452262,901051.1625035479,138,138,0.04516129032258064,64.44168963630419,3.353990868038304,0.0,0.012,1275347.394,0,0.0,none,-
monday,791,46740.25087867924,699601.7315504887,151,151,0.03488372093023256,54.8462065727416,3.5912809987150682,0.0,0.01,940805.12,0,0.0,none,-
monday,792,40080.368582933304,612513.104429864,137,137,0.03125,62.497932768186196,3.3049579740960975,0.0,0.008,1553724.018,0,0.0,none,-
monday,793,34782.82083555417,602650.2038513095,135,135,0.050955414012738856,64.2894222238018,3.274263087443055,0.0,0.014,1314268.298,0,0.0,none,-
monday,794,45864.32408365979,643700.1005600538,141,141,0.018518518518518517,58.6772111731912,3.4266577553345865,0.0,0.004,1181696.652,0,0.0,none,-
monday,795,52804.25807637201,730724.2180635951,155,155,0.023121387283236993,58.370460633956796,3.740342543425852,0.0,0.006,678071.662,0,0.0,none,-
monday,796,52110.80776435846,739924.3737578521,116,116,0.02054794520547945,67.50913967201681,3.0983677970885344,0.0,0.004,1271008.124,0,0.0,none,-
monday,797,47309.96035986508,789555.9739486986,155,155,0.04736842105263158,60.8583164524958,3.7698573012930723,0.0,0.016,1061025.742,0,0.0,none,-
monday,798,44563.75060149565,795964.6339848033,136,136,0.025157232704402517,61.3173907808926,3.386777178324291,0.0,0.006,888682.608,0,0.0,none,-
monday,799,51403.77130922529,709449.137415008,144,144,0.03048780487804878,64.43220239198439,3.495935185273323,0.0,0.008,1591441.3,0,0.0,none,-
monday,800,51745.30973188943,847966.9240430584,148,148,0.043209876543209874,66.02017273413699,3.516166082722396,0.0,0.012,2108723.894,0,0.0,none,-
monday,801,53256.73981393996,966404.9749169875,153,153,0.01744186046511628,58.2003222546064,3.650957256454504,0.0,0.004,1337226.126,0,0.0,none,-
monday,802,38621.40982025068,615884.2770795209,144,144,0.03125,59.09253951881539,3.4011945004865236,0.0,0.008,819662.296,0,0.0,none,-
monday,803,42299.51794575778,658477.6143016047,141,141,0.03592814371257485,63.0227457330154,3.489168314958789,0.0,0.01,1164731.526,0,0.0,none,-
monday,804,45944.91430521626,759836.650469019,135,135,0.031446540880503145,68.858959350366,3.3390138870002852,0.0,0.008,3243983.704,0,0.0,none,-
monday,805,55231.890144730285,1006006.216193959,135,135,0.03355704697986577,63.577926740770806,3.3318817148091444,0.0,0.008,1427771.588,0,0.0,none,-
monday,806,60521.74808145565,850888.5677733285,155,155,0.047619047619047616,64.76624165110539,3.6137484243435285,0.0,0.014,1286832.272,0,0.0,none,-
monday,807,36570.122315904555,942623.0850273903,129,129,0.025974025974025976,67.13856932321039,3.2171608128980207,0.0,0.006,1929419.736,0,0.0,none,-
monday,808,36973.28239311963,620285.960960231,143,143,0.018633540372670808,68.528055281322,3.457056801558995,0.0,0.004,2415478.51,0,0.0,none,-
monday,809,43087.681057758586,688952.1203115162,157,157,0.023391812865497075,60.1077903596406,3.6146898387157904,0.0,0.006,877771.386,0,0.0,none,-
monday,810,45296.32246692318,754427.4347850747,128,128,0.05333333333333334,64.4638259776296,3.2101057054834086,0.0,0.014,1510728.008,0,0.0,none,-
monday,811,52680.71873790349,736375.8832902935,140,140,0.017857142857142856,65.4365443747644,3.5162807045762356,0.0,0.004,1637393.108,0,0.0,none,-
monday,812,40660.68505400755,721438.1975568209,134,134,0.012903225806451613,65.2930268828954,3.264210088082568,0.0,0.002,1561937.664,0,0.0,none,-
monday,813,38391.387453142896,734198.8325911808,134,134,0.04487179487179487,61.2870193000954,3.2824892540572845,0.0,0.012,1250570.91,0,0.0,none,-
monday,814,50940.09622909413,655917.9990343158,138,138,0.03773584905660377,67.23805509236139,3.4169403894697528,0.0,0.01,2558656.34,0,0.0,none,-
monday,815,40250.64445397683,738966.4717600701,138,138,0.006493506493506494,67.57584115780878,3.2902083304487295,0.0,0.0,1000903.258,0,0.0,none,-
monday,816,46455.21003134021,721894.5492379213,146,146,0.023391812865497075,58.606915901587804,3.5696604585687934,0.0,0.006,705283.428,0,0.0,none,-
monday,817,43502.18672357194,818291.311820321,142,142,0.03067484662576687,65.1627716292794,3.4864525741966927,0.0,0.008,1211595.82,0,0.0,none,-
monday,818,52458.81837497601,692091.6370313657,161,161,0.03278688524590164,55.545534796682,3.776599110335554,0.0,0.01,1213816.46,0,0.0,none,-
monday,819,53718.437639921416,887057.3572147766,140,140,0.030120481927710843,59.786847345825,3.4019536755444166,0.0,0.008,806908.966,0,0.0,none,-
monday,820,44949.11796509924,665236.5519753105,130,130,0.032467532467532464,64.4131538225666,3.2504347803659988,0.0,0.008,1305436.912,0,0.0,none,-
monday,821,42869.68506763391,685300.7531570127,133,133,0.032679738562091505,64.7919319424298,3.231677348495939,0.0,0.008,1765274.348,0,0.0,none,-
monday,822,45973.31720710316,750592.2920704598,136,136,0.042682926829268296,68.7468233888914,3.3428704118298906,0.0,0.012,996027.786,0,0.0,none,-
monday,823,36934.03186175375,764326.4773484035,139,139,0.034482758620689655,60.0426855748452,3.449634326814767,0.0,0.01,1015144.372,0,0.0,none,-
monday,824,48616.38731790489,857957.7021971765,138,138,0.046357615894039736,64.94622933765599,3.29971901379265,0.0,0.012,1378315.154,0,0.0,none,-
monday,825,43465.66595912333,682968.1878295578,125,125,0.02040816326530612,75.9697718348548,3.2113973441824193,0.0,0.004,2130435.5,0,0.0,none,-
monday,826,49960.31640603101,783389.3947353486,147,147,0.07228915662650602,65.4765547434164,3.5205887047959425,0.0,0.022,2021376.434,0,0.0,none,-
monday,827,44682.17225136937,846096.9249661968,132,132,0.025806451612903226,71.946756889946,3.330134657400488,0.0,0.006,1504783.404,0,0.0,none,-
monday,828,49122.93673459501,743440.7302655161,132,132,0.04,63.221908072880396,3.2397022395029795,0.0,0.01,1357294.944,0,0.0,none,-
monday,829,51767.732126335395,882873.4593319109,138,138,0.048484848484848485,63.4647445549456,3.521535630847624,0.0,0.014,1561975.94,0,0.0,none,-
monday,830,39487.46117744798,799055.383184916,139,139,0.04294478527607362,61.2459318160602,3.365807169126258,0.0,0.012,1870269.398,0,0.0,none,-
monday,831,41997.91698378479,609292.7434307788,155,155,0.040229885057471264,58.0200087961478,3.5938787933235607,0.0,0.012,1091770.062,0,0.0,none,-
monday,832,41927.857322975724,815941.0188654591,151,151,0.030303030303030304,69.45487586323719,3.5797289449412197,0.0,0.008,1506957.156,0,0.0,none,-
monday,833,42793.305312873665,667213.6233681221,139,139,0.011976047904191617,62.08220590997199,3.4990353228716558,0.0,0.002,1515415.55,0,0.0,none,-
monday,834,54550.78899550674,656011.9577635735,162,162,0.022222222222222223,60.5764861464888,3.761628159459983,0.0,0.006,1510020.644,0,0.0,none,-
monday,835,40356.89234446312,677551.1990292897,143,143,0.006134969325153374,58.8272167437826,3.4376244833107625,0.0,0.0,1361594.808,0,0.0,none,-
monday,836,52728.87147468617,708292.3828879872,126,126,0.04081632653061224,63.827971729531605,3.2294081277638647,0.0,0.01,955304.328,0,0.0,none,-
monday,837,48207.503625188074,812627.9268477302,136,136,0.038461538461538464,61.6250094713238,3.4274794017916568,0.0,0.01,668411.54,0,0.0,none,-
monday,838,49307.70760647442,735955.863356617,155,155,0.034482758620689655,59.65335400886,3.609293961723142,0.0,0.01,1128582.712,0,0.0,none,-
monday,839,45978.34835805667,809035.6690731308,145,145,0.018518518518518517,61.430919004707995,3.51218198031361,0.0,0.004,1618710.088,0,0.0,none,-
monday,840,46551.82566040141,653468.8832347209,145,145,0.03592814371257485,65.1590778835004,3.5721127086086284,0.0,0.01,1991963.634,0,0.0,none,-
monday,841,41867.618646141265,727784.099788859,132,132,0.025157232704402517,62.417877384848204,3.2541546464541113,0.0,0.006,1277376.984,0,0.0,none,-
monday,842,44408.749407499345,698489.8144599156,134,134,0.025974025974025976,63.268888145189,3.2409297498757863,0.0,0.006,626393.498,0,0.0,none,-
monday,843,40927.35491888636,696796.9457337253,147,147,0.029069767441860465,58.586810024963796,3.5706607158963717,0.0,0.008,1085709.41,0,0.0,none,-
monday,844,52876.242585948436,1029446.1931041572,145,145,0.030864197530864196,69.64345114343861,3.47609623520563,0.0,0.008,1141957.98,0,0.0,none,-
monday,845,57978.13120130473,1060380.3307692052,151,151,0.030303030303030304,66.56763765895481,3.615539062254241,0.0,0.008,1649393.856,0,0.0,none,-
monday,846,48385.8559621862,845485.5308371751,131,131,0.03821656050955414,62.2402529590826,3.335115900232304,0.0,0.01,2149988.628,0,0.0,none,-
monday,847,42001.60999124154,705567.6775987799,122,122,0.02666666666666667,70.30144411730438,3.1188466875882948,0.0,0.006,1434304.082,0,0.0,none,-
monday,848,35896.94017161459,565780.9626678184,142,142,0.024096385542168676,62.951090587669,3.5266146572073014,0.0,0.006,1652826.818,0,0.0,none,-
monday,849,53484.00449703328,970530.8542968044,139,139,0.03184713375796178,69.3709296298248,3.4272636076602856,0.0,0.008,1528975.16,0,0.0,none,-
monday,850,41070.42849224229,654599.3126683054,124,124,0.026845637583892617,64.3909100796388,3.092994718085059,0.0,0.006,835318.272,0,0.0,none,-
monday,851,31157.105193306037,592557.031505273,143,143,0.02976190476190476,72.0829868690328,3.4764936105743773,0.0,0.008,1621732.658,0,0.0,none,-
monday,852,37264.453896273626,667762.4129625142,119,119,0.02877697841726619,70.3755907295686,3.018849056790476,0.0,0.006,1264661.166,0,0.0,none,-
monday,853,58675.27290902383,749794.751111247,134,134,0.03333333333333333,64.4409887248164,3.301394903705318,0.0,0.008,1633369.584,0,0.0,none,-
monday,854,43825.89009215886,934679.6537405577,131,131,0.046357615894039736,66.47249711219979,3.2317021164217765,0.0,0.012,1693010.04,0,0.0,none,-
monday,855,56381.44329760684,853865.0004867957,134,134,0.018867924528301886,65.0024364695724,3.367391306128697,0.0,0.004,676236.104,0,0.0,none,-
monday,856,43342.76049619731,727459.7686160129,138,138,0.006097560975609756,63.9353158968894,3.3978120283503257,0.0,0.0,1259535.918,0,0.0,none,-
monday,857,59883.517706226026,939120.3583495877,150,150,0.024539877300613498,62.474456206055,3.607323273542078,0.0,0.006,1409147.158,0,0.0,none,-
monday,858,45310.789874409966,706853.4932747186,136,136,0.025806451612903226,66.932422662577,3.331933377905626,0.0,0.006,1731111.878,0,0.0,none,-
monday,859,41421.83235258926,597611.2516295264,137,137,0.006329113924050633,62.736726011634,3.40326203864322,0.0,0.0,1862040.57,0,0.0,none,-
monday,860,48884.78654157416,635766.032279637,143,143,0.037267080745341616,66.60826761173821,3.4801789033339743,0.0,0.01,1270246.966,0,0.0,none,-
monday,861,51590.317677879975,893069.3400180208,135,135,0.038461538461538464,66.8853002810896,3.3622894485056376,0.0,0.01,1136269.58,0,0.0,none,-
monday,862,45130.411652781484,652142.6342675168,146,146,0.05555555555555555,66.127254439011,3.4837798940385305,0.0,0.016,1890715.818,0,0.0,none,-
monday,863,42883.791832307645,782129.9000703082,150,150,0.03550295857988166,69.8551032616488,3.5947270172405004,0.0,0.01,1073351.324,0,0.0,none,-
monday,864,47038.28866251921,748617.8069755855,156,156,0.011299435028248588,61.0871283824538,3.717442624884118,0.0,0.002,1067050.822,0,0.0,none,-
monday,865,43490.47776410002,670419.4403410761,145,145,0.018072289156626505,63.2659934395814,3.478518431145697,0.0,0.004,1667695.694,0,0.0,none,-
monday,866,62559.91692965345,769213.9321525601,150,150,0.017964071856287425,58.6472900442392,3.656601209170822,0.0,0.004,1705170.666,0,0.0,none,-
monday,867,30574.08918172554,639273.784170649,117,117,0.021739130434782608,66.31678645207441,2.9462379225311888,0.0,0.004,1724745.616,0,0.0,none,-
monday,868,43441.93437294627,726623.054483444,123,123,0.020833333333333332,63.403544304301406,3.129339619666508,0.0,0.004,1736098.412,0,0.0,none,-
monday,869,45234.226315747255,680318.5566603153,154,154,0.029940119760479042,60.6853968879034,3.6346262335362614,0.0,0.008,1890279.666,0,0.0,none,-
monday,870,49465.03488537022,721007.0958485937,136,136,0.037037037037037035,62.7470294788996,3.400357528452436,0.0,0.01,1554608.08,0,0.0,none,-
monday,871,55147.64714964453,682878.7570242928,136,136,0.03048780487804878,64.6076266525876,3.423096833564835,0.0,0.008,1262852.904,0,0.0,none,-
monday,872,46756.27337326041,869173.8629209396,152,152,0.041666666666666664,66.2459974992246,3.635737031537019,0.0,0.012,2410207.596,0,0.0,none,-
monday,873,57757.479237212094,787391.3776805019,134,134,0.037267080745341616,58.58441246593139,3.3571975311582216,0.0,0.01,1500577.73,0,0.0,none,-
monday,874,50477.416451306446,898810.0905819624,129,129,0.03355704697986577,63.3404703943124,3.2083830896756886,0.0,0.008,1609336.984,0,0.0,none,-
monday,875,38325.37177018897,686580.7118773335,121,121,0.02666666666666667,71.0473107378806,3.069714837224355,0.0,0.006,766892.258,0,0.0,none,-
monday,876,46635.521289418466,737940.5033663159,149,149,0.022727272727272728,59.1783532923778,3.560309227129278,0.0,0.006,1554917.162,0,0.0,none,-
monday,877,35401.754707311426,628624.2106861504,120,120,0.0410958904109589,73.4998054704016,3.1221726754763828,0.0,0.01,2059237.224,0,0.0,none,-
monday,878,44981.96077661748,708225.2487111995,132,132,0.025974025974025976,65.619663731759,3.224063981825614,0.0,0.006,1629543.186,0,0.0,none,-
monday,879,47589.10367285801,786091.4614797275,122,122,0.0425531914893617,68.49758783102419,3.136371776854436,0.0,0.01,2088881.096,0,0.0,none,-
monday,880,56786.97214293732,749646.5850739873,145,145,0.029411764705882353,61.769104540764,3.564555560963843,0.0,0.008,1001439.272,0,0.0,none,-
monday,881,55515.15098246218,972275.1462025656,145,145,0.03048780487804878,60.9950794792164,3.4735321046961225,0.0,0.008,1161861.482,0,0.0,none,-
monday,882,42472.27488102372,657706.4428786269,137,137,0.025806451612903226,66.059216948545,3.355973578996238,0.0,0.006,659861.458,0,0.0,none,-
monday,883,52293.6519535287,792860.8308601804,142,142,0.042682926829268296,62.31828045766561,3.473504052751629,0.0,0.012,1123001.464,0,0.0,none,-
monday,884,43041.30890910485,794425.7737275942,144,144,0.005988023952095809,63.148163490934806,3.5056841682037563,0.0,0.0,1172266.592,0,0.0,none,-
monday,885,40674.01262728859,834179.920038631,134,134,0.012903225806451613,63.12369854261619,3.2997172294788415,0.0,0.002,1155754.148,0,0.0,none,-
monday,886,59078.250728641804,935985.7887531696,136,136,0.03355704697986577,63.61315188911921,3.285137896710842,0.0,0.008,1454255.626,0,0.0,none,-
monday,887,43126.288823824776,810049.8389949464,140,140,0.012345679012345678,63.164135012931204,3.440842724025437,0.0,0.002,1371743.792,0,0.0,none,-
monday,888,47159.23372091001,659672.3960378695,136,136,0.030303030303030304,62.7948835940574,3.3741689244376394,0.0,0.008,2078006.04,0,0.0,none,-
monday,889,50012.17975767265,674082.1390859903,134,134,0.028901734104046242,53.9667020955996,3.365154160190489,0.0,0.008,805749.828,0,0.0,none,-
monday,890,55595.950778312945,851483.9304747097,128,128,0.02027027027027027,62.816657485975796,3.1753599838270805,0.0,0.004,1947853.584,0,0.0,none,-
monday,891,50481.763689524654,728845.7594562207,138,138,0.03164556962025317,63.3483877072056,3.3730270261900417,0.0,0.008,1200018.886,0,0.0,none,-
monday,892,37296.59875916828,657525.0300131886,127,127,0.03184713375796178,65.0674473421024,3.1998813864018656,0.0,0.008,2092107.82,0,0.0,none,-
monday,893,34577.90427264697,779558.2206670842,128,128,0.0189873417721519,66.080160467398,3.2021904858797114,0.0,0.004,1669820.994,0,0.0,none,-
monday,894,46753.59836143801,772675.9858629535,141,141,0.024691358024691357,63.669480650602196,3.48357815107164,0.0,0.006,1214171.244,0,0.0,none,-
monday,895,37768.12747481409,647292.7112199608,134,134,0.012738853503184714,61.8302202439626,3.3346722278121126,0.0,0.002,2018382.828,0,0.0,none,-
monday,896,50829.48074782713,683827.9585654774,137,137,0.032467532467532464,65.3541196047968,3.3577578563055432,0.0,0.008,1257618.734,0,0.0,none,-
monday,897,41173.94662676306,757805.384626044,139,139,0.06134969325153374,66.073777571274,3.3658998455606097,0.0,0.018,1878415.468,0,0.0,none,-
monday,898,52212.47022534382,723131.2791819992,130,130,0.03164556962025317,60.206944340464396,3.2477487920048906,0.0,0.008,1227637.15,0,0.0,none,-
monday,899,52092.05836834228,824726.293054418,151,151,0.024242424242424242,64.5993414669876,3.634201320434964,0.0,0.006,2402176.09,0,0.0,none,-
monday,900,57505.64946074647,731552.6364693968,148,148,0.036585365853658534,57.1033358335834,3.585796453214612,0.0,0.01,1762164.636,0,0.0,none,-
monday,901,46512.69215809048,1134099.0820952945,158,158,0.043478260869565216,68.03983598390579,3.8195456760965865,0.0,0.014,1697252.08,0,0.0,none,-
monday,902,48742.13791065615,713307.0501838684,136,136,0.006211180124223602,55.5645247086246,3.310753787263029,0.0,0.0,392491.04,0,0.0,none,-
monday,903,46038.126874876936,683346.1823236197,149,149,0.04878048780487805,60.240604761905,3.5747581981524883,0.0,0.014,1081235.428,0,0.0,none,-
monday,904,40686.112748483996,763400.5865553316,138,138,0.04697986577181208,65.27068009569061,3.2991918743321467,0.0,0.012,499721.184,0,0.0,none,-
monday,905,49752.5692582989,766913.0652939287,146,146,0.017341040462427744,55.1342309223458,3.5390995943859735,0.0,0.004,1854847.364,0,0.0,none,-
monday,906,47630.10191510001,768890.6807200734,126,126,0.02027027027027027,65.60380502879381,3.222664057512821,0.0,0.004,2883141.88,0,0.0,none,-
monday,907,48864.91019470808,859153.4927420312,119,119,0.03676470588235294,67.48248836941839,3.0562611223870526,0.0,0.008,1347653.446,0,0.0,none,-
monday,908,54973.576857003696,1024089.5722865576,164,164,0.0213903743315508,56.5622909994394,3.8704287073068677,0.0,0.006,1768710.61,0,0.0,none,-
monday,909,46199.038756030626,802922.6792264517,146,146,0.03048780487804878,62.380159309522,3.479395739351797,0.0,0.008,1051487.13,0,0.0,none,-
monday,910,41814.655319084886,799299.6403275805,141,141,0.030864197530864196,64.2061033072812,3.4569119494316016,0.0,0.008,1134845.956,0,0.0,none,-
monday,911,41736.92579290622,612976.350967396,137,137,0.01818181818181818,60.6594115478556,3.399114202927688,0.0,0.004,1799496.056,0,0.0,none,-
monday,912,56699.39176258891,794071.2923856379,150,150,0.01775147928994083,61.9143353671324,3.628077631555117,0.0,0.004,1503121.656,0,0.0,none,-
monday,913,46100.01910739621,803906.6944165672,150,150,0.03488372093023256,64.964108078417,3.6532715404842735,0.0,0.01,2714494.54,0,0.0,none,-
monday,914,56758.498793701634,777772.5725343614,163,163,0.02247191011235955,62.833801867224594,3.8080966442951256,0.0,0.006,681579.468,0,0.0,none,-
monday,915,57095.821525882886,926681.6265977321,128,128,0.013245033112582781,63.7497352298388,3.1856924356817453,0.0,0.002,885471.632,0,0.0,none,-
monday,916,58346.59737836127,948087.0330113629,154,154,0.04678362573099415,62.613679716826795,3.6335715254586134,0.0,0.014,951942.936,0,0.0,none,-
monday,917,42249.21460903078,695476.7973695549,126,126,0.013157894736842105,66.6437391970114,3.157346615526829,0.0,0.002,1614419.31,0,0.0,none,-
monday,918,51163.68415840453,817664.9483132053,125,125,0.026845637583892617,62.665016074612005,3.1559576154946165,0.002,0.006,1343606.494,0,0.0,none,-
monday,919,59336.722622479705,880147.0634227474,142,142,0.013422818791946308,57.9059717948718,3.3622240496960685,0.0,0.002,881630.434,0,0.0,none,-
monday,920,41134.13170881988,654416.3004718826,141,141,0.03164556962025317,63.037105600937,3.3667384775979885,0.0,0.008,1637010.652,0,0.0,none,-
monday,921,45358.11445915703,722383.7375022442,147,147,0.03571428571428571,61.0968131050832,3.5796619012340294,0.0,0.01,1588479.804,0,0.0,none,-
monday,922,46940.176336483615,751135.005640142,142,142,0.01744186046511628,72.0759136684632,3.5474373099551464,0.0,0.004,1789982.428,0,0.0,none,-
monday,923,32637.852199455363,641157.3719961357,135,135,0.05660377358490566,66.1491968221902,3.227286938448044,0.0,0.016,1786335.85,0,0.0,none,-
monday,924,49283.33401449811,663698.1277506363,147,147,0.024242424242424242,60.323850645167,3.4728871873087126,0.0,0.006,1539334.448,0,0.0,none,-
monday,925,41689.64175588778,772164.5302355298,136,136,0.031055900621118012,62.3960839046916,3.35199463413002,0.0,0.008,1723590.472,0,0.0,none,-
monday,926,56070.55868659827,895859.6405846619,145,145,0.042682926829268296,68.8436399029882,3.526638194691473,0.0,0.012,1676952.082,0,0.0,none,-
monday,927,39488.33687301415,690173.2150892986,123,123,0.020134228187919462,61.409199212454,3.034889417925176,0.0,0.004,882221.914,0,0.0,none,-
monday,928,64797.44845484685,900875.3251359343,129,129,0.04666666666666667,60.8562925127508,3.262122224019029,0.0,0.012,1121272.06,0,0.0,none,-
monday,929,36968.185566564105,579954.820712537,145,145,0.01675977653631285,60.8238963221896,3.5393082412518657,0.0,0.004,1583255.284,0,0.0,none,-
monday,930,52814.362509353305,882150.8892479701,158,158,0.02857142857142857,64.0599375689912,3.804852837513752,0.0,0.008,1838517.06,0,0.0,none,-
monday,931,51188.84954102178,799116.4787041335,147,147,0.01818181818181818,73.74787645638021,3.547771147583644,0.0,0.004,1192337.358,0,0.0,none,-
monday,932,51624.03210355248,711582.2824735411,155,155,0.05325443786982249,66.2690651759428,3.6278125605861566,0.0,0.016,1219082.816,0,0.0,none,-
monday,933,47606.809060316315,900417.4774720562,155,155,0.018292682926829267,68.49387377530199,3.560154810004672,0.0,0.004,457969.384,0,0.0,none,-
monday,934,34271.11892762036,584760.2371849506,126,126,0.041666666666666664,64.34738763601361,3.181244162765836,0.0,0.01,1121290.47,0,0.0,none,-
monday,935,39025.661466300444,713046.0049865191,134,134,0.024539877300613498,61.798878481976,3.330530375394889,0.0,0.006,946680.982,0,0.0,none,-
monday,936,51468.76833142244,770132.5090307882,150,150,0.041916167664670656,60.5869949575998,3.505065018760815,0.0,0.012,1404188.904,0,0.0,none,-
monday,937,49762.25862480473,741995.0826169942,140,140,0.024844720496894408,66.7984008905256,3.4235751736516002,0.0,0.006,1391935.718,0,0.0,none,-
monday,938,46069.45423031172,721803.6306524902,141,141,0.018292682926829267,55.947337741081995,3.3741516277495442,0.0,0.004,1120333.552,0,0.0,none,-
monday,939,51794.044775028255,719981.9615049906,148,148,0.030303030303030304,72.2116243482252,3.5357853055028814,0.0,0.008,1824726.87,0,0.0,none,-
monday,940,48236.9592836607,729679.8965682469,161,161,0.03508771929824561,61.042545609215594,3.6980497230718123,0.0,0.01,1146658.266,0,0.0,none,-
monday,941,46036.5528722084,840348.4145734116,139,139,0.018072289156626505,60.71825468337241,3.3714119128849322,0.0,0.004,966031.616,0,0.0,none,-
monday,942,53776.93607205481,821814.9166727394,145,145,0.04046242774566474,60.42021175327539,3.569326505043583,0.0,0.012,1167650.652,0,0.0,none,-
monday,943,50753.042975074546,670291.1208701709,162,162,0.01092896174863388,60.81641900432939,3.8487038769105872,0.0,0.002,926868.48,0,0.0,none,-
monday,944,54233.35935000224,741368.9438819614,154,154,0.0335195530726257,56.843692383264795,3.7240908244463853,0.0,0.01,1362197.836,0,0.0,none,-
monday,945,44003.10890612897,712863.7960205663,127,127,0.020134228187919462,61.708297633873194,3.1317053691060135,0.0,0.004,1302928.408,0,0.0,none,-
monday,946,49060.79572635986,725975.6563175,138,138,0.01935483870967742,61.9717902753104,3.3403511714649063,0.0,0.004,2167758.702,0,0.0,none,-
monday,947,40670.064704292934,714540.7539136066,142,142,0.03048780487804878,64.0622327984656,3.467781621223292,0.0,0.008,1622665.722,0,0.0,none,-
monday,948,52337.409185238364,772676.677062184,139,139,0.025806451612903226,64.6760501077936,3.3403873089406906,0.0,0.006,1159025.378,0,0.0,none,-
monday,949,43543.4251430213,856579.7770143899,126,126,0.027210884353741496,65.7723421406078,3.144758546353634,0.0,0.006,705999.758,0,0.0,none,-
monday,950,47347.23143827179,584756.4001244563,146,146,0.028089887640449437,61.0875176069542,3.548957148597199,0.0,0.008,1178722.512,0,0.0,none,-
monday,951,42088.938387981754,775985.5182523463,137,137,0.056962025316455694,62.76750775731,3.3853393204626734,0.0,0.016,1309662.01,0,0.0,none,-
monday,952,42766.85962364953,688905.0618168976,146,146,0.025,61.6027887851042,3.541914721987661,0.0,0.006,1421542.21,0,0.0,none,-
monday,953,43705.56552553862,750279.6924270623,157,157,0.04519774011299435,69.784272074009,3.7785757273510194,0.0,0.014,1516369.596,0,0.0,none,-
monday,954,44258.04764078994,643943.7823490142,136,136,0.025974025974025976,59.8450849557994,3.3286989674190037,0.0,0.006,625914.812,0,0.0,none,-
monday,955,51977.33302962589,854944.4954147801,141,141,0.03592814371257485,62.0994933147976,3.5073509573449657,0.0,0.01,1353743.114,0,0.0,none,-
monday,956,46420.462842709545,618123.064458459,153,153,0.03468208092485549,61.5156769140574,3.5878509634306335,0.0,0.01,1676640.976,0,0.0,none,-
monday,957,38998.34605263105,715017.6674160706,142,142,0.01875,66.04811147588839,3.375200765605885,0.0,0.004,909875.67,0,0.0,none,-
monday,958,54386.8091949112,782080.1446692967,151,151,0.023809523809523808,59.0185068111458,3.5612812025631886,0.0,0.006,382857.48,0,0.0,none,-
monday,959,38028.75676383631,614203.7747276189,147,147,0.05172413793103448,60.43478334674081,3.5403931404362554,0.0,0.016,1222101.14,0,0.0,none,-
monday,960,56630.66516463602,801474.4627480517,147,147,0.03571428571428571,57.8188099170408,3.593440802404892,0.0,0.01,1172422.42,0,0.0,none,-
monday,961,44957.49440504269,802698.8017703734,145,145,0.037267080745341616,67.7008375974472,3.5695353716953226,0.0,0.01,2435408.854,0,0.0,none,-
monday,962,46890.22951386979,717657.2625039227,132,132,0.025,57.7958608843916,3.304122221038221,0.0,0.006,862945.634,0,0.0,none,-
monday,963,48473.75413131149,651750.8068916638,142,142,0.023529411764705882,65.2078896115732,3.506275530507211,0.0,0.006,1182854.994,0,0.0,none,-
monday,964,34664.3699552183,605629.8960670194,146,146,0.006024096385542169,59.909232391584794,3.429357897568239,0.0,0.0,988020.036,0,0.0,none,-
monday,965,58093.30336649136,772852.7244174996,140,140,0.04294478527607362,65.3926124093164,3.4683885656503977,0.0,0.012,1686226.434,0,0.0,none,-
monday,966,35526.27800629126,665062.0266450371,150,150,0.04216867469879518,60.3842700333982,3.5928125342048487,0.0,0.012,851852.86,0,0.0,none,-
monday,967,40120.40097480832,667851.3663914568,147,147,0.024096385542168676,65.65757944187482,3.542545707815365,0.0,0.006,1778856.672,0,0.0,none,-
monday,968,46320.025802807184,831335.1365508869,140,140,0.030303030303030304,62.0990131435616,3.4863912741041014,0.0,0.008,1116907.868,0,0.0,none,-
monday,969,49139.5143006459,667252.5547128452,148,148,0.046242774566473986,69.7344158351674,3.6293140625972224,0.0,0.014,1926995.036,0,0.0,none,-
monday,970,50198.60147771021,804528.7365061056,149,149,0.022988505747126436,59.1957390396558,3.5435886721352423,0.0,0.006,1295376.122,0,0.0,none,-
monday,971,58341.48577626439,762418.1750778289,139,139,0.028901734104046242,62.2230959048194,3.507438377428148,0.0,0.008,1463928.318,0,0.0,none,-
monday,972,53170.963426166294,933812.4592390755,144,144,0.0379746835443038,66.4231532635436,3.4621953139194988,0.0,0.01,1438353.376,0,0.0,none,-
monday,973,57797.47019212395,801437.0749458701,125,125,0.02564102564102564,55.1674590322584,3.1415266374346875,0.0,0.006,272794.594,0,0.0,none,-
monday,974,47542.235792650354,799231.1395886018,131,131,0.03333333333333333,68.3451109713304,3.1834118211625806,0.0,0.008,1522223.752,0,0.0,none,-
monday,975,46035.53526314966,629133.256566732,145,145,0.024390243902439025,64.535429212198,3.5031636531739654,0.0,0.006,2058567.98,0,0.0,none,-
monday,976,52069.27008293599,886265.9981298058,140,140,0.03048780487804878,64.5009689964512,3.4520092866757395,0.0,0.008,1483978.964,0,0.0,none,-
monday,977,43762.59136964189,857628.3531947457,137,137,0.03125,63.856748174048406,3.408387277986116,0.0,0.008,1533326.944,0,0.0,none,-
monday,978,43614.938287435354,745994.3585691147,148,148,0.040229885057471264,60.3967839918024,3.540883129982273,0.0,0.012,2150394.528,0,0.0,none,-
monday,979,55587.47890102961,969631.004720175,140,140,0.012738853503184714,67.2861441190476,3.4624693973937557,0.0,0.002,1646726.056,0,0.0,none,-
monday,980,40104.60092675449,812806.2188245984,130,130,0.019736842105263157,66.90589374844701,3.22971661285749,0.0,0.004,1629827.436,0,0.0,none,-
monday,981,53804.486516268924,846252.4345982631,131,131,0.012269938650306749,67.1171168190102,3.3569230646565913,0.0,0.002,1280849.864,0,0.0,none,-
monday,982,38570.92179924143,740737.3304156088,138,138,0.0440251572327044,63.0261886805698,3.3288761714647572,0.0,0.012,884130.512,0,0.0,none,-
monday,983,51012.92117137023,899849.3334165304,150,150,0.024096385542168676,63.3367513292268,3.6373644201337854,0.0,0.006,1766176.946,0,0.0,none,-
monday,984,45631.63212752688,609915.4625359724,143,143,0.023809523809523808,60.048451658897,3.4488849438503824,0.0,0.006,1437704.586,0,0.0,none,-
monday,985,51661.418135926964,774745.6163916427,154,154,0.029069767441860465,57.4111277939836,3.626958800889911,0.0,0.008,515649.28,0,0.0,none,-
monday,986,39459.95976825307,604321.9505697379,156,156,0.03888888888888889,58.5711249872356,3.6580709780966414,0.0,0.012,819927.73,0,0.0,none,-
monday,987,45125.03325976832,677229.238193166,141,141,0.043478260869565216,65.05366791355199,3.4284556022700956,0.0,0.012,1010158.116,0,0.0,none,-
monday,988,50602.25309356284,686464.6542836449,152,152,0.02976190476190476,59.8621972067624,3.605487057782189,0.0,0.008,1049285.762,0,0.0,none,-
monday,989,40727.13833418996,673451.0478714425,126,126,0.019867549668874173,67.6674475251758,3.234011668968388,0.0,0.004,1730560.072,0,0.0,none,-
monday,990,49121.76068911707,754571.5067072229,149,149,0.030120481927710843,54.1212705128212,3.613543812221139,0.0,0.008,749169.684,0,0.0,none,-
monday,991,45587.92927333497,834191.2278100151,126,126,0.04794520547945205,65.7760770130754,3.0953901183437935,0.0,0.012,922512.28,0,0.0,none,-
monday,992,42025.765130701315,717141.7783816578,136,136,0.018633540372670808,67.77614866488939,3.3477949031898007,0.0,0.004,1180365.528,0,0.0,none,-
monday,993,46490.60389038693,1021883.7273451025,117,117,0.04580152671755725,68.18014257334322,2.9257137508466426,0.0,0.01,735330.54,0,0.0,none,-
monday,994,40715.68914348841,790534.4780520106,138,138,0.031055900621118012,67.6281751998004,3.3487406233990535,0.0,0.008,951797.066,0,0.0,none,-
monday,995,54398.790540262344,729954.7208901389,146,146,0.02531645569620253,68.0444027982876,3.6040018889712675,0.0,0.006,2250868.41,0,0.0,none,-
monday,996,40070.4446309329,677427.9512540133,151,151,0.023952095808383235,58.9870842095806,3.5647257328684656,0.0,0.006,1188031.172,0,0.0,none,-
monday,997,38181.3220360797,594122.0816471097,142,142,0.016853932584269662,59.20718333280261,3.5076672335785988,0.0,0.004,1100161.486,0,0.0,none,-
monday,998,38565.12535147057,640788.4992033086,146,146,0.04242424242424243,67.31592262675561,3.522468627620432,0.0,0.012,1860300.27,0,0.0,none,-
monday,999,34992.88080098104,896145.0743491736,139,139,0.04487179487179487,64.2902129444092,3.324152708836844,0.0,0.012,1072204.08,0,0.0,none,-
monday,1000,42267.85502283867,607403.9223553373,144,144,0.017543859649122806,63.975013621155995,3.5316785851317283,0.0,0.004,2530416.058,0,0.0,none,-
monday,1001,49370.89536625573,722101.1032208657,133,133,0.0392156862745098,61.903263830995996,3.3324134040923603,0.0,0.01,1923562.598,0,0.0,none,-
monday,1002,40065.025170594716,646184.5690975201,141,141,0.023952095808383235,59.390511952862404,3.3475575841633463,0.0,0.006,620977.184,0,0.0,none,-
monday,1003,46433.93518539039,684131.7365695781,132,132,0.026143790849673203,58.9971092671354,3.3212837852199213,0.0,0.006,1557447.14,0,0.0,none,-
monday,1004,48010.69287140256,719849.3023463927,135,135,0.030303030303030304,64.37885368591459,3.3647495048985965,0.0,0.008,1285626.002,0,0.0,none,-
monday,1005,35716.43596809687,657780.7260351415,120,120,0.055944055944055944,61.722641458842,3.006584048249553,0.0,0.014,1666221.242,0,0.0,none,-
monday,1006,43177.94794535735,700730.5873087806,135,135,0.026490066225165563,65.34718448911639,3.334530375393446,0.0,0.006,1846146.174,0,0.0,none,-
monday,1007,43082.53522041051,886763.4333465183,135,135,0.024691358024691357,68.2497038443242,3.356588972723878,0.0,0.006,1821491.782,0,0.0,none,-
monday,1008,48315.279334217645,675816.1581024769,141,141,0.017964071856287425,61.69952018990401,3.5271499013735115,0.0,0.004,1782949.274,0,0.0,none,-
monday,1009,53300.00097368198,899489.9452476358,141,141,0.029940119760479042,58.750685721411,3.50633490039995,0.0,0.008,788472.832,0,0.0,none,-
monday,1010,49154.244241483466,894119.0881590807,127,127,0.006711409395973154,70.02949561581322,3.208472677603938,0.0,0.0,1533658.034,0,0.0,none,-
monday,1011,48557.60358028182,679333.7752119581,129,129,0.04054054054054054,70.5736380711728,3.226300698543862,0.0,0.01,1221157.65,0,0.0,none,-
monday,1012,49785.71440729434,721991.8766304944,145,145,0.012195121951219513,62.164916666667004,3.44474734984587,0.0,0.002,332862.096,0,0.0,none,-
monday,1013,43307.842177270555,658897.0535185123,133,133,0.02054794520547945,61.8284947672278,3.2028809697697227,0.0,0.004,1476767.566,0,0.0,none,-
monday,1014,34480.49075498183,621875.5352659087,121,121,0.027210884353741496,68.2531528851256,3.0823894221638026,0.0,0.006,1835769.528,0,0.0,none,-
monday,1015,56362.58701335123,798643.9186677237,130,130,0.03355704697986577,62.794975577327605,3.1912227035735716,0.0,0.008,801543.414,0,0.0,none,-
monday,1016,58047.30693891578,817801.0670871558,147,147,0.04216867469879518,61.212739072039405,3.5833400935906248,0.0,0.012,807506.518,0,0.0,none,-
monday,1017,43559.85588195653,673947.4147142668,134,134,0.025157232704402517,60.384089146913595,3.369267842072551,0.0,0.006,1609633.052,0,0.0,none,-
monday,1018,36852.960161414994,646929.3714490583,142,142,0.018633540372670808,60.637291631164,3.430796335209801,0.0,0.004,1053051.64,0,0.0,none,-
monday,1019,52046.48897103695,913609.5420461275,128,128,0.06293706293706294,61.8386066167176,3.1984599108429617,0.0,0.016,1285765.372,0,0.0,none,-
monday,1020,54265.60205504827,848989.1305873278,122,122,0.007194244604316547,62.608720573212,3.040060008871216,0.0,0.0,923863.286,0,0.0,none,-
monday,1021,39068.39179341578,769715.763082509,128,128,0.01948051948051948,62.8630784403678,3.2028126399960963,0.0,0.004,1655243.328,0,0.0,none,-
monday,1022,33922.43479708775,688211.7921387515,123,123,0.013793103448275862,65.54086594896339,3.0541753278148764,0.0,0.002,1173982.388,0,0.0,none,-
monday,1023,51566.75913815489,854283.5658648903,146,146,0.012048192771084338,57.1557294486214,3.5639062052240993,0.0,0.002,1050150.944,0,0.0,none,-
monday,1024,52301.84579838713,847970.3708891149,137,137,0.03773584905660377,70.569801475959,3.446794515481594,0.0,0.01,945556.25,0,0.0,none,-
monday,1025,56120.84985201648,1132401.7353080874,145,145,0.01775147928994083,62.673781976821196,3.5085434519162364,0.0,0.004,1012899.884,0,0.0,none,-
monday,1026,45507.85346805784,738725.5265990054,150,150,0.022598870056497175,62.128620908293,3.651118818758971,0.0,0.006,2120461.636,0,0.0,none,-
monday,1027,43700.704117628215,1136164.2558310623,128,128,0.03289473684210526,59.5805877326472,3.1128829928606416,0.0,0.008,1173120.388,0,0.0,none,-
monday,1028,47093.20311482528,847917.1680231873,147,147,0.01875,57.9527803331094,3.467525404592565,0.0,0.004,1176594.7,0,0.0,none,-
monday,1029,45906.66373536408,608638.7421600354,142,142,0.011695906432748537,60.5846941450262,3.46416014401294,0.0,0.002,927519.94,0,0.0,none,-
monday,1030,37575.515473966865,652769.6265259126,137,137,0.050955414012738856,75.1789838509508,3.3568728430441013,0.0,0.014,1489210.282,0,0.0,none,-
monday,1031,51708.47745868683,883279.4891376578,130,130,0.02666666666666667,63.239507011350604,3.23655625882983,0.0,0.006,1116448.13,0,0.0,none,-
monday,1032,49652.30893062263,876661.7167774059,148,148,0.011834319526627219,62.537940110494404,3.5836619012325874,0.0,0.002,1378574.734,0,0.0,none,-
monday,1033,49496.08038149316,995353.020634692,137,137,0.01910828025477707,63.784617632367606,3.4195078151163445,0.0,0.004,1415411.666,0,0.0,none,-
monday,1034,46459.44712461242,681227.2312116406,141,141,0.029239766081871343,61.662077594108396,3.50240435354665,0.0,0.008,2067696.338,0,0.0,none,-
monday,1035,43805.497443285974,693403.1009984469,137,137,0.03164556962025317,60.2099350247458,3.324332067160209,0.0,0.008,1360039.862,0,0.0,none,-
monday,1036,43842.22144683015,717926.847286397,151,151,0.027932960893854747,58.7392119946864,3.6604298279917504,0.0,0.008,1657286.946,0,0.0,none,-
monday,1037,47000.93304486386,772116.0791262593,113,113,0.028368794326241134,71.27383958084441,2.979448508373394,0.0,0.006,1472256.608,0,0.0,none,-
monday,1038,48651.79177769956,732757.9854331746,126,126,0.028169014084507043,74.34890168860261,3.1591571616098753,0.0,0.006,1273525.762,0,0.0,none,-
monday,1039,32120.698274692455,684669.2107710964,120,120,0.027586206896551724,70.8510707750276,2.9678305629620114,0.0,0.006,1586841.91,0,0.0,none,-
monday,1040,43442.800881964504,637212.6416822468,141,141,0.03125,62.9900019918648,3.4322915581306175,0.0,0.008,1101964.248,0,0.0,none,-
monday,1041,51300.35078266013,878306.8798215592,114,114,0.014492753623188406,67.83534482857041,2.9725820098985754,0.0,0.002,1099439.33,0,0.0,none,-
monday,1042,49524.020851447705,819333.666237776,126,126,0.034013605442176874,61.8130601659952,3.0888295091849973,0.0,0.008,2023616.356,0,0.0,none,-
monday,1043,53506.88989882925,691171.6615793259,139,139,0.018867924528301886,65.2901962032724,3.394562794616963,0.0,0.004,1123677.842,0,0.0,none,-
monday,1044,43350.74910799442,681939.4618346043,140,140,0.023809523809523808,56.7134365800866,3.444207845594182,0.0,0.006,1559975.614,0,0.0,none,-
monday,1045,48994.28063645924,876006.2209865557,133,133,0.046052631578947366,65.06496648492481,3.2927546754120423,0.0,0.012,2077133.318,0,0.0,none,-
monday,1046,46881.27366207154,821178.1508862567,134,134,0.040268456375838924,63.120265072747806,3.291379733058114,0.0,0.01,1277856.7,0,0.0,none,-
monday,1047,46803.204740684894,978289.3220450848,146,146,0.025477707006369428,66.2323313397694,3.47615872747801,0.0,0.006,1737763.208,0,0.0,none,-
monday,1048,59891.11360480616,860601.2496151566,130,130,0.020134228187919462,62.4239126885846,3.1918456453250306,0.0,0.004,2194966.118,0,0.0,none,-
monday,1049,34663.04345097636,665905.3545553953,123,123,0.027210884353741496,65.1448902242108,3.0901243019268487,0.0,0.006,1118595.226,0,0.0,none,-
monday,1050,43900.12777402205,827107.5449962192,144,144,0.024539877300613498,64.2975436818876,3.4377155772554557,0.0,0.006,866981.838,0,0.0,none,-
monday,1051,46722.71956275587,701100.1985447472,141,141,0.012658227848101266,60.265502425975995,3.412717445570964,0.0,0.002,1199888.07,0,0.0,none,-
monday,1052,39548.27083879527,657829.3416580929,142,142,0.03184713375796178,63.5750775978658,3.4267920135208767,0.0,0.008,1499881.536,0,0.0,none,-
monday,1053,45873.51373478428,779156.6984570863,143,143,0.024539877300613498,57.4916661861818,3.4317265463140094,0.0,0.006,1538322.146,0,0.0,none,-
monday,1054,46042.15756529243,962428.802063188,131,131,0.0472972972972973,59.607885714286,3.2088134825194876,0.0,0.012,808771.294,0,0.0,none,-
monday,1055,44883.8041104502,736021.782865319,139,139,0.012658227848101266,65.3186410912832,3.453046770837452,0.0,0.002,1385226.848,0,0.0,none,-
monday,1056,39819.463783694184,597191.7987569771,152,152,0.029411764705882353,61.2485347121538,3.640374853110698,0.0,0.008,1954046.042,0,0.0,none,-
monday,1057,43216.50327938108,826065.820272687,136,136,0.02,65.611481174089,3.2862269677872513,0.0,0.004,1372962.4,0,0.0,none,-
tuesday,0,44471.484547500375,1296829.3550529825,56,56,0.112,196.62063872451597,3.7411090262503777,0.0,0.026,21988378.622,0,0.0,none,-
tuesday,1,81429.95312144246,1109456.022068104,97,97,0.16176470588235295,162.39229264408002,3.136458192222089,0.0,0.064,6773206.66,0,0.0,none,-
tuesday,2,73034.10212271917,1388156.7484212676,75,75,0.22077922077922077,167.37610392844002,3.0981872247565674,0.0,0.066,28870963.32,0,0.0,none,-
tuesday,3,66954.02373201904,595917.4344278887,104,104,0.2786885245901639,149.50675290060397,3.5489673474967947,0.0,0.1,45987549.36,0,0.0,none,-
tuesday,4,55272.13170485681,1489898.188733906,55,55,0.3023255813953488,186.45523122744,3.248383966469068,0.0,0.076,27719390.06,0,0.0,none,-
tuesday,5,71960.55420692712,2034082.877713106,77,77,0.3076923076923077,200.11249944635,3.641666511720552,0.0,0.086,30651042.502,0,0.0,none,-
tuesday,6,50767.88087256935,467016.25545239524,61,61,0.15873015873015872,140.9005944913,2.5912544703283347,0.002,0.038,10897104.47,0,0.0,none,-
tuesday,7,52397.11091116017,392349.7373346576,68,68,0.11976047904191617,140.376540893704,2.824440113368542,0.002,0.038,9780515.748,0,0.0,none,-
tuesday,8,68042.77329307036,1167950.3720628673,86,86,0.32967032967032966,157.750221565584,3.212072140357258,0.0,0.118,11602176.98,0,0.0,none,-
tuesday,9,37692.97233718072,1285838.480915094,56,56,0.22413793103448276,194.139486407374,2.6364029493705488,0.0,0.05,28158197.844,0,0.0,none,-
tuesday,10,46414.268600207804,1572647.5863228927,69,69,0.16149068322981366,165.17848191003998,2.7549775682244353,0.0,0.05,13314582.174,0,0.0,none,-
tuesday,11,84818.60888931243,2173635.695896113,112,112,0.2823529411764706,157.09082040949997,3.6818443325274424,0.0,0.094,45854766.362,0,0.0,none,-
tuesday,12,80550.84927741608,1175024.5723617626,115,115,0.335,145.882426062692,3.7703329148169766,0.0,0.132,35585662.306,0,0.0,none,-
tuesday,13,50634.71908134919,814960.6162210999,85,85,0.288,143.87884383844,3.211063392236592,0.0,0.07,11940711.966,0,0.0,none,-
tuesday,14,41150.77805422118,418961.1397867128,67,67,0.18620689655172415,145.94361324460002,2.739033284431443,0.0,0.052,6535731.236,0,0.0,none,-
tuesday,15,35829.66838793532,320322.90879940393,40,40,0.08648648648648649,101.572546589058,1.975360602350519,0.0,0.03,8376087.274,0,0.0,none,-
tuesday,16,31802.358686018004,200639.0069796841,30,30,0.03636363636363636,108.81129955175999,1.7911282198341336,0.0,0.01,6131310.37,0,0.0,none,-
tuesday,17,31153.026136356755,902335.9390474155,54,54,0.14383561643835616,254.06859381868802,2.633498965003928,0.0,0.04,20637931.686,0,0.0,none,-
tuesday,18,83513.03421915045,1653145.63072332,89,89,0.24855491329479767,235.50257692145,3.078972533091835,0.0,0.084,29914551.952,0,0.0,none,-
tuesday,19,46888.87720062455,981820.3886497632,59,59,0.21100917431192662,232.036945510872,2.790821838456748,0.0,0.044,29473407.754,0,0.0,none,-
tuesday,20,40306.53565386192,347058.8685700363,49,49,0.2356687898089172,157.49176015688002,2.3861515886420723,0.0,0.072,12487868.364,0,0.0,none,-
tuesday,21,37994.89266537076,370637.5226446835,57,57,0.10869565217391304,163.75535864122,2.558332823139997,0.0,0.028,10260562.866,0,0.0,none,-
tuesday,22,54726.40523717193,811070.3573173817,62,62,0.3220338983050847,181.43337275667398,2.9043442403309427,0.0,0.074,16966198.044,1,0.04,brute_force,TA0006 Credential Access / T1110.001 Password Guessing
tuesday,23,53075.45756940157,649186.6881712943,49,49,0.5,155.2986801408,3.0149456677030173,0.0,0.144,20251540.226,1,0.158,brute_force,TA0006 Credential Access / T1110.001 Password Guessing
tuesday,24,16755.21968290227,301962.30155652046,24,24,0.2847222222222222,175.62592649804802,2.146967585635298,0.0,0.08,15708190.112,1,0.04,brute_force,TA0006 Credential Access / T1110.001 Password Guessing
tuesday,25,22822.790594486883,193270.42181176908,32,32,0.2558139534883721,190.02267345841602,2.152461830062326,0.0,0.086,14756451.63,1,0.036,brute_force,TA0006 Credential Access / T1110.001 Password Guessing
tuesday,26,49627.636880530656,547720.3619065454,46,46,0.3147208121827411,154.986616849566,2.5714627946608886,0.0,0.122,30618362.42,1,0.128,brute_force,TA0006 Credential Access / T1110.001 Password Guessing
tuesday,27,55383.37184413025,818100.9572395387,58,58,0.441747572815534,100.05335516499001,3.070865407669896,0.0,0.18,27031542.688,1,0.196,brute_force,TA0006 Credential Access / T1110.001 Password Guessing
tuesday,28,64214.38703595316,728654.4813798509,53,53,0.41843971631205673,119.165937450978,2.9234588392542182,0.0,0.116,34564745.322,1,0.146,brute_force,TA0006 Credential Access / T1110.001 Password Guessing
tuesday,29,74026.7423211515,838965.9155477372,55,55,0.5508982035928144,115.96502221388398,3.044412351494022,0.002,0.182,20469468.542,1,0.242,brute_force,TA0006 Credential Access / T1110.001 Password Guessing
tuesday,30,80642.59387430777,1052884.4288749848,71,71,0.5604395604395604,104.527537456174,3.3436532162191095,0.002,0.202,26019462.9,1,0.244,brute_force,TA0006 Credential Access / T1110.001 Password Guessing
tuesday,31,47111.53253307626,771137.076963331,42,42,0.4330708661417323,126.347143503256,2.801347084822943,0.0,0.108,15912438.99,1,0.172,brute_force,TA0006 Credential Access / T1110.001 Password Guessing
tuesday,32,52226.097951974436,1063956.5711160277,49,49,0.29285714285714287,143.947446710638,2.4984557858183774,0.0,0.08,7156595.99,1,0.062,brute_force,TA0006 Credential Access / T1110.001 Password Guessing
tuesday,33,100615.25777570027,1487665.2689480972,81,81,0.42788461538461536,119.053598321654,3.188678250151137,0.0,0.176,17249398.376,1,0.178,brute_force,TA0006 Credential Access / T1110.001 Password Guessing
tuesday,34,72279.09848670846,995719.9076115151,63,63,0.43915343915343913,107.241851216632,3.0115054879573204,0.0,0.164,22480965.818,1,0.136,brute_force,TA0006 Credential Access / T1110.001 Password Guessing
tuesday,35,98926.92922707197,1626314.7026852893,82,82,0.5077720207253886,152.82250310127398,3.3481667866501668,0.002,0.194,31430634.492,1,0.156,brute_force,TA0006 Credential Access / T1110.001 Password Guessing
tuesday,36,91352.00764634606,1269574.1649365358,81,81,0.4198895027624309,118.337017881684,3.3568415434989225,0.0,0.15,22250557.316,1,0.17,brute_force,TA0006 Credential Access / T1110.001 Password Guessing
tuesday,37,111202.38581000433,1549341.228877559,91,91,0.5194805194805194,90.420042061938,3.5743088628253585,0.0,0.238,26926233.49,1,0.282,brute_force,TA0006 Credential Access / T1110.001 Password Guessing
tuesday,38,49782.54567359501,700158.1313378054,50,50,0.4316546762589928,116.847590677276,2.7759177138771345,0.0,0.118,11500470.08,1,0.14,brute_force,TA0006 Credential Access / T1110.001 Password Guessing
tuesday,39,68779.51561352077,996473.316923914,76,76,0.43023255813953487,133.015359038534,3.2589708731237126,0.0,0.146,12873962.93,1,0.118,brute_force,TA0006 Credential Access / T1110.001 Password Guessing
tuesday,40,25604.718292789792,157547.68218526422,26,26,0.24060150375939848,169.07588008181,2.2797259848363796,0.0,0.062,9441132.938,1,0.096,brute_force,TA0006 Credential Access / T1110.001 Password Guessing
tuesday,41,40482.06145100851,639976.2340660024,40,40,0.3858267716535433,103.32373260399,2.6870486596412277,0.0,0.096,13282062.878,1,0.114,brute_force,TA0006 Credential Access / T1110.001 Password Guessing
tuesday,42,73380.02319192707,890579.0153765142,52,52,0.3333333333333333,137.846676189772,2.9355225491429255,0.0,0.114,29443282.114,1,0.158,brute_force,TA0006 Credential Access / T1110.001 Password Guessing
tuesday,43,62432.326414381554,593932.4667586914,45,45,0.5280898876404494,148.96172427802998,2.8310900146758575,0.0,0.186,34921692.006,1,0.216,brute_force,TA0006 Credential Access / T1110.001 Password Guessing
tuesday,44,82564.06823076546,1004556.7764609392,70,70,0.6398104265402843,95.35763818167601,3.2570279172833168,0.0,0.268,29648226.956,1,0.292,brute_force,TA0006 Credential Access / T1110.001 Password Guessing
tuesday,45,68426.8634662313,1061885.8514444707,53,53,0.5107913669064749,107.68091900033399,2.9459592769918777,0.0,0.14,11117990.754,1,0.144,brute_force,TA0006 Credential Access / T1110.001 Password Guessing
tuesday,46,52021.06213228139,1200084.403986403,36,36,0.591304347826087,129.007519954368,2.596584480958185,0.0,0.134,11145385.956,1,0.148,brute_force,TA0006 Credential Access / T1110.001 Password Guessing
tuesday,47,43201.889549875865,991380.7604431624,43,43,0.3053435114503817,114.44774127395,2.59147699178925,0.0,0.078,7838846.702,1,0.08,brute_force,TA0006 Credential Access / T1110.001 Password Guessing
tuesday,48,68366.42543919035,1160588.4731240452,59,59,0.33098591549295775,124.712710511214,3.0008337822685847,0.0,0.092,9630989.194,1,0.108,brute_force,TA0006 Credential Access / T1110.001 Password Guessing
tuesday,49,53114.56477415761,836155.949099359,53,53,0.38345864661654133,148.21641011476598,2.780912798001226,0.0,0.1,21144133.048,1,0.072,brute_force,TA0006 Credential Access / T1110.001 Password Guessing
tuesday,50,147734.6598959881,2742419.3001612625,136,136,0.4253393665158371,152.01432656423603,4.219886777364654,0.0,0.186,18390582.372,1,0.134,brute_force,TA0006 Credential Access / T1110.001 Password Guessing
tuesday,51,105394.58739678311,1717955.2210477316,87,87,0.49710982658959535,163.183855198426,3.5268975007900054,0.0,0.17,15367490.0,1,0.132,brute_force,TA0006 Credential Access / T1110.001 Password Guessing
tuesday,52,83325.89343605394,989157.5182282103,81,81,0.45161290322580644,125.20524579415799,3.358724975283149,0.0,0.166,23601540.002,1,0.156,brute_force,TA0006 Credential Access / T1110.001 Password Guessing
tuesday,53,51209.825070426516,860423.5160453238,49,49,0.47580645161290325,155.98873734324002,2.7633169377379456,0.0,0.116,33097709.772,1,0.12,brute_force,TA0006 Credential Access / T1110.001 Password Guessing
tuesday,54,17200.501907415848,503251.8166694269,21,21,0.2636363636363636,102.774328299312,2.0328592519078157,0.0,0.056,7063515.652,1,0.068,brute_force,TA0006 Credential Access / T1110.001 Password Guessing
tuesday,55,32845.89208481498,537118.2022414188,40,40,0.3643410852713178,104.218460638164,2.5327287729128356,0.0,0.092,11660195.346,1,0.12,brute_force,TA0006 Credential Access / T1110.001 Password Guessing
tuesday,56,48014.358878505125,588814.7425455104,46,46,0.35251798561151076,127.704919315794,2.758592567897992,0.0,0.096,21354393.546,1,0.08,brute_force,TA0006 Credential Access / T1110.001 Password Guessing
tuesday,57,46680.85600536433,407566.95644789323,36,36,0.461038961038961,94.04542679145399,2.6386759097574286,0.0,0.14,20294187.446,1,0.194,brute_force,TA0006 Credential Access / T1110.001 Password Guessing
tuesday,58,52763.43138990444,497605.47813290043,82,82,0.38323353293413176,138.345930351032,3.2547318047376907,0.0,0.126,18393414.008,1,0.06,brute_force,TA0006 Credential Access / T1110.001 Password Guessing
tuesday,59,64550.97856216956,1073950.9233437707,50,50,0.5714285714285714,127.549524279574,2.864583935754605,0.0,0.182,33928615.388,1,0.196,brute_force,TA0006 Credential Access / T1110.001 Password Guessing
tuesday,60,52414.250784098396,751825.825081442,67,67,0.538961038961039,126.406835889186,3.1674500294262904,0.0,0.164,32892657.826,1,0.136,brute_force,TA0006 Credential Access / T1110.001 Password Guessing
tuesday,61,79919.01100214924,636446.4876491072,75,75,0.5445544554455446,141.002549209562,3.1221736600772774,0.0,0.218,41961139.486,1,0.192,brute_force,TA0006 Credential Access / T1110.001 Password Guessing
tuesday,62,56790.29460375659,555123.6226555142,49,49,0.5474452554744526,132.032820506156,2.937785616788015,0.0,0.148,29481407.04,1,0.212,brute_force,TA0006 Credential Access / T1110.001 Password Guessing
tuesday,63,71166.75403437295,568773.8299364808,57,57,0.5359477124183006,110.84531161232601,2.8354588613599248,0.002,0.162,14494175.108,1,0.132,brute_force,TA0006 Credential Access / T1110.001 Password Guessing
tuesday,64,62706.014601714,581199.3263219774,80,80,0.34782608695652173,135.78331381809002,3.2235898119860806,0.0,0.11,14243401.592,1,0.106,brute_force,TA0006 Credential Access / T1110.001 Password Guessing
tuesday,65,26300.50807572531,365830.52229162696,39,39,0.19166666666666668,124.85180718232799,2.2719317111459043,0.0,0.044,11270221.486,1,0.042,brute_force,TA0006 Credential Access / T1110.001 Password Guessing
tuesday,66,15006.640280530124,604244.4577004618,24,24,0.09615384615384616,119.378354674318,1.961464891887891,0.0,0.018,6165184.024,1,0.032,brute_force,TA0006 Credential Access / T1110.001 Password Guessing
tuesday,67,61627.39677227716,643736.227971517,86,86,0.2222222222222222,124.72402047613201,3.3746265018315924,0.0,0.094,12852094.002,1,0.128,brute_force,TA0006 Credential Access / T1110.001 Password Guessing
tuesday,68,37670.41182772727,606963.7030273301,24,24,0.4024390243902439,125.63953899519801,2.535149349636089,0.0,0.13,29927165.474,1,0.18,brute_force,TA0006 Credential Access / T1110.001 Password Guessing
tuesday,69,29773.80730892056,430624.7554040339,35,35,0.291044776119403,110.69699291267798,2.541928655858025,0.0,0.076,10731538.758,1,0.124,brute_force,TA0006 Credential Access / T1110.001 Password Guessing
tuesday,70,53352.4826954704,873038.2918924018,54,54,0.4656084656084656,117.702602097932,3.0230032541393745,0.0,0.174,33833227.008,1,0.224,brute_force,TA0006 Credential Access / T1110.001 Password Guessing
tuesday,71,45834.32537715289,469174.6734557198,44,44,0.47770700636942676,97.40107049524599,2.7758782434746694,0.0,0.148,13885038.798,1,0.16,brute_force,TA0006 Credential Access / T1110.001 Password Guessing
tuesday,72,46731.86586240174,1025788.4498757743,50,50,0.45294117647058824,108.97495987200001,3.0643358119816106,0.0,0.152,18159190.2,1,0.232,brute_force,TA0006 Credential Access / T1110.001 Password Guessing
tuesday,73,58125.558522279905,1263375.5552843194,70,70,0.49044585987261147,117.82140419229202,3.0691071784952833,0.0,0.152,10277451.708,1,0.08,brute_force,TA0006 Credential Access / T1110.001 Password Guessing
tuesday,74,33712.27329888304,698363.7938178293,36,36,0.288,107.43847897105799,2.348853732848175,0.0,0.07,5761221.688,1,0.076,brute_force,TA0006 Credential Access / T1110.001 Password Guessing
tuesday,75,35854.889951016565,598483.3791593747,44,44,0.4083333333333333,103.311705605244,2.665912898929969,0.0,0.096,14139476.216,1,0.1,brute_force,TA0006 Credential Access / T1110.001 Password Guessing
tuesday,76,38616.68567058204,241047.28682506978,33,33,0.23076923076923078,93.58597508951199,2.2667360589011514,0.0,0.052,10222238.568,1,0.056,brute_force,TA0006 Credential Access / T1110.001 Password Guessing
tuesday,77,58504.35630315622,1268033.498286828,34,34,0.36363636363636365,98.127623587234,2.713625880042949,0.0,0.11,18771665.71,1,0.18,brute_force,TA0006 Credential Access / T1110.001 Password Guessing
tuesday,78,33953.641728424336,485233.4498126675,35,35,0.2642857142857143,122.01125446277598,2.554262434920039,0.0,0.072,23719621.304,1,0.12,brute_force,TA0006 Credential Access / T1110.001 Password Guessing
tuesday,79,42878.36267230867,235355.1195250757,42,42,0.4206896551724138,161.72874703837599,2.7097925100394713,0.0,0.12,41132173.142,1,0.16,brute_force,TA0006 Credential Access / T1110.001 Password Guessing
tuesday,80,63700.28572809382,861110.8291672532,47,47,0.4540229885057471,102.412011042,2.867658788302031,0.0,0.156,17320068.568,1,0.19,brute_force,TA0006 Credential Access / T1110.001 Password Guessing
tuesday,81,108653.44486583433,896633.2128954531,105,105,0.3492063492063492,175.51342254185002,3.6991205827913056,0.004,0.13,6875473.714,1,0.076,brute_force,TA0006 Credential Access / T1110.001 Password Guessing
tuesday,82,68358.10196920483,872913.8321572441,61,61,0.39072847682119205,159.05171934579602,2.806129645287302,0.0,0.116,11721821.698,1,0.08,brute_force,TA0006 Credential Access / T1110.001 Password Guessing
tuesday,83,63875.653765658615,888138.9604979022,52,52,0.4423076923076923,123.13462135626399,2.931434651488676,0.0,0.136,15666553.172,1,0.132,brute_force,TA0006 Credential Access / T1110.001 Password Guessing
tuesday,84,36335.37432363714,706226.7492688532,45,45,0.4752475247524752,114.411306630052,2.391165671116965,0.0,0.094,7161352.946,1,0.068,brute_force,TA0006 Credential Access / T1110.001 Password Guessing
tuesday,85,66960.50295319098,598138.5007090318,50,50,0.3675675675675676,132.434799617644,2.9307077123120937,0.01,0.134,21533796.088,1,0.184,brute_force,TA0006 Credential Access / T1110.001 Password Guessing
tuesday,86,58167.1831746153,1039581.4615294399,63,63,0.35294117647058826,147.333739253194,2.9351531226989387,0.0,0.13,21372349.934,1,0.126,brute_force,TA0006 Credential Access / T1110.001 Password Guessing
tuesday,87,38799.9973027096,1204979.973860806,38,38,0.45,114.94642559002,2.6910275602786093,0.0,0.106,12279868.906,1,0.154,brute_force,TA0006 Credential Access / T1110.001 Password Guessing
tuesday,88,52126.624882882774,769936.2201601343,56,56,0.3,133.018861523068,2.7878591908801376,0.0,0.082,16960672.158,1,0.054,brute_force,TA0006 Credential Access / T1110.001 Password Guessing
tuesday,89,58958.311288203964,707414.154851033,60,60,0.4777777777777778,117.52010738174201,2.9981918924503645,0.0,0.17,19445657.938,1,0.14,brute_force,TA0006 Credential Access / T1110.001 Password Guessing
tuesday,90,54656.074501358344,481188.5049951154,63,63,0.435,129.88608080063202,2.9152613992717096,0.0,0.172,31354831.642,1,0.128,brute_force,TA0006 Credential Access / T1110.001 Password Guessing
tuesday,91,46745.10594407208,754050.2184626649,50,50,0.4205607476635514,107.969430774636,2.4772059939930466,0.0,0.088,11990219.988,1,0.072,brute_force,TA0006 Credential Access / T1110.001 Password Guessing
tuesday,92,60790.40581831899,1009439.0815466809,59,59,0.41139240506329117,147.72291029072,3.0553175178922736,0.0,0.128,25500225.442,1,0.128,brute_force,TA0006 Credential Access / T1110.001 Password Guessing
tuesday,93,48950.25856519064,529320.2556480346,51,51,0.4129032258064516,150.528382680042,2.813077399857673,0.0,0.126,24018208.188,1,0.112,brute_force,TA0006 Credential Access / T1110.001 Password Guessing
tuesday,94,29106.09559931083,482909.6941336852,38,38,0.42727272727272725,118.98537115217998,2.542025262427079,0.0,0.092,15441191.324,1,0.12,brute_force,TA0006 Credential Access / T1110.001 Password Guessing
tuesday,95,58714.83551277888,1240497.1412407926,69,69,0.42780748663101603,140.02239183996798,3.164742103662725,0.004,0.158,23502779.236,1,0.15,brute_force,TA0006 Credential Access / T1110.001 Password Guessing
tuesday,96,21176.455211265747,258021.46817513605,23,23,0.28431372549019607,143.422842032494,2.2096112688849754,0.0,0.056,19465085.868,1,0.078,brute_force,TA0006 Credential Access / T1110.001 Password Guessing
tuesday,97,37779.33851166671,819746.3785566043,33,33,0.26851851851851855,191.021743861946,2.3174215280367347,0.0,0.056,17802687.828,1,0.036,brute_force,TA0006 Credential Access / T1110.001 Password Guessing
tuesday,98,65629.71445232882,1039551.9597828726,72,72,0.47596153846153844,116.184517066212,3.296864200752826,0.0,0.196,14930937.944,1,0.188,brute_force,TA0006 Credential Access / T1110.001 Password Guessing
tuesday,99,63743.62412222972,911355.1137784137,51,51,0.5454545454545454,142.212249622354,2.9607405018676456,0.0,0.178,33416977.694,1,0.168,brute_force,TA0006 Credential Access / T1110.001 Password Guessing
tuesday,100,50173.454710570455,654660.2975132894,61,61,0.5304878048780488,147.76767313342,2.931683363055464,0.0,0.172,30272013.538,1,0.156,brute_force,TA0006 Credential Access / T1110.001 Password Guessing
tuesday,101,25198.332320104575,144476.21589695456,35,35,0.49624060150375937,102.92194270280199,2.679315760331106,0.0,0.13,15570176.706,1,0.16,brute_force,TA0006 Credential Access / T1110.001 Password Guessing
tuesday,102,65621.08093218581,1909429.4431044126,61,61,0.3935483870967742,141.875544398632,2.8386508867009015,0.0,0.12,8479370.378,1,0.092,brute_force,TA0006 Credential Access / T1110.001 Password Guessing
tuesday,103,48139.323066350684,1155345.7160623723,47,47,0.44696969696969696,102.801414378628,2.8153307020505527,0.0,0.116,7778344.666,1,0.14,brute_force,TA0006 Credential Access / T1110.001 Password Guessing
tuesday,104,49500.381697648125,530806.5754554727,38,38,0.5654450261780105,101.31809271255399,2.7761887065660504,0.0,0.214,26852474.856,1,0.26,brute_force,TA0006 Credential Access / T1110.001 Password Guessing
tuesday,105,59479.06006521599,934452.1369787507,64,64,0.48823529411764705,100.78346234182999,3.396069657324102,0.0,0.164,16457628.438,1,0.216,brute_force,TA0006 Credential Access / T1110.001 Password Guessing
tuesday,106,72621.99893598627,749833.3147193185,79,79,0.5660377358490566,122.476106928804,3.161779902326473,0.0,0.178,12304314.05,1,0.12,brute_force,TA0006 Credential Access / T1110.001 Password Guessing
tuesday,107,50376.87843358388,506081.0483128513,66,66,0.3581081081081081,143.82547616179,2.8897160837229867,0.0,0.104,8014893.856,1,0.064,brute_force,TA0006 Credential Access / T1110.001 Password Guessing
tuesday,108,60033.22429191007,1057940.6987123068,51,51,0.4012345679012346,130.74376245654202,2.7879578679219965,0.0,0.128,7559301.462,1,0.144,brute_force,TA0006 Credential Access / T1110.001 Password Guessing
tuesday,109,60526.20928769796,1089133.0330548687,58,58,0.46551724137931033,138.533638780388,3.015235775771423,0.0,0.16,14243427.784,1,0.204,brute_force,TA0006 Credential Access / T1110.001 Password Guessing
tuesday,110,52541.92042366634,765246.9930356429,31,31,0.47863247863247865,117.694754655638,2.5317509602303505,0.0,0.11,21382712.898,1,0.172,brute_force,TA0006 Credential Access / T1110.001 Password Guessing
tuesday,111,39560.408412181896,448475.51348630275,58,58,0.24509803921568626,130.724560615028,2.904558136764969,0.0,0.048,14028135.708,1,0.06,brute_force,TA0006 Credential Access / T1110.001 Password Guessing
tuesday,112,70221.55552524819,458032.15276745555,68,68,0.5483870967741935,116.74186556065601,3.144385971269609,0.0,0.202,18780945.822,1,0.196,brute_force,TA0006 Credential Access / T1110.001 Password Guessing
tuesday,113,96347.28346487098,1097057.8119477348,74,74,0.5988700564971752,106.820329529014,3.2816340798958423,0.0,0.21,17461392.976,1,0.2,brute_force,TA0006 Credential Access / T1110.001 Password Guessing
tuesday,114,63498.655222139445,759430.2851855174,40,40,0.54421768707483,148.146703142782,2.777911211020959,0.0,0.158,38383100.374,1,0.218,brute_force,TA0006 Credential Access / T1110.001 Password Guessing
tuesday,115,67230.07262647637,931188.0777366182,61,61,0.6282051282051282,137.91689035879,3.0459317673985575,0.0,0.194,21531471.3,1,0.17,brute_force,TA0006 Credential Access / T1110.001 Password Guessing
tuesday,116,63920.79717029063,1279044.267050982,57,57,0.48484848484848486,123.144060154516,2.971848402196162,0.0,0.158,14914988.772,1,0.172,brute_force,TA0006 Credential Access / T1110.001 Password Guessing
tuesday,117,45376.61654372019,1079976.0148740087,42,42,0.43564356435643564,129.579042234614,2.3282685729500616,0.0,0.086,10306238.374,1,0.068,brute_force,TA0006 Credential Access / T1110.001 Password Guessing
tuesday,118,57784.06629629048,902860.8518396526,55,55,0.3825503355704698,137.444827584984,2.7872004611746566,0.0,0.112,8965345.528,1,0.088,brute_force,TA0006 Credential Access / T1110.001 Password Guessing
tuesday,119,41002.308399037494,559799.6204828715,44,44,0.44,122.81182932164,2.2854811148622107,0.0,0.086,7205837.834,1,0.072,brute_force,TA0006 Credential Access / T1110.001 Password Guessing
tuesday,120,53863.81587878184,1024978.6995114097,51,51,0.3767123287671233,142.421449581492,2.9083158315977444,0.0,0.108,14719151.388,1,0.132,brute_force,TA0006 Credential Access / T1110.001 Password Guessing
tuesday,121,63958.93637282148,703015.210154643,47,47,0.5714285714285714,144.27120012104402,2.7722418322391857,0.0,0.206,36848021.706,1,0.232,brute_force,TA0006 Credential Access / T1110.001 Password Guessing
tuesday,122,120973.60666492439,845095.8110625255,102,102,0.4352517985611511,96.75312643042801,3.549222060187043,0.0,0.24,32321639.824,1,0.244,brute_force,TA0006 Credential Access / T1110.001 Password Guessing
tuesday,123,87144.2533454301,992476.7009181414,63,63,0.56,134.333620275134,3.1229805935029207,0.0,0.194,14755632.61,1,0.162,brute_force,TA0006 Credential Access / T1110.001 Password Guessing
tuesday,124,75717.12695242987,1285681.283423749,55,55,0.535483870967742,96.064519667444,2.983038397141106,0.0,0.164,6993142.354,1,0.18,brute_force,TA0006 Credential Access / T1110.001 Password Guessing
tuesday,125,56203.39677728885,727167.3947480612,32,32,0.5748031496062992,127.189169938004,2.461116865211032,0.0,0.144,8882737.812,1,0.16,brute_force,TA0006 Credential Access / T1110.001 Password Guessing
tuesday,126,73613.13990004997,685147.9448851872,42,42,0.3722627737226277,123.358097905376,2.7551234704321166,0.0,0.1,17404279.486,1,0.186,brute_force,TA0006 Credential Access / T1110.001 Password Guessing
tuesday,127,92721.99369229686,1177775.8561234586,63,63,0.5055555555555555,159.58358021093397,2.9999632630786435,0.0,0.18,18457639.994,1,0.2,brute_force,TA0006 Credential Access / T1110.001 Password Guessing
tuesday,128,78964.17181256847,856882.9562247572,65,65,0.5263157894736842,160.588053750918,2.9167052056343135,0.0,0.158,47148352.254,1,0.166,brute_force,TA0006 Credential Access / T1110.001 Password Guessing
tuesday,129,77726.98296720808,899218.7917035993,58,58,0.5588235294117647,183.301993606466,2.8983165292844837,0.0,0.188,21670901.94,1,0.14,brute_force,TA0006 Credential Access / T1110.001 Password Guessing
tuesday,130,91593.78443589849,1471215.471860063,64,64,0.7295918367346939,109.82825367592599,3.229252779516239,0.0,0.284,12634838.17,1,0.322,brute_force,TA0006 Credential Access / T1110.001 Password Guessing
tuesday,131,72651.74913477252,998961.3743300972,60,60,0.5833333333333334,133.758001016686,3.004738411608457,0.0,0.166,15902228.182,1,0.216,brute_force,TA0006 Credential Access / T1110.001 Password Guessing
tuesday,132,51674.02821706877,746023.4649619963,62,62,0.5534591194968553,144.83014034042802,3.2211870475040647,0.0,0.174,29943685.926,1,0.134,brute_force,TA0006 Credential Access / T1110.001 Password Guessing
tuesday,133,26754.381346272057,729845.1726473322,61,61,0.2727272727272727,128.17419901126,2.460960457138749,0.0,0.046,7745009.186,0,0.0,none,-
tuesday,134,39177.143580163734,912972.0099269516,53,53,0.23893805309734514,136.98515525684,2.628700928133232,0.002,0.052,7450469.518,0,0.0,none,-
tuesday,135,28339.19106271582,663092.523356385,47,47,0.19166666666666668,132.68422546288002,2.336751812909352,0.0,0.044,7351095.63,0,0.0,none,-
tuesday,136,40904.415627219634,388047.6331133765,68,68,0.1623931623931624,203.98073113534,2.9475813748887902,0.0,0.036,31034104.932,0,0.0,none,-
tuesday,137,54539.70390505381,720439.5836686051,59,59,0.39416058394160586,156.41243817103003,2.726361040954287,0.0,0.106,32762317.162,0,0.0,none,-
tuesday,138,55537.17070262584,407557.91926449526,90,90,0.42138364779874216,150.12522446484,3.230537817666276,0.002,0.132,21136349.266,0,0.0,none,-
tuesday,139,52552.755772914286,1195394.3258605013,73,73,0.32061068702290074,150.30765898513997,2.8517488630609233,0.0,0.082,8662293.632,0,0.0,none,-
tuesday,140,46553.79867592591,1093590.1615352016,50,50,0.26495726495726496,167.23223701418,2.812788739329268,0.0,0.06,19866918.514,0,0.0,none,-
tuesday,141,96242.24786549342,1169972.3870382668,136,136,0.36548223350253806,208.10655323317002,3.642037189595559,0.0,0.142,39048916.082,0,0.002,none,-
tuesday,142,56852.703864941126,1119483.9511065374,79,79,0.5182481751824818,124.21819007275198,2.8568080815276566,0.006,0.14,13361519.666,0,0.0,none,-
tuesday,143,45844.95769602597,1087371.487280033,77,77,0.32867132867132864,158.319456402874,3.0320101992760873,0.0,0.092,9704324.026,0,0.0,none,-
tuesday,144,38270.673210659304,838655.3944295654,69,69,0.24561403508771928,170.006817303514,3.02295050368104,0.0,0.054,21129533.378,0,0.0,none,-
tuesday,145,64410.946148952535,834598.9625122037,77,77,0.23178807947019867,143.89347776418197,2.9804746339584356,0.0,0.068,18970642.35,0,0.0,none,-
tuesday,146,53685.03607415061,920899.4727384655,79,79,0.4,167.31921938248001,3.1935381667128926,0.0,0.122,28543495.588,0,0.0,none,-
tuesday,147,43055.53848105655,787318.8837248674,58,58,0.25925925925925924,146.104312606732,2.6745791526462748,0.0,0.054,8295755.67,0,0.0,none,-
tuesday,148,32796.53665949028,637192.701498573,128,128,0.1568627450980392,193.18965707758,3.6022576794301058,0.0,0.046,5415745.44,0,0.0,none,-
tuesday,149,61636.476436909434,1105036.936058846,112,112,0.30113636363636365,189.54982222958998,3.587003073495183,0.0,0.104,36490118.932,0,0.0,none,-
tuesday,150,58810.66109125912,551068.9541542078,65,65,0.3185840707964602,142.35664543047997,2.645018756450005,0.0,0.07,15944434.714,0,0.0,none,-
tuesday,151,45545.16242982496,758584.0581898376,56,56,0.20125786163522014,132.335736290296,2.5066177891284984,0.0,0.062,8798841.85,0,0.0,none,-
tuesday,152,54648.314996022535,1245987.5904703904,74,74,0.32116788321167883,160.54148315794,3.07763878139192,0.0,0.086,30335505.308,0,0.0,none,-
tuesday,153,39459.86720103029,1019274.4108092501,60,60,0.36585365853658536,146.300700952956,2.587736221220921,0.0,0.088,15032236.754,0,0.0,none,-
tuesday,154,31826.401539646544,585950.5255462714,56,56,0.192,234.553521610796,2.740949896704008,0.0,0.046,17212290.84,0,0.0,none,-
tuesday,155,52356.71162561454,818646.9749171673,74,74,0.4253731343283582,136.801057639134,3.0249052752695538,0.0,0.112,22717903.826,0,0.0,none,-
tuesday,156,65644.01770160609,1313281.5665649746,79,79,0.3356643356643357,177.50773467797796,2.933997157775841,0.0,0.094,14888453.622,0,0.0,none,-
tuesday,157,20505.06546856171,357533.58357774495,89,89,0.15748031496062992,168.76596944796,3.055850517152222,0.0,0.038,4408150.494,0,0.0,none,-
tuesday,158,42406.0301931841,796090.4902679033,97,97,0.2440944881889764,173.05202514066,3.2134368884591638,0.0,0.06,15308271.436,0,0.0,none,-
tuesday,159,45950.76492635391,748285.099089585,71,71,0.2689655172413793,166.84711819950002,2.898937334852374,0.0,0.076,18515574.536,0,0.0,none,-
tuesday,160,92598.09153341803,1039964.7769179707,123,123,0.2802197802197802,207.69962127021597,3.7731019812084887,0.0,0.1,45139419.516,0,0.0,none,-
tuesday,161,72357.6519165133,1070817.1164913662,107,107,0.42857142857142855,187.982825006,3.3745731799855214,0.0,0.136,10275818.876,0,0.0,none,-
tuesday,162,38559.619732261664,910361.8117739327,63,63,0.2809917355371901,152.313174323688,2.751742182948824,0.0,0.066,10132903.51,0,0.0,none,-
tuesday,163,17215.851874480883,155187.11223293323,37,37,0.16176470588235295,171.80707191499997,1.9574774869567795,0.0,0.02,4078851.7,0,0.0,none,-
tuesday,164,49109.722112376454,537570.3180140556,87,87,0.35185185185185186,174.10279039390002,3.209350293921287,0.0,0.112,18646991.706,0,0.0,none,-
tuesday,165,37856.29855344914,946338.6369762263,68,68,0.3076923076923077,142.987446287888,3.0467700238813284,0.002,0.07,14400213.152,0,0.0,none,-
tuesday,166,34570.36862651962,900582.9767470297,52,52,0.35294117647058826,129.52713098939998,2.3075188191753027,0.0,0.046,15921674.332,0,0.0,none,-
tuesday,167,61609.961085182564,1184162.727577919,84,84,0.2014388489208633,173.25161303734,3.1793639113010252,0.0,0.054,19175662.482,0,0.0,none,-
tuesday,168,26628.127138397023,234680.15427539876,58,58,0.17,171.94899339081002,2.633898826235603,0.0,0.066,19763714.6,0,0.0,none,-
tuesday,169,90305.73990897914,1677248.6912226088,123,123,0.4088669950738916,161.93007303815202,3.7632209861976236,0.002,0.164,26853838.606,0,0.0,none,-
tuesday,170,59542.713340198265,696126.5993888533,78,78,0.3836477987421384,159.13728004512598,3.0095823926411818,0.0,0.12,14438267.568,0,0.0,none,-
tuesday,171,29104.437368094666,1459724.6168549594,66,66,0.3950617283950617,140.3045523453,2.463608485889111,0.0,0.062,5483624.304,0,0.0,none,-
tuesday,172,30148.68903979125,455626.4120134305,45,45,0.1111111111111111,130.38051483168002,2.307537636966557,0.0,0.02,6669310.606,0,0.0,none,-
tuesday,173,23880.845488083854,287982.90863245964,63,63,0.3333333333333333,166.78832003093999,2.642614295361348,0.0,0.074,9082945.604,0,0.0,none,-
tuesday,174,39041.46193658478,594398.9236306301,69,69,0.19230769230769232,155.39514341137402,2.8712510140558387,0.0,0.038,22306808.672,0,0.0,none,-
tuesday,175,46252.03462623475,571025.468080459,41,41,0.16326530612244897,156.82083077087998,2.296630628837489,0.0,0.03,18969367.856,0,0.0,none,-
tuesday,176,45016.68531190511,746622.7781657377,53,53,0.31313131313131315,141.978708737236,2.4020634627389583,0.0,0.06,14296413.27,0,0.0,none,-
tuesday,177,27076.975635959432,400935.2542102064,37,37,0.15789473684210525,95.84207712522,1.9499011159726467,0.0,0.022,4186604.996,0,0.0,none,-
tuesday,178,75615.49294929317,1190764.2585718257,100,100,0.2430939226519337,189.544463358712,3.32865899357626,0.0,0.086,26581347.16,0,0.0,none,-
tuesday,179,70576.76357560056,969910.5433224667,83,83,0.2874251497005988,163.303953957974,3.2078201378096844,0.0,0.094,26407622.724,0,0.0,none,-
tuesday,180,42799.6468816697,546251.5165359187,60,60,0.18085106382978725,167.21830325427402,2.565329704703736,0.0,0.032,28248330.932,0,0.0,none,-
tuesday,181,39420.10408608352,1269553.1001099253,67,67,0.21495327102803738,163.6035708182,2.7990956331880863,0.004,0.044,13529636.086,0,0.0,none,-
tuesday,182,41579.825625492376,916258.7155633777,64,64,0.38524590163934425,155.63906949868402,2.799460408318903,0.0,0.092,20326534.602,0,0.0,none,-
tuesday,183,40339.716452558816,793770.2884680352,36,36,0.17894736842105263,130.95977701240798,2.228095701297504,0.0,0.032,26580008.788,0,0.0,none,-
tuesday,184,50311.33958070613,1047066.3852378736,60,60,0.3333333333333333,131.45494817253999,2.8192991162343812,0.0,0.076,13532398.472,0,0.0,none,-
tuesday,185,174915.76874857326,3348793.024694492,160,160,0.6650485436893204,230.7490252546,4.111258690399786,0.0,0.272,15032978.676,0,0.0,none,-
tuesday,186,256264.0945006551,5984234.908127039,228,228,0.8704453441295547,249.0682812653,4.746058041302863,0.0,0.428,5403988.304,0,0.0,none,-
tuesday,187,216529.09328748792,4233131.825833823,225,225,0.8192771084337349,151.78000271112,5.003954548587711,0.0,0.406,2528210.68,0,0.0,none,-
tuesday,188,188617.65873955016,3183247.319749258,207,207,0.72,160.350079821672,5.006576029282327,0.0,0.358,3015887.844,0,0.0,none,-
tuesday,189,58555.34204852226,710850.0121874067,101,101,0.21518987341772153,150.87764027945,3.490074465757441,0.0,0.066,27819677.194,0,0.0,none,-
tuesday,190,49726.16030964849,1294284.4551328202,71,71,0.35772357723577236,129.731023011256,2.844361065871193,0.0,0.086,15805530.346,0,0.0,none,-
tuesday,191,30135.1990568512,798296.4296519953,47,47,0.2777777777777778,129.44774285361203,2.454736744619843,0.0,0.048,26219614.268,0,0.0,none,-
tuesday,192,38893.01066284779,1120795.3557225855,64,64,0.27358490566037735,135.69088645018,2.738732484377779,0.0,0.056,9683133.948,0,0.0,none,-
tuesday,193,28503.015921894003,534799.2130749027,50,50,0.23853211009174313,144.62820183305,2.601918602657487,0.0,0.05,26758971.62,0,0.0,none,-
tuesday,194,57204.11913145081,866136.9728530046,82,82,0.29133858267716534,151.25269429179397,3.142678989975387,0.0,0.072,21567346.358,0,0.0,none,-
tuesday,195,33511.294537247595,349029.3284042588,47,47,0.32989690721649484,115.22043769721998,2.3903714458058136,0.0,0.062,24944567.782,0,0.0,none,-
tuesday,196,42135.2353544374,775690.9385396843,70,70,0.2956521739130435,164.92732026708,2.9668480781637907,0.0,0.066,12955905.064,0,0.0,none,-
tuesday,197,31394.798636587257,1135102.179412446,56,56,0.27350427350427353,156.46640300278,2.7676489469703345,0.0,0.062,32143676.848,0,0.0,none,-
tuesday,198,32557.371087874635,794463.7883380335,40,40,0.32051282051282054,109.89675082000002,1.9886701671127385,0.0,0.048,11333868.26,0,0.0,none,-
tuesday,199,65100.28098047978,1252394.249648185,95,95,0.3125,153.410348624314,3.4540941110557206,0.0,0.098,38549599.064,0,0.0,none,-
tuesday,200,32067.69992366028,746610.2518905272,49,49,0.32967032967032966,112.29027260594,2.351648308463467,0.0,0.058,8583249.486,0,0.0,none,-
tuesday,201,42782.8208190922,986440.3328463986,64,64,0.35185185185185186,129.22193297424,2.918957540110183,0.0,0.074,24280088.528,0,0.0,none,-
tuesday,202,62521.84019083729,1178147.8342605543,82,82,0.36752136752136755,130.63179846218,2.9361039618683575,0.0,0.084,10188427.85,0,0.0,none,-
tuesday,203,39450.460014443575,1313424.1523507824,69,69,0.27,169.7408028427,2.9254853700192696,0.0,0.052,30825082.514,0,0.0,none,-
tuesday,204,51999.37140836668,992596.0774773527,70,70,0.3383458646616541,138.31325914302,3.0166330876739416,0.002,0.088,24303692.502,0,0.0,none,-
tuesday,205,40388.43715879882,931198.4683013489,55,55,0.4222222222222222,127.68815921241999,2.331600432837204,0.0,0.074,18801471.52,0,0.0,none,-
tuesday,206,45986.81982466088,904034.822400758,87,87,0.3283582089552239,148.73096291528003,3.202883984945251,0.0,0.086,15492611.46,0,0.0,none,-
tuesday,207,24239.501173220247,358491.13835422706,32,32,0.23157894736842105,124.59983969865401,2.000336018173072,0.002,0.042,19492170.274,0,0.0,none,-
tuesday,208,37531.74753310561,525200.6332098871,48,48,0.16981132075471697,136.7187184763,2.343234553711569,0.0,0.034,7294027.244,0,0.0,none,-
tuesday,209,50281.926720464646,991165.7498767194,85,85,0.3192771084337349,154.233631722912,3.2468224149425398,0.0,0.104,42791034.798,0,0.0,none,-
tuesday,210,32947.41634358211,1155232.807027006,48,48,0.2839506172839506,113.25885338621602,2.365256979028129,0.0,0.044,11968059.026,0,0.0,none,-
tuesday,211,55441.935067186656,592471.8774696245,75,75,0.2876712328767123,142.86602363073598,2.8597083136403327,0.0,0.082,9856717.554,0,0.0,none,-
tuesday,212,54993.125341361505,1718152.5696259784,69,69,0.2589928057553957,147.657613062144,2.763420938579499,0.0,0.07,7085522.934,0,0.0,none,-
tuesday,213,44116.3041806063,923534.635050581,65,65,0.2733812949640288,184.45126878956,2.5334197541708514,0.0,0.074,8150464.874,0,0.0,none,-
tuesday,214,48692.96920362537,562783.3332908213,69,69,0.2421875,177.43767797282797,2.7207377265315067,0.0,0.06,35754079.852,0,0.0,none,-
tuesday,215,53265.439433256186,1138013.6014350103,72,72,0.2949640287769784,155.250805188044,2.878055292711534,0.0,0.08,21318433.534,0,0.0,none,-
tuesday,216,76993.62362706686,1153705.4782107875,98,98,0.4713375796178344,135.52882436002,3.1778887061562964,0.004,0.146,11271839.23,0,0.0,none,-
tuesday,217,34826.537875116555,1245056.9910860872,63,63,0.21,169.925194658236,2.6860458460548715,0.0,0.04,17703160.904,0,0.0,none,-
tuesday,218,48140.592220668674,788008.9525183125,90,90,0.3018867924528302,172.05608690073998,3.211968447191578,0.0,0.094,19785841.486,0,0.0,none,-
tuesday,219,64689.526851569535,821575.9487090156,106,106,0.2786885245901639,170.509171453216,3.4792437455908223,0.0,0.1,36762523.876,0,0.0,none,-
tuesday,220,50603.47609311904,980338.015174509,75,75,0.3223684210526316,144.42997435933,2.844988062034691,0.004,0.096,9988177.924,0,0.0,none,-
tuesday,221,45513.87570829775,778784.6628943715,61,61,0.26605504587155965,143.03992454022,2.493557694246247,0.0,0.056,3639176.87,0,0.0,none,-
tuesday,222,35907.079050196764,1080999.817107914,69,69,0.25217391304347825,214.53540384726,2.860251033551391,0.0,0.056,17752507.346,0,0.0,none,-
tuesday,223,66822.44407912304,1273569.0719777856,106,106,0.45962732919254656,186.155365825228,3.411747997149209,0.0,0.146,41088687.862,0,0.0,none,-
tuesday,224,58341.21419212563,926577.1963669569,87,87,0.33532934131736525,152.2048979458,3.1551530207588865,0.0,0.11,9217961.062,0,0.0,none,-
tuesday,225,32511.339999011947,964334.851295162,93,93,0.17073170731707318,168.79999022616,3.342068243294186,0.0,0.04,12697134.06,0,0.0,none,-
tuesday,226,22705.384554583718,640115.7781676322,46,46,0.15942028985507245,105.07218715013799,2.1052774547102335,0.0,0.02,3886669.78,0,0.0,none,-
tuesday,227,67396.07910930071,1841696.6042166895,80,80,0.30612244897959184,189.964860012422,3.2503688509893864,0.002,0.088,34710424.99,0,0.0,none,-
tuesday,228,45314.77219253624,470853.26452149724,72,72,0.3356643356643357,166.88755851318797,3.0271696787979385,0.026,0.094,26445371.352,0,0.0,none,-
tuesday,229,44708.120950942786,1044630.5059674168,76,76,0.3188405797101449,188.37650822011997,2.9285657564470524,0.068,0.086,19765778.644,0,0.0,none,-
tuesday,230,28348.12580875491,522443.56134600163,38,38,0.3076923076923077,142.19488688934,1.8572064637125787,0.0,0.038,10350726.66,0,0.0,none,-
tuesday,231,67173.37602291277,1666174.6040993594,72,72,0.2627118644067797,170.31857749474,2.8241433611694475,0.0,0.06,10117704.724,0,0.0,none,-
tuesday,232,69769.60221222896,1197697.659847836,96,96,0.3618421052631579,275.82685386218003,3.0064877252798876,0.002,0.108,12964767.36,0,0.0,none,-
tuesday,233,30630.80981948898,538668.4311126029,58,58,0.21649484536082475,162.87506868667998,2.431558221188069,0.0,0.04,11570751.954,0,0.0,none,-
tuesday,234,29005.94499633823,599610.7919660076,36,36,0.1271186440677966,154.26098195426,2.0632785279909656,0.0,0.028,4832810.594,0,0.0,none,-
tuesday,235,63591.87810893306,1212126.8893360326,89,89,0.2639593908629442,197.65857060832002,3.1524993728618966,0.0,0.102,24517078.744,0,0.0,none,-
tuesday,236,67079.07319887252,1377621.2056696636,92,92,0.30714285714285716,147.208629646854,3.2112610299149047,0.002,0.084,18590474.324,0,0.0,none,-
tuesday,237,62475.84490646881,1085847.2295626884,82,82,0.328,142.3667108587,2.9536525500107054,0.0,0.08,10330035.236,0,0.0,none,-
tuesday,238,34474.95006345428,1104380.025169859,80,80,0.27419354838709675,193.415078960114,3.069932598821049,0.0,0.066,11068366.402,0,0.0,none,-
tuesday,239,52887.37732479774,537964.8212281204,90,90,0.3463687150837989,196.348369617,3.0646198090185597,0.0,0.122,41404037.626,0,0.0,none,-
tuesday,240,29952.44929220813,1331383.5788980697,65,65,0.24489795918367346,155.20309606995,2.7419011593758214,0.0,0.046,6540061.044,0,0.0,none,-
tuesday,241,26941.863398201152,581919.755616957,38,38,0.3333333333333333,126.42199747228001,2.0951126063760337,0.0,0.038,6440639.004,0,0.0,none,-
tuesday,242,49976.502625080655,1525252.2090195995,82,82,0.27522935779816515,173.24295308706,3.132933248759964,0.0,0.058,20791126.088,0,0.0,none,-
tuesday,243,42018.9103975321,1114624.519427299,67,67,0.13513513513513514,196.96340908578,2.856050876734123,0.0,0.028,24039090.516,0,0.0,none,-
tuesday,244,185667.8604575603,4262021.791091783,205,205,0.7435897435897436,261.36230958028,4.592471277805549,0.0,0.346,6758816.138,0,0.0,none,-
tuesday,245,41530.99174158092,914284.1470259451,60,60,0.36585365853658536,136.452714427114,2.410461744235459,0.002,0.058,9823103.922,0,0.0,none,-
tuesday,246,61238.41463731562,937926.3866552566,115,115,0.28901734104046245,192.72732837283,3.7757860293184446,0.0,0.098,17209945.484,0,0.0,none,-
tuesday,247,23408.211366305837,698683.3133234803,45,45,0.14516129032258066,144.164337311636,2.2199137117769823,0.0,0.016,15755942.274,0,0.0,none,-
tuesday,248,62892.26209646629,2290498.323384429,101,101,0.28901734104046245,176.837048141234,3.9550774673326816,0.0,0.098,10331577.84,0,0.0,none,-
tuesday,249,41276.82688279437,1976243.248348062,119,119,0.15432098765432098,229.17489334013203,4.295601960016715,0.004,0.048,10483064.528,0,0.0,none,-
tuesday,250,63052.93788735467,1756245.5493431329,114,114,0.25301204819277107,220.364802399846,4.098454173712897,0.0,0.082,11749128.4,0,0.0,none,-
tuesday,251,65820.35919518989,2348817.5934141,98,98,0.2751677852348993,221.551824719576,3.7827388960517823,0.004,0.08,21452682.92,0,0.0,none,-
tuesday,252,60162.90023086195,2985402.15317738,138,138,0.2033898305084746,265.36888725808,4.491234637534794,0.004,0.07,6948456.84,0,0.0,none,-
tuesday,253,26955.797460170932,1000678.9665734265,96,96,0.20279720279720279,201.76745725338,3.6688650888124963,0.0,0.056,4749261.396,0,0.0,none,-
tuesday,254,47629.741839277485,2046463.6987043752,95,95,0.2206896551724138,229.45520893766005,3.8572712107337956,0.0,0.062,17859562.838,0,0.0,none,-
tuesday,255,44462.32345885302,702074.0760961837,86,86,0.3684210526315789,163.32745358888997,3.1019479072879164,0.0,0.11,11555446.282,0,0.0,none,-
tuesday,256,51283.66713420217,1770163.5496231078,135,135,0.18681318681318682,297.91232738034,4.3685842765913145,0.0,0.066,23021604.904,0,0.0,none,-
tuesday,257,33706.67336801356,1080528.4853436558,103,103,0.18796992481203006,260.32116947788,3.6349310725308004,0.0,0.048,6850598.32,0,0.0,none,-
tuesday,258,44333.17269576348,919352.5989123706,81,81,0.08571428571428572,175.89084787606,3.15775136173296,0.0,0.022,4987566.55,0,0.0,none,-
tuesday,259,75820.32812596613,1848395.4928014337,85,85,0.33070866141732286,278.950001733806,2.880491584868579,0.006,0.082,58728507.77,0,0.0,none,-
tuesday,260,37500.761062856334,820310.8584756892,81,81,0.3263888888888889,137.79379092576,3.0348938027035386,0.002,0.092,6955842.17,0,0.0,none,-
tuesday,261,38245.43554722816,1717395.7778357945,116,116,0.15517241379310345,246.53295803870202,4.029118635856181,0.01,0.052,10883793.046,0,0.0,none,-
tuesday,262,57174.33062503229,2152403.8126722286,121,121,0.23076923076923078,265.63836423396003,4.2891719198766545,0.002,0.07,9888245.408,0,0.0,none,-
tuesday,263,22203.771629767904,655557.1246261561,37,37,0.3055555555555556,131.83878751458002,1.820901264913562,0.0,0.042,2258098.192,0,0.0,none,-
tuesday,264,62498.97226924788,2182037.999515226,104,104,0.15568862275449102,233.324027361068,3.825294933927494,0.0,0.05,25615735.944,0,0.0,none,-
tuesday,265,69541.56609471033,2316725.12236306,116,116,0.2931937172774869,181.17211494598,3.846122157147997,0.0,0.11,12537885.792,0,0.0,none,-
tuesday,266,60053.53771190528,2036221.2532235065,127,127,0.2929936305732484,260.72013029016,4.1659127835999605,0.0,0.09,10520359.656,0,0.0,none,-
tuesday,267,48000.50802307786,811527.2142993521,92,92,0.18120805369127516,170.5003347964,3.2987532250658216,0.0,0.052,6102140.238,0,0.0,none,-
tuesday,268,52065.53303639836,781175.7600728507,57,57,0.22727272727272727,149.74929056066,2.322029583458816,0.0,0.048,1773585.404,0,0.0,none,-
tuesday,269,35396.602839215906,913048.1243055809,71,71,0.1891891891891892,187.24294812568002,2.8346341364716965,0.0,0.054,12887819.558,0,0.0,none,-
tuesday,270,44030.06020700152,943095.3496509041,67,67,0.297029702970297,174.08626319888,2.6067912823518835,0.0,0.058,20257696.384,0,0.0,none,-
tuesday,271,72435.16368420076,1339537.6619081916,70,70,0.15384615384615385,189.506577062534,2.802474963143413,0.0,0.042,25085089.822,0,0.0,none,-
tuesday,272,43467.4192228529,1034025.223998282,98,98,0.29069767441860467,187.875886854178,3.157468330220045,0.0,0.098,26649697.956,0,0.0,none,-
tuesday,273,61703.52299552553,625433.4831819779,102,102,0.39436619718309857,158.42965563208801,3.2788694981786115,0.0,0.166,21372774.442,0,0.0,none,-
tuesday,274,27856.003722773537,565962.5348028356,38,38,0.14942528735632185,147.84772501724,1.9594694005315727,0.0,0.024,6424326.97,0,0.0,none,-
tuesday,275,85385.0527555182,2487692.0034129275,117,117,0.23222748815165878,220.50499891987002,3.6041366556684613,0.0,0.096,32305398.016,0,0.0,none,-
tuesday,276,46139.32805717614,1143343.745950607,92,92,0.3181818181818182,195.616922644668,3.0848592673379236,0.002,0.082,12856620.076,0,0.0,none,-
tuesday,277,90495.88307640645,2330451.1358953076,114,114,0.36875,236.31617282808,3.428361926927008,0.006,0.116,16719773.78,0,0.0,none,-
tuesday,278,70864.77068677044,2350843.447646867,107,107,0.45751633986928103,186.74340056938,3.5133942933945406,0.0,0.138,20828807.674,0,0.0,none,-
tuesday,279,74404.52778291951,2245945.3199603283,121,121,0.2827586206896552,226.97467150500398,3.9377538381985087,0.004,0.08,22523279.164,0,0.0,none,-
tuesday,280,63730.10422009818,1951725.1197883382,91,91,0.33587786259541985,200.56416220244,3.353003022835509,0.0,0.086,4939829.262,0,0.0,none,-
tuesday,281,155884.44320633935,3195421.696307412,140,140,0.5666666666666667,106.58928701689999,4.093295802994003,0.0,0.202,1274679.512,0,0.0,none,-
tuesday,282,125654.01280511516,1820594.360877861,117,117,0.2826086956521739,138.62378092946003,4.088798677453573,0.0,0.102,887440.656,0,0.0,none,-
tuesday,283,162708.77946165093,2897931.0257674353,166,166,0.3590733590733591,169.95852744754,4.95102925395916,0.0,0.184,3624459.668,0,0.0,none,-
tuesday,284,57971.529074594626,805140.4203179256,122,122,0.32571428571428573,195.089309079206,3.8641336989930104,0.0,0.112,28724447.652,0,0.0,none,-
tuesday,285,48167.83757992603,1423918.8880796165,105,105,0.3129251700680272,191.02446253825002,3.3479574030670003,0.0,0.09,8951375.564,0,0.0,none,-
tuesday,286,33374.16955166806,749160.5810154204,68,68,0.21875,158.03366872412002,2.757719139826726,0.0,0.054,7694982.03,0,0.0,none,-
tuesday,287,63895.63857492473,1869489.386540587,114,114,0.24561403508771928,210.90817544648,3.6704948098414287,0.0,0.082,28595430.112,0,0.0,none,-
tuesday,288,27937.322593661505,449145.5464179361,43,43,0.2891566265060241,140.38940351377997,1.9502761171547633,0.0,0.046,6074374.176,0,0.0,none,-
tuesday,289,20887.962090399706,524608.1830325776,30,30,0.16216216216216217,103.60249444893999,1.6169071452512052,0.0,0.022,2271534.362,0,0.0,none,-
tuesday,290,51981.664794568685,1172764.756573032,74,74,0.17880794701986755,192.648053159594,2.9346690820894556,0.0,0.052,29699175.06,0,0.0,none,-
tuesday,291,61873.57956917945,1652598.8261784764,93,93,0.2896551724137931,174.62580351189197,3.4252729076247452,0.0,0.082,31230573.406,0,0.0,none,-
tuesday,292,42369.09002468872,869108.3483491845,84,84,0.2857142857142857,182.24907538768602,3.1763997395485997,0.0,0.09,10305526.698,0,0.0,none,-
tuesday,293,45506.33173988642,842684.5044985268,82,82,0.3828125,162.17740882761998,3.1003642073709043,0.0,0.096,14394555.332,0,0.0,none,-
tuesday,294,47320.13187261623,821772.3049738972,61,61,0.29310344827586204,215.33308541102002,2.792208369559815,0.0,0.066,15600796.704,0,0.0,none,-
tuesday,295,100371.33427960712,2327431.76856228,131,131,0.4451219512195122,222.94477304455998,4.136336258312464,0.0,0.144,14138709.718,0,0.0,none,-
tuesday,296,76984.97089714177,1344713.542164838,128,128,0.2802197802197802,185.25582436590003,3.993024163544219,0.0,0.1,17930668.562,0,0.0,none,-
tuesday,297,32333.410786916098,624819.1518118419,57,57,0.2463768115942029,159.47422803446003,2.2940581011454437,0.002,0.032,4008529.882,0,0.0,none,-
tuesday,298,72720.82956530488,1323807.1296077257,103,103,0.15384615384615385,214.40551982653997,3.514863193644847,0.0,0.042,18494898.044,0,0.0,none,-
tuesday,299,71611.15886827288,1062924.9041036994,118,118,0.27624309392265195,178.58396627888,3.8181357348184966,0.002,0.098,8922479.756,0,0.0,none,-
tuesday,300,34562.96091096728,966406.1657885826,51,51,0.12837837837837837,203.26762892762002,2.316881729932876,0.002,0.036,4016508.572,0,0.0,none,-
tuesday,301,30097.560261178583,353679.0623988435,62,62,0.11818181818181818,158.35166809825398,2.481273513508615,0.0,0.024,2574386.42,0,0.0,none,-
tuesday,302,33719.018228506146,417389.72015459475,43,43,0.14150943396226415,164.75208232022,2.3317713175297206,0.0,0.028,3249624.394,0,0.0,none,-
tuesday,303,30596.813572204537,170087.95044714244,53,53,0.11504424778761062,176.88229950870002,2.535903803820707,0.0,0.024,13066433.25,0,0.0,none,-
tuesday,304,89529.80319874153,1648579.0283798582,94,94,0.2710843373493976,197.454747805762,3.5013849266648025,0.0,0.088,39536456.152,0,0.0,none,-
tuesday,305,46645.08418910322,492574.2931372559,66,66,0.33884297520661155,142.69690443193,2.699902483590222,0.0,0.08,11082517.322,0,0.0,none,-
tuesday,306,66590.22026862882,872665.1106144862,99,99,0.2868217054263566,193.721686970006,3.4812616007587254,0.004,0.072,12830986.2,0,0.0,none,-
tuesday,307,65068.1852889276,1211967.7544591932,94,94,0.20359281437125748,198.55955277612003,3.124049949898575,0.002,0.066,26486406.204,0,0.0,none,-
tuesday,308,50362.505883520585,1126456.361321158,93,93,0.2887323943661972,181.54727886828,3.3276833542189026,0.0,0.08,18278272.022,0,0.0,none,-
tuesday,309,53415.652486637104,432278.7150579105,95,95,0.3283582089552239,197.79475545006198,3.3486161353486033,0.0,0.086,18291092.774,0,0.0,none,-
tuesday,310,49491.41013467533,1360002.3149519009,76,76,0.28440366972477066,157.192390956402,2.9138814677145777,0.0,0.06,9221924.902,0,0.0,none,-
tuesday,311,87479.45566727559,2394354.229294465,114,114,0.31521739130434784,233.035216017472,3.848839784888104,0.0,0.114,26769500.67,0,0.0,none,-
tuesday,312,66089.46850196649,1627487.1018375459,75,75,0.35772357723577236,160.31080637430802,2.8899928038867833,0.0,0.086,10800148.112,0,0.0,none,-
tuesday,313,64773.75307364587,1103604.4552158483,71,71,0.2642857142857143,161.58191588652,2.7883840419368955,0.0,0.072,7198971.548,0,0.0,none,-
tuesday,314,80372.64845734226,1544571.4775424618,83,83,0.3113207547169811,147.72325751073998,2.8572971782622636,0.0,0.064,11017141.4,0,0.0,none,-
tuesday,315,30367.039246956192,592457.3730211663,50,50,0.3146067415730337,143.67316383026,2.186805352680417,0.0,0.054,5800607.722,0,0.0,none,-
tuesday,316,75253.95645027212,843033.727600041,92,92,0.3136094674556213,209.39196278119599,3.108271261558836,0.0,0.104,27769281.87,0,0.0,none,-
tuesday,317,56870.031323179144,877736.5008917158,88,88,0.2905405405405405,186.513941298544,3.2550353639741254,0.0,0.084,24674412.302,0,0.0,none,-
tuesday,318,59268.039869914435,850710.9042293903,64,64,0.3211009174311927,134.68884809213398,2.512118109496196,0.0,0.068,11668376.874,0,0.0,none,-
tuesday,319,82016.96764525694,1710931.6675905227,83,83,0.3076923076923077,150.439181076364,3.191209587817325,0.0,0.078,17684050.012,0,0.0,none,-
tuesday,320,56712.51603307467,991071.8823764062,76,76,0.2654320987654321,148.27849372021203,2.9207089428375963,0.0,0.084,8232465.546,0,0.0,none,-
tuesday,321,58113.476126440066,937032.5655621823,107,107,0.3142857142857143,183.71092575423398,3.654777594967551,0.0,0.086,27498858.214,0,0.0,none,-
tuesday,322,65609.72657811348,1445075.1244346376,76,76,0.3103448275862069,206.07187291536,3.262870676518318,0.0,0.07,27925173.386,0,0.0,none,-
tuesday,323,46220.779047344746,973800.6726907184,84,84,0.302158273381295,156.442592717816,3.2937174808662744,0.0,0.082,10355083.312,1,0.058,brute_force,TA0006 Credential Access / T1110.001 Password Guessing
tuesday,324,64982.86032714678,1439032.9942097405,66,66,0.312,157.75218342128,2.871808518240993,0.0,0.076,13351151.554,1,0.1,brute_force,TA0006 Credential Access / T1110.001 Password Guessing
tuesday,325,79732.5002481454,1525028.7607874495,113,113,0.2722772277227723,175.433010268874,3.8276425977055144,0.0,0.108,11290355.852,1,0.09,brute_force,TA0006 Credential Access / T1110.001 Password Guessing
tuesday,326,61858.980138011946,997692.8842572407,85,85,0.2833333333333333,165.95214583224,3.375218577995638,0.0,0.1,8483370.36,1,0.09,brute_force,TA0006 Credential Access / T1110.001 Password Guessing
tuesday,327,37994.34789572605,981760.5215804134,67,67,0.23770491803278687,139.58841116006,2.843535239376128,0.0,0.056,8738485.908,1,0.088,brute_force,TA0006 Credential Access / T1110.001 Password Guessing
tuesday,328,101437.03608915662,1804058.952547937,108,108,0.4945054945054945,197.61981258188,3.5988757860778233,0.0,0.178,10925146.978,1,0.072,brute_force,TA0006 Credential Access / T1110.001 Password Guessing
tuesday,329,31047.350318570374,335882.1695327356,49,49,0.18699186991869918,145.385174981208,2.4859096910917775,0.0,0.044,9156208.162,1,0.048,brute_force,TA0006 Credential Access / T1110.001 Password Guessing
tuesday,330,58442.68773675201,1374353.1127698482,60,60,0.27586206896551724,169.76562494151997,2.9075965493550524,0.0,0.062,11283943.66,1,0.06,brute_force,TA0006 Credential Access / T1110.001 Password Guessing
tuesday,331,60591.767581221284,1451527.4305416122,71,71,0.3973509933774834,157.93387695910002,2.9504264739019184,0.0,0.118,11998584.032,1,0.038,brute_force,TA0006 Credential Access / T1110.001 Password Guessing
tuesday,332,63662.47115594581,933695.3712923501,136,136,0.32727272727272727,215.20264880309998,3.8806178656593593,0.0,0.106,8005816.872,1,0.022,brute_force,TA0006 Credential Access / T1110.001 Password Guessing
tuesday,333,97421.29647453822,1565580.9680480668,119,119,0.3802083333333333,193.559956363402,3.5147691898892415,0.0,0.144,5519829.318,1,0.02,brute_force,TA0006 Credential Access / T1110.001 Password Guessing
tuesday,334,33468.797067351974,227760.0165692764,42,42,0.3299492385786802,219.925143713032,1.9068411823838374,0.002,0.128,6013714.498,1,0.026,brute_force,TA0006 Credential Access / T1110.001 Password Guessing
tuesday,335,120347.20088419996,2317709.424771264,138,138,0.39215686274509803,220.624132561072,3.8954007786226477,0.0,0.158,10753282.664,1,0.02,brute_force,TA0006 Credential Access / T1110.001 Password Guessing
tuesday,336,35595.81914593647,793428.2406036968,52,52,0.2823529411764706,136.31577769078,2.1703730743038285,0.0,0.046,3494682.178,1,0.014,brute_force,TA0006 Credential Access / T1110.001 Password Guessing
tuesday,337,33428.8966073092,838906.4147468858,49,49,0.17592592592592593,124.07240580702002,2.3134463252248327,0.0,0.036,3404092.866,1,0.02,brute_force,TA0006 Credential Access / T1110.001 Password Guessing
tuesday,338,78155.28753957732,1395705.9360054964,104,104,0.2872340425531915,190.899069682474,3.558902343961095,0.002,0.106,22437524.934,1,0.052,brute_force,TA0006 Credential Access / T1110.001 Password Guessing
tuesday,339,163796.28218897176,3596701.3428981095,162,162,0.6313131313131313,224.089401209736,4.152612299038898,0.0,0.248,2651479.484,1,0.022,brute_force,TA0006 Credential Access / T1110.001 Password Guessing
tuesday,340,82306.2871527881,1669121.385119321,100,100,0.4860335195530726,175.155114866214,3.274634360617035,0.002,0.172,16869645.772,1,0.044,brute_force,TA0006 Credential Access / T1110.001 Password Guessing
tuesday,341,35823.17492973525,564131.3372647929,71,71,0.1893939393939394,142.353022340142,2.9943485704706445,0.0,0.048,17569085.162,1,0.064,brute_force,TA0006 Credential Access / T1110.001 Password Guessing
tuesday,342,66800.60687412089,1407393.84552031,104,104,0.3867403314917127,186.823966080744,3.605107616004212,0.0,0.138,14625697.19,1,0.08,brute_force,TA0006 Credential Access / T1110.001 Password Guessing
tuesday,343,80924.37613770986,1600124.8924070667,99,99,0.2872340425531915,169.215824466268,3.7082658221228635,0.0,0.106,15625129.512,1,0.076,brute_force,TA0006 Credential Access / T1110.001 Password Guessing
tuesday,344,52427.12497947646,597403.1900946044,89,89,0.29878048780487804,156.32594000473003,3.2940871845189603,0.0,0.096,18861110.002,1,0.082,brute_force,TA0006 Credential Access / T1110.001 Password Guessing
tuesday,345,39820.19493195445,884833.8528835987,66,66,0.3360655737704918,156.49866051764,2.6544117838516494,0.0,0.08,10663929.284,1,0.046,brute_force,TA0006 Credential Access / T1110.001 Password Guessing
tuesday,346,68978.86488609911,1474907.5177120497,143,143,0.2879581151832461,170.12830133098,4.140333986657006,0.0,0.108,6345828.482,1,0.06,brute_force,TA0006 Credential Access / T1110.001 Password Guessing
tuesday,347,30053.23720856823,416812.0460945592,58,58,0.23214285714285715,123.47995178432001,2.599356714328341,0.002,0.05,5403636.204,1,0.034,brute_force,TA0006 Credential Access / T1110.001 Password Guessing
tuesday,348,18145.06228078394,489936.0598688219,33,33,0.13636363636363635,118.58578284709999,1.986390216775849,0.0,0.022,3775945.19,1,0.018,brute_force,TA0006 Credential Access / T1110.001 Password Guessing
tuesday,349,77191.44993188888,1374805.202140854,107,107,0.19689119170984457,141.23239085214,3.877452876110147,0.0,0.074,13531883.438,1,0.048,brute_force,TA0006 Credential Access / T1110.001 Password Guessing
tuesday,350,42350.97166751258,767517.6098225656,53,53,0.25,126.521761794256,3.0020532039970984,0.0,0.086,18293024.894,1,0.084,brute_force,TA0006 Credential Access / T1110.001 Password Guessing
tuesday,351,35208.279393125755,472542.06430665473,36,36,0.6129032258064516,105.07430286421601,2.178956591584173,0.0,0.264,8707553.596,1,0.03,brute_force,TA0006 Credential Access / T1110.001 Password Guessing
tuesday,352,38946.79261302251,855381.3765261219,49,49,0.21782178217821782,137.12663808956,2.678508718912923,0.002,0.042,17169547.964,1,0.06,brute_force,TA0006 Credential Access / T1110.001 Password Guessing
tuesday,353,70777.32035058955,1020445.0741634328,73,73,0.4669603524229075,114.60934811301398,3.3440470906174955,0.002,0.21,21789026.84,1,0.11,brute_force,TA0006 Credential Access / T1110.001 Password Guessing
tuesday,354,16301.640774633777,308678.6948159966,39,39,0.22727272727272727,131.96532294824001,1.978823459487026,0.0,0.028,10178727.176,1,0.044,brute_force,TA0006 Credential Access / T1110.001 Password Guessing
tuesday,355,46383.64407998879,907727.9704941995,59,59,0.22807017543859648,151.985786025594,2.8047931646786846,0.0,0.05,14064952.38,1,0.026,brute_force,TA0006 Credential Access / T1110.001 Password Guessing
tuesday,356,27831.679597169616,537212.445219816,25,25,0.3055555555555556,146.40515684852002,1.7926013161981513,0.0,0.042,17282334.722,1,0.018,brute_force,TA0006 Credential Access / T1110.001 Password Guessing
tuesday,357,25140.055077705198,646319.349579998,41,41,0.39634146341463417,130.867575745664,2.4874839736122247,0.0,0.128,14434829.394,1,0.04,brute_force,TA0006 Credential Access / T1110.001 Password Guessing
tuesday,358,40582.06792514996,1042167.0101981015,95,95,0.425531914893617,130.950393665994,3.5728036580546316,0.0,0.158,11654905.838,1,0.062,brute_force,TA0006 Credential Access / T1110.001 Password Guessing
tuesday,359,51116.82216184263,779980.077452133,60,60,0.1557377049180328,166.940462684048,3.0979421554975453,0.0,0.036,34303966.546,1,0.078,brute_force,TA0006 Credential Access / T1110.001 Password Guessing
tuesday,360,41153.17634797854,652415.9343946173,89,89,0.39195979899497485,143.50391137148,3.140777976093019,0.0,0.154,15215596.576,1,0.044,brute_force,TA0006 Credential Access / T1110.001 Password Guessing
tuesday,361,64732.61367862157,709547.7544896477,80,80,0.31137724550898205,136.189070219346,3.2925444035350955,0.0,0.102,17525431.45,1,0.046,brute_force,TA0006 Credential Access / T1110.001 Password Guessing
tuesday,362,70490.74547376731,1136145.38484318,95,95,0.26262626262626265,168.863721027444,3.383598978932554,0.0,0.102,34290724.526,1,0.09,brute_force,TA0006 Credential Access / T1110.001 Password Guessing
tuesday,363,39787.5043285604,519674.5539267136,44,44,0.27927927927927926,114.59615429506,2.3615734093322986,0.0,0.06,9698015.934,1,0.054,brute_force,TA0006 Credential Access / T1110.001 Password Guessing
tuesday,364,46061.38702408273,745137.8415892147,59,59,0.4788732394366197,129.32680391306,2.6439774010689243,0.0,0.134,14232863.99,1,0.032,brute_force,TA0006 Credential Access / T1110.001 Password Guessing
tuesday,365,37873.94014131098,712910.3541578891,50,50,0.4105263157894737,125.57914603804,2.1511658882074416,0.0,0.076,12913697.032,1,0.018,brute_force,TA0006 Credential Access / T1110.001 Password Guessing
tuesday,366,44649.76825050303,497515.5311777354,77,77,0.28378378378378377,180.415819798348,3.327450900861601,0.0,0.082,6148972.738,1,0.06,brute_force,TA0006 Credential Access / T1110.001 Password Guessing
tuesday,367,56532.85912959441,1148654.6793003478,106,106,0.2865853658536585,152.80213513120802,3.788373950228488,0.0,0.092,8443135.146,1,0.038,brute_force,TA0006 Credential Access / T1110.001 Password Guessing
tuesday,368,26020.583396371127,616782.3268883073,28,28,0.225,108.7950455268,1.8349114050650392,0.0,0.034,5247615.47,1,0.012,brute_force,TA0006 Credential Access / T1110.001 Password Guessing
tuesday,369,77513.27917840981,816462.7353065669,98,98,0.19138755980861244,154.883737061614,3.5859166201382964,0.0,0.078,25576595.824,1,0.064,brute_force,TA0006 Credential Access / T1110.001 Password Guessing
tuesday,370,53409.670163631185,915135.8012954087,89,89,0.19393939393939394,158.2823586568,3.352899460289988,0.0,0.062,22696289.43,1,0.058,brute_force,TA0006 Credential Access / T1110.001 Password Guessing
tuesday,371,73282.0389380047,1053857.530029184,86,86,0.3526315789473684,184.55310460883197,3.2705922143692154,0.0,0.132,16638726.36,1,0.052,brute_force,TA0006 Credential Access / T1110.001 Password Guessing
tuesday,372,68124.32586658126,1186657.4098895076,87,87,0.335,149.542993993888,3.3305905494601813,0.002,0.132,38662740.7,1,0.134,brute_force,TA0006 Credential Access / T1110.001 Password Guessing
tuesday,373,27421.91662284412,828711.8472528029,47,47,0.3283582089552239,129.4832043362,2.292502713825595,0.0,0.042,17742378.174,1,0.046,brute_force,TA0006 Credential Access / T1110.001 Password Guessing
tuesday,374,66046.2574688849,741121.9061248215,115,115,0.33796296296296297,192.369043640872,4.006756232392949,0.0,0.144,15684595.524,1,0.094,brute_force,TA0006 Credential Access / T1110.001 Password Guessing
tuesday,375,30310.17536829714,594598.9968020088,53,53,0.2672413793103448,140.443765037762,2.778394171198183,0.0,0.06,14836898.508,1,0.104,brute_force,TA0006 Credential Access / T1110.001 Password Guessing
tuesday,376,20499.478453388856,240419.30283004188,23,23,0.07352941176470588,123.8683511358,1.679479597023071,0.0,0.008,6360777.574,1,0.032,brute_force,TA0006 Credential Access / T1110.001 Password Guessing
tuesday,377,7415.148245549174,493857.84350256453,25,25,0.22641509433962265,126.29479295054001,1.5426690970717867,0.0,0.022,4739414.766,1,0.012,brute_force,TA0006 Credential Access / T1110.001 Password Guessing
tuesday,378,28318.602195261235,797295.5357023183,46,46,0.14728682170542637,131.49864122698003,2.547953186429316,0.0,0.036,7124960.022,1,0.048,brute_force,TA0006 Credential Access / T1110.001 Password Guessing
tuesday,379,48263.420901905505,691024.6722031605,72,72,0.23076923076923078,155.820256575468,3.0997565883038827,0.0,0.07,14876936.214,1,0.052,brute_force,TA0006 Credential Access / T1110.001 Password Guessing
tuesday,380,80838.24990820518,2027271.7477092405,105,105,0.42953020134228187,216.3989378477,3.6270939948762764,0.0,0.126,7894815.188,1,0.046,brute_force,TA0006 Credential Access / T1110.001 Password Guessing
tuesday,381,26892.715138556407,204786.36306093392,52,52,0.22413793103448276,153.37846784156,2.535251256043673,0.0,0.05,30685977.384,1,0.042,brute_force,TA0006 Credential Access / T1110.001 Password Guessing
tuesday,382,34277.34660653994,1623951.9762730207,82,82,0.24203821656050956,182.02627506349998,3.4882222413769677,0.0,0.074,30841129.296,1,0.092,brute_force,TA0006 Credential Access / T1110.001 Password Guessing
tuesday,383,32646.444543297446,513535.44577888475,73,73,0.2978723404255319,142.406578297414,3.063908467379439,0.0,0.082,14843037.748,1,0.068,brute_force,TA0006 Credential Access / T1110.001 Password Guessing
tuesday,384,24267.264328938723,668295.346653945,43,43,0.2523364485981308,140.179638029954,2.4510394301918605,0.0,0.052,7814964.646,1,0.06,brute_force,TA0006 Credential Access / T1110.001 Password Guessing
tuesday,385,27734.68781390955,632022.32473608,42,42,0.09722222222222222,190.39903395806,2.358325781793051,0.0,0.026,4987616.72,1,0.034,brute_force,TA0006 Credential Access / T1110.001 Password Guessing
tuesday,386,40076.64298541373,373653.8984253848,55,55,0.18235294117647058,178.18192639122,2.5840521731935606,0.0,0.06,10675003.258,1,0.056,brute_force,TA0006 Credential Access / T1110.001 Password Guessing
tuesday,387,15236.122889641607,294072.8246018263,27,27,0.21495327102803738,129.29297204431998,2.063909990777145,0.0,0.044,14539564.984,1,0.05,brute_force,TA0006 Credential Access / T1110.001 Password Guessing
tuesday,388,44778.806464225745,897549.3398758497,57,57,0.24770642201834864,150.01772685972003,2.705439753766329,0.0,0.052,15587595.07,1,0.038,brute_force,TA0006 Credential Access / T1110.001 Password Guessing
tuesday,389,35500.834204802784,1023529.597053999,44,44,0.14414414414414414,115.99204620403401,2.554800654175062,0.0,0.03,7602449.082,1,0.046,brute_force,TA0006 Credential Access / T1110.001 Password Guessing
tuesday,390,43083.33776775955,719866.752804025,79,79,0.3615023474178404,142.01964391798,3.1828317762813283,0.002,0.152,23576765.442,1,0.08,brute_force,TA0006 Credential Access / T1110.001 Password Guessing
tuesday,391,32197.757881387635,636332.3888278931,69,69,0.2621951219512195,168.65697168607,3.2560008901966406,0.002,0.084,25647674.594,1,0.156,brute_force,TA0006 Credential Access / T1110.001 Password Guessing
tuesday,392,53722.446827758155,843183.0584064035,72,72,0.47580645161290325,139.32574496842,2.7584505758237263,0.0,0.116,17135164.22,1,0.034,brute_force,TA0006 Credential Access / T1110.001 Password Guessing
tuesday,393,46000.24775562796,1275455.1206747256,63,63,0.32786885245901637,162.0977021697,2.995201836018582,0.0,0.078,11171082.886,1,0.054,brute_force,TA0006 Credential Access / T1110.001 Password Guessing
tuesday,394,54111.69616639045,708301.6229918421,117,117,0.32941176470588235,196.97715287588602,3.8669443343153644,0.0,0.11,4053966.67,1,0.028,brute_force,TA0006 Credential Access / T1110.001 Password Guessing
tuesday,395,35326.20718909022,718082.6301383729,100,100,0.25,181.947117946974,3.8037778262420563,0.0,0.086,22951597.764,1,0.116,brute_force,TA0006 Credential Access / T1110.001 Password Guessing
tuesday,396,68968.36774802646,1251812.2963483124,125,125,0.35403726708074534,182.51398180246,4.138753047616146,0.0,0.112,8329508.094,1,0.05,brute_force,TA0006 Credential Access / T1110.001 Password Guessing
tuesday,397,92340.5054952195,2218654.5146969967,113,113,0.4381443298969072,154.476950980972,3.82933666995031,0.0,0.168,15490507.078,1,0.1,brute_force,TA0006 Credential Access / T1110.001 Password Guessing
tuesday,398,28720.929145766753,660392.2172937293,59,59,0.22058823529411764,154.02359362835998,2.9681328659721786,0.004,0.058,13037427.324,1,0.128,brute_force,TA0006 Credential Access / T1110.001 Password Guessing
tuesday,399,44943.09251740378,568721.3412783497,107,107,0.24867724867724866,186.43250799636,3.7428015128573815,0.0,0.092,13869149.21,1,0.084,brute_force,TA0006 Credential Access / T1110.001 Password Guessing
tuesday,400,49921.15877540095,2127770.283227103,86,86,0.22340425531914893,189.097554435414,3.6847980640451925,0.0,0.082,25181540.244,1,0.22,brute_force,TA0006 Credential Access / T1110.001 Password Guessing
tuesday,401,27029.57870751518,194083.27345569557,53,53,0.22429906542056074,126.48931005424399,2.4480926461299335,0.0,0.046,7853406.582,1,0.056,brute_force,TA0006 Credential Access / T1110.001 Password Guessing
tuesday,402,40744.30458882741,864550.5708919986,72,72,0.0718954248366013,156.843718664,3.123522303662689,0.0,0.02,8652980.338,1,0.104,brute_force,TA0006 Credential Access / T1110.001 Password Guessing
tuesday,403,35056.33088982607,988691.8605016853,51,51,0.25190839694656486,161.22199003132,2.5126634729672155,0.0,0.064,8848220.726,1,0.06,brute_force,TA0006 Credential Access / T1110.001 Password Guessing
tuesday,404,48560.07773521066,914263.675222388,63,63,0.288135593220339,178.72863653751998,2.809825969500986,0.004,0.066,25005829.566,1,0.036,brute_force,TA0006 Credential Access / T1110.001 Password Guessing
tuesday,405,56064.190878338144,1348070.3216788387,77,77,0.15757575757575756,141.332681473134,3.11108531089135,0.0,0.05,11894393.288,1,0.078,brute_force,TA0006 Credential Access / T1110.001 Password Guessing
tuesday,406,60770.28942612812,929890.4500512579,98,98,0.25888324873096447,145.55084567067001,3.372059001804558,0.0,0.1,18676595.686,1,0.076,brute_force,TA0006 Credential Access / T1110.001 Password Guessing
tuesday,407,39869.01163972087,984138.0320312319,81,81,0.26903553299492383,138.16345244818,3.343992528385538,0.0,0.104,20189575.006,1,0.064,brute_force,TA0006 Credential Access / T1110.001 Password Guessing
tuesday,408,70600.74118189565,1219926.92133627,92,92,0.2857142857142857,169.88581660171,3.414122847206081,0.0,0.114,32033474.22,1,0.12,brute_force,TA0006 Credential Access / T1110.001 Password Guessing
tuesday,409,34578.36729195988,686162.3516108531,70,70,0.2138364779874214,167.21892176423998,3.056907393482824,0.0,0.066,22283554.458,1,0.12,brute_force,TA0006 Credential Access / T1110.001 Password Guessing
tuesday,410,58365.64037910583,825376.5016115096,96,96,0.31976744186046513,137.67206665244,3.6238329917392655,0.0,0.108,17162605.296,1,0.12,brute_force,TA0006 Credential Access / T1110.001 Password Guessing
tuesday,411,31659.625633833915,929526.3096033204,57,57,0.23893805309734514,165.38374211628,2.652892846920528,0.0,0.052,6433348.916,1,0.06,brute_force,TA0006 Credential Access / T1110.001 Password Guessing
tuesday,412,79433.508980589,1748520.6448047494,89,89,0.35467980295566504,153.40304694666,3.5266360047870964,0.0,0.142,14702614.93,1,0.088,brute_force,TA0006 Credential Access / T1110.001 Password Guessing
tuesday,413,46886.572277860076,700726.0291367153,94,94,0.3368421052631579,178.02866411736602,3.503571174502078,0.0,0.126,23348158.714,1,0.066,brute_force,TA0006 Credential Access / T1110.001 Password Guessing
tuesday,414,60076.63520735343,1430103.1864565776,77,77,0.3945945945945946,169.99806007786003,3.3981498564088395,0.0,0.144,10645455.588,1,0.134,brute_force,TA0006 Credential Access / T1110.001 Password Guessing
tuesday,415,9165.457229871114,452254.6310429248,12,12,0.2962962962962963,106.35454807518,0.8294907412620398,0.0,0.014,3342040.032,0,0.002,none,-
tuesday,416,55245.535116493076,662546.0240900638,69,69,0.17613636363636365,126.53377690658,3.154060592185167,0.0,0.06,13081270.62,1,0.1,brute_force,TA0006 Credential Access / T1110.001 Password Guessing
tuesday,417,56671.40579852879,965264.4238817937,83,83,0.24516129032258063,165.46263099987002,3.5388347976331844,0.0,0.074,29105223.264,1,0.08,brute_force,TA0006 Credential Access / T1110.001 Password Guessing
tuesday,418,60048.30714743714,1794222.7216614939,90,90,0.36024844720496896,179.466826797504,3.403210601818575,0.0,0.114,14685938.452,0,0.0,none,-
tuesday,419,27903.574551533176,415920.7919650343,65,65,0.4827586206896552,148.09806303364797,2.722137006795595,0.0,0.11,15316870.382,0,0.0,none,-
tuesday,420,43248.391885896766,783815.4565675029,65,65,0.42342342342342343,141.56828103008,2.6933247543528434,0.0,0.092,10766653.912,0,0.0,none,-
tuesday,421,39960.60674414594,1218255.328322762,73,73,0.21138211382113822,205.51671634572003,2.892790194972322,0.0,0.05,7041109.91,0,0.0,none,-
tuesday,422,40321.07226818861,1664284.1397931466,67,67,0.2727272727272727,192.10171358668399,2.9881077173489934,0.002,0.058,22243190.458,0,0.0,none,-
tuesday,423,36472.316998915325,468468.019056551,59,59,0.23275862068965517,132.7276225609,2.5378530757290054,0.0,0.052,12242854.112,0,0.0,none,-
tuesday,424,33853.08277642539,933958.713788084,86,86,0.21379310344827587,149.19057343748,3.283749032722726,0.0,0.06,11361625.97,0,0.0,none,-
tuesday,425,40380.088828241234,887069.3508890042,74,74,0.2033898305084746,194.24399846168,2.8465697367595313,0.002,0.046,18463724.32,0,0.0,none,-
tuesday,426,52910.6985247913,504774.7262708489,70,70,0.2,149.32022267372002,2.6844946491020822,0.0,0.046,15180266.436,0,0.0,none,-
tuesday,427,79244.07742582863,709858.32796938,80,80,0.3482587064676617,143.30757485792,2.8832434196198276,0.0,0.138,10904218.632,0,0.0,none,-
tuesday,428,92282.94082233086,2020739.3736032466,127,127,0.40414507772020725,178.507024784306,3.528901573913126,0.0,0.154,2091894.92,0,0.0,none,-
tuesday,429,70537.51370475977,1116489.725590857,95,95,0.5562913907284768,140.854895663832,3.0644847277485168,0.0,0.166,2736011.942,0,0.0,none,-
tuesday,430,27761.31126500846,849158.165878031,42,42,0.24031007751937986,162.59701596114,2.092580575959354,0.0,0.06,4117971.606,0,0.0,none,-
tuesday,431,40864.62934852245,836184.8658996458,60,60,0.29381443298969073,215.873770313894,2.1361426888672232,0.0,0.112,9990504.544,0,0.0,none,-
tuesday,432,145264.81003404714,2843652.111103212,155,155,0.5909090909090909,212.801852305816,3.935098122642999,0.0,0.258,9646520.336,0,0.0,none,-
tuesday,433,158060.18252198273,4212434.53149184,157,157,0.7857142857142857,230.256531677848,3.9249613787701545,0.0,0.328,5535535.488,0,0.0,none,-
tuesday,434,109400.41538747223,1904197.9674603646,117,117,0.35175879396984927,190.011367524918,3.4422693466692262,0.0,0.138,47448532.022,0,0.0,none,-
tuesday,435,25945.441911058708,793735.1266683061,45,45,0.3333333333333333,144.559767097736,2.2175019494193307,0.0,0.05,29528761.876,0,0.0,none,-
tuesday,436,56844.74693653019,1333672.8418659875,63,63,0.4823529411764706,120.17331955948,2.8239534854437585,0.0,0.162,16027641.404,0,0.0,none,-
tuesday,437,19361.29424340143,309575.3442189845,27,27,0.16176470588235295,128.02173399888,1.6970896773645836,0.002,0.02,7364241.536,0,0.0,none,-
tuesday,438,44223.784668074266,1420516.0148883676,63,63,0.3114754098360656,152.49794326913397,2.8887759155254993,0.0,0.074,20332247.6,0,0.0,none,-
tuesday,439,26987.17710011848,396523.21083210263,43,43,0.3392857142857143,124.60808293998,2.2486904649077757,0.0,0.074,12061504.406,0,0.0,none,-
tuesday,440,64423.268719518484,1607865.7404209122,71,71,0.39751552795031053,159.27658507982002,3.084603827089726,0.002,0.126,36347750.932,0,0.0,none,-
tuesday,441,44807.38789162657,504453.35659653903,55,55,0.5636363636363636,129.15408564898,2.2413923419439916,0.0,0.122,21103502.108,0,0.0,none,-
tuesday,442,42699.99313254237,1057357.7745408348,53,53,0.29245283018867924,126.870741613,2.3797411712993504,0.002,0.06,10313300.332,0,0.0,none,-
tuesday,443,37302.91490648128,917192.2949551083,64,64,0.1889763779527559,258.853530364512,2.8397469695051347,0.0,0.046,21251542.708,0,0.0,none,-
tuesday,444,65032.15439225567,1660177.2897700372,80,80,0.2608695652173913,167.805304180856,3.1149859477474555,0.0,0.07,18487020.936,0,0.0,none,-
tuesday,445,54867.31257261124,888566.1035391546,78,78,0.46621621621621623,131.37529070129798,3.057998283201611,0.0,0.136,30054247.15,0,0.0,none,-
tuesday,446,44826.97533251355,1179822.336613466,51,51,0.38461538461538464,121.24016320387999,2.225805634218386,0.0,0.068,12270865.968,0,0.0,none,-
tuesday,447,81520.68546302315,1840828.5576100377,99,99,0.3942857142857143,160.264687598594,3.692613618825548,0.004,0.136,30362708.484,0,0.0,none,-
tuesday,448,68869.64950606503,885879.6718116656,87,87,0.37142857142857144,104.15736058493201,3.0135458305497362,0.0,0.102,9679370.218,0,0.0,none,-
tuesday,449,7625.987381563312,288657.1101560864,16,16,0.21428571428571427,111.92390968008,1.1198016234127548,0.0,0.016,2965231.948,0,0.0,none,-
tuesday,450,41698.58421608509,1101744.6598168192,42,42,0.21518987341772153,127.02223027776,2.0386478953851483,0.0,0.032,2337548.19,0,0.0,none,-
tuesday,451,54293.795469999255,2051632.3845050358,38,38,0.1118421052631579,178.14913526427404,2.4098318637009175,0.0,0.032,22862610.322,0,0.0,none,-
tuesday,452,104928.70752542712,1154201.7690507353,111,111,0.37320574162679426,131.582110921858,3.7278246976542646,0.0,0.154,44428623.44,0,0.0,none,-
tuesday,453,32464.058249997743,716247.3083683552,44,44,0.5543478260869565,132.64483626714,2.3249518167343437,0.0,0.1,8676588.9,0,0.0,none,-
tuesday,454,22923.082642016667,529364.6026036767,29,29,0.4444444444444444,112.94560571887399,1.4082947864949706,0.0,0.038,4283323.582,0,0.0,none,-
tuesday,455,60560.87389975857,1472374.0461802965,63,63,0.40350877192982454,164.164526369232,3.203903237265004,0.0,0.136,24753675.474,0,0.0,none,-
tuesday,456,57423.72839521563,1537401.643284315,66,66,0.4608695652173913,135.167332326672,2.6434302524621605,0.0,0.104,7376262.608,0,0.0,none,-
tuesday,457,35253.281687464405,1056875.818678766,51,51,0.22330097087378642,121.18614230281999,2.300642600812142,0.0,0.044,7665405.664,0,0.0,none,-
tuesday,458,38166.69094390572,1301881.2362052305,39,39,0.14634146341463414,120.4071941268,2.034222782002183,0.002,0.022,7419848.64,0,0.0,none,-
tuesday,459,52529.061799896044,879834.6409277044,81,81,0.29559748427672955,144.10680488339997,3.1147718213317397,0.002,0.092,37601943.256,0,0.0,none,-
tuesday,460,38887.90285650027,1133647.5812432452,77,77,0.3178294573643411,147.52444287264,3.078043013524992,0.0,0.08,15439801.85,0,0.0,none,-
tuesday,461,37480.51740623969,1332691.111780804,41,41,0.323943661971831,110.49235654368,2.091827822588071,0.0,0.044,5901250.24,0,0.0,none,-
tuesday,462,42459.71650271131,812271.4591552077,58,58,0.17346938775510204,133.60434795806,2.576722854222346,0.002,0.032,9925350.44,0,0.0,none,-
tuesday,463,23461.427883246757,1014612.1153856728,29,29,0.11940298507462686,146.18031393507403,1.7940004108142327,0.0,0.014,12390129.472,0,0.0,none,-
tuesday,464,92381.93879352577,1354303.1179746436,117,117,0.24378109452736318,150.584698185734,3.873994955218003,0.0,0.096,38684076.69,0,0.0,none,-
tuesday,465,39609.54008148018,1188299.5364703538,38,38,0.3939393939393939,114.07347337972,2.086349961848245,0.002,0.05,8833389.086,0,0.0,none,-
tuesday,466,43692.15725931124,899530.8726681689,70,70,0.37373737373737376,112.46568977896,2.706488046897287,0.0,0.072,5052511.696,0,0.0,none,-
tuesday,467,30918.06073236058,823358.1054925136,50,50,0.3191489361702128,165.19232569431404,2.4785202259694605,0.0,0.058,22806461.798,0,0.0,none,-
tuesday,468,49850.2766464394,1340597.7641865786,56,56,0.21428571428571427,119.654046388682,2.8029589789223963,0.0,0.052,17901809.138,0,0.0,none,-
tuesday,469,73127.96536619852,1251057.5973999633,73,73,0.41007194244604317,131.49659148461402,3.344132988317366,0.0,0.112,27849355.51,0,0.0,none,-
tuesday,470,36521.18759364666,1193377.5489652462,45,45,0.20833333333333334,124.463673356878,2.363735924441672,0.0,0.038,10070169.386,0,0.002,none,-
tuesday,471,55719.34817370373,1273111.0154035673,79,79,0.35514018691588783,165.20804338916003,3.2270048325277085,0.0,0.074,22219624.176,0,0.0,none,-
tuesday,472,38664.98260359412,1140312.7155474601,40,40,0.0967741935483871,127.42539006752,2.303694308145616,0.004,0.016,3818821.646,0,0.0,none,-
tuesday,473,27955.611822324674,561062.5125013937,38,38,0.18947368421052632,148.15694158525997,2.2406600634798206,0.0,0.034,9544452.846,0,0.0,none,-
tuesday,474,63860.760325209005,673471.4871629955,72,72,0.33986928104575165,165.172432940308,3.1560993241773447,0.0,0.102,28403506.968,0,0.0,none,-
tuesday,475,36988.79193852742,1229353.1350205285,61,61,0.37373737373737376,146.92413592740002,2.512283067909672,0.0,0.072,8347881.636,0,0.0,none,-
tuesday,476,76522.91700583952,2046261.8135792173,81,81,0.36885245901639346,152.510079400722,3.304014418204503,0.0,0.088,23508774.824,0,0.0,none,-
tuesday,477,35070.92884596528,552554.3018110977,69,69,0.3656716417910448,107.08996953946,2.7389557428318856,0.0,0.096,8726038.772,0,0.0,none,-
tuesday,478,27503.904059561424,585425.9576838629,36,36,0.11940298507462686,116.34808206141,1.8130558712515308,0.0,0.014,6025510.624,0,0.0,none,-
tuesday,479,84918.79641628874,1777429.8660767677,82,82,0.37423312883435583,176.029461118148,3.2781792520712254,0.0,0.12,20466558.78,0,0.0,none,-
tuesday,480,54815.70983109544,1041596.5115502549,69,69,0.3515625,138.75693677964398,3.2067489907478848,0.002,0.088,29995862.258,0,0.0,none,-
tuesday,481,26032.79162025662,1031604.032097238,37,37,0.4084507042253521,126.46875807272,1.8751569412619593,0.0,0.056,4689943.132,0,0.0,none,-
tuesday,482,51871.678953108305,1073336.0343115993,51,51,0.19469026548672566,126.523676926956,2.4882775279087754,0.002,0.042,6620306.614,0,0.0,none,-
tuesday,483,31853.950449425764,637606.7312636412,46,46,0.2839506172839506,130.8247297251,2.202729496642993,0.0,0.044,7659469.796,0,0.0,none,-
tuesday,484,29358.740087176757,566529.0891954034,32,32,0.12087912087912088,132.358276422708,2.0478749328691674,0.0,0.02,13082162.982,0,0.0,none,-
tuesday,485,58756.798024008844,788748.3267890067,83,83,0.3191489361702128,123.99573924756199,3.088179479362579,0.0,0.088,17129379.296,0,0.0,none,-
tuesday,486,40457.64002946424,935209.6400596823,44,44,0.35064935064935066,155.86033972771,2.221277706932654,0.0,0.052,17892216.824,0,0.0,none,-
tuesday,487,63601.18519679439,1717667.7646879193,56,56,0.25,128.69265495893998,2.8495019977416725,0.0,0.08,20732823.122,0,0.0,none,-
tuesday,488,57062.3868351974,700906.3102165534,60,60,0.22627737226277372,156.44460652332,2.714283264460026,0.002,0.06,11253736.696,0,0.0,none,-
tuesday,489,6042.344482062324,268159.1351817838,12,12,0.05357142857142857,134.45671596533998,1.2105134428431923,0.0,0.004,2599211.012,0,0.0,none,-
tuesday,490,25686.802834859664,630070.7789522483,36,36,0.11711711711711711,137.22952711262002,2.101181704824339,0.0,0.024,5711504.358,0,0.0,none,-
tuesday,491,27402.858388691224,281324.72862225724,43,43,0.1896551724137931,152.844050281654,2.044849625936313,0.0,0.042,5826928.408,0,0.0,none,-
tuesday,492,27826.766746720114,1028314.200378106,37,37,0.2876712328767123,115.58060753886,1.7906834938362393,0.0,0.04,3897079.264,0,0.0,none,-
tuesday,493,44012.54295508372,973535.9991797666,53,53,0.39080459770114945,131.47350020142002,2.163104473611425,0.0,0.066,3490062.32,0,0.0,none,-
tuesday,494,119429.72108877674,1682722.9799027543,119,119,0.33540372670807456,126.51351661625999,3.5579558445704196,0.0,0.106,5434306.188,0,0.0,none,-
tuesday,495,83467.7649888821,1119265.8501678708,105,105,0.19594594594594594,129.17151211218,3.1632740460449034,0.0,0.056,6249263.688,0,0.0,none,-
tuesday,496,81743.77113388425,1009254.9260508894,112,112,0.272108843537415,111.05678009952001,3.434381475108219,0.0,0.078,4071083.932,0,0.0,none,-
tuesday,497,47601.22197747751,754645.7112420109,48,48,0.2465753424657534,96.855594092674,2.131119010576362,0.0,0.034,8520851.296,0,0.0,none,-
tuesday,498,90123.34747045921,1424038.6537706756,114,114,0.3128834355828221,126.803980803844,3.4674772133986047,0.0,0.1,13151520.248,0,0.0,none,-
tuesday,499,58477.566562774264,550164.5790694308,57,57,0.13131313131313133,89.930088538588,2.1920198376569866,0.0,0.024,8705207.724,0,0.0,none,-
tuesday,500,86710.41089229456,1753878.1956110361,105,105,0.37037037037037035,122.37668635230001,3.2201594032229837,0.0,0.098,4282325.208,0,0.0,none,-
tuesday,501,106582.14860517948,1794603.8537267088,131,131,0.39226519337016574,170.88714839425998,3.6848522678489166,0.0,0.14,8052390.594,0,0.0,none,-
tuesday,502,81912.40242114139,1350590.3509442464,101,101,0.33766233766233766,156.53289277202802,3.2785709769217406,0.002,0.102,27542833.154,0,0.0,none,-
tuesday,503,92810.93221650878,1109905.9170308013,101,101,0.38596491228070173,101.12683836081999,2.9483799602053886,0.0,0.13,14062488.61,0,0.0,none,-
tuesday,504,89199.4281538843,1634582.897358007,103,103,0.375,122.01317779737202,2.8605769813529927,0.0,0.106,10250984.026,0,0.0,none,-
tuesday,505,101086.93052410721,1435366.6747999259,120,120,0.4528301886792453,171.125684386118,3.281054237452226,0.0,0.142,22493172.708,0,0.0,none,-
tuesday,506,116591.32513829219,1558048.7982635084,120,120,0.4134078212290503,126.73517633944002,3.2649632409740574,0.0,0.146,12852340.546,0,0.0,none,-
tuesday,507,111989.71154069116,1709468.3498856535,144,144,0.34502923976608185,166.48478858869203,3.8578264867114127,0.0,0.116,4465647.736,0,0.0,none,-
tuesday,508,56420.07400580157,936908.2601529501,108,108,0.34057971014492755,120.86639466361999,3.275504840684913,0.0,0.092,9144711.176,0,0.0,none,-
tuesday,509,71854.96226806608,1109731.612819055,114,114,0.271523178807947,159.20883900674,3.5764265916226794,0.0,0.08,7947085.11,0,0.0,none,-
tuesday,510,59229.162954173116,909962.0831294616,101,101,0.26582278481012656,125.87864922294,3.1739456648711144,0.0,0.082,5094252.454,0,0.0,none,-
tuesday,511,88758.41833835552,2352805.795993506,116,116,0.47337278106508873,150.02176191236,3.3955146913755847,0.0,0.158,10239318.956,0,0.0,none,-
tuesday,512,55435.37923688805,1700359.076045241,113,113,0.474025974025974,144.0570572586,3.312023614402131,0.0,0.144,5244294.58,0,0.0,none,-
tuesday,513,67969.2703728968,4058911.3660188066,96,96,0.3401360544217687,185.601266579488,3.0726419639658324,0.0,0.098,10213750.92,0,0.0,none,-
tuesday,514,40722.56312139761,1176707.4750134663,48,48,0.42857142857142855,153.94255678766797,2.0640421846747627,0.0,0.064,11789021.59,0,0.0,none,-
tuesday,515,47584.46572926523,498569.1159107667,61,61,0.34285714285714286,154.47198798506602,2.4769201283122566,0.0,0.094,14715130.89,0,0.0,none,-
tuesday,516,62513.263242741836,954738.0977303052,113,113,0.19047619047619047,175.95956325166998,3.625417099176294,0.0,0.078,29264385.046,0,0.0,none,-
tuesday,517,94965.52927658439,1282521.3304348488,108,108,0.47878787878787876,182.09057363494603,3.1973644841027564,0.0,0.156,34871404.226,0,0.0,none,-
tuesday,518,55551.02921823219,505545.89289957215,75,75,0.3333333333333333,135.61067841155798,2.740260855681327,0.0,0.084,16630057.918,0,0.0,none,-
tuesday,519,52863.88500132161,859975.9529768105,105,105,0.3674698795180723,150.276359366544,3.5055066510163724,0.0,0.12,22518565.996,0,0.0,none,-
tuesday,520,36377.31150705136,638514.3814846746,90,90,0.4420289855072464,138.69092983015597,3.0991748653641547,0.0,0.12,12805137.854,0,0.0,none,-
tuesday,521,44143.901014655225,931629.3071313335,75,75,0.26717557251908397,168.061047113824,2.82828789655492,0.0,0.068,11672524.458,0,0.0,none,-
tuesday,522,48602.882817748476,1226694.2542782668,62,62,0.28735632183908044,150.43757480236,2.5290511020181246,0.0,0.048,13054786.796,0,0.0,none,-
tuesday,523,67122.98016870847,1066625.0117607208,97,97,0.44594594594594594,183.610542804368,3.068927476283755,0.0,0.13,42510421.11,0,0.0,none,-
tuesday,524,33959.09869715806,542440.5325896781,56,56,0.21,141.17835029674,2.35190425849756,0.0,0.04,9940652.408,0,0.0,none,-
tuesday,525,38655.613291687834,675960.7347234704,55,55,0.25225225225225223,159.24638019385998,2.510225743638534,0.0,0.054,14391528.284,0,0.0,none,-
tuesday,526,27826.468325946757,579201.3099315871,35,35,0.265625,125.52509883592,1.7371933404232984,0.0,0.032,4103129.72,0,0.0,none,-
tuesday,527,41161.022632636515,1019282.5018401288,48,48,0.25274725274725274,157.54292412550004,2.22072822595752,0.0,0.044,5626322.428,0,0.0,none,-
tuesday,528,37773.35351439062,342573.9477891758,64,64,0.2925170068027211,169.17371095565602,2.739727493544999,0.004,0.084,23306138.476,0,0.0,none,-
tuesday,529,51574.59733965347,708795.472474767,79,79,0.36231884057971014,173.90124936862,2.9406478092573973,0.0,0.098,38277568.596,0,0.0,none,-
tuesday,530,52597.62920364894,582463.7020728022,94,94,0.11009174311926606,176.38423118578,3.079241221309097,0.0,0.022,28029584.888,0,0.0,none,-
tuesday,531,21396.79468133638,417045.5859600676,33,33,0.38596491228070173,142.813088762852,1.6543173858661961,0.0,0.042,8340049.512,0,0.0,none,-
tuesday,532,48936.39669736843,620505.6888632587,61,61,0.34532374100719426,119.15393570644001,2.6200902797922074,0.0,0.094,12551172.53,0,0.0,none,-
tuesday,533,80024.26628038782,1290980.3208425432,83,83,0.3743016759776536,184.141218750736,3.072460134694165,0.0,0.132,21267762.82,0,0.0,none,-
tuesday,534,43532.18302427684,1022149.5300172115,70,70,0.34782608695652173,193.30209168406802,2.86459625074441,0.0,0.078,41663919.146,0,0.0,none,-
tuesday,535,71489.38369921915,1025636.5950537828,99,99,0.46551724137931033,168.50481143304,3.3653875748616935,0.0,0.16,19318173.082,0,0.0,none,-
tuesday,536,48692.98973480071,898336.1911076574,81,81,0.27419354838709675,187.91384967237198,3.07336474647056,0.0,0.066,21320747.612,0,0.0,none,-
tuesday,537,63172.84291243601,1935122.5873772502,93,93,0.24603174603174602,196.85801324774,3.395535609174101,0.002,0.06,17684835.554,0,0.0,none,-
tuesday,538,42320.12469064113,873589.9057692694,69,69,0.41379310344827586,145.3816990134,2.5157355232779546,0.002,0.07,11658035.672,0,0.0,none,-
tuesday,539,27035.50728302766,458017.06827128894,43,43,0.3333333333333333,134.59054218167998,1.8419078530112047,0.0,0.05,4466774.414,0,0.0,none,-
tuesday,540,73392.87530093336,900791.0372938331,94,94,0.375,204.24852710866,2.9215414391365897,0.0,0.106,13863007.616,0,0.0,none,-
tuesday,541,50173.13962319358,547519.859398487,78,78,0.3233082706766917,185.95085628763,2.9033764965630233,0.0,0.084,26307340.89,0,0.0,none,-
tuesday,542,40346.44472530982,328500.2455307295,56,56,0.21359223300970873,213.22623010287603,1.8763596838518584,0.0,0.086,13394533.482,0,0.0,none,-
tuesday,543,52709.36490587545,278064.6868752771,80,80,0.3194444444444444,154.307136456504,2.8277323110752364,0.002,0.09,15059044.446,0,0.0,none,-
tuesday,544,45063.977858336184,1034154.7195757208,39,39,0.09859154929577464,116.166920847594,1.9156710372676309,0.0,0.012,4846222.934,0,0.0,none,-
tuesday,545,43028.959217269556,968315.3965412258,59,59,0.19469026548672566,161.45403159416,2.359261953488483,0.002,0.042,6765824.006,0,0.0,none,-
tuesday,546,47453.773222831,915642.1798867797,58,58,0.31896551724137934,157.21100348732003,2.5729624994253393,0.0,0.072,24072733.452,0,0.0,none,-
tuesday,547,35946.1743155297,1058392.578390713,72,72,0.3006535947712418,198.67926969682,2.9034933621447054,0.0,0.09,27828235.826,0,0.0,none,-
tuesday,548,26003.54149754557,258039.77936142855,50,50,0.15454545454545454,145.287765759302,2.440106055729686,0.0,0.032,14720084.124,0,0.0,none,-
tuesday,549,27907.546517565686,332956.3293537003,53,53,0.41346153846153844,140.67748371535998,2.3432134689809954,0.0,0.084,9974060.57,0,0.0,none,-
tuesday,550,65419.5706812355,726820.5472433624,77,77,0.45774647887323944,119.390513913352,2.720220804184072,0.0,0.128,14464399.76,0,0.0,none,-
tuesday,551,53536.644514205516,1002085.7214946966,74,74,0.2962962962962963,162.215600517762,2.8902588069706607,0.002,0.094,34598501.942,0,0.0,none,-
tuesday,552,89709.58931003946,1840139.026988288,103,103,0.2937062937062937,182.065729838414,3.7848143867331494,0.0,0.082,28561669.312,0,0.0,none,-
tuesday,553,59526.23072205424,1095609.4111537132,89,89,0.4244604316546763,170.967539402402,2.9470098354264582,0.0,0.116,16731615.374,0,0.0,none,-
tuesday,554,54539.13737737513,880092.8683815801,121,121,0.10897435897435898,97.28704005691401,3.3863070710628693,0.0,0.032,6831680.364,0,0.008,none,-
tuesday,555,38721.050676938285,509036.442190344,143,143,0.006060606060606061,77.97362770734,3.6558897788974107,0.0,0.0,1939446.394,1,0.024,brute_force,TA0006 Credential Access / T1110.001 Password Guessing
tuesday,556,44563.717450328746,519520.59034996515,143,143,0.029940119760479042,63.361934116094005,3.5979388485167316,0.0,0.008,1701765.82,1,0.022,brute_force,TA0006 Credential Access / T1110.001 Password Guessing
tuesday,557,34951.107876950795,405654.1043647969,149,149,0.05389221556886228,63.171391469554,3.6973998482491357,0.0,0.016,2169150.322,1,0.02,brute_force,TA0006 Credential Access / T1110.001 Password Guessing
tuesday,558,40862.33428394935,424589.83734972525,124,124,0.02054794520547945,72.948051257654,3.22167812947596,0.0,0.004,1271884.872,1,0.024,brute_force,TA0006 Credential Access / T1110.001 Password Guessing
tuesday,559,43729.588779218626,417792.8565389455,141,141,0.024844720496894408,70.46213744897999,3.4650002344934308,0.0,0.006,1308115.988,0,0.008,none,-
tuesday,560,48685.64029321232,383363.3380549354,132,132,0.019867549668874173,62.840740565354004,3.3235535395981746,0.0,0.004,1440658.492,1,0.026,brute_force,TA0006 Credential Access / T1110.001 Password Guessing
tuesday,561,57734.48949261272,601451.4547774149,153,153,0.01935483870967742,73.996702214354,3.5931178756406936,0.0,0.004,1328736.738,0,0.008,none,-
tuesday,562,46020.425857657196,579711.6276746216,129,129,0.041379310344827586,71.643004952434,3.35624431608578,0.002,0.01,1713699.044,1,0.014,brute_force,TA0006 Credential Access / T1110.001 Password Guessing
tuesday,563,46943.47858072006,678336.6225465342,152,152,0.03409090909090909,67.52179857712001,3.7508997775867368,0.0,0.01,841296.848,1,0.018,brute_force,TA0006 Credential Access / T1110.001 Password Guessing
tuesday,564,48710.41781500231,400470.5416346971,155,155,0.023952095808383235,62.180452642999995,3.7105068660277745,0.0,0.006,1903078.766,0,0.01,none,-
tuesday,565,41609.847890127,454286.5443347943,150,150,0.01282051282051282,59.7399184732,3.5928291740807774,0.0,0.002,1533356.392,1,0.014,brute_force,TA0006 Credential Access / T1110.001 Password Guessing
tuesday,566,58365.7388327861,531255.0448729,133,133,0.041379310344827586,74.222751554268,3.328027786521832,0.0,0.01,1352796.862,1,0.018,brute_force,TA0006 Credential Access / T1110.001 Password Guessing
tuesday,567,40088.90951971181,524553.1589499498,156,156,0.03225806451612903,71.194594539474,3.8524856442101605,0.0,0.01,1756351.858,1,0.02,brute_force,TA0006 Credential Access / T1110.001 Password Guessing
tuesday,568,39504.86478508789,454274.95646981534,143,143,0.030303030303030304,69.901587244134,3.6457795189664584,0.0,0.008,1251641.866,1,0.026,brute_force,TA0006 Credential Access / T1110.001 Password Guessing
tuesday,569,52879.90788884534,469045.8845111513,139,139,0.025,60.81322299055999,3.458380621403122,0.0,0.006,990376.136,1,0.014,brute_force,TA0006 Credential Access / T1110.001 Password Guessing
tuesday,570,39252.35302409309,453114.06820918655,145,145,0.025,61.22503223863999,3.6050574252719034,0.0,0.006,1948648.252,1,0.018,brute_force,TA0006 Credential Access / T1110.001 Password Guessing
tuesday,571,46889.246606576875,507523.10052634706,127,127,0.03333333333333333,59.84050980064,3.2386778875405504,0.0,0.008,1451245.472,1,0.02,brute_force,TA0006 Credential Access / T1110.001 Password Guessing
tuesday,572,40710.961586772275,578058.6691844318,145,145,0.03067484662576687,60.135647224501994,3.52794689761878,0.0,0.008,1390576.61,1,0.014,brute_force,TA0006 Credential Access / T1110.001 Password Guessing
tuesday,573,44295.53867434381,499204.69034541585,145,145,0.03636363636363636,63.47961948226,3.6403991289011124,0.0,0.01,1657273.13,1,0.018,brute_force,TA0006 Credential Access / T1110.001 Password Guessing
tuesday,574,49578.72568421006,569732.4953725955,149,149,0.04487179487179487,80.9844005949,3.6246858505677695,0.0,0.012,1653837.002,1,0.014,brute_force,TA0006 Credential Access / T1110.001 Password Guessing
tuesday,575,43426.38490088603,529122.6309345997,145,145,0.03592814371257485,59.758757898940004,3.5877733586479357,0.0,0.01,1335328.25,1,0.028,brute_force,TA0006 Credential Access / T1110.001 Password Guessing
tuesday,576,43502.35459270552,464993.2449158272,144,144,0.03205128205128205,72.37820813859999,3.440347137635749,0.0,0.008,1009215.048,1,0.016,brute_force,TA0006 Credential Access / T1110.001 Password Guessing
tuesday,577,40214.358815771746,436443.7006817517,140,140,0.023952095808383235,68.87365496566,3.4967088487552775,0.0,0.006,1467665.668,1,0.028,brute_force,TA0006 Credential Access / T1110.001 Password Guessing
tuesday,578,40091.477456908244,457633.2491482509,136,136,0.03355704697986577,68.683856139468,3.3756363300627603,0.0,0.008,2269306.55,1,0.016,brute_force,TA0006 Credential Access / T1110.001 Password Guessing
tuesday,579,35738.53607281624,515130.5812619586,124,124,0.027210884353741496,62.549974352839996,3.103874458036807,0.0,0.006,854751.272,1,0.016,brute_force,TA0006 Credential Access / T1110.001 Password Guessing
tuesday,580,48401.57308690921,571523.3676980126,130,130,0.050955414012738856,61.00318991542,3.2990001791766934,0.0,0.014,1556282.16,1,0.022,brute_force,TA0006 Credential Access / T1110.001 Password Guessing
tuesday,581,51144.07671407357,880979.8248487641,126,126,0.03424657534246575,70.67904753961999,3.2927625711248263,0.0,0.008,1786650.71,0,0.006,none,-
tuesday,582,32966.20304446199,587114.0640151667,129,129,0.03289473684210526,61.183906647380006,3.275041562009605,0.0,0.008,698924.534,1,0.014,brute_force,TA0006 Credential Access / T1110.001 Password Guessing
tuesday,583,50973.760734644624,393824.5843296567,150,150,0.0375,62.889660917300006,3.6346338918198065,0.0,0.01,1611028.782,1,0.022,brute_force,TA0006 Credential Access / T1110.001 Password Guessing
tuesday,584,40517.612596559375,365431.5872148703,130,130,0.05517241379310345,67.34105260008,3.318392054492536,0.0,0.014,2026679.564,1,0.014,brute_force,TA0006 Credential Access / T1110.001 Password Guessing
tuesday,585,43357.019960391895,563136.26925612,130,130,0.012903225806451613,58.15785847750001,3.3689050804581573,0.0,0.002,1602429.314,1,0.018,brute_force,TA0006 Credential Access / T1110.001 Password Guessing
tuesday,586,53289.1772834723,528919.574599061,163,163,0.046242774566473986,64.80127887292001,3.947918654826112,0.0,0.014,1419689.274,1,0.018,brute_force,TA0006 Credential Access / T1110.001 Password Guessing
tuesday,587,33374.79759483635,440612.9121868956,143,143,0.024242424242424242,64.04629664862,3.5249577076056102,0.0,0.006,980912.638,1,0.022,brute_force,TA0006 Credential Access / T1110.001 Password Guessing
tuesday,588,34320.23864559552,382436.8114034154,137,137,0.036585365853658534,62.83014046376,3.389970722503378,0.0,0.01,1295701.876,1,0.014,brute_force,TA0006 Credential Access / T1110.001 Password Guessing
tuesday,589,58660.509269531714,589992.8937944466,150,150,0.03205128205128205,65.87648621692,3.6097286738108236,0.0,0.008,1687661.964,0,0.01,none,-
tuesday,590,37826.96139921294,484657.6552059978,135,135,0.028169014084507043,65.98495775106,3.3075775870753406,0.0,0.006,1727253.97,1,0.016,brute_force,TA0006 Credential Access / T1110.001 Password Guessing
tuesday,591,43194.359941320545,685194.9593216281,134,134,0.05673758865248227,79.526303445718,3.372185849741965,0.0,0.014,1559092.988,1,0.014,brute_force,TA0006 Credential Access / T1110.001 Password Guessing
tuesday,592,41127.06022561231,563909.7467555858,142,142,0.044585987261146494,70.567585443388,3.5982889172516694,0.0,0.012,2285245.756,1,0.026,brute_force,TA0006 Credential Access / T1110.001 Password Guessing
tuesday,593,46896.36765993406,434654.5132441169,140,140,0.03424657534246575,63.655285700179995,3.447756690521289,0.0,0.008,2165613.026,1,0.02,brute_force,TA0006 Credential Access / T1110.001 Password Guessing
tuesday,594,51523.196346297605,385493.4487307168,151,151,0.011904761904761904,55.4165040435,3.642097088619165,0.0,0.002,1239380.032,1,0.012,brute_force,TA0006 Credential Access / T1110.001 Password Guessing
tuesday,595,51986.36000548187,619453.334568639,149,149,0.04516129032258064,71.77026203586,3.5159173106547508,0.0,0.012,1254318.028,1,0.012,brute_force,TA0006 Credential Access / T1110.001 Password Guessing
tuesday,596,55375.40446942476,516347.4328335085,141,141,0.026490066225165563,72.368882936988,3.474705452167342,0.0,0.006,1275737.188,1,0.016,brute_force,TA0006 Credential Access / T1110.001 Password Guessing
tuesday,597,35360.05833756491,470560.5536773716,142,142,0.024691358024691357,58.228597654619996,3.4807845704422524,0.0,0.006,1694291.974,1,0.026,brute_force,TA0006 Credential Access / T1110.001 Password Guessing
tuesday,598,33296.12068801472,519879.46815479436,135,135,0.033783783783783786,64.308316458286,3.2989214602447525,0.0,0.008,1531399.324,1,0.014,brute_force,TA0006 Credential Access / T1110.001 Password Guessing
tuesday,599,44136.479351821625,443116.67382292286,132,132,0.02112676056338028,63.7579819908,3.2486263089384027,0.0,0.004,1510697.83,1,0.012,brute_force,TA0006 Credential Access / T1110.001 Password Guessing
tuesday,600,42516.84792723261,420755.0594311709,136,136,0.033783783783783786,72.424372406834,3.386943484304286,0.0,0.008,1231357.752,1,0.016,brute_force,TA0006 Credential Access / T1110.001 Password Guessing
tuesday,601,43290.06183269432,520368.29304535745,160,160,0.05142857142857143,55.50157527592,3.783542959341065,0.0,0.016,1665723.414,0,0.01,none,-
tuesday,602,44657.98935709919,595007.905015833,127,127,0.027586206896551724,77.04716569286,3.174766626293035,0.0,0.006,1892792.566,1,0.022,brute_force,TA0006 Credential Access / T1110.001 Password Guessing
tuesday,603,45822.93531865682,485818.2361018952,155,155,0.029940119760479042,58.254767966656,3.6576267290485562,0.0,0.008,1449823.306,1,0.016,brute_force,TA0006 Credential Access / T1110.001 Password Guessing
tuesday,604,42957.2939446732,754587.7100784712,135,135,0.02054794520547945,72.97828241196,3.338897656940329,0.0,0.004,2010297.664,1,0.012,brute_force,TA0006 Credential Access / T1110.001 Password Guessing
tuesday,605,37576.22462566401,517272.8494625965,125,125,0.007407407407407408,75.25021742472,3.1242532022329192,0.0,0.0,1427361.754,1,0.02,brute_force,TA0006 Credential Access / T1110.001 Password Guessing
tuesday,606,52168.28957442607,464842.3439817817,147,147,0.03164556962025317,58.39352492618,3.607256765833231,0.0,0.008,1529742.478,1,0.016,brute_force,TA0006 Credential Access / T1110.001 Password Guessing
tuesday,607,40910.74103194147,510845.34323700523,129,129,0.02097902097902098,69.56007295916,3.1351388186435383,0.0,0.004,956196.858,1,0.014,brute_force,TA0006 Credential Access / T1110.001 Password Guessing
tuesday,608,38578.55988909516,448036.1430636249,140,140,0.05263157894736842,73.340070067342,3.4096697087618386,0.0,0.014,1434425.226,1,0.018,brute_force,TA0006 Credential Access / T1110.001 Password Guessing
tuesday,609,49023.60522768198,499173.91506766,150,150,0.012269938650306749,58.16707619078,3.6711913661329625,0.0,0.002,1269687.41,1,0.02,brute_force,TA0006 Credential Access / T1110.001 Password Guessing
tuesday,610,51461.182147911146,411159.25642861484,146,146,0.019736842105263157,63.12752290222,3.56176147691282,0.0,0.004,1613789.756,1,0.024,brute_force,TA0006 Credential Access / T1110.001 Password Guessing
tuesday,611,39404.05069061023,532510.3060343938,142,142,0.018633540372670808,68.39782343766,3.5769490053408957,0.0,0.004,1852794.56,1,0.026,brute_force,TA0006 Credential Access / T1110.001 Password Guessing
tuesday,612,39595.65340007094,680248.7969937258,125,125,0.03007518796992481,74.8112960337,3.16145527852795,0.0,0.006,752807.64,1,0.012,brute_force,TA0006 Credential Access / T1110.001 Password Guessing
tuesday,613,37575.32877319214,553959.0833785561,147,147,0.018633540372670808,66.52589634146,3.6444931385375723,0.0,0.004,2212378.612,1,0.02,brute_force,TA0006 Credential Access / T1110.001 Password Guessing
tuesday,614,36267.655475579035,511369.0727546235,133,133,0.046052631578947366,64.52312448484001,3.3919045516078166,0.0,0.012,1823635.472,1,0.026,brute_force,TA0006 Credential Access / T1110.001 Password Guessing
tuesday,615,47171.30431843558,369089.71860441816,161,161,0.011428571428571429,61.9153312272,3.7663006521993783,0.0,0.002,2242493.774,1,0.022,brute_force,TA0006 Credential Access / T1110.001 Password Guessing
tuesday,616,43754.26737966771,399481.27280358,137,137,0.012903225806451613,60.0236444016,3.419444646088732,0.0,0.002,1761444.72,1,0.024,brute_force,TA0006 Credential Access / T1110.001 Password Guessing
tuesday,617,42450.19135275773,414684.61960509303,145,145,0.024691358024691357,64.82509595927401,3.6462370078277635,0.0,0.006,1487075.416,1,0.024,brute_force,TA0006 Credential Access / T1110.001 Password Guessing
tuesday,618,37028.511599361416,617147.1001592921,135,135,0.028368794326241134,75.10327623058,3.3437989985574665,0.0,0.006,1719686.074,1,0.022,brute_force,TA0006 Credential Access / T1110.001 Password Guessing
tuesday,619,42016.88105363406,488285.6046377573,145,145,0.057692307692307696,63.885875103199986,3.5639278040704436,0.0,0.016,1907333.676,1,0.012,brute_force,TA0006 Credential Access / T1110.001 Password Guessing
tuesday,620,45783.91482073147,606603.3796394808,140,140,0.039473684210526314,69.04731610234,3.4939347000575687,0.0,0.01,1394334.948,1,0.024,brute_force,TA0006 Credential Access / T1110.001 Password Guessing
tuesday,621,56674.176374823364,540830.3541133067,152,152,0.04375,70.28808691638001,3.5778184624745624,0.0,0.012,1461046.062,0,0.01,none,-
tuesday,622,44262.067051909944,674633.866030476,134,134,0.03597122302158273,75.3386686533,3.3182820950505656,0.0,0.008,1121712.608,1,0.024,brute_force,TA0006 Credential Access / T1110.001 Password Guessing
tuesday,623,37481.79861101678,611102.011641886,147,147,0.028901734104046242,64.22183277486,3.5816068913535712,0.0,0.008,993370.846,1,0.012,brute_force,TA0006 Credential Access / T1110.001 Password Guessing
tuesday,624,49759.61787878716,373485.9228320638,136,136,0.01910828025477707,58.718440075859995,3.432147503417914,0.0,0.004,1239209.452,1,0.018,brute_force,TA0006 Credential Access / T1110.001 Password Guessing
tuesday,625,48047.258197187555,677419.9318684969,131,131,0.034013605442176874,65.97884956434,3.292545505814849,0.0,0.008,1744979.502,1,0.016,brute_force,TA0006 Credential Access / T1110.001 Password Guessing
tuesday,626,35573.62374867591,440654.5759570075,145,145,0.024691358024691357,60.24374778583999,3.5403394631612315,0.0,0.006,1226035.116,1,0.016,brute_force,TA0006 Credential Access / T1110.001 Password Guessing
tuesday,627,43756.65328505922,439770.77972011454,150,150,0.018292682926829267,73.97685605206,3.613886270005075,0.0,0.004,1927669.41,0,0.008,none,-
tuesday,628,41319.10135118517,671752.0981450314,151,151,0.03205128205128205,66.634702991114,3.6311412669269982,0.0,0.008,1083336.256,1,0.018,brute_force,TA0006 Credential Access / T1110.001 Password Guessing
tuesday,629,42129.08107893595,511713.7819972839,123,123,0.028169014084507043,74.78437884277999,3.1403891089365312,0.0,0.006,1290879.602,1,0.014,brute_force,TA0006 Credential Access / T1110.001 Password Guessing
tuesday,630,34348.38239713393,524662.1109545865,137,137,0.025157232704402517,63.9012051189,3.471059649061515,0.0,0.006,2106482.586,1,0.026,brute_force,TA0006 Credential Access / T1110.001 Password Guessing
tuesday,631,40916.546365748974,429440.9787791007,145,145,0.037037037037037035,54.296952394959995,3.4888009834635705,0.0,0.01,893911.216,0,0.01,none,-
tuesday,632,34226.36251371609,364826.0990972991,147,147,0.023668639053254437,63.48104748244,3.5288029536523746,0.0,0.006,638143.366,1,0.014,brute_force,TA0006 Credential Access / T1110.001 Password Guessing
tuesday,633,37192.36311203494,513871.0020199766,138,138,0.039735099337748346,67.94636214959999,3.437679307630648,0.0,0.01,1737907.716,1,0.022,brute_force,TA0006 Credential Access / T1110.001 Password Guessing
tuesday,634,41854.76242872326,588662.0635700285,127,127,0.022058823529411766,69.59238419328,3.1945306291530198,0.0,0.004,1764753.902,0,0.01,none,-
tuesday,635,46507.75839272414,597317.0561443168,140,140,0.046357615894039736,68.501721145794,3.472763290586668,0.0,0.012,870730.76,1,0.03,brute_force,TA0006 Credential Access / T1110.001 Password Guessing
tuesday,636,54114.92356317957,536345.1530772635,150,150,0.02631578947368421,74.55066794188001,3.518780234556334,0.0,0.006,902764.078,1,0.012,brute_force,TA0006 Credential Access / T1110.001 Password Guessing
tuesday,637,39420.055573041194,774776.6154500203,141,141,0.019867549668874173,73.29962313038,3.4000471153941634,0.0,0.004,1024901.112,1,0.016,brute_force,TA0006 Credential Access / T1110.001 Password Guessing
tuesday,638,41668.46173559555,410975.04414692015,137,137,0.033783783783783786,64.5313356118,3.284046422109184,0.0,0.008,1002413.15,0,0.01,none,-
tuesday,639,45194.176728848295,577612.9891609786,145,145,0.030303030303030304,73.218641392174,3.6194544810629052,0.0,0.008,1889492.258,1,0.018,brute_force,TA0006 Credential Access / T1110.001 Password Guessing
tuesday,640,49681.66249489045,610049.0328705725,155,155,0.025974025974025976,57.30967789881999,3.7019192934472116,0.0,0.006,1666263.354,0,0.01,none,-
tuesday,641,39645.55025855678,452060.79552461265,155,155,0.029940119760479042,57.237442771354004,3.6689059916429008,0.0,0.008,1548622.25,1,0.014,brute_force,TA0006 Credential Access / T1110.001 Password Guessing
tuesday,642,44261.096346318685,515882.303321789,152,152,0.023668639053254437,73.01586657243999,3.667938204971094,0.0,0.006,1552029.53,1,0.022,brute_force,TA0006 Credential Access / T1110.001 Password Guessing
tuesday,643,39469.43229546233,393224.7302938752,142,142,0.024691358024691357,64.440043954026,3.5424081828885843,0.0,0.006,940555.662,1,0.02,brute_force,TA0006 Credential Access / T1110.001 Password Guessing
tuesday,644,38497.720913695426,382368.48918788135,163,163,0.022598870056497175,71.55273702572,3.9286524136083,0.0,0.006,1751314.408,1,0.018,brute_force,TA0006 Credential Access / T1110.001 Password Guessing
tuesday,645,40115.28156554867,523705.6382780898,141,141,0.025974025974025976,67.36785640225999,3.413785910312714,0.0,0.006,772165.308,1,0.022,brute_force,TA0006 Credential Access / T1110.001 Password Guessing
tuesday,646,52661.582396587095,546761.7391153377,139,139,0.039735099337748346,58.148789654699996,3.411088561885748,0.0,0.01,1568967.788,1,0.018,brute_force,TA0006 Credential Access / T1110.001 Password Guessing
tuesday,647,40022.165544543925,505122.9233492992,140,140,0.05333333333333334,61.44895927442,3.468547562748313,0.0,0.014,1457629.074,1,0.018,brute_force,TA0006 Credential Access / T1110.001 Password Guessing
tuesday,648,44942.03050971857,556249.1102544542,135,135,0.0273972602739726,80.8751435104,3.362604856795187,0.0,0.006,1116045.63,1,0.014,brute_force,TA0006 Credential Access / T1110.001 Password Guessing
tuesday,649,38718.35387929833,521612.8252565783,138,138,0.032467532467532464,68.626258041194,3.397951988108751,0.0,0.008,2028963.272,1,0.02,brute_force,TA0006 Credential Access / T1110.001 Password Guessing
tuesday,650,42304.55806237896,409228.17587173876,130,130,0.04054054054054054,65.180156768854,3.3081301545759603,0.0,0.01,1840458.244,1,0.018,brute_force,TA0006 Credential Access / T1110.001 Password Guessing
tuesday,651,39197.954598088625,631408.8337776214,147,147,0.025477707006369428,67.43377887793399,3.4742175957323074,0.0,0.006,1306946.39,1,0.016,brute_force,TA0006 Credential Access / T1110.001 Password Guessing
tuesday,652,39875.341249640645,534175.7765655243,133,133,0.018867924528301886,60.737063499394004,3.4442033797872265,0.0,0.004,1498675.036,1,0.03,brute_force,TA0006 Credential Access / T1110.001 Password Guessing
tuesday,653,51719.08832381977,510686.4934186477,133,133,0.034482758620689655,70.34147561920001,3.2738995865005105,0.0,0.008,1742469.516,1,0.014,brute_force,TA0006 Credential Access / T1110.001 Password Guessing
tuesday,654,53954.6033540982,518814.7297087196,138,138,0.020134228187919462,67.708742129902,3.4123273136172703,0.0,0.004,2065377.808,1,0.018,brute_force,TA0006 Credential Access / T1110.001 Password Guessing
tuesday,655,40887.1739103322,422956.3066849984,139,139,0.05,61.456203518680006,3.3877032097772615,0.0,0.014,1530171.566,1,0.014,brute_force,TA0006 Credential Access / T1110.001 Password Guessing
tuesday,656,49776.58990673509,571872.5970598789,128,128,0.03676470588235294,70.16043330416001,3.212973352209551,0.0,0.008,1959800.164,1,0.02,brute_force,TA0006 Credential Access / T1110.001 Password Guessing
tuesday,657,35100.38440725847,474367.8984292648,141,141,0.025,64.437595708634,3.4516850023233445,0.0,0.006,1732993.35,1,0.014,brute_force,TA0006 Credential Access / T1110.001 Password Guessing
tuesday,658,40769.070672541246,450377.75852355507,137,137,0.02631578947368421,72.4535285854,3.401955250024132,0.0,0.006,1694358.764,1,0.026,brute_force,TA0006 Credential Access / T1110.001 Password Guessing
tuesday,659,35619.584973593905,388554.53554980125,147,147,0.028735632183908046,58.36475132456,3.6521240084937574,0.0,0.008,1780030.178,1,0.024,brute_force,TA0006 Credential Access / T1110.001 Password Guessing
tuesday,660,35659.66309628539,426734.5074472383,139,139,0.034013605442176874,66.05431120857,3.4215226567826873,0.0,0.008,1225618.886,1,0.012,brute_force,TA0006 Credential Access / T1110.001 Password Guessing
tuesday,661,35406.39912976974,551071.072795102,124,124,0.03571428571428571,65.17043636686199,3.205576657187655,0.0,0.008,1712804.384,1,0.02,brute_force,TA0006 Credential Access / T1110.001 Password Guessing
tuesday,662,52341.616764734004,418877.10756338487,151,151,0.017543859649122806,57.880871365054,3.7234841911225374,0.0,0.004,1288458.536,1,0.014,brute_force,TA0006 Credential Access / T1110.001 Password Guessing
tuesday,663,45213.698449001466,566909.6438561672,147,147,0.03614457831325301,61.15158088304,3.5909386560478884,0.0,0.01,1696891.144,1,0.014,brute_force,TA0006 Credential Access / T1110.001 Password Guessing
tuesday,664,39168.815040223926,483083.8631056881,140,140,0.04294478527607362,64.70986219602,3.4437959820673223,0.0,0.012,827472.75,1,0.026,brute_force,TA0006 Credential Access / T1110.001 Password Guessing
tuesday,665,50656.058546682056,611900.9646309421,135,135,0.027586206896551724,65.09082454696,3.42726888656963,0.0,0.006,2142011.582,1,0.018,brute_force,TA0006 Credential Access / T1110.001 Password Guessing
tuesday,666,56867.929383832394,828375.8757726977,143,143,0.0379746835443038,66.240040096814,3.6638759229428643,0.0,0.01,2049949.102,1,0.018,brute_force,TA0006 Credential Access / T1110.001 Password Guessing
tuesday,667,39640.66197621252,468567.27207187604,126,126,0.02702702702702703,70.41493013508001,3.302858000323764,0.0,0.006,1970603.112,1,0.022,brute_force,TA0006 Credential Access / T1110.001 Password Guessing
tuesday,668,44853.45476248297,496802.97402798844,132,132,0.0728476821192053,60.565721247359996,3.3279886620038024,0.0,0.02,1459710.824,1,0.018,brute_force,TA0006 Credential Access / T1110.001 Password Guessing
tuesday,669,39793.00716535281,539636.2280127205,147,147,0.03125,71.01236702652,3.5759150832482023,0.0,0.008,1647851.144,1,0.02,brute_force,TA0006 Credential Access / T1110.001 Password Guessing
tuesday,670,50554.88367211042,625373.9653841406,140,140,0.02666666666666667,71.161158955914,3.4671665534651153,0.0,0.006,915553.478,1,0.014,brute_force,TA0006 Credential Access / T1110.001 Password Guessing
tuesday,671,51921.24597822136,416008.5190906963,142,142,0.03773584905660377,59.42852214976,3.4779797150397966,0.0,0.01,1382019.662,1,0.016,brute_force,TA0006 Credential Access / T1110.001 Password Guessing
tuesday,672,39829.15960284496,429975.2570340868,142,142,0.02,64.44793324644,3.33121531293805,0.0,0.004,1210343.74,1,0.018,brute_force,TA0006 Credential Access / T1110.001 Password Guessing
tuesday,673,41602.592812144845,606098.5629188707,139,139,0.027972027972027972,75.50739797752,3.396565426613761,0.0,0.006,1947788.27,1,0.02,brute_force,TA0006 Credential Access / T1110.001 Password Guessing
tuesday,674,44179.51783028774,404924.7880391053,133,133,0.014705882352941176,72.79010974006,3.297957257018929,0.0,0.002,1707893.512,1,0.012,brute_force,TA0006 Credential Access / T1110.001 Password Guessing
tuesday,675,40483.80292767161,589069.6149778378,156,156,0.0449438202247191,56.100770080098,3.8384813198821783,0.0,0.014,1104121.414,1,0.016,brute_force,TA0006 Credential Access / T1110.001 Password Guessing
tuesday,676,41696.96926569867,483318.64371899056,143,143,0.032679738562091505,64.31332187589999,3.431564703668088,0.0,0.008,1514725.238,1,0.014,brute_force,TA0006 Credential Access / T1110.001 Password Guessing
tuesday,677,50081.24779069972,538923.7645014849,140,140,0.01910828025477707,70.45370324291399,3.511163895024694,0.0,0.004,863101.904,1,0.022,brute_force,TA0006 Credential Access / T1110.001 Password Guessing
tuesday,678,42720.018212934105,425047.4278258238,148,148,0.024390243902439025,60.319277889826,3.6166300647691525,0.0,0.006,1320150.524,1,0.018,brute_force,TA0006 Credential Access / T1110.001 Password Guessing
tuesday,679,41421.762386134826,564574.330210346,140,140,0.012738853503184714,59.326344028879994,3.437135879113532,0.0,0.002,927254.64,1,0.016,brute_force,TA0006 Credential Access / T1110.001 Password Guessing
tuesday,680,33944.77161096018,476687.3157568103,140,140,0.018633540372670808,64.75555105309999,3.548842469525611,0.0,0.004,1020239.106,1,0.016,brute_force,TA0006 Credential Access / T1110.001 Password Guessing
tuesday,681,51048.81826061949,490302.569215525,166,166,0.022598870056497175,58.49807967422,3.87682515798756,0.0,0.006,2215093.436,1,0.018,brute_force,TA0006 Credential Access / T1110.001 Password Guessing
tuesday,682,36454.828097297774,555404.969532601,137,137,0.028735632183908046,68.062051904334,3.5696508380971617,0.0,0.008,1100605.634,1,0.018,brute_force,TA0006 Credential Access / T1110.001 Password Guessing
tuesday,683,39999.562058365525,420462.0170749516,141,141,0.03821656050955414,60.788515050774,3.4645462348744376,0.0,0.01,809510.43,1,0.018,brute_force,TA0006 Credential Access / T1110.001 Password Guessing
tuesday,684,54649.50904002969,609161.7300780452,132,132,0.034013605442176874,80.03776684662,3.359539179870179,0.0,0.008,1687048.924,1,0.012,brute_force,TA0006 Credential Access / T1110.001 Password Guessing
tuesday,685,45209.069706066366,479729.62951459066,142,142,0.03773584905660377,63.642602923700004,3.524437237647601,0.0,0.01,1260738.408,1,0.02,brute_force,TA0006 Credential Access / T1110.001 Password Guessing
tuesday,686,46510.347846526216,464235.80984562554,135,135,0.033783783783783786,73.332810349458,3.355746325510692,0.0,0.008,1232370.39,1,0.02,brute_force,TA0006 Credential Access / T1110.001 Password Guessing
tuesday,687,55008.374264770115,624308.8846690136,146,146,0.01948051948051948,56.7779711554,3.52263487646751,0.0,0.004,1072968.252,1,0.022,brute_force,TA0006 Credential Access / T1110.001 Password Guessing
tuesday,688,64698.03318268974,477072.1491520529,134,134,0.027972027972027972,63.54940056111399,3.329249114361719,0.0,0.006,1071086.33,1,0.016,brute_force,TA0006 Credential Access / T1110.001 Password Guessing
tuesday,689,34354.104521058696,544299.9641794304,150,150,0.030120481927710843,60.531356355514,3.624670301857841,0.0,0.008,393383.86,1,0.02,brute_force,TA0006 Credential Access / T1110.001 Password Guessing
tuesday,690,36781.56305448465,485153.6558093623,149,149,0.011976047904191617,64.26051909192,3.6483093997047504,0.0,0.002,1431785.17,1,0.024,brute_force,TA0006 Credential Access / T1110.001 Password Guessing
tuesday,691,39127.11507541277,453431.3726553165,132,132,0.03424657534246575,63.600134697760005,3.2684789167854476,0.0,0.008,1440468.63,0,0.004,none,-
tuesday,692,42593.13392231338,511352.69767557195,137,137,0.061224489795918366,78.12770598398,3.2532757525513123,0.0,0.016,977296.08,1,0.012,brute_force,TA0006 Credential Access / T1110.001 Password Guessing
tuesday,693,42855.93497386829,412085.8805479125,131,131,0.019867549668874173,64.25560576256001,3.3085675420866565,0.0,0.004,1591176.198,0,0.01,none,-
tuesday,694,47783.589609298855,595554.3437092585,152,152,0.041916167664670656,70.29401438868,3.813839889155097,0.0,0.012,1573633.992,1,0.018,brute_force,TA0006 Credential Access / T1110.001 Password Guessing
tuesday,695,37668.17393544696,526064.5088745921,160,160,0.017964071856287425,71.593106517554,3.800238421588155,0.0,0.004,1773345.966,1,0.016,brute_force,TA0006 Credential Access / T1110.001 Password Guessing
tuesday,696,34772.80764839716,495501.55097018526,134,134,0.020689655172413793,58.85536130066,3.282007774033902,0.0,0.004,884477.368,1,0.024,brute_force,TA0006 Credential Access / T1110.001 Password Guessing
tuesday,697,48164.11479059625,373630.05857496394,152,152,0.031055900621118012,67.874826068246,3.7428176867105103,0.0,0.008,2103176.082,1,0.012,brute_force,TA0006 Credential Access / T1110.001 Password Guessing
tuesday,698,27841.491620908382,479784.88376745343,121,121,0.0364963503649635,74.3907707536,3.0372158257385924,0.0,0.008,989728.482,1,0.012,brute_force,TA0006 Credential Access / T1110.001 Password Guessing
tuesday,699,36951.04161570564,849230.5631258123,130,130,0.013071895424836602,57.912923832674004,3.23246802521434,0.0,0.002,1403297.44,0,0.006,none,-
tuesday,700,51752.885786752966,833058.5232462836,131,131,0.012987012987012988,59.6999914285,3.3469707309081063,0.002,0.002,1266164.964,1,0.016,brute_force,TA0006 Credential Access / T1110.001 Password Guessing
tuesday,701,51496.228277350456,517867.3535714533,146,146,0.0189873417721519,77.25538679458,3.622156527981825,0.0,0.004,1337981.874,1,0.014,brute_force,TA0006 Credential Access / T1110.001 Password Guessing
tuesday,702,49512.11227243091,592556.309751846,135,135,0.04375,62.836853429739996,3.4368601603368854,0.0,0.012,651725.9,1,0.024,brute_force,TA0006 Credential Access / T1110.001 Password Guessing
tuesday,703,43084.00086777128,371622.87166231306,161,161,0.01775147928994083,63.28220679733,3.835109684334717,0.0,0.004,1355845.198,1,0.012,brute_force,TA0006 Credential Access / T1110.001 Password Guessing
tuesday,704,49366.69321467578,572730.205273561,136,136,0.0375,68.15536110387998,3.49311206827928,0.0,0.01,873584.02,1,0.024,brute_force,TA0006 Credential Access / T1110.001 Password Guessing
tuesday,705,34772.635594116575,624244.4944855018,129,129,0.02,65.31156767742,3.241126308401814,0.002,0.004,1892198.066,1,0.016,brute_force,TA0006 Credential Access / T1110.001 Password Guessing
tuesday,706,54091.812625653976,595375.4509528917,144,144,0.013245033112582781,65.23047797222,3.5268674987750286,0.0,0.002,1313492.384,1,0.018,brute_force,TA0006 Credential Access / T1110.001 Password Guessing
tuesday,707,37599.95212487862,529032.2636858922,144,144,0.024390243902439025,65.50291436454,3.599277712611954,0.0,0.006,1477833.628,1,0.02,brute_force,TA0006 Credential Access / T1110.001 Password Guessing
tuesday,708,43540.166429289326,537292.583207711,152,152,0.012422360248447204,65.61490781773999,3.6885652609820934,0.0,0.002,751172.244,1,0.016,brute_force,TA0006 Credential Access / T1110.001 Password Guessing
tuesday,709,59105.44210455312,641565.9766522322,127,127,0.058394160583941604,64.17266024572,3.2374529931676306,0.0,0.014,340153.082,1,0.012,brute_force,TA0006 Credential Access / T1110.001 Password Guessing
tuesday,710,38668.55430600276,441829.13178464153,137,137,0.018633540372670808,62.88022800694,3.4071075537327724,0.0,0.004,825094.846,1,0.014,brute_force,TA0006 Credential Access / T1110.001 Password Guessing
tuesday,711,34309.439679878546,473256.3763925383,136,136,0.04225352112676056,67.98461991845,3.280230383464716,0.0,0.01,2067781.872,1,0.014,brute_force,TA0006 Credential Access / T1110.001 Password Guessing
tuesday,712,40420.73159872486,573813.3235676048,123,123,0.04285714285714286,63.009619618314,3.1309281698245046,0.0,0.01,1072754.36,1,0.014,brute_force,TA0006 Credential Access / T1110.001 Password Guessing
tuesday,713,42554.00889203263,674959.6506724203,153,153,0.023668639053254437,68.72219890555401,3.7562039946708774,0.0,0.006,1061514.11,1,0.022,brute_force,TA0006 Credential Access / T1110.001 Password Guessing
tuesday,714,45949.44401771076,429768.72337635106,146,146,0.023529411764705882,64.16220198118,3.5840975389291714,0.0,0.006,749795.614,1,0.026,brute_force,TA0006 Credential Access / T1110.001 Password Guessing
tuesday,715,37236.956212687954,535581.4407361859,160,160,0.02531645569620253,61.64578915178,3.738581853400844,0.0,0.006,1387622.082,1,0.014,brute_force,TA0006 Credential Access / T1110.001 Password Guessing
tuesday,716,39566.300771662834,395067.7812032619,131,131,0.032467532467532464,57.13491366796001,3.2306366829771616,0.0,0.008,1354222.862,1,0.018,brute_force,TA0006 Credential Access / T1110.001 Password Guessing
tuesday,717,42954.89378943719,574152.6806125655,135,135,0.006369426751592357,70.79559325685,3.4644165207256066,0.0,0.0,1745307.242,1,0.014,brute_force,TA0006 Credential Access / T1110.001 Password Guessing
tuesday,718,36232.59872664833,539048.9900664487,138,138,0.006369426751592357,63.55322480211401,3.4734652193893787,0.0,0.0,1579085.456,1,0.018,brute_force,TA0006 Credential Access / T1110.001 Password Guessing
tuesday,719,45265.03964205316,378326.8691443619,140,140,0.02666666666666667,71.454148076992,3.491117080981934,0.0,0.006,1147230.882,1,0.03,brute_force,TA0006 Credential Access / T1110.001 Password Guessing
tuesday,720,34403.645586936305,527638.4018598428,128,128,0.04861111111111111,73.200502068808,3.23105289760867,0.0,0.012,1519554.336,1,0.022,brute_force,TA0006 Credential Access / T1110.001 Password Guessing
tuesday,721,38717.99490919214,529931.3250139002,139,139,0.025806451612903226,71.04670847996,3.3581594754298445,0.0,0.006,1114508.57,0,0.008,none,-
tuesday,722,39259.12104756633,484139.6188540727,143,143,0.02,66.11489184073999,3.487970150317726,0.0,0.004,1322326.074,0,0.01,none,-
tuesday,723,40913.81428108775,449796.1844638313,143,143,0.012658227848101266,68.25658632855999,3.5765187733712676,0.0,0.002,1595532.052,1,0.022,brute_force,TA0006 Credential Access / T1110.001 Password Guessing
tuesday,724,31856.146745413498,498829.5398754385,125,125,0.055944055944055944,63.98617914916,3.2338448457145663,0.0,0.014,1667373.076,1,0.022,brute_force,TA0006 Credential Access / T1110.001 Password Guessing
tuesday,725,44026.05419310202,617084.1966637552,141,141,0.027210884353741496,80.165659236754,3.340535993092456,0.0,0.006,770628.874,0,0.008,none,-
tuesday,726,47492.80137929155,451146.4536847489,126,126,0.034013605442176874,57.78225978062,3.2032037808829337,0.0,0.008,1473321.346,1,0.022,brute_force,TA0006 Credential Access / T1110.001 Password Guessing
tuesday,727,50563.73851650435,390922.5638369559,158,158,0.02247191011235955,64.699015453714,3.81631114459631,0.0,0.006,1535883.178,1,0.016,brute_force,TA0006 Credential Access / T1110.001 Password Guessing
tuesday,728,39460.61892478871,523420.9418490987,139,139,0.02531645569620253,68.13892361010599,3.4355103297327885,0.0,0.006,1440048.422,1,0.016,brute_force,TA0006 Credential Access / T1110.001 Password Guessing
tuesday,729,33411.71260673861,467935.9151441744,115,115,0.04964539007092199,75.45656078414,3.117056854397023,0.0,0.012,2212080.808,1,0.016,brute_force,TA0006 Credential Access / T1110.001 Password Guessing
tuesday,730,45635.7682741369,514262.80498435034,123,123,0.027777777777777776,67.28459916759999,3.209559726132558,0.0,0.006,2133107.94,1,0.016,brute_force,TA0006 Credential Access / T1110.001 Password Guessing
tuesday,731,47910.77757548133,466457.655726604,135,135,0.028169014084507043,63.71931107765,3.2870540304021594,0.0,0.006,846537.194,1,0.012,brute_force,TA0006 Credential Access / T1110.001 Password Guessing
tuesday,732,35855.92602541666,453189.4997459384,143,143,0.018292682926829267,75.87743120504,3.4773280589514233,0.0,0.004,1479727.074,1,0.02,brute_force,TA0006 Credential Access / T1110.001 Password Guessing
tuesday,733,37800.86832894154,613237.131497298,137,137,0.02666666666666667,65.766135648408,3.4487001499082393,0.0,0.006,2162810.37,1,0.02,brute_force,TA0006 Credential Access / T1110.001 Password Guessing
tuesday,734,44451.438208970976,516941.71392057394,150,150,0.018867924528301886,58.754998865779996,3.561907506211406,0.0,0.004,1092927.502,1,0.024,brute_force,TA0006 Credential Access / T1110.001 Password Guessing
tuesday,735,49351.73907957885,477972.24003452464,138,138,0.02631578947368421,68.559762511,3.4180689985007993,0.0,0.006,2042948.69,1,0.012,brute_force,TA0006 Credential Access / T1110.001 Password Guessing
tuesday,736,43611.117579803824,739288.9286707499,121,121,0.034482758620689655,67.21443515784,3.1559758809871354,0.0,0.008,1322425.938,1,0.016,brute_force,TA0006 Credential Access / T1110.001 Password Guessing
tuesday,737,47624.12938109419,399626.5484303445,132,132,0.013793103448275862,66.20665828822,3.3480644953802896,0.0,0.002,2266400.986,1,0.018,brute_force,TA0006 Credential Access / T1110.001 Password Guessing
tuesday,738,46073.18658748498,551353.1265281384,137,137,0.025806451612903226,69.984993287094,3.496381846991583,0.0,0.006,1285369.196,1,0.026,brute_force,TA0006 Credential Access / T1110.001 Password Guessing
tuesday,739,42817.60474305951,540372.7335256513,146,146,0.043209876543209874,71.22649289169999,3.597029031028181,0.0,0.012,1302608.028,1,0.014,brute_force,TA0006 Credential Access / T1110.001 Password Guessing
tuesday,740,45784.08087542075,549921.6853207627,136,136,0.02,65.825084308174,3.3050850465743125,0.0,0.004,1385503.47,0,0.01,none,-
tuesday,741,53575.028426063254,733047.8057880647,134,134,0.02,63.422488242503995,3.339760027908093,0.0,0.004,1553517.134,1,0.014,brute_force,TA0006 Credential Access / T1110.001 Password Guessing
tuesday,742,33392.35946927998,451432.84046146285,143,143,0.03821656050955414,57.2968359661,3.3882009422581625,0.0,0.01,1121874.438,1,0.024,brute_force,TA0006 Credential Access / T1110.001 Password Guessing
tuesday,743,35084.54820261168,476238.4798728106,136,136,0.04054054054054054,62.44810489164,3.370040887714749,0.0,0.01,1323142.392,1,0.02,brute_force,TA0006 Credential Access / T1110.001 Password Guessing
tuesday,744,51018.0032964181,407932.7221867895,152,152,0.03067484662576687,66.746898264442,3.6435496833337604,0.0,0.008,1668317.684,1,0.018,brute_force,TA0006 Credential Access / T1110.001 Password Guessing
tuesday,745,49242.274751813624,432051.8234881235,146,146,0.030303030303030304,58.32176941506,3.553679430787006,0.0,0.008,827279.012,1,0.018,brute_force,TA0006 Credential Access / T1110.001 Password Guessing
tuesday,746,42482.97056465151,504594.5028444209,147,147,0.006535947712418301,70.18334250604,3.449210794595487,0.0,0.0,1162449.622,1,0.016,brute_force,TA0006 Credential Access / T1110.001 Password Guessing
tuesday,747,53926.79800352754,666887.5597280862,144,144,0.025806451612903226,67.15704326752,3.539247590026421,0.0,0.006,1632252.136,0,0.01,none,-
tuesday,748,41604.1895775852,521946.9799863726,139,139,0.030303030303030304,70.40698483158799,3.4137243331906353,0.0,0.008,994021.464,1,0.016,brute_force,TA0006 Credential Access / T1110.001 Password Guessing
tuesday,749,40391.78918316308,507618.5133468413,146,146,0.018633540372670808,62.32016127166,3.617716754731955,0.0,0.004,1255250.942,1,0.014,brute_force,TA0006 Credential Access / T1110.001 Password Guessing
tuesday,750,40631.02032026297,445077.83480787196,135,135,0.0410958904109589,66.96064347902,3.329667867196381,0.0,0.01,1694864.174,1,0.016,brute_force,TA0006 Credential Access / T1110.001 Password Guessing
tuesday,751,42611.041382215946,409142.4270668643,132,132,0.025477707006369428,63.681965618300005,3.3844154056914775,0.0,0.006,1308643.976,1,0.024,brute_force,TA0006 Credential Access / T1110.001 Password Guessing
tuesday,752,57415.6575640852,558259.6415639506,144,144,0.0379746835443038,61.76256021303999,3.573610459620224,0.0,0.01,1586718.95,1,0.014,brute_force,TA0006 Credential Access / T1110.001 Password Guessing
tuesday,753,48847.913615030826,412945.0852105967,139,139,0.019230769230769232,64.99071159678799,3.4556618454659933,0.0,0.004,1667177.544,1,0.02,brute_force,TA0006 Credential Access / T1110.001 Password Guessing
tuesday,754,48361.58805548519,485132.98249822797,165,165,0.034482758620689655,65.00419421219999,3.908586481469066,0.0,0.01,1554624.486,1,0.02,brute_force,TA0006 Credential Access / T1110.001 Password Guessing
tuesday,755,43897.62086035663,577578.351700688,130,130,0.03333333333333333,74.72949477328,3.2865584829439882,0.0,0.008,626578.17,1,0.022,brute_force,TA0006 Credential Access / T1110.001 Password Guessing
tuesday,756,35236.562516153026,452021.5871175834,137,137,0.026143790849673203,62.21987659534,3.452544746552997,0.0,0.006,1555519.274,1,0.018,brute_force,TA0006 Credential Access / T1110.001 Password Guessing
tuesday,757,49918.50273568486,504705.68991562043,148,148,0.03164556962025317,64.113467393076,3.6279891262812898,0.0,0.008,1475133.282,1,0.02,brute_force,TA0006 Credential Access / T1110.001 Password Guessing
tuesday,758,47278.82377540579,660684.3464333506,120,120,0.05185185185185185,63.88750091467401,3.041059921335232,0.0,0.012,1983210.856,1,0.02,brute_force,TA0006 Credential Access / T1110.001 Password Guessing
tuesday,759,48488.54164944424,564324.0344961486,144,144,0.013071895424836602,62.521210188073994,3.4756028182001337,0.0,0.002,1514565.488,1,0.012,brute_force,TA0006 Credential Access / T1110.001 Password Guessing
tuesday,760,53621.77148017936,621239.7282038056,144,144,0.03205128205128205,64.93688771028,3.5577334448635733,0.0,0.008,1782260.626,1,0.018,brute_force,TA0006 Credential Access / T1110.001 Password Guessing
tuesday,761,51376.9435372729,736049.5179573268,137,137,0.03821656050955414,71.384259800374,3.5136050963221503,0.0,0.01,1995779.486,1,0.016,brute_force,TA0006 Credential Access / T1110.001 Password Guessing
tuesday,762,51742.66749138957,507863.62887830805,146,146,0.012738853503184714,68.410771826754,3.5392366835597535,0.0,0.002,1278972.43,1,0.028,brute_force,TA0006 Credential Access / T1110.001 Password Guessing
tuesday,763,40331.57678029125,621687.8965235202,132,132,0.02142857142857143,64.7755657606,3.256075290035172,0.0,0.004,1545900.47,1,0.012,brute_force,TA0006 Credential Access / T1110.001 Password Guessing
tuesday,764,67990.70163930961,697440.9720430565,143,143,0.046357615894039736,68.24058381852,3.542145036185956,0.0,0.012,1663481.808,1,0.018,brute_force,TA0006 Credential Access / T1110.001 Password Guessing
tuesday,765,50966.46541909535,745300.9576764246,145,145,0.03184713375796178,65.04627762733399,3.5833880875739252,0.0,0.008,1629649.022,1,0.028,brute_force,TA0006 Credential Access / T1110.001 Password Guessing
tuesday,766,45544.14605953779,595230.769274972,144,144,0.006535947712418301,68.29262279625999,3.439572381447184,0.0,0.0,1072949.654,1,0.014,brute_force,TA0006 Credential Access / T1110.001 Password Guessing
tuesday,767,47049.473735251224,508012.63790217816,135,135,0.020134228187919462,75.43954905866,3.4161805054248084,0.0,0.004,1745519.496,0,0.01,none,-
tuesday,768,39550.14767477499,636706.3864797195,132,132,0.027972027972027972,76.15323682884,3.38494845816646,0.0,0.006,1595165.846,1,0.018,brute_force,TA0006 Credential Access / T1110.001 Password Guessing
tuesday,769,42855.734385074466,521716.00270826125,139,139,0.013333333333333334,60.643804478060005,3.430853961781901,0.0,0.002,1427656.868,1,0.024,brute_force,TA0006 Credential Access / T1110.001 Password Guessing
tuesday,770,44756.30442341097,490221.0521703366,145,145,0.03571428571428571,65.07373217294,3.564291620990031,0.0,0.01,1467002.606,1,0.016,brute_force,TA0006 Credential Access / T1110.001 Password Guessing
tuesday,771,49659.758614057944,504841.9304374225,131,131,0.020833333333333332,64.097641055438,3.3020622426023776,0.0,0.004,1380464.02,1,0.018,brute_force,TA0006 Credential Access / T1110.001 Password Guessing
tuesday,772,39965.962316251316,405079.868773535,137,137,0.02027027027027027,66.98307647754,3.399170075275224,0.0,0.004,2020644.962,1,0.016,brute_force,TA0006 Credential Access / T1110.001 Password Guessing
tuesday,773,34410.03776190977,444209.9305618825,146,146,0.012345679012345678,64.21609279396,3.562330130433949,0.0,0.002,1402169.434,1,0.026,brute_force,TA0006 Credential Access / T1110.001 Password Guessing
tuesday,774,60348.12957324162,451156.89591235947,129,129,0.043478260869565216,71.39843294175999,3.2325399001515223,0.0,0.01,1924181.574,0,0.008,none,-
tuesday,775,51918.831459908724,519393.38766254677,146,146,0.03289473684210526,76.82037513473999,3.552517933499762,0.0,0.008,1995842.81,1,0.012,brute_force,TA0006 Credential Access / T1110.001 Password Guessing
tuesday,776,37832.98054307534,664259.7676752207,141,141,0.023952095808383235,63.381244799912,3.567458733412714,0.0,0.006,973459.056,1,0.026,brute_force,TA0006 Credential Access / T1110.001 Password Guessing
tuesday,777,42946.55530012454,526256.6861164432,146,146,0.03164556962025317,69.07441106004,3.6339869961734825,0.0,0.008,1500376.986,1,0.018,brute_force,TA0006 Credential Access / T1110.001 Password Guessing
tuesday,778,44014.42856213911,492686.621162624,141,141,0.019230769230769232,61.77882319457999,3.5059443713521343,0.0,0.004,1104578.56,1,0.014,brute_force,TA0006 Credential Access / T1110.001 Password Guessing
tuesday,779,40250.08512193568,555285.6184360624,129,129,0.020689655172413793,73.539738103624,3.3859426018273853,0.0,0.004,2612384.626,1,0.02,brute_force,TA0006 Credential Access / T1110.001 Password Guessing
tuesday,780,49935.61531212473,442349.64530591085,132,132,0.019230769230769232,61.40027841968,3.3963406351581327,0.0,0.004,1432787.198,1,0.018,brute_force,TA0006 Credential Access / T1110.001 Password Guessing
tuesday,781,45992.11509978891,480294.2396730113,148,148,0.03125,64.09152340577799,3.6934432804879798,0.0,0.008,1785261.662,1,0.016,brute_force,TA0006 Credential Access / T1110.001 Password Guessing
tuesday,782,42492.10345238288,597815.7711878351,137,137,0.03896103896103896,68.1945698864,3.4013659773931852,0.0,0.01,1085573.852,1,0.016,brute_force,TA0006 Credential Access / T1110.001 Password Guessing
tuesday,783,51477.097708293375,560429.6757672991,142,142,0.045454545454545456,60.81445415918001,3.543897966541783,0.0,0.012,2373345.648,1,0.018,brute_force,TA0006 Credential Access / T1110.001 Password Guessing
tuesday,784,36989.12470626818,525937.757261868,143,143,0.049079754601226995,64.55367699946001,3.539810681031846,0.0,0.014,1414273.812,1,0.02,brute_force,TA0006 Credential Access / T1110.001 Password Guessing
tuesday,785,40855.14103011975,611497.8565503828,146,146,0.042682926829268296,63.68491714698,3.5444479036050396,0.0,0.012,1059786.084,1,0.022,brute_force,TA0006 Credential Access / T1110.001 Password Guessing
tuesday,786,27323.055545847004,508408.05148810043,127,127,0.04794520547945205,73.38434451694,3.191476904518866,0.0,0.012,1554754.532,1,0.014,brute_force,TA0006 Credential Access / T1110.001 Password Guessing
tuesday,787,45405.47961440769,638373.5627200487,127,127,0.028368794326241134,64.0556239559,3.234541099281536,0.0,0.006,1080959.794,1,0.018,brute_force,TA0006 Credential Access / T1110.001 Password Guessing
tuesday,788,35906.47213281523,442520.05639598705,129,129,0.03333333333333333,61.599407079694,3.323222089765313,0.0,0.008,1574794.434,1,0.022,brute_force,TA0006 Credential Access / T1110.001 Password Guessing
tuesday,789,47551.5026135304,522564.3394113846,146,146,0.025974025974025976,63.14109561,3.514099051070768,0.0,0.006,2071664.086,1,0.014,brute_force,TA0006 Credential Access / T1110.001 Password Guessing
tuesday,790,35507.22375706399,458349.50216478953,145,145,0.037267080745341616,57.608914757680004,3.5571269853679013,0.0,0.01,1351695.048,1,0.02,brute_force,TA0006 Credential Access / T1110.001 Password Guessing
tuesday,791,45237.18465487394,481141.8799522062,128,128,0.013793103448275862,80.081507441234,3.21484130227312,0.0,0.002,1194986.618,1,0.018,brute_force,TA0006 Credential Access / T1110.001 Password Guessing
tuesday,792,34442.537813973286,485817.13745512767,140,140,0.0379746835443038,72.7788733274,3.5039026265473145,0.0,0.01,1700669.966,1,0.02,brute_force,TA0006 Credential Access / T1110.001 Password Guessing
tuesday,793,38427.71140120296,468729.87032232294,149,149,0.03614457831325301,66.673990231378,3.655915993143947,0.0,0.01,1378032.316,1,0.022,brute_force,TA0006 Credential Access / T1110.001 Password Guessing
tuesday,794,41011.700510252944,407800.98797865515,148,148,0.049689440993788817,62.174002413851994,3.596267973158257,0.0,0.014,1921303.074,1,0.016,brute_force,TA0006 Credential Access / T1110.001 Password Guessing
tuesday,795,41021.27697749018,675467.4639001157,124,124,0.028368794326241134,72.40895140406,3.2243915276001633,0.0,0.006,1896574.73,1,0.028,brute_force,TA0006 Credential Access / T1110.001 Password Guessing
tuesday,796,49674.39750612889,476466.86885949253,148,148,0.03550295857988166,55.350500107765995,3.5953815419735573,0.0,0.01,1567483.782,0,0.01,none,-
tuesday,797,40857.40154251429,508226.47669371456,118,118,0.007194244604316547,77.77068937774,3.1574740305305053,0.0,0.0,1537383.778,1,0.024,brute_force,TA0006 Credential Access / T1110.001 Password Guessing
tuesday,798,38439.58811663159,461869.41999533965,130,130,0.03496503496503497,64.128437569982,3.266429106329105,0.0,0.008,2184226.414,1,0.02,brute_force,TA0006 Credential Access / T1110.001 Password Guessing
tuesday,799,43885.618701226354,418137.5040528722,140,140,0.013513513513513514,57.06389110506,3.397349706559699,0.0,0.002,1490875.77,1,0.022,brute_force,TA0006 Credential Access / T1110.001 Password Guessing
tuesday,800,38524.72646920174,413376.46115831734,147,147,0.030864197530864196,69.32151895932,3.5870996611080006,0.0,0.008,1445103.194,1,0.016,brute_force,TA0006 Credential Access / T1110.001 Password Guessing
tuesday,801,38654.67579400297,489743.9256415642,127,127,0.02127659574468085,61.57218860052001,3.0631603775334026,0.0,0.004,1705667.978,0,0.004,none,-
tuesday,802,43219.79805414136,487962.49852653005,146,146,0.06535947712418301,66.38247177369401,3.5086739335127577,0.0,0.018,1868870.38,1,0.018,brute_force,TA0006 Credential Access / T1110.001 Password Guessing
tuesday,803,37203.47169645233,419112.8318128488,130,130,0.046052631578947366,56.713267252804,3.265922570660581,0.0,0.012,1553325.316,1,0.02,brute_force,TA0006 Credential Access / T1110.001 Password Guessing
tuesday,804,44567.97829481744,594265.0982269995,137,137,0.046052631578947366,68.90645938938,3.4225997206438246,0.0,0.012,733489.006,1,0.016,brute_force,TA0006 Credential Access / T1110.001 Password Guessing
tuesday,805,42050.042742240075,431384.209232504,146,146,0.012269938650306749,63.47957229765999,3.5637849881213057,0.0,0.002,1582437.68,1,0.014,brute_force,TA0006 Credential Access / T1110.001 Password Guessing
tuesday,806,50688.321659756955,652739.0726086384,148,148,0.030120481927710843,65.293829915314,3.6101814797420984,0.0,0.008,1940877.326,0,0.008,none,-
tuesday,807,35050.291041177516,445470.2758432992,129,129,0.03355704697986577,65.3910655607,3.286562550239169,0.0,0.008,1944879.724,1,0.012,brute_force,TA0006 Credential Access / T1110.001 Password Guessing
tuesday,808,42025.55109271278,533468.846535842,124,124,0.02877697841726619,65.076162460338,3.201670993830141,0.0,0.006,1934323.462,1,0.032,brute_force,TA0006 Credential Access / T1110.001 Password Guessing
tuesday,809,51496.087990268185,501794.0487508495,131,131,0.014084507042253521,74.10607778730001,3.21943388477891,0.0,0.002,1387131.904,1,0.018,brute_force,TA0006 Credential Access / T1110.001 Password Guessing
tuesday,810,45538.69200263266,453749.17057821184,150,150,0.024242424242424242,59.68287444036,3.614076992851718,0.0,0.006,1504943.506,1,0.022,brute_force,TA0006 Credential Access / T1110.001 Password Guessing
tuesday,811,44072.42065792215,422339.16067329695,144,144,0.013333333333333334,61.871178747697996,3.4604114393174674,0.0,0.002,1618803.934,1,0.012,brute_force,TA0006 Credential Access / T1110.001 Password Guessing
tuesday,812,43436.498965784995,379490.3405630226,144,144,0.031055900621118012,60.781954021340006,3.5559231724471916,0.0,0.008,1592071.486,1,0.018,brute_force,TA0006 Credential Access / T1110.001 Password Guessing
tuesday,813,45563.14221962521,517160.96200560953,149,149,0.023809523809523808,61.97563903294,3.6492677481700673,0.0,0.006,1244147.402,1,0.02,brute_force,TA0006 Credential Access / T1110.001 Password Guessing
tuesday,814,36775.824436868636,575217.7479220349,146,146,0.0392156862745098,63.43279996663999,3.433807959669471,0.0,0.01,1707160.628,0,0.01,none,-
tuesday,815,43661.6788657375,396815.504197462,162,162,0.012121212121212121,60.508463535660006,3.7424787092610936,0.0,0.002,1376489.628,1,0.012,brute_force,TA0006 Credential Access / T1110.001 Password Guessing
tuesday,816,39023.33760194034,584867.5439384163,146,146,0.04216867469879518,69.2124268275,3.5761758309505174,0.002,0.012,1407182.584,1,0.018,brute_force,TA0006 Credential Access / T1110.001 Password Guessing
tuesday,817,33298.12405491711,455159.96872036264,136,136,0.040268456375838924,70.92341391880001,3.3005811364734,0.0,0.01,1441673.802,1,0.014,brute_force,TA0006 Credential Access / T1110.001 Password Guessing
tuesday,818,31585.128763680954,550809.7222527179,118,118,0.02097902097902098,67.928237859018,3.1435995857447177,0.0,0.004,1852094.582,1,0.018,brute_force,TA0006 Credential Access / T1110.001 Password Guessing
tuesday,819,43729.04512310879,449504.2083750456,152,152,0.02197802197802198,66.81018088321399,3.6733743644281684,0.0,0.006,688551.864,1,0.012,brute_force,TA0006 Credential Access / T1110.001 Password Guessing
tuesday,820,37599.0106707249,428684.6269354895,141,141,0.03289473684210526,66.146547283764,3.4324179465962494,0.0,0.008,824357.436,1,0.02,brute_force,TA0006 Credential Access / T1110.001 Password Guessing
tuesday,821,45069.45195970882,820483.5817488225,148,148,0.025157232704402517,72.50874520865999,3.6032922726021503,0.0,0.006,2299667.53,1,0.02,brute_force,TA0006 Credential Access / T1110.001 Password Guessing
tuesday,822,40955.940421954016,453481.2752576276,162,162,0.033707865168539325,57.028018160453996,3.8289414400340656,0.0,0.01,1681782.762,1,0.014,brute_force,TA0006 Credential Access / T1110.001 Password Guessing
tuesday,823,51165.59813904457,618106.6709582851,146,146,0.012738853503184714,62.30445698678,3.5372325970732046,0.0,0.002,1223633.424,1,0.016,brute_force,TA0006 Credential Access / T1110.001 Password Guessing
tuesday,824,47478.03528321758,485970.4363427489,140,140,0.03870967741935484,69.45029847044,3.4123380893616115,0.0,0.01,1427147.96,0,0.006,none,-
tuesday,825,49083.33279628323,803839.1125118701,148,148,0.019736842105263157,78.60354373064,3.5635321605897614,0.0,0.004,1640645.238,1,0.014,brute_force,TA0006 Credential Access / T1110.001 Password Guessing
tuesday,826,51340.65293749113,404237.00779202295,140,140,0.04516129032258064,60.40400190228,3.455873827365645,0.0,0.012,1208304.562,1,0.018,brute_force,TA0006 Credential Access / T1110.001 Password Guessing
tuesday,827,48782.85334418856,417604.75196827005,148,148,0.018292682926829267,73.681500870874,3.665542018551343,0.0,0.004,1987411.854,1,0.022,brute_force,TA0006 Credential Access / T1110.001 Password Guessing
tuesday,828,50843.705483506215,494763.589590366,153,153,0.023952095808383235,76.77270391533199,3.745165349505931,0.0,0.006,1096649.246,1,0.012,brute_force,TA0006 Credential Access / T1110.001 Password Guessing
tuesday,829,48823.73883060224,414615.0267922547,136,136,0.024539877300613498,56.21919266976,3.39613197629883,0.0,0.006,1741753.984,1,0.016,brute_force,TA0006 Credential Access / T1110.001 Password Guessing
tuesday,830,51801.715723967376,430622.40078935924,155,155,0.03571428571428571,61.68167629101399,3.7377149932995817,0.0,0.01,1338864.134,1,0.026,brute_force,TA0006 Credential Access / T1110.001 Password Guessing
tuesday,831,44289.28307071724,448956.2983533411,159,159,0.01675977653631285,56.551358006244,3.821443893440648,0.0,0.004,1343667.276,1,0.012,brute_force,TA0006 Credential Access / T1110.001 Password Guessing
tuesday,832,42137.78926055185,525891.041838278,144,144,0.02531645569620253,67.44853565573999,3.5067559072147594,0.0,0.006,1776206.08,0,0.01,none,-
tuesday,833,42979.74018377697,608812.3841104422,144,144,0.0196078431372549,72.23169805422,3.4639553742763862,0.0,0.004,1784485.648,1,0.012,brute_force,TA0006 Credential Access / T1110.001 Password Guessing
tuesday,834,43283.93112547865,584041.522806401,133,133,0.02054794520547945,71.61260200246,3.299872754170459,0.0,0.004,1446079.566,1,0.018,brute_force,TA0006 Credential Access / T1110.001 Password Guessing
tuesday,835,42614.3897293006,440291.4497745163,123,123,0.030303030303030304,70.134225353246,3.102735732856558,0.0,0.006,1483369.026,1,0.024,brute_force,TA0006 Credential Access / T1110.001 Password Guessing
tuesday,836,34520.9457021278,467762.07238193654,143,143,0.03821656050955414,61.541630761200004,3.4574621325586063,0.0,0.01,1019011.09,1,0.014,brute_force,TA0006 Credential Access / T1110.001 Password Guessing
tuesday,837,53106.80379844461,526505.8368887402,136,136,0.02631578947368421,62.844414396728,3.4042418193313138,0.0,0.006,675713.716,0,0.006,none,-
tuesday,838,33086.45304470009,419562.95597901987,147,147,0.01875,64.859840660114,3.5860125530500495,0.0,0.004,1925359.15,1,0.022,brute_force,TA0006 Credential Access / T1110.001 Password Guessing
tuesday,839,36000.32572986986,674945.6283053512,129,129,0.0273972602739726,64.73368749213999,3.233112064299612,0.0,0.006,1562069.41,1,0.018,brute_force,TA0006 Credential Access / T1110.001 Password Guessing
tuesday,840,43473.6440434249,544694.624947236,136,136,0.019230769230769232,59.43138384334,3.471420940497561,0.0,0.004,1132633.138,1,0.024,brute_force,TA0006 Credential Access / T1110.001 Password Guessing
tuesday,841,44965.55096685668,551420.1089036437,132,132,0.03184713375796178,66.2222681988,3.338919335690689,0.0,0.008,1107227.614,1,0.02,brute_force,TA0006 Credential Access / T1110.001 Password Guessing
tuesday,842,41635.333703571494,441270.51666132914,152,152,0.03529411764705882,67.40785017626001,3.6963570308927727,0.0,0.01,1265234.414,1,0.012,brute_force,TA0006 Credential Access / T1110.001 Password Guessing
tuesday,843,39264.109497269754,527787.3531285711,134,134,0.020134228187919462,64.0369007665,3.310636344821684,0.0,0.004,995199.536,1,0.018,brute_force,TA0006 Credential Access / T1110.001 Password Guessing
tuesday,844,48888.63501446939,559722.2197485504,139,139,0.02531645569620253,75.94229989761399,3.4336228006779352,0.0,0.006,1047063.242,0,0.01,none,-
tuesday,845,43201.33517717556,532203.0910629302,132,132,0.046357615894039736,64.90702713711,3.3443963283405393,0.0,0.012,1092353.892,1,0.024,brute_force,TA0006 Credential Access / T1110.001 Password Guessing
tuesday,846,34714.14991306923,784611.2167499412,140,140,0.03636363636363636,68.25080933194799,3.4986508673559866,0.0,0.01,930207.326,1,0.022,brute_force,TA0006 Credential Access / T1110.001 Password Guessing
tuesday,847,39083.4433500958,442736.2655069996,113,113,0.029411764705882353,68.69929523632,3.0700534450191954,0.0,0.006,1981628.814,1,0.02,brute_force,TA0006 Credential Access / T1110.001 Password Guessing
tuesday,848,51716.9298807372,608875.8078160678,148,148,0.024539877300613498,69.92104007712001,3.6325761878837257,0.0,0.006,1205575.57,0,0.01,none,-
tuesday,849,34890.74155021724,475354.0781388144,125,125,0.043795620437956206,60.45786541054001,3.0758256731988087,0.0,0.01,1061611.686,0,0.01,none,-
tuesday,850,43692.99487425336,411566.4237684178,135,135,0.053691275167785234,68.60999554192,3.3876306837736907,0.0,0.014,2207145.756,1,0.022,brute_force,TA0006 Credential Access / T1110.001 Password Guessing
tuesday,851,33544.391869550374,629723.7477818365,135,135,0.00641025641025641,66.80170974272,3.3242017799366455,0.0,0.0,996063.662,1,0.022,brute_force,TA0006 Credential Access / T1110.001 Password Guessing
tuesday,852,52033.96692844508,557012.8329828932,124,124,0.028368794326241134,69.423085397174,3.2053937056225617,0.0,0.006,1750273.104,1,0.02,brute_force,TA0006 Credential Access / T1110.001 Password Guessing
tuesday,853,45309.18983893616,486351.3930625408,130,130,0.03424657534246575,67.62922597123001,3.238784583356222,0.0,0.008,899893.752,1,0.026,brute_force,TA0006 Credential Access / T1110.001 Password Guessing
tuesday,854,44480.08688380632,437370.58479572256,139,139,0.03333333333333333,60.13554117842,3.4084485266219584,0.0,0.008,1606625.02,1,0.012,brute_force,TA0006 Credential Access / T1110.001 Password Guessing
tuesday,855,43045.231515291285,443909.2265142225,134,134,0.03205128205128205,68.687611420934,3.374352876397327,0.0,0.008,1505688.22,1,0.018,brute_force,TA0006 Credential Access / T1110.001 Password Guessing
tuesday,856,47669.46096057652,415630.81108842685,151,151,0.018404907975460124,62.769582653600004,3.5988141046949558,0.0,0.004,980604.204,0,0.01,none,-
tuesday,857,34880.09413992415,564625.8411601252,149,149,0.0125,66.670060526088,3.5391211455325875,0.0,0.002,1136474.838,1,0.016,brute_force,TA0006 Credential Access / T1110.001 Password Guessing
tuesday,858,38166.25859105661,550473.9677271752,146,146,0.018404907975460124,69.13397056444,3.5836511622532017,0.0,0.004,1140684.012,1,0.02,brute_force,TA0006 Credential Access / T1110.001 Password Guessing
tuesday,859,46107.29691926764,422394.486582957,147,147,0.03821656050955414,67.98639857558001,3.4938849034508994,0.0,0.01,871885.96,1,0.018,brute_force,TA0006 Credential Access / T1110.001 Password Guessing
tuesday,860,43795.62115213643,473270.82580815436,141,141,0.041379310344827586,70.96150155017399,3.382926044167484,0.0,0.01,1340975.136,1,0.018,brute_force,TA0006 Credential Access / T1110.001 Password Guessing
tuesday,861,45049.02081757151,535646.0993924078,140,140,0.025,61.09392375462,3.4635332790889457,0.0,0.006,1886114.328,1,0.022,brute_force,TA0006 Credential Access / T1110.001 Password Guessing
tuesday,862,47312.14780230558,475479.1151044876,139,139,0.013422818791946308,77.83914634478,3.3710140099856645,0.0,0.002,1089175.896,1,0.012,brute_force,TA0006 Credential Access / T1110.001 Password Guessing
tuesday,863,36799.65486857073,452646.11232579645,137,137,0.02,77.78440552299999,3.300164512197788,0.0,0.004,1099364.008,0,0.004,none,-
tuesday,864,34960.59464636516,604759.3752974911,143,143,0.03205128205128205,68.20833396574,3.5058282403835968,0.0,0.008,1584322.284,1,0.02,brute_force,TA0006 Credential Access / T1110.001 Password Guessing
tuesday,865,54964.477740127026,495618.0902487263,139,139,0.031055900621118012,57.605314795960005,3.5313017981076413,0.0,0.008,2358129.15,1,0.016,brute_force,TA0006 Credential Access / T1110.001 Password Guessing
tuesday,866,31931.8370832427,548850.775276957,128,128,0.06474820143884892,81.906089585224,3.0858068870475517,0.0,0.016,1361645.794,0,0.004,none,-
tuesday,867,44200.47426677121,476225.9792115288,171,171,0.031413612565445025,62.159548588978,4.026666565199322,0.0,0.01,456473.734,0,0.01,none,-
tuesday,868,29749.534906684712,481638.5696502724,142,142,0.03205128205128205,61.496258632540005,3.3550127072120515,0.0,0.008,702394.682,1,0.016,brute_force,TA0006 Credential Access / T1110.001 Password Guessing
tuesday,869,39576.55402696762,609441.6053278804,142,142,0.024844720496894408,62.565723441994,3.5312603287625173,0.0,0.006,1106258.342,1,0.022,brute_force,TA0006 Credential Access / T1110.001 Password Guessing
tuesday,870,29390.154777192056,490452.9870598867,116,116,0.022900763358778626,71.97849177677999,2.9735015731909966,0.0,0.004,1587319.602,1,0.016,brute_force,TA0006 Credential Access / T1110.001 Password Guessing
tuesday,871,42135.412639806265,641077.7484347031,130,130,0.0379746835443038,60.52058694552,3.302924280394648,0.0,0.01,1724599.578,1,0.012,brute_force,TA0006 Credential Access / T1110.001 Password Guessing
tuesday,872,47968.748350694084,418481.95647706254,137,137,0.02631578947368421,60.9867415777,3.4698606403088874,0.0,0.006,1129617.774,1,0.016,brute_force,TA0006 Credential Access / T1110.001 Password Guessing
tuesday,873,43178.92566635823,554572.1995731371,132,132,0.034482758620689655,70.066189256438,3.2556174510700107,0.0,0.008,1102679.45,1,0.022,brute_force,TA0006 Credential Access / T1110.001 Password Guessing
tuesday,874,45879.735100168364,578069.0807411242,146,146,0.03773584905660377,71.57103319684,3.7166194593606843,0.0,0.01,1991601.002,1,0.016,brute_force,TA0006 Credential Access / T1110.001 Password Guessing
tuesday,875,41094.547038458746,576112.7154094138,140,140,0.013245033112582781,65.07767555407399,3.4150609028910193,0.0,0.002,1566353.492,1,0.026,brute_force,TA0006 Credential Access / T1110.001 Password Guessing
tuesday,876,34984.05191961916,579158.0861646548,137,137,0.020833333333333332,67.07840648454,3.34017150971564,0.0,0.004,1266137.766,1,0.012,brute_force,TA0006 Credential Access / T1110.001 Password Guessing
tuesday,877,39732.24160966791,540843.2423803052,144,144,0.031055900621118012,58.09325219516,3.515723787673851,0.0,0.008,1314129.586,1,0.022,brute_force,TA0006 Credential Access / T1110.001 Password Guessing
tuesday,878,42243.39902908361,550950.6880798413,120,120,0.0410958904109589,67.66184839131401,3.151885501672562,0.0,0.01,1330367.038,1,0.014,brute_force,TA0006 Credential Access / T1110.001 Password Guessing
tuesday,879,41055.6320269877,478899.94392464135,138,138,0.03636363636363636,61.42231707248,3.453663491957556,0.0,0.01,2099956.622,1,0.02,brute_force,TA0006 Credential Access / T1110.001 Password Guessing
tuesday,880,43021.940784674145,676894.2846246479,134,134,0.033112582781456956,81.36818366398799,3.434312871636278,0.0,0.008,1315105.124,1,0.022,brute_force,TA0006 Credential Access / T1110.001 Password Guessing
tuesday,881,42825.49808636805,491986.04730113945,128,128,0.029197080291970802,71.55359818264,3.2064746600211724,0.0,0.006,1776218.02,1,0.016,brute_force,TA0006 Credential Access / T1110.001 Password Guessing
tuesday,882,38742.410201321945,507020.0610632923,118,118,0.022900763358778626,68.41165821685799,3.0230421022589535,0.0,0.004,1512534.32,1,0.022,brute_force,TA0006 Credential Access / T1110.001 Password Guessing
tuesday,883,47544.36515050912,548856.2648708144,125,125,0.021897810218978103,71.811215023572,3.0529481708871855,0.0,0.004,1131334.164,1,0.016,brute_force,TA0006 Credential Access / T1110.001 Password Guessing
tuesday,884,51603.50023639941,762005.0953382322,140,140,0.025806451612903226,62.155670184006,3.5106772443304797,0.0,0.006,1540032.248,1,0.026,brute_force,TA0006 Credential Access / T1110.001 Password Guessing
tuesday,885,36475.37114591126,497885.52825498994,139,139,0.024691358024691357,67.31810573506,3.489332606081403,0.0,0.006,1585896.982,1,0.018,brute_force,TA0006 Credential Access / T1110.001 Password Guessing
tuesday,886,48576.09043165055,589070.7726442592,146,146,0.012658227848101266,60.73484253424,3.5535592024772145,0.0,0.002,1578507.474,1,0.024,brute_force,TA0006 Credential Access / T1110.001 Password Guessing
tuesday,887,39550.38044120816,391182.5969630108,127,127,0.027972027972027972,70.33037370008,3.186587469790866,0.0,0.006,1371150.078,1,0.018,brute_force,TA0006 Credential Access / T1110.001 Password Guessing
tuesday,888,46371.88250623699,481879.5764457103,127,127,0.02857142857142857,72.68015598996,3.2741706706857028,0.0,0.006,1293337.176,1,0.028,brute_force,TA0006 Credential Access / T1110.001 Password Guessing
tuesday,889,54903.25593184125,466518.6160188279,132,132,0.033112582781456956,65.39376894668001,3.3224748533858417,0.0,0.008,1190876.07,1,0.014,brute_force,TA0006 Credential Access / T1110.001 Password Guessing
tuesday,890,53048.58599914096,519592.3290294921,139,139,0.02564102564102564,65.18560150180001,3.478009983684095,0.0,0.006,2022957.32,1,0.02,brute_force,TA0006 Credential Access / T1110.001 Password Guessing
wednesday,0,54768.83213991277,1683351.2341715083,76,76,0.31007751937984496,184.200801626778,3.7923267470347874,0.002,0.078,27970610.734,0,0.0,none,-
wednesday,1,56056.03976066755,1748557.3081736946,83,83,0.25925925925925924,222.97066897683598,3.524628454728986,0.004,0.068,36107280.53,0,0.0,none,-
wednesday,2,87650.25740131958,1422685.4946121736,101,101,0.3641025641025641,173.1913785849,3.485333905654697,0.0,0.14,22926979.2,0,0.0,none,-
wednesday,3,90758.78111283922,1779920.7653429331,97,97,0.2513089005235602,178.20525699064,3.0511517749633468,0.0,0.094,13457588.672,0,0.0,none,-
wednesday,4,111583.78930642296,2409962.7994616576,88,88,0.22033898305084745,210.273088977876,3.2232262030724805,0.0,0.076,35380201.596,0,0.0,none,-
wednesday,5,69295.81478854892,1095499.420251424,103,103,0.21839080459770116,197.301110113066,3.4028090592306826,0.004,0.074,41446437.412,0,0.0,none,-
wednesday,6,96731.06754760846,1736603.2417858413,108,108,0.3422459893048128,157.012126366388,3.583872382220379,0.0,0.126,13727225.122,0,0.0,none,-
wednesday,7,66149.02527697069,1254267.9851213396,90,90,0.21081081081081082,204.2885479628,3.1739415092831007,0.0,0.076,16290470.514,0,0.0,none,-
wednesday,8,76721.51837334792,1394812.7640914011,70,70,0.2543352601156069,221.01076710054997,2.765814023027424,0.0,0.086,47742372.012,0,0.0,none,-
wednesday,9,109598.76271651754,2492088.0391914165,105,105,0.33495145631067963,130.898377491922,3.973700262935159,0.0,0.136,34827979.962,0,0.0,none,-
wednesday,10,86309.67826753437,1320834.9963769894,89,89,0.35428571428571426,157.81811282379402,3.3086542948289024,0.0,0.122,8217262.096,0,0.0,none,-
wednesday,11,182652.3470344078,1400399.1120617266,160,160,0.17269076305220885,165.49577852182398,4.422018519132499,0.0,0.084,3644921.988,0,0.0,none,-
wednesday,12,107412.75564212435,1800161.2799290332,106,106,0.3225806451612903,204.41702312766802,3.503701534273283,0.0,0.118,38296003.876,0,0.0,none,-
wednesday,13,79124.87556427898,3087325.6422385126,73,73,0.29508196721311475,179.629905301486,3.4199793434874453,0.0,0.07,21272355.25,0,0.002,none,-
wednesday,14,26095.986882540346,450958.2038498572,41,41,0.20652173913043478,158.93539248508,2.3561041479380593,0.0,0.036,6316086.57,0,0.0,none,-
wednesday,15,68704.20536068061,1657865.482014992,75,75,0.29464285714285715,183.354138079436,3.0873773266066187,0.0,0.064,48028916.904,0,0.0,none,-
wednesday,16,75042.789512171,1469165.5905434312,76,76,0.48951048951048953,125.0486691288,3.109506096766123,0.002,0.138,19972222.024,0,0.0,none,-
wednesday,17,35023.91674150698,979983.6252457973,39,39,0.168,186.047583164,2.604898077259138,0.0,0.04,30592365.724,0,0.0,none,-
wednesday,18,25322.140069176174,304141.2422252062,34,34,0.09333333333333334,160.32065261348,2.1813424706558635,0.0,0.012,34838133.124,0,0.0,none,-
wednesday,19,67180.22807520517,1510871.0779508715,75,75,0.45161290322580644,147.67226957658,3.0970799638976905,0.01,0.11,14274973.268,0,0.0,none,-
wednesday,20,59651.16390482229,2218292.037165034,65,65,0.2076923076923077,174.574992623974,3.0100221636799813,0.008,0.052,26712744.896,0,0.0,none,-
wednesday,21,67914.02837800074,1710426.17072616,75,75,0.25984251968503935,142.386585993212,3.0432997307186174,0.0,0.064,12345187.006,0,0.0,none,-
wednesday,22,46975.04059714308,1260048.4258475872,54,54,0.22727272727272727,170.26197305440002,2.6619757107626345,0.0,0.058,9623083.662,0,0.0,none,-
wednesday,23,36446.59524416109,756056.2353790138,77,77,0.15384615384615385,159.24082255966002,2.9376134195950843,0.0,0.042,11534472.524,0,0.0,none,-
wednesday,24,49634.77863373541,930650.9527571407,63,63,0.1864406779661017,193.39327427829798,2.8719067233255524,0.0,0.064,29266132.25,0,0.0,none,-
wednesday,25,38403.4638358501,1311052.5997071275,57,57,0.21014492753623187,239.0370961877,2.719242289690956,0.002,0.056,19475247.564,0,0.0,none,-
wednesday,26,58733.37558183277,1490978.4284597775,74,74,0.2616279069767442,223.59079916188003,2.6958430730500025,0.0,0.088,14483178.386,0,0.0,none,-
wednesday,27,22902.239868325778,953852.2023569723,41,41,0.2558139534883721,155.54795996548003,2.52338341085109,0.002,0.042,22865144.678,0,0.0,none,-
wednesday,28,82984.77978152667,1194417.6675677341,89,89,0.4088050314465409,167.46049520672798,3.2265793342409186,0.0,0.128,39302079.528,0,0.0,none,-
wednesday,29,65343.58789931423,2148308.70023965,67,67,0.20945945945945946,163.302391218362,3.2650405111496412,0.0,0.06,17034930.258,0,0.0,none,-
wednesday,30,35887.46213434099,667333.4047245088,38,38,0.16842105263157894,156.93399943308,2.2411423803765627,0.002,0.03,8798270.14,0,0.0,none,-
wednesday,31,59174.13985694425,1524638.737579864,66,66,0.28169014084507044,146.01016143226403,2.7758977716676436,0.0,0.078,4674520.262,0,0.0,none,-
wednesday,32,48944.266144886424,1204792.697020051,57,57,0.1858974358974359,159.06740947174,2.60260196968356,0.0,0.056,30059403.76,0,0.0,none,-
wednesday,33,88245.04929682273,1472661.4068672587,77,77,0.3026315789473684,159.745713530852,3.2331219272913563,0.0,0.09,37517237.634,0,0.0,none,-
wednesday,34,87823.66688239122,2933215.216671953,141,141,0.4444444444444444,146.451080194556,4.5171555566674275,0.006,0.142,21795699.05,0,0.0,none,-
wednesday,35,69309.42074637653,1880174.1030397562,89,89,0.3732394366197183,167.299852524558,3.308859976131549,0.0,0.104,15628941.78,0,0.0,none,-
wednesday,36,32812.76351458649,458090.72383024014,45,45,0.11650485436893204,144.852355055644,2.3668411203838904,0.0,0.022,4842828.934,0,0.0,none,-
wednesday,37,44491.72518536371,972781.9594205641,53,53,0.17391304347826086,189.08347889886,2.8012077427402904,0.0,0.054,12426150.898,0,0.0,none,-
wednesday,38,56197.09599997619,1166750.1969162663,58,58,0.18840579710144928,152.76047281430198,2.7774238377971496,0.0,0.05,31920599.636,0,0.0,none,-
wednesday,39,63148.366028570905,2008287.1186359588,74,74,0.43884892086330934,183.311792056944,3.1520459567724255,0.0,0.12,40854397.072,0,0.0,none,-
wednesday,40,39826.8555873256,880579.8578577545,54,54,0.24770642201834864,145.731873373044,2.6426710367948125,0.0,0.052,9578328.646,0,0.0,none,-
wednesday,41,33673.08969617399,974065.9661829193,36,36,0.12871287128712872,118.86996587735999,2.209812674654753,0.0,0.024,6357583.46,0,0.0,none,-
wednesday,42,59366.39625658333,1458667.1785098647,71,71,0.26256983240223464,195.56196487648,3.099858006010718,0.0,0.092,33022563.234,0,0.0,none,-
wednesday,43,60073.77791733219,1872613.1072646042,64,64,0.36477987421383645,137.253395158756,3.1095889735060593,0.0,0.114,26819646.214,0,0.0,none,-
wednesday,44,34230.21627653751,578020.9288296999,69,69,0.20353982300884957,161.47794395246,2.9648317815784346,0.0,0.044,17286257.892,0,0.0,none,-
wednesday,45,50501.86675645724,838776.280142628,63,63,0.2871287128712871,151.21940577328002,2.63326529090591,0.0,0.056,4802474.94,0,0.0,none,-
wednesday,46,84762.77330497642,1436350.9416158616,103,103,0.3076923076923077,168.48028666923997,3.6103734687686684,0.0,0.102,12611648.748,0,0.0,none,-
wednesday,47,52103.66244208184,1435596.9201421735,78,78,0.16541353383458646,153.98694330354,3.349323413554276,0.0,0.042,29761253.834,0,0.0,none,-
wednesday,48,77867.03054397872,1509926.028459774,93,93,0.4880952380952381,137.80863531542,3.338761481049028,0.0,0.162,18100642.876,0,0.0,none,-
wednesday,49,58681.25014700428,1414739.5727750766,84,84,0.34375,160.406129632132,3.385240447756817,0.0,0.086,18280733.48,0,0.0,none,-
wednesday,50,42865.384705594624,817650.1066065474,63,63,0.3516483516483517,164.294541673394,2.7378911172859404,0.0,0.062,15697557.494,0,0.0,none,-
wednesday,51,51962.163355760706,1123494.8102627506,59,59,0.29591836734693877,156.62858224682398,2.777322270086468,0.002,0.056,9597767.89,0,0.0,none,-
wednesday,52,55284.48659381273,2508369.5300033926,54,54,0.3333333333333333,161.21570139154,2.7604082829185894,0.0,0.062,26972299.18,0,0.0,none,-
wednesday,53,287804.8266826982,26026133.330184247,191,191,0.728110599078341,210.13500205268798,4.764438457224156,0.002,0.314,19049890.39,1,0.284,dos,TA0040 Impact / T1499 Endpoint DoS
wednesday,54,38440.99643055391,927645.0036173532,59,59,0.3389830508474576,186.04433640811197,2.746159120275101,0.0,0.078,28476652.136,1,0.02,dos,TA0040 Impact / T1499 Endpoint DoS
wednesday,55,51200.72873314843,746798.82437736,102,102,0.40540540540540543,165.50065036442,3.377597421815051,0.0,0.118,11843985.952,0,0.004,none,-
wednesday,56,47192.493720037746,918475.7342084938,64,64,0.23478260869565218,176.25227197520002,3.0072480375556694,0.002,0.052,19920950.52,1,0.054,dos,TA0040 Impact / T1499 Endpoint DoS
wednesday,57,41642.41005955871,740866.1746900458,47,47,0.3917525773195876,161.682404764108,2.540974544607293,0.002,0.074,46188970.108,1,0.192,dos,TA0040 Impact / T1499 Endpoint DoS
wednesday,58,54508.35225195059,883232.587283705,71,71,0.4140127388535032,155.59888976388,2.8967715660156763,0.0,0.128,28203337.46,1,0.238,dos,TA0040 Impact / T1499 Endpoint DoS
wednesday,59,39216.08467968019,934481.8691712461,44,44,0.3185840707964602,124.29228197851998,2.508317834105708,0.004,0.07,14347781.872,1,0.072,dos,TA0040 Impact / T1499 Endpoint DoS
wednesday,60,66581.02857340596,1501478.5208283311,81,81,0.25,146.06022829038,2.9553143522291574,0.0,0.078,6054921.31,0,0.0,none,-
wednesday,61,52863.71806958177,1365995.1124552388,69,69,0.35454545454545455,141.60602888051798,2.91548271268061,0.0,0.076,26817162.826,1,0.154,dos,TA0040 Impact / T1499 Endpoint DoS
wednesday,62,54607.52390079514,1054021.5418531434,68,68,0.2789115646258503,146.65163067459,2.9417687649931454,0.0,0.08,21284077.108,1,0.05,dos,TA0040 Impact / T1499 Endpoint DoS
wednesday,63,75002.4777277866,755253.4600477158,62,62,0.40336134453781514,144.46622261575604,2.369416059478659,0.002,0.094,49678702.274,1,0.382,dos,TA0040 Impact / T1499 Endpoint DoS
wednesday,64,85673.13797265707,1264498.3237200165,89,89,0.5,137.53097936776,3.238350737436434,0.0,0.166,23049643.14,0,0.0,none,-
wednesday,65,44237.31517956585,1066216.3330099909,57,57,0.2833333333333333,147.85959892916,2.689477368743195,0.0,0.066,6644553.918,0,0.0,none,-
wednesday,66,48670.78049551048,1190402.862553949,63,63,0.275,130.62749507612,2.9056097052887564,0.0,0.064,19670080.314,1,0.162,dos,TA0040 Impact / T1499 Endpoint DoS
wednesday,67,33955.777473869915,755546.577771497,58,58,0.46938775510204084,128.42455695728,2.589670795234777,0.0,0.09,55314740.402,1,0.394,dos,TA0040 Impact / T1499 Endpoint DoS
wednesday,68,64287.60633178552,1156458.7933809438,80,80,0.4375,139.92807858722,3.203029360413532,0.0,0.124,25564659.744,1,0.106,dos,TA0040 Impact / T1499 Endpoint DoS
wednesday,69,52765.75002657601,833633.4392186294,48,48,0.4915254237288136,124.83531601539201,2.310325272867561,0.004,0.114,9438422.436,1,0.036,dos,TA0040 Impact / T1499 Endpoint DoS
wednesday,70,27234.492559869843,532134.2945267588,39,39,0.25675675675675674,141.28476910051998,2.082233383220631,0.0,0.036,8660705.558,1,0.054,dos,TA0040 Impact / T1499 Endpoint DoS
wednesday,71,37821.53170228246,885286.1804005059,62,62,0.3333333333333333,143.138375610514,2.6871351627626283,0.0,0.078,4593448.8,1,0.03,dos,TA0040 Impact / T1499 Endpoint DoS
wednesday,72,31600.996481375754,483577.611000771,39,39,0.35172413793103446,151.30102252092,2.3021173101375085,0.0,0.1,38234191.072,1,0.242,dos,TA0040 Impact / T1499 Endpoint DoS
wednesday,73,45523.51645418449,732532.659626029,47,47,0.5039370078740157,165.92220724202,2.424845405670329,0.0,0.126,22789648.848,1,0.084,dos,TA0040 Impact / T1499 Endpoint DoS
wednesday,74,69638.53512051849,997218.02609813,65,65,0.4358974358974359,160.282255333026,2.7250976443516666,0.0,0.134,50023994.676,1,0.076,dos,TA0040 Impact / T1499 Endpoint DoS
wednesday,75,58313.975998608315,1806312.2448140117,45,45,0.26956521739130435,146.5462542775,2.47475581216625,0.0,0.06,13715525.668,0,0.0,none,-
wednesday,76,63484.15961184289,773220.5399156006,80,80,0.6129032258064516,121.9312824428,2.9934828564703686,0.0,0.302,47139639.176,1,0.196,dos,TA0040 Impact / T1499 Endpoint DoS
wednesday,77,58805.70299944064,672199.682526182,75,75,0.34507042253521125,148.399612989246,2.960566464815345,0.0,0.096,19831757.796,1,0.038,dos,TA0040 Impact / T1499 Endpoint DoS
wednesday,78,84775.0295995299,1150023.4106466866,72,72,0.526595744680851,136.891093104444,2.798717526346918,0.0,0.196,36021561.472,1,0.292,dos,TA0040 Impact / T1499 Endpoint DoS
wednesday,79,91382.77908094309,1287725.4878489994,65,65,0.5568181818181818,188.060294236488,2.6120851497309885,0.0,0.194,47966593.428,1,0.172,dos,TA0040 Impact / T1499 Endpoint DoS
wednesday,80,17393.32486105688,550612.610732733,18,18,0.22807017543859648,149.91916803388798,1.342870263606539,0.0,0.024,7348362.078,0,0.0,none,-
wednesday,81,49723.26358711039,769901.1063052999,50,50,0.3430232558139535,145.99630471280602,2.4269579101466574,0.0,0.116,13819199.204,1,0.056,dos,TA0040 Impact / T1499 Endpoint DoS
wednesday,82,54717.802248364926,1256807.3797714165,51,51,0.5572916666666666,143.95868966916,2.66557812701238,0.0,0.212,21515162.06,1,0.168,dos,TA0040 Impact / T1499 Endpoint DoS
wednesday,83,46756.27691946217,743319.004523208,39,39,0.6935483870967742,109.05128418711999,2.171348562328613,0.0,0.17,33097135.6,1,0.494,dos,TA0040 Impact / T1499 Endpoint DoS
wednesday,84,225911.742593256,22830547.298649397,129,129,1.0,160.31774957040003,2.6126501290116035,0.0,0.674,56633347.332,1,0.744,dos,TA0040 Impact / T1499 Endpoint DoS
wednesday,85,203221.12428311564,17081984.608117484,121,121,0.7637362637362637,197.6177286503,4.008071183062493,0.0,0.276,19151684.204,1,0.184,dos,TA0040 Impact / T1499 Endpoint DoS
wednesday,86,76366.37654816582,1566383.824332664,61,61,0.4444444444444444,199.93409943772002,2.7959955321609513,0.0,0.15,10810272.37,0,0.0,none,-
wednesday,87,59670.121233497506,1706160.1952622356,69,69,0.2644628099173554,182.07910370228,2.8237131857712936,0.0,0.062,7829078.23,0,0.0,none,-
wednesday,88,76983.25784906505,1788175.356020905,80,80,0.5037593984962406,165.29028069314,2.8426151386985667,0.0,0.132,9047546.45,0,0.0,none,-
wednesday,89,73506.63151780362,1125632.904999542,96,96,0.35714285714285715,171.37260626762,3.1502558963445533,0.0,0.108,4566988.15,0,0.0,none,-
wednesday,90,53247.71441971235,1364671.7574716175,50,50,0.5471698113207547,142.0804749455,2.5396514827104264,0.0,0.114,7092656.932,0,0.0,none,-
wednesday,91,50907.3622347162,888160.8837743297,54,54,0.1984126984126984,133.33351144696002,2.58936138131031,0.002,0.048,14034428.314,0,0.004,none,-
wednesday,92,20893.53364049115,632774.2043489667,37,37,0.175,123.9829557514,2.1765926694030533,0.0,0.04,5337808.13,1,0.012,dos,TA0040 Impact / T1499 Endpoint DoS
wednesday,93,34241.613797767684,858837.302658024,34,34,0.1337579617834395,132.22631227876,2.146764285654517,0.0,0.04,12748685.404,1,0.034,dos,TA0040 Impact / T1499 Endpoint DoS
wednesday,94,26222.930292732093,427922.7047396331,46,46,0.1834319526627219,112.57166794278001,2.3287944873875874,0.002,0.06,19680585.28,1,0.03,dos,TA0040 Impact / T1499 Endpoint DoS
wednesday,95,31993.516959095574,631827.8869832936,37,37,0.17901234567901234,101.798085568428,2.1609411513654595,0.0,0.056,17155735.364,1,0.032,dos,TA0040 Impact / T1499 Endpoint DoS
wednesday,96,34974.33021707204,503139.26168272225,52,52,0.2631578947368421,150.8402753183,2.468714066398075,0.0,0.068,26988164.946,1,0.028,dos,TA0040 Impact / T1499 Endpoint DoS
wednesday,97,32464.345889206088,495296.1771370153,48,48,0.2108843537414966,169.34679216490397,2.2163985133038078,0.0,0.06,31798296.848,1,0.054,dos,TA0040 Impact / T1499 Endpoint DoS
wednesday,98,49148.067801978475,770737.2058915759,50,50,0.21182266009852216,164.60305529090598,2.400801730835109,0.0,0.084,16477722.924,1,0.06,dos,TA0040 Impact / T1499 Endpoint DoS
wednesday,99,87696.74427236636,1286213.9450082695,85,85,0.41338582677165353,132.98918998903002,3.0217648971621434,0.002,0.208,35848984.134,1,0.09,dos,TA0040 Impact / T1499 Endpoint DoS
wednesday,100,30451.966690884412,547432.1020877623,40,40,0.7360406091370558,77.33798022066199,1.828128322267362,0.0,0.288,49105170.264,1,0.616,dos,TA0040 Impact / T1499 Endpoint DoS
wednesday,101,138175.9384144003,22445552.16499004,184,184,0.7663551401869159,578.411903615406,3.8573358516845184,0.0,0.49,47499084.296,1,0.568,dos,TA0040 Impact / T1499 Endpoint DoS
wednesday,102,33815.17124855484,1410810.339425016,174,174,0.2184873949579832,312.817343151964,4.81299544507509,0.0,0.102,16257171.116,1,0.02,dos,TA0040 Impact / T1499 Endpoint DoS
wednesday,103,55920.4633706899,918689.691861023,74,74,0.4195804195804196,140.367092709128,2.987049638691838,0.0,0.118,9418466.842,0,0.0,none,-
wednesday,104,52270.67837911163,1024219.2603266522,40,40,0.3013698630136986,184.1616101713,2.3239496647303675,0.0,0.086,24613330.958,0,0.004,none,-
wednesday,105,73448.05513275563,1003240.2222020498,77,77,0.47126436781609193,129.94890121010602,3.073400660374726,0.002,0.162,34598412.478,1,0.064,dos,TA0040 Impact / T1499 Endpoint DoS
wednesday,106,28224.236167144878,678686.4666130353,26,26,0.32786885245901637,135.88467906956998,1.8217527137791278,0.0,0.038,7575874.554,1,0.016,dos,TA0040 Impact / T1499 Endpoint DoS
wednesday,107,39673.776844527296,746281.3276949787,53,53,0.5384615384615384,128.7611707252,2.689228624649724,0.0,0.138,25169288.962,1,0.136,dos,TA0040 Impact / T1499 Endpoint DoS
wednesday,108,24103.17381641728,569416.2276364118,46,46,0.27472527472527475,124.34854910717999,2.33683022264139,0.0,0.048,7857654.268,1,0.044,dos,TA0040 Impact / T1499 Endpoint DoS
wednesday,109,33078.43661443644,995156.8139595016,56,56,0.4676258992805755,155.47869221278,2.3124196887395327,0.0,0.128,34909766.554,1,0.298,dos,TA0040 Impact / T1499 Endpoint DoS
wednesday,110,7212.659809100071,245991.1104313309,10,10,0.9348837209302325,70.12233619258,0.32094622060884376,0.0,0.4,68235472.2,1,0.904,dos,TA0040 Impact / T1499 Endpoint DoS
wednesday,111,53740.63925339165,1370022.740971201,70,70,0.35507246376811596,152.13270570132,2.9783536833498125,0.0,0.096,15320668.042,1,0.044,dos,TA0040 Impact / T1499 Endpoint DoS
wednesday,112,49670.892843978836,1300054.2407442322,47,47,0.4098360655737705,173.121771430972,2.610883772973478,0.0,0.098,35563913.028,1,0.074,dos,TA0040 Impact / T1499 Endpoint DoS
wednesday,113,54767.92674974089,994275.7375398523,68,68,0.4806201550387597,136.61732945528,2.7735779419507574,0.0,0.122,17725294.25,1,0.036,dos,TA0040 Impact / T1499 Endpoint DoS
wednesday,114,50328.10772853295,987815.1947592966,63,63,0.4326241134751773,139.91201670272002,2.7811584715652917,0.0,0.12,7761491.67,1,0.064,dos,TA0040 Impact / T1499 Endpoint DoS
wednesday,115,54016.00116768522,1152703.848799716,62,62,0.46938775510204084,112.11923218144001,2.840990969518935,0.0,0.136,21832668.138,1,0.112,dos,TA0040 Impact / T1499 Endpoint DoS
wednesday,116,40073.527328958095,777882.5458403329,46,46,0.3132530120481928,141.06857216842002,2.2749479386103233,0.0,0.05,5910853.998,0,0.0,none,-
wednesday,117,41859.67684334908,1187071.1551227833,43,43,0.26851851851851855,177.889829246082,2.4413755258890677,0.0,0.056,32488659.062,0,0.0,none,-
wednesday,118,53606.40503872002,487564.5109381457,66,66,0.375,146.616471675772,2.6984742078975295,0.0,0.13,30699348.538,0,0.0,none,-
wednesday,119,62952.21532545487,1191682.5522280796,55,55,0.36551724137931035,133.362785945,2.724562272528143,0.0,0.104,16248464.144,0,0.0,none,-
wednesday,120,46128.10784327578,570581.313683722,41,41,0.7133757961783439,89.55825194268,1.8450988579536873,0.0,0.222,38658752.956,1,0.57,dos,TA0040 Impact / T1499 Endpoint DoS
wednesday,121,46674.723657645074,1161290.242969416,41,41,0.45081967213114754,142.756439177332,2.3988917537563013,0.0,0.108,13372781.282,1,0.036,dos,TA0040 Impact / T1499 Endpoint DoS
wednesday,122,53586.471074497,1363761.0903840975,53,53,0.44966442953020136,120.919192702008,2.72201486708487,0.006,0.132,17008400.18,1,0.046,dos,TA0040 Impact / T1499 Endpoint DoS
wednesday,123,45768.7154323824,1145335.9483252335,66,66,0.6990291262135923,105.46412193239999,2.626273949343603,0.0,0.286,39052236.372,1,0.372,dos,TA0040 Impact / T1499 Endpoint DoS
wednesday,124,71958.91090002727,7636600.688687679,182,182,0.4356060606060606,433.11343271362,4.681249893847039,0.0,0.228,20990697.81,1,0.094,dos,TA0040 Impact / T1499 Endpoint DoS
wednesday,125,42453.411358015524,731547.1290556511,37,37,0.3958333333333333,128.28879852100002,2.1161239350612493,0.002,0.074,12418123.622,0,0.0,none,-
wednesday,126,50555.30066219754,781200.9476569938,55,55,0.2755905511811024,125.20812579612797,2.726021029577385,0.0,0.068,12678496.462,0,0.0,none,-
wednesday,127,59956.876215357624,1595828.5339799507,64,64,0.4244604316546763,132.84093974092002,2.7748231538679056,0.0,0.116,13165903.058,1,0.03,dos,TA0040 Impact / T1499 Endpoint DoS
wednesday,128,38018.972246314224,1025698.9609617733,46,46,0.6518518518518519,133.37806517314,2.1001512538869003,0.0,0.174,49666879.112,1,0.474,dos,TA0040 Impact / T1499 Endpoint DoS
wednesday,129,35757.007922295525,749408.9424428553,60,60,0.36585365853658536,145.84358424502,2.6494088909456224,0.0,0.088,12004797.284,0,0.0,none,-
wednesday,130,65016.46417359132,1831401.2993151885,60,60,0.2785714285714286,134.93915123501404,2.9171306867949873,0.0,0.076,12459760.31,0,0.0,none,-
wednesday,131,47553.13905395288,769415.4983910494,48,48,0.28125,123.12308548973401,2.449131059240819,0.0,0.088,27334971.446,0,0.0,none,-
wednesday,132,73370.24897823947,1131783.6486785116,68,68,0.2988505747126437,125.99667127962002,2.99415686635091,0.0,0.102,27192744.698,0,0.0,none,-
wednesday,133,42428.194201482875,743102.4682039768,53,53,0.3467741935483871,113.953982121612,2.5430977980887017,0.0,0.084,16958646.496,0,0.0,none,-
wednesday,134,55393.19620161138,1261499.8286176783,58,58,0.2975206611570248,115.79606255642,2.62909395119409,0.0,0.07,11089208.868,0,0.0,none,-
wednesday,135,56670.72894362053,1438985.99160335,59,59,0.30708661417322836,147.608438967546,2.671908293738662,0.0,0.076,8686538.362,0,0.0,none,-
wednesday,136,24665.207350836805,355362.12916163757,38,38,0.5798319327731093,173.05608896374,2.215301652671279,0.0,0.136,37476962.17,1,0.264,dos,TA0040 Impact / T1499 Endpoint DoS
wednesday,137,2082.0124760658737,2603.3641980180164,14,14,0.9389671361502347,79.64470140806802,0.27012854957368804,0.0,0.398,51750127.51,1,0.974,dos,TA0040 Impact / T1499 Endpoint DoS
wednesday,138,3562.15840877829,308316.3723109272,13,13,0.48484848484848486,138.51023688474,0.26612854957513077,0.0,0.158,52969408.822,1,0.974,dos,TA0040 Impact / T1499 Endpoint DoS
wednesday,139,5.41096412445,1759.070484992992,6,6,0.3333333333333333,35.84054101988,0.12079745984776938,0.0,0.002,70371030.514,1,0.988,dos,TA0040 Impact / T1499 Endpoint DoS
wednesday,140,983.53918934043,258612.4729432552,2,2,0.9672897196261683,178.363260722554,0.02081407133261567,0.0,0.412,40190554.558,1,0.998,dos,TA0040 Impact / T1499 Endpoint DoS
wednesday,141,164.71378648169397,7745.532718293805,5,5,0.9819819819819819,68.58079324109201,0.08322154475109339,0.0,0.434,60134367.35,1,0.992,dos,TA0040 Impact / T1499 Endpoint DoS
wednesday,142,1000.113505562526,4.067594783260001,2,2,0.5,26.94279607574,0.02081407133261567,0.0,0.0,71170890.694,1,0.998,dos,TA0040 Impact / T1499 Endpoint DoS
wednesday,143,7318.5469078250035,486174.4259682213,5,5,0.6009852216748769,258.72787246048,0.1320668869819259,0.0,0.242,37190922.638,1,0.986,dos,TA0040 Impact / T1499 Endpoint DoS
wednesday,144,2024.930523315604,11987.291822682868,6,6,0.014018691588785047,241.13896330486003,0.10401241683612865,0.0,0.004,62386533.124,1,0.99,dos,TA0040 Impact / T1499 Endpoint DoS
wednesday,145,8105.047021166899,231394.38722047897,9,9,0.2727272727272727,24.83817201722,0.3532970514035536,0.0,0.004,66233747.448,1,0.904,dos,TA0040 Impact / T1499 Endpoint DoS
wednesday,146,52863.94762308409,9436416.919032192,1,1,0.8586956521739131,305.84414988066,-1.4428232973175175e-12,0.0,0.314,36749189.634,1,1.0,dos,TA0040 Impact / T1499 Endpoint DoS
wednesday,147,66400.05859152797,11940367.623232808,2,2,0.5977011494252874,311.91379243501996,0.02081407133261567,0.0,0.102,68385294.468,1,0.982,dos,TA0040 Impact / T1499 Endpoint DoS
wednesday,148,0.11689525697799999,3.215785939288,1,1,1.0,18.084482679519997,-1.4428232973175175e-12,0.0,0.0,66424806.888,1,1.0,dos,TA0040 Impact / T1499 Endpoint DoS
wednesday,149,158434.0426074094,20778524.392791558,1,1,0.6517857142857143,948.50182023544,-1.4428232973175175e-12,0.0,0.29,13010283.776,1,1.0,dos,TA0040 Impact / T1499 Endpoint DoS
wednesday,150,154906.33354434292,58552.46178334,3,3,0.007352941176470588,971.73731126,0.04162236031795037,0.0,0.0,117346.974,1,0.996,dos,TA0040 Impact / T1499 Endpoint DoS
wednesday,151,79853.66981426238,48158.37279094,1,1,0.013513513513513514,1082.5378420626,-1.4428232973175175e-12,0.0,0.0,320216.088,1,1.0,dos,TA0040 Impact / T1499 Endpoint DoS
wednesday,152,860.589822222952,3847.5623902518405,2,2,0.006289308176100629,1040.31091492526,0.02081407133261567,0.0,0.0,40519950.948,1,0.988,dos,TA0040 Impact / T1499 Endpoint DoS
wednesday,153,32.156715686793994,332.8886260129,1,1,0.003067484662576687,906.5231546936001,-1.4428232973175175e-12,0.0,0.0,84980741.786,1,0.996,dos,TA0040 Impact / T1499 Endpoint DoS
wednesday,154,257211.54312751192,46794.5369577379,3,3,0.004608294930875576,767.5761248979999,0.04162236031795037,0.0,0.0,86215.482,1,0.996,dos,TA0040 Impact / T1499 Endpoint DoS
wednesday,155,189415.7503612888,47663.0168071,3,3,0.005714285714285714,867.2844645099999,0.04162236031795037,0.0,0.0,124355.074,1,0.996,dos,TA0040 Impact / T1499 Endpoint DoS
wednesday,156,3643.086509144001,71563.22867893826,16,16,0.044642857142857144,1066.564051198998,0.5188943445863019,0.0,0.008,28149815.156,1,0.932,dos,TA0040 Impact / T1499 Endpoint DoS
wednesday,157,750.3657131040279,137.3338393958,3,3,0.003484320557491289,925.1410181318,0.05842485534484654,0.0,0.0,96825406.514,1,0.994,dos,TA0040 Impact / T1499 Endpoint DoS
wednesday,158,136440.57973418914,82413.55527920881,5,5,0.007067137809187279,787.7197551962,0.10001241683757135,0.0,0.002,53487202.574,1,0.99,dos,TA0040 Impact / T1499 Endpoint DoS
wednesday,159,104710.06812007377,45002.4056618062,6,6,0.008583690987124463,853.7787051012,0.12079745984776938,0.0,0.002,32718791.464,1,0.988,dos,TA0040 Impact / T1499 Endpoint DoS
wednesday,160,69.494676230586,123.7051107014,1,1,0.002976190476190476,882.1231977671999,-1.4428232973175175e-12,0.0,0.0,98569961.446,1,1.0,dos,TA0040 Impact / T1499 Endpoint DoS
wednesday,161,102479.76068874735,311030.63457333046,15,15,0.004219409282700422,859.948769721,0.30759857567819127,0.0,0.0,27477177.922,1,0.97,dos,TA0040 Impact / T1499 Endpoint DoS
wednesday,162,126829.19744987041,58164.1226290316,22,22,0.0078125,1006.8247370260001,0.4358654764150871,0.0,0.0,129275.86,1,0.958,dos,TA0040 Impact / T1499 Endpoint DoS
wednesday,163,8263.172791174986,26916.840312596,8,8,0.009009009009009009,1117.2324293065997,0.14557666198192476,0.0,0.0,24840853.238,1,0.986,dos,TA0040 Impact / T1499 Endpoint DoS
wednesday,164,63773.2753132566,53852.363193577796,4,4,0.00909090909090909,789.8639047132,0.10879745985065478,0.0,0.004,71425515.23,1,0.988,dos,TA0040 Impact / T1499 Endpoint DoS
wednesday,165,149353.11020414755,53528.907086863146,8,8,0.006369426751592357,926.4150899026,0.14557666198192476,0.0,0.0,235820.25,1,0.986,dos,TA0040 Impact / T1499 Endpoint DoS
wednesday,166,149194.00567900253,49322.57115364025,18,18,0.00641025641025641,931.3879338557999,0.41986547642085786,0.0,0.0,515477.764,1,0.958,dos,TA0040 Impact / T1499 Endpoint DoS
wednesday,167,19178.457235472757,454998.1577398288,25,25,0.14545454545454545,1029.749941032578,0.8953229151077754,0.0,0.014,15384019.788,1,0.846,dos,TA0040 Impact / T1499 Endpoint DoS
wednesday,168,2000.1542953548,145.5533565052,11,11,0.0033444816053511705,935.7119709894,0.20787910442369828,0.0,0.0,87841754.476,1,0.98,dos,TA0040 Impact / T1499 Endpoint DoS
wednesday,169,82603.28092213774,10150.603154582439,2,2,0.003125,761.787644636114,0.02081407133261567,0.0,0.0,76638156.464,1,0.998,dos,TA0040 Impact / T1499 Endpoint DoS
wednesday,170,169150.12440812352,52805.6175463,5,5,0.006211180124223602,918.0220827520001,0.08322154475109339,0.0,0.0,116689.61,1,0.992,dos,TA0040 Impact / T1499 Endpoint DoS
wednesday,171,32075.55269236177,267463.236952525,5,5,0.003952569169960474,927.5980397233999,0.08322154475109339,0.0,0.0,53616794.604,1,0.992,dos,TA0040 Impact / T1499 Endpoint DoS
wednesday,172,1876.567155037896,6738.051874911997,6,6,0.0030303030303030303,928.6333424730001,0.10401241683612865,0.0,0.0,97494763.182,1,0.99,dos,TA0040 Impact / T1499 Endpoint DoS
wednesday,173,88456.07287792148,351517.4029333376,6,6,0.004132231404958678,785.8779931666,0.10401241683612865,0.0,0.0,30913931.964,1,0.99,dos,TA0040 Impact / T1499 Endpoint DoS
wednesday,174,84342.35762089741,174360.3626549076,6,6,0.008695652173913044,927.019253321266,0.10401241683612865,0.0,0.002,43095355.076,1,0.99,dos,TA0040 Impact / T1499 Endpoint DoS
wednesday,175,138133.81631097654,227192.7490645646,14,14,0.011834319526627219,944.0358350582661,0.27012854957368804,0.0,0.002,13885587.03,1,0.974,dos,TA0040 Impact / T1499 Endpoint DoS
wednesday,176,160162.46183273525,276598.61134437565,12,12,0.03614457831325301,893.328640585926,0.48570166160385175,0.0,0.01,1902176.766,1,0.932,dos,TA0040 Impact / T1499 Endpoint DoS
wednesday,177,108064.51249836743,123077.52095521799,5,5,0.017699115044247787,1042.0260428176,0.10001241683757135,0.0,0.002,153013.07,1,0.99,dos,TA0040 Impact / T1499 Endpoint DoS
wednesday,178,3508.6420395642062,3083.8844218324,9,9,0.004098360655737705,983.9911388254001,0.16635001139529076,0.0,0.0,63407172.696,1,0.984,dos,TA0040 Impact / T1499 Endpoint DoS
wednesday,179,1501.2002691559621,1556.3902153328002,7,7,0.0033003300330033004,904.6275035839999,0.12479745984632667,0.0,0.0,94257584.952,1,0.988,dos,TA0040 Impact / T1499 Endpoint DoS
wednesday,180,206416.06409803897,39446.5949504072,12,12,0.0045871559633027525,810.2999958388,0.2286348241014901,0.0,0.0,10864157.048,1,0.978,dos,TA0040 Impact / T1499 Endpoint DoS
wednesday,181,160493.3521917609,73508.73552619785,13,13,0.012578616352201259,932.75683224066,0.24938464318195502,0.0,0.002,148936.81,1,0.976,dos,TA0040 Impact / T1499 Endpoint DoS
wednesday,182,18477.765993608115,30463.1354657222,8,8,0.012987012987012988,1145.5268020801338,0.14557666198192476,0.0,0.0,15797751.51,1,0.986,dos,TA0040 Impact / T1499 Endpoint DoS
wednesday,183,22332.976979341867,292478.93151236384,31,31,0.06451612903225806,834.225008760654,1.0734084220927702,0.0,0.038,85226271.684,1,0.858,dos,TA0040 Impact / T1499 Endpoint DoS
wednesday,184,100865.57124280075,40826.95699748487,10,10,0.0058823529411764705,763.79669435442,0.1871174961906315,0.0,0.002,70699995.69,1,0.982,dos,TA0040 Impact / T1499 Endpoint DoS
wednesday,185,21771.76211279001,108989.32567303967,11,11,0.0030581039755351682,866.5035216402661,0.20787910442369828,0.0,0.0,79129598.838,1,0.98,dos,TA0040 Impact / T1499 Endpoint DoS
wednesday,186,100885.49785169587,218699.2142576068,13,13,0.005050505050505051,962.3312911062001,0.26612854957513077,0.0,0.0,25758765.578,1,0.974,dos,TA0040 Impact / T1499 Endpoint DoS
wednesday,187,154923.83110114542,80057.3112365124,7,7,0.005208333333333333,908.3200542228,0.12479745984632667,0.0,0.0,14480826.47,1,0.988,dos,TA0040 Impact / T1499 Endpoint DoS
wednesday,188,151910.10002644747,40365.6798068866,8,8,0.006369426751592357,910.510769708,0.14557666198192476,0.0,0.0,346696.864,1,0.986,dos,TA0040 Impact / T1499 Endpoint DoS
wednesday,189,29219.031017536472,53230.9078158748,16,16,0.06382978723404255,1150.0313316892,0.31159857567674865,0.0,0.004,3574638.674,1,0.97,dos,TA0040 Impact / T1499 Endpoint DoS
wednesday,190,1834.0023018953896,8834.45048428816,13,13,0.007017543859649123,927.69117790286,0.24938464318195502,0.0,0.002,77653318.362,1,0.976,dos,TA0040 Impact / T1499 Endpoint DoS
wednesday,191,118261.78154868592,16827.3883170012,10,10,0.003703703703703704,818.1113386282001,0.1871174961906315,0.0,0.0,50332106.902,1,0.982,dos,TA0040 Impact / T1499 Endpoint DoS
wednesday,192,143596.70153381964,152913.52295795362,27,27,0.06790123456790123,753.739502349108,1.1540893622134505,0.0,0.02,4781998.076,1,0.81,dos,TA0040 Impact / T1499 Endpoint DoS
wednesday,193,35883.8553704123,21196.8897804472,13,13,0.009009009009009009,1075.76111943,0.24938464318195502,0.0,0.0,18066780.81,1,0.976,dos,TA0040 Impact / T1499 Endpoint DoS
wednesday,194,666.8084408459299,124.08147583019999,11,11,0.0030864197530864196,881.358424115,0.20787910442369828,0.0,0.0,97450111.116,1,0.98,dos,TA0040 Impact / T1499 Endpoint DoS
wednesday,195,198315.71942474216,24608.069581922202,9,9,0.0038461538461538464,724.615764493734,0.16635001139529076,0.0,0.0,23093270.034,1,0.984,dos,TA0040 Impact / T1499 Endpoint DoS
wednesday,196,185487.22919030083,27414.69370486854,9,9,0.0045662100456621,716.5566544595999,0.16635001139529076,0.0,0.0,20369654.162,1,0.972,dos,TA0040 Impact / T1499 Endpoint DoS
wednesday,197,145.612948461906,1390.0414564112,11,11,0.007518796992481203,895.4221242557999,0.22463482410293284,0.0,0.002,97523949.15,1,0.978,dos,TA0040 Impact / T1499 Endpoint DoS
wednesday,198,81199.93536697852,366225.7504338265,12,12,0.004310344827586207,771.1162110462,0.2286348241014901,0.0,0.0,35510817.602,1,0.978,dos,TA0040 Impact / T1499 Endpoint DoS
wednesday,199,145247.3254315331,357146.622548456,46,46,0.1956521739130435,765.39444665622,1.611776360207551,0.0,0.07,8837479.71,1,0.758,dos,TA0040 Impact / T1499 Endpoint DoS
wednesday,200,93270.63889299745,117288.48643802521,10,10,0.006802721088435374,1033.8402276013342,0.1871174961906315,0.0,0.0,14221672.708,1,0.982,dos,TA0040 Impact / T1499 Endpoint DoS
wednesday,201,51.04028222654199,466.4501652344,9,9,0.0030120481927710845,917.3721091488001,0.16635001139529076,0.0,0.0,84905993.904,1,0.98,dos,TA0040 Impact / T1499 Endpoint DoS
wednesday,202,148159.52853016937,64600.59905657101,7,7,0.008620689655172414,857.8735389308,0.14157666198336744,0.0,0.002,26140396.934,1,0.986,dos,TA0040 Impact / T1499 Endpoint DoS
wednesday,203,155934.7595256378,103081.015613422,9,9,0.013513513513513514,950.2690884692,0.1983693294222567,0.0,0.002,991379.874,1,0.98,dos,TA0040 Impact / T1499 Endpoint DoS
wednesday,204,120321.53435937433,62420.30123724318,9,9,0.009433962264150943,1057.3649217296002,0.19987910442658366,0.0,0.0,1171703.608,1,0.98,dos,TA0040 Impact / T1499 Endpoint DoS
wednesday,205,1005.8379431931679,7110.177062154199,7,7,0.0058823529411764705,1026.1081056096,0.12479745984632667,0.0,0.0,55030956.602,1,0.988,dos,TA0040 Impact / T1499 Endpoint DoS
wednesday,206,3126.3365582081615,66693.6948675577,26,26,0.01838235294117647,770.4630465168201,1.1913295340451546,0.0,0.008,80971411.48,1,0.8,dos,TA0040 Impact / T1499 Endpoint DoS
wednesday,207,21501.350784991348,513164.77272099355,37,37,0.11875,350.1360254496,2.0677832425528995,0.0,0.036,35014193.392,1,0.3,dos,TA0040 Impact / T1499 Endpoint DoS
wednesday,208,173179.4373065981,96562.70040738856,16,16,0.009569377990430622,787.261647422774,0.3965625075149368,0.0,0.002,19732848.056,1,0.952,dos,TA0040 Impact / T1499 Endpoint DoS
wednesday,209,88075.26655959348,32297.33214079378,5,5,0.006622516556291391,938.8694367974,0.08322154475109339,0.0,0.0,14191181.316,1,0.992,dos,TA0040 Impact / T1499 Endpoint DoS
wednesday,210,3128.7159860255574,123.72580592695999,12,12,0.0029498525073746312,908.2018811698,0.2286348241014901,0.0,0.0,95131441.594,1,0.978,dos,TA0040 Impact / T1499 Endpoint DoS
wednesday,211,46232.91085308369,929549.3853494826,15,15,0.003703703703703704,829.4646414204,0.2908665311356276,0.0,0.0,51670829.968,1,0.972,dos,TA0040 Impact / T1499 Endpoint DoS
wednesday,212,84889.2641701332,2479699.7263098955,13,13,0.006622516556291391,896.0433964807999,0.24938464318195502,0.0,0.0,5094025.216,1,0.976,dos,TA0040 Impact / T1499 Endpoint DoS
wednesday,213,11558.085550553284,466963.2325773958,24,24,0.010638297872340425,960.981074904734,0.5105897665700677,0.0,0.004,69736161.226,1,0.95,dos,TA0040 Impact / T1499 Endpoint DoS
wednesday,214,85872.42652716234,2247116.4787433567,37,37,0.02962962962962963,902.5403302388561,1.1534050145443746,0.0,0.006,3628333.61,1,0.856,dos,TA0040 Impact / T1499 Endpoint DoS
wednesday,215,134218.682698437,875861.0218482636,19,19,0.006944444444444444,977.4819182929999,0.3737589645089928,0.0,0.0,2987906.692,1,0.964,dos,TA0040 Impact / T1499 Endpoint DoS
wednesday,216,74469.02846634998,13393.810647551598,14,14,0.008064516129032258,911.2265768312001,0.27012854957368804,0.0,0.002,46549877.634,1,0.974,dos,TA0040 Impact / T1499 Endpoint DoS
wednesday,217,171.571540204398,129.7486048968,17,17,0.008571428571428572,928.4891728801999,0.34904480468220433,0.0,0.004,93009930.74,1,0.966,dos,TA0040 Impact / T1499 Endpoint DoS
wednesday,218,355703.9369415287,7215.68601985582,13,13,0.0025,389.482521788,0.28135675613418604,0.0,0.0,33103644.996,1,0.972,dos,TA0040 Impact / T1499 Endpoint DoS
wednesday,219,51350.3634821665,1078.2149198222003,8,8,0.0030211480362537764,852.5501122956001,0.14557666198192476,0.0,0.0,78012559.486,1,0.986,dos,TA0040 Impact / T1499 Endpoint DoS
wednesday,220,0.145824889414,121.830639660082,16,16,0.003115264797507788,887.2829452755999,0.31159857567674865,0.0,0.0,98609516.232,1,0.964,dos,TA0040 Impact / T1499 Endpoint DoS
wednesday,221,99204.57968310383,47430.15945617026,16,16,0.013888888888888888,547.6316220387399,0.3744671380522236,0.0,0.008,57747242.454,1,0.96,dos,TA0040 Impact / T1499 Endpoint DoS
wednesday,222,242240.8512308946,100625.78399765228,24,24,0.017391304347826087,356.77367193144,1.265705053975142,0.0,0.01,30740654.764,1,0.73,dos,TA0040 Impact / T1499 Endpoint DoS
wednesday,223,160335.96968076352,108.12879776359999,12,12,0.0026595744680851063,653.1644216212,0.2286348241014901,0.0,0.0,58799959.022,1,0.978,dos,TA0040 Impact / T1499 Endpoint DoS
wednesday,224,4000.150011451298,133.8078664164,6,6,0.0031446540880503146,896.8341691512,0.12079745984776938,0.0,0.0,89917783.838,1,0.988,dos,TA0040 Impact / T1499 Endpoint DoS
wednesday,225,446352.3233525553,15555.418969706954,15,15,0.004357298474945534,208.7576490646,0.32432467095863915,0.0,0.002,24138742.262,1,0.968,dos,TA0040 Impact / T1499 Endpoint DoS
wednesday,226,5615.9525338762005,126.02700495559999,15,15,0.003215434083601286,916.5784903988,0.2908665311356276,0.0,0.0,94939702.81,1,0.972,dos,TA0040 Impact / T1499 Endpoint DoS
wednesday,227,129248.8849805564,117.375959600006,3,3,0.0029069767441860465,642.794969853514,0.04162236031795037,0.0,0.0,71808460.392,1,0.996,dos,TA0040 Impact / T1499 Endpoint DoS
wednesday,228,12963.106469552182,172.57141619399,8,8,0.0061162079510703364,787.72846785962,0.14557666198192476,0.0,0.002,80828864.522,1,0.986,dos,TA0040 Impact / T1499 Endpoint DoS
wednesday,229,195540.904077267,98040.31846121742,22,22,0.029940119760479042,304.397768223022,1.2253595126885648,0.0,0.018,26328752.312,1,0.778,dos,TA0040 Impact / T1499 Endpoint DoS
wednesday,230,202044.58189845414,513.5923576153199,18,18,0.00267379679144385,573.0960383494,0.4546148050581499,0.0,0.0,49459045.696,1,0.952,dos,TA0040 Impact / T1499 Endpoint DoS
wednesday,231,800.6018743464136,112302.28070411838,13,13,0.006369426751592357,914.4506644835999,0.24938464318195502,0.0,0.002,88209205.81,1,0.976,dos,TA0040 Impact / T1499 Endpoint DoS
wednesday,232,373940.9185828414,110235.60761678834,9,9,0.004975124378109453,294.5459206076,0.3459496784018943,0.0,0.002,29110190.518,1,0.956,dos,TA0040 Impact / T1499 Endpoint DoS
wednesday,233,8394.431737938037,3174.063315708957,10,10,0.002976190476190476,906.2098935513401,0.2358748681819562,0.0,0.0,87542724.246,1,0.972,dos,TA0040 Impact / T1499 Endpoint DoS
wednesday,234,72521.10601760613,3635.111455462764,12,12,0.003115264797507788,741.4346660879739,0.4489812310781805,0.0,0.0,81351978.916,1,0.94,dos,TA0040 Impact / T1499 Endpoint DoS
wednesday,235,92417.55289299726,5585.21713892274,15,15,0.002793296089385475,674.85619682714,0.4951418619967644,0.0,0.0,67254768.064,1,0.94,dos,TA0040 Impact / T1499 Endpoint DoS
wednesday,236,17285.945503474573,216694.70214616723,31,31,0.041666666666666664,583.8340078734401,1.7373869724061193,0.0,0.022,57570789.25,1,0.57,dos,TA0040 Impact / T1499 Endpoint DoS
wednesday,237,237356.43908019035,159.3955631474,8,8,0.002617801047120419,420.699722634534,0.14557666198192476,0.0,0.0,36696653.81,1,0.986,dos,TA0040 Impact / T1499 Endpoint DoS
wednesday,238,58530.80000979269,135.0975132232,12,12,0.005934718100890208,787.8111122156,0.2286348241014901,0.0,0.002,74629558.706,1,0.978,dos,TA0040 Impact / T1499 Endpoint DoS
wednesday,239,343784.9025661374,63.6109724536,11,11,0.0023752969121140144,355.33249771180004,0.20787910442369828,0.0,0.0,31302157.862,1,0.98,dos,TA0040 Impact / T1499 Endpoint DoS
wednesday,240,2950.13305832374,121.8263034834,9,9,0.003205128205128205,921.0361335372,0.16635001139529076,0.0,0.0,97353580.848,1,0.984,dos,TA0040 Impact / T1499 Endpoint DoS
wednesday,241,292665.6804841145,63.943403723799996,5,5,0.0024691358024691358,401.4571664632,0.08322154475109339,0.0,0.0,48165162.84,1,0.992,dos,TA0040 Impact / T1499 Endpoint DoS
wednesday,242,3436.341200383054,132.79365192690003,6,6,0.0029411764705882353,885.2942804907999,0.10401241683612865,0.0,0.0,91317096.586,1,0.99,dos,TA0040 Impact / T1499 Endpoint DoS
wednesday,243,12836.037483106404,29036.739498156025,16,16,0.0058997050147492625,767.01575593442,0.34353502967932015,0.0,0.002,85665500.554,1,0.948,dos,TA0040 Impact / T1499 Endpoint DoS
wednesday,244,154370.4257391101,403091.8998960211,23,23,0.0231023102310231,444.6179893478,1.4393389179782083,0.002,0.012,38525038.732,1,0.682,dos,TA0040 Impact / T1499 Endpoint DoS
wednesday,245,356666.3255909391,63.67537184919999,13,13,0.0022675736961451248,327.4191371928,0.24938464318195502,0.0,0.0,31259113.798,1,0.976,dos,TA0040 Impact / T1499 Endpoint DoS
wednesday,246,42274.13967396319,133.94226387132,7,7,0.003048780487804878,858.9969678742,0.12479745984632667,0.0,0.0,77484408.332,1,0.988,dos,TA0040 Impact / T1499 Endpoint DoS
wednesday,247,31293.527215023096,363891.8553258535,21,21,0.025,827.5172541902601,0.6861103916789304,0.0,0.014,90818614.826,1,0.912,dos,TA0040 Impact / T1499 Endpoint DoS
wednesday,248,415716.6329006442,190413.28385166646,18,18,0.009009009009009009,229.6188944298,0.5152524170474059,0.0,0.006,18931119.122,1,0.938,dos,TA0040 Impact / T1499 Endpoint DoS
wednesday,249,1458.857821529664,161.248210847,6,6,0.0033222591362126247,918.6396565934001,0.1360668869804832,0.0,0.0,97223426.708,1,0.986,dos,TA0040 Impact / T1499 Endpoint DoS
wednesday,250,63549.50059693031,170.568712854162,11,11,0.002967359050445104,698.4524877334001,0.23987486818051346,0.0,0.0,75675582.964,1,0.976,dos,TA0040 Impact / T1499 Endpoint DoS
wednesday,251,74140.7891340202,72097.35603298781,15,15,0.0121580547112462,654.35718566776,0.6280293376298629,0.0,0.006,63320560.066,1,0.892,dos,TA0040 Impact / T1499 Endpoint DoS
wednesday,252,401199.8556720885,11278.7042911594,8,8,0.0023148148148148147,311.1214089772,0.14557666198192476,0.0,0.0,23754505.952,1,0.986,dos,TA0040 Impact / T1499 Endpoint DoS
wednesday,253,17128.136658692634,1179.434682815722,14,14,0.002976190476190476,886.3663678237999,0.27012854957368804,0.0,0.0,78390227.198,1,0.974,dos,TA0040 Impact / T1499 Endpoint DoS
wednesday,254,53237.04627210428,110.2077343356,9,9,0.00303951367781155,811.8137780144,0.16635001139529076,0.0,0.0,92715165.204,1,0.984,dos,TA0040 Impact / T1499 Endpoint DoS
wednesday,255,367377.3072625053,74068.63736004222,14,14,0.002398081534772182,369.0931275715,0.3020888006753071,0.0,0.0,32846370.576,1,0.97,dos,TA0040 Impact / T1499 Endpoint DoS
wednesday,256,857.271920793744,121.8779497436,12,12,0.003048780487804878,955.0977460165999,0.2286348241014901,0.0,0.0,97724369.226,1,0.978,dos,TA0040 Impact / T1499 Endpoint DoS
wednesday,257,127465.98324591096,145.25124595384997,16,16,0.002857142857142857,602.7474928874,0.4840101456355067,0.0,0.0,62302971.96,1,0.942,dos,TA0040 Impact / T1499 Endpoint DoS
wednesday,258,61315.88297673563,1221682.79577833,57,57,0.11666666666666667,698.09138916384,1.89723187922076,0.0,0.068,77580284.448,1,0.64,dos,TA0040 Impact / T1499 Endpoint DoS
wednesday,259,342716.33187145746,23489.75167597966,19,19,0.007228915662650603,294.24929103599396,0.7413336696159688,0.0,0.004,26704145.722,1,0.894,dos,TA0040 Impact / T1499 Endpoint DoS
wednesday,260,0.15807178130400001,142.8123909442,9,9,0.006329113924050633,920.0889578214001,0.16635001139529076,0.0,0.002,84011361.43,1,0.984,dos,TA0040 Impact / T1499 Endpoint DoS
wednesday,261,379896.3072609806,53.30699046,6,6,0.002320185614849188,332.2501198204,0.10401241683612865,0.0,0.0,31979250.458,1,0.99,dos,TA0040 Impact / T1499 Endpoint DoS
wednesday,262,47488.898611099525,16671.16621130516,15,15,0.006349206349206349,839.386406692886,0.3228148959543122,0.0,0.002,84232460.492,1,0.962,dos,TA0040 Impact / T1499 Endpoint DoS
wednesday,263,50806.28014937902,180.12632264540002,13,13,0.0029498525073746312,807.4650060954,0.24938464318195502,0.0,0.0,91306001.038,1,0.976,dos,TA0040 Impact / T1499 Endpoint DoS
wednesday,264,200387.84099573962,94.33836520098,11,11,0.0026246719160104987,541.5104820419999,0.22463482410293284,0.0,0.0,56396456.394,1,0.978,dos,TA0040 Impact / T1499 Endpoint DoS
wednesday,265,8060.628125093135,20741.7312932916,15,15,0.005698005698005698,817.3811720258,0.3228148959543122,0.0,0.002,89439645.628,1,0.964,dos,TA0040 Impact / T1499 Endpoint DoS
wednesday,266,280922.9635162258,189522.56587780517,25,25,0.015665796344647518,332.10006177508,1.082684933586029,0.0,0.01,30311377.186,1,0.826,dos,TA0040 Impact / T1499 Endpoint DoS
wednesday,267,2021.236794157462,8895.324173955598,11,11,0.0031847133757961785,900.311687599,0.24138464318484043,0.0,0.0,84226759.354,1,0.976,dos,TA0040 Impact / T1499 Endpoint DoS
wednesday,268,412607.63133291854,47.40790019318,11,11,0.0022471910112359553,264.90394160140005,0.20787910442369828,0.0,0.0,23835434.45,1,0.98,dos,TA0040 Impact / T1499 Endpoint DoS
wednesday,269,4129.138246721218,144.05586297040003,20,20,0.0029940119760479044,896.6083811346,0.41116931284905534,0.0,0.0,93476195.472,1,0.96,dos,TA0040 Impact / T1499 Endpoint DoS
wednesday,270,214588.31389442988,69.92305139177,7,7,0.002717391304347826,529.506617171714,0.12479745984632667,0.0,0.0,67185714.474,1,0.988,dos,TA0040 Impact / T1499 Endpoint DoS
wednesday,271,142574.2845977854,112101.02781722882,18,18,0.01694915254237288,669.69486489364,0.4255360661978691,0.0,0.01,67991175.572,1,0.956,dos,TA0040 Impact / T1499 Endpoint DoS
wednesday,272,2240.1972148061923,123.90923269120002,9,9,0.0028169014084507044,917.0617204490001,0.18311749619207424,0.0,0.0,97162478.914,1,0.982,dos,TA0040 Impact / T1499 Endpoint DoS
wednesday,273,102199.29991655186,214534.1034033424,30,30,0.030303030303030304,313.01322129367395,1.042003743797692,0.0,0.016,28421106.918,1,0.84,dos,TA0040 Impact / T1499 Endpoint DoS
wednesday,274,124533.007993203,19634.984693087437,13,13,0.002890173410404624,762.4111854482661,0.3091053900126509,0.0,0.0,65481230.008,1,0.968,dos,TA0040 Impact / T1499 Endpoint DoS
wednesday,275,276831.8788080722,164558.7655683102,11,11,0.005115089514066497,460.16078227500003,0.22463482410293284,0.0,0.002,35048303.386,1,0.978,dos,TA0040 Impact / T1499 Endpoint DoS
wednesday,276,0.14320983611399998,128.942709388002,9,9,0.003125,912.0204425677999,0.16635001139529076,0.0,0.0,93289963.874,1,0.982,dos,TA0040 Impact / T1499 Endpoint DoS
wednesday,277,298133.8685476855,215.8408791078,11,11,0.002380952380952381,376.17616043099997,0.20787910442369828,0.0,0.0,45114811.202,1,0.98,dos,TA0040 Impact / T1499 Endpoint DoS
wednesday,278,48735.42632464696,121.57049351420001,6,6,0.0029411764705882353,818.6697712444001,0.10401241683612865,0.0,0.0,80971537.682,1,0.99,dos,TA0040 Impact / T1499 Endpoint DoS
wednesday,279,15266.801106973562,117.8559270264,12,12,0.003003003003003003,862.2782418716,0.2286348241014901,0.0,0.0,96867064.328,1,0.978,dos,TA0040 Impact / T1499 Endpoint DoS
wednesday,280,73813.21224387795,273297.2379825958,29,29,0.042492917847025496,602.8643432145041,1.0334236019158307,0.0,0.028,61782545.6,1,0.854,dos,TA0040 Impact / T1499 Endpoint DoS
wednesday,281,362696.49314060237,53.09206635899999,11,11,0.0022471910112359553,324.082227763,0.20787910442369828,0.0,0.0,29787706.586,1,0.98,dos,TA0040 Impact / T1499 Endpoint DoS
wednesday,282,1500.15548023616,140.9640040464,9,9,0.002976190476190476,913.2909952644001,0.16635001139529076,0.0,0.0,84778146.086,1,0.984,dos,TA0040 Impact / T1499 Endpoint DoS
wednesday,283,199137.01007985,90.44631502646001,10,10,0.002631578947368421,568.2497114167999,0.1871174961906315,0.0,0.0,60184437.38,1,0.982,dos,TA0040 Impact / T1499 Endpoint DoS
wednesday,284,189145.06689749743,95287.39009105608,10,10,0.015625,635.7841310403601,0.24690926863058527,0.0,0.01,61936082.696,1,0.974,dos,TA0040 Impact / T1499 Endpoint DoS
wednesday,285,1857.289177302084,120.00317842504,6,6,0.0032258064516129032,905.6838579394799,0.13757666198481014,0.0,0.0,98213765.948,1,0.972,dos,TA0040 Impact / T1499 Endpoint DoS
wednesday,286,136461.8752865476,97667.77662074188,19,19,0.007481296758104738,542.190231978668,0.40565953784617115,0.0,0.004,62602866.08,1,0.96,dos,TA0040 Impact / T1499 Endpoint DoS
wednesday,287,39915.61548962683,170374.75159795297,29,29,0.05504587155963303,679.311340383474,0.9756796650689324,0.002,0.034,74903453.95,1,0.84,dos,TA0040 Impact / T1499 Endpoint DoS
wednesday,288,249746.73469714774,22254.4989317338,11,11,0.002577319587628866,529.3917275076,0.22463482410293284,0.0,0.0,40578264.834,1,0.978,dos,TA0040 Impact / T1499 Endpoint DoS
wednesday,289,58383.8934591977,2215.5603352296,8,8,0.0029498525073746312,828.4947396518,0.24286653114572648,0.0,0.0,76961774.196,1,0.972,dos,TA0040 Impact / T1499 Endpoint DoS
wednesday,290,353077.798227878,2929.2077374718,8,8,0.002403846153846154,371.61400942,0.14557666198192476,0.0,0.0,29401505.834,1,0.986,dos,TA0040 Impact / T1499 Endpoint DoS
wednesday,291,4000.145411362948,62124.4698067572,3,3,0.006289308176100629,925.7587837852,0.05842485534484654,0.0,0.002,97096151.13,1,0.994,dos,TA0040 Impact / T1499 Endpoint DoS
wednesday,292,304796.86578980554,56.12554821222,8,8,0.002380952380952381,394.40867929359996,0.14557666198192476,0.0,0.0,47924328.318,1,0.986,dos,TA0040 Impact / T1499 Endpoint DoS
wednesday,293,4914.30990553779,128.8440419766,3,3,0.0030303030303030303,906.0980569629999,0.04162236031795037,0.0,0.0,94275498.284,1,0.996,dos,TA0040 Impact / T1499 Endpoint DoS
wednesday,294,18039.66490690855,328617.7192041779,22,22,0.008982035928143712,733.9807183142,0.49957021656429923,0.0,0.004,77790127.652,1,0.95,dos,TA0040 Impact / T1499 Endpoint DoS
wednesday,295,220662.6717304644,290057.1538640867,17,17,0.011428571428571429,452.159343039514,0.45753111655420486,0.0,0.006,37286097.642,1,0.95,dos,TA0040 Impact / T1499 Endpoint DoS
wednesday,296,124822.72852330325,119.45409096160002,9,9,0.00273224043715847,689.5633838852,0.16635001139529076,0.0,0.0,65091088.934,1,0.984,dos,TA0040 Impact / T1499 Endpoint DoS
wednesday,297,254622.86623082004,124.57507134382,11,11,0.0024937655860349127,501.69655938522,0.23987486818051346,0.0,0.0,46699043.214,1,0.976,dos,TA0040 Impact / T1499 Endpoint DoS
wednesday,298,2045.700850406728,124.86493097680001,7,7,0.003048780487804878,909.5066902372,0.12479745984632667,0.0,0.0,99399663.954,1,0.988,dos,TA0040 Impact / T1499 Endpoint DoS
wednesday,299,335838.5214839959,60.184065129416,14,14,0.0023094688221709007,368.324015812934,0.27012854957368804,0.0,0.0,42926953.21,1,0.974,dos,TA0040 Impact / T1499 Endpoint DoS
wednesday,300,2200.142506054156,23324.404584862623,9,9,0.008670520231213872,912.2267572231799,0.18311749619207424,0.0,0.004,95372186.518,1,0.982,dos,TA0040 Impact / T1499 Endpoint DoS
wednesday,301,15443.056865360732,344.88318701778803,13,13,0.0056657223796034,766.9449958499999,0.24938464318195502,0.0,0.002,83771822.862,1,0.976,dos,TA0040 Impact / T1499 Endpoint DoS
wednesday,302,234282.39743772298,78446.69359441605,27,27,0.02531645569620253,511.900923595294,0.652362797805345,0.0,0.018,47524056.9,1,0.932,dos,TA0040 Impact / T1499 Endpoint DoS
wednesday,303,310758.7058181891,69.42599265540001,9,9,0.002457002457002457,437.42069570520005,0.16635001139529076,0.0,0.0,38616928.18,1,0.984,dos,TA0040 Impact / T1499 Endpoint DoS
wednesday,304,2127.8083039056323,135.2782894932,15,15,0.003115264797507788,914.644103443,0.2908665311356276,0.0,0.0,88402984.3,1,0.972,dos,TA0040 Impact / T1499 Endpoint DoS
wednesday,305,367495.14039517083,47.661085997804,8,8,0.002380952380952381,353.0620150309139,0.14557666198192476,0.0,0.0,43553546.13,1,0.986,dos,TA0040 Impact / T1499 Endpoint DoS
wednesday,306,66987.74463853633,115.02186300919999,10,10,0.003048780487804878,836.8053416163999,0.1871174961906315,0.0,0.0,84234811.272,1,0.982,dos,TA0040 Impact / T1499 Endpoint DoS
wednesday,307,38048.6669922785,112.085407569536,11,11,0.0029585798816568047,845.372579198,0.20787910442369828,0.0,0.0,92082532.558,1,0.98,dos,TA0040 Impact / T1499 Endpoint DoS
wednesday,308,76584.2050241821,136.96881604852,13,13,0.0027548209366391185,708.0731680280659,0.24938464318195502,0.0,0.0,72702352.892,1,0.976,dos,TA0040 Impact / T1499 Endpoint DoS
wednesday,309,363108.3664426784,596099.625221608,29,29,0.02576112412177986,239.14710249107398,0.858310424478013,0.0,0.02,24597676.672,1,0.896,dos,TA0040 Impact / T1499 Endpoint DoS
wednesday,310,78897.1354272774,6337.636582921419,14,14,0.002890173410404624,796.6615768159401,0.2868665311370703,0.0,0.0,70152840.558,1,0.972,dos,TA0040 Impact / T1499 Endpoint DoS
wednesday,311,3461.2624665856342,127.00026003428002,18,18,0.009523809523809525,893.1784660240539,0.36975896451043555,0.0,0.004,94935624.464,1,0.964,dos,TA0040 Impact / T1499 Endpoint DoS
wednesday,312,406830.4272699528,50142.303510599195,9,9,0.0022935779816513763,285.02312949900005,0.18311749619207424,0.0,0.0,25009080.676,1,0.982,dos,TA0040 Impact / T1499 Endpoint DoS
wednesday,313,1200.136643842136,125.0479570796,10,10,0.003278688524590164,922.5120387892,0.1871174961906315,0.0,0.0,95770149.49,1,0.982,dos,TA0040 Impact / T1499 Endpoint DoS
wednesday,314,178959.41795534745,191605.61295159502,19,19,0.017811704834605598,559.72524899086,0.446220169596764,0.0,0.012,61743196.862,1,0.954,dos,TA0040 Impact / T1499 Endpoint DoS
wednesday,315,4824.106013500095,175.223203909,8,8,0.0029585798816568047,887.3317006223999,0.1623500113967335,0.0,0.0,92700297.198,1,0.984,dos,TA0040 Impact / T1499 Endpoint DoS
wednesday,316,338590.6463003908,87582.16117759766,24,24,0.007211538461538462,303.30375785108004,0.8251360887251731,0.0,0.004,31855006.82,1,0.896,dos,TA0040 Impact / T1499 Endpoint DoS
wednesday,317,104.31152884230802,6334.2920830230005,12,12,0.009708737864077669,890.240558613266,0.3705165161978714,0.0,0.004,81716191.55,1,0.956,dos,TA0040 Impact / T1499 Endpoint DoS
wednesday,318,404314.48871233274,4406.994796079201,6,6,0.0022988505747126436,293.75449476299997,0.1638982152475287,0.0,0.0,28495710.33,1,0.982,dos,TA0040 Impact / T1499 Endpoint DoS
wednesday,319,94033.22084992878,381.1235944082,14,14,0.009345794392523364,781.68801066712,0.3718663439489051,0.0,0.004,74878377.69,1,0.96,dos,TA0040 Impact / T1499 Endpoint DoS
wednesday,320,386.48732929977007,21952.096860453217,16,16,0.0036900369003690036,876.430333532,0.5580923117614024,0.0,0.0,94566680.996,1,0.926,dos,TA0040 Impact / T1499 Endpoint DoS
wednesday,321,270235.08736869856,9675.613730225414,9,9,0.004901960784313725,469.8076620195399,0.32513021284761734,0.0,0.002,50408522.554,1,0.956,dos,TA0040 Impact / T1499 Endpoint DoS
wednesday,322,2335.945744580184,15162.979784985799,30,30,0.002881844380403458,865.5258527186,0.7940728788786218,0.0,0.0,94395168.574,1,0.912,dos,TA0040 Impact / T1499 Endpoint DoS
wednesday,323,83937.01504423996,59190.83499052424,21,21,0.008032128514056224,342.813337573,1.2263943710462208,0.0,0.002,31730797.718,1,0.698,dos,TA0040 Impact / T1499 Endpoint DoS
wednesday,324,125792.74906228992,560540.7549952966,37,37,0.08376963350785341,167.70899119900002,2.1941619026406762,0.0,0.03,8847584.86,1,0.25,dos,TA0040 Impact / T1499 Endpoint DoS
wednesday,325,81187.49276285515,574.400932216498,15,15,0.002777777777777778,777.059861775432,0.30759857567819127,0.0,0.0,71531000.822,1,0.968,dos,TA0040 Impact / T1499 Endpoint DoS
wednesday,326,354290.59104723483,37062.1725853416,12,12,0.004728132387706856,363.9033606974,0.2453846431833977,0.0,0.002,32042105.776,1,0.974,dos,TA0040 Impact / T1499 Endpoint DoS
wednesday,327,587.1015382789578,128.9668040568,9,9,0.003389830508474576,915.8026183866,0.16635001139529076,0.0,0.0,93865037.654,1,0.984,dos,TA0040 Impact / T1499 Endpoint DoS
wednesday,328,283411.5771230909,6270.778167342161,13,13,0.0024937655860349127,381.14298408002804,0.3344559956088426,0.0,0.0,50998805.064,1,0.964,dos,TA0040 Impact / T1499 Endpoint DoS
wednesday,329,118548.28601655774,8528.775983592,17,17,0.002898550724637681,755.3549934574,0.3784671380507809,0.0,0.0,74513164.018,1,0.962,dos,TA0040 Impact / T1499 Endpoint DoS
wednesday,330,63.998688599015985,601.5958977963401,18,18,0.002967359050445104,926.912172216,0.4031693128519408,0.0,0.0,97086840.674,1,0.96,dos,TA0040 Impact / T1499 Endpoint DoS
wednesday,331,41989.93680795631,52177.20332242162,23,23,0.00980392156862745,529.0720018039,0.8699634233600692,0.0,0.004,50434957.734,1,0.876,dos,TA0040 Impact / T1499 Endpoint DoS
wednesday,332,182106.5956122666,89924.90701318815,15,15,0.0029850746268656717,391.972515830734,0.3395350296807628,0.0,0.0,29105319.028,1,0.952,dos,TA0040 Impact / T1499 Endpoint DoS
wednesday,333,1500.2642473858482,155.0406017402,16,16,0.0029498525073746312,938.2312259268,0.31159857567674865,0.0,0.0,84313337.316,1,0.968,dos,TA0040 Impact / T1499 Endpoint DoS
wednesday,334,410454.106573673,56.629579817,9,9,0.002173913043478261,247.51357321940003,0.16635001139529076,0.0,0.0,22940320.192,1,0.984,dos,TA0040 Impact / T1499 Endpoint DoS
wednesday,335,126.71557921954,300.40162317,13,13,0.0032258064516129032,926.3803472128,0.26612854957513077,0.0,0.0,92635500.078,1,0.974,dos,TA0040 Impact / T1499 Endpoint DoS
wednesday,336,136399.0453296725,96.67499633640001,8,8,0.002824858757062147,687.8753992362,0.14557666198192476,0.0,0.0,77153009.972,1,0.986,dos,TA0040 Impact / T1499 Endpoint DoS
wednesday,337,140435.7429311925,575.2174379246801,8,8,0.0027247956403269754,623.53592088106,0.14557666198192476,0.0,0.0,63829712.196,1,0.982,dos,TA0040 Impact / T1499 Endpoint DoS
wednesday,338,10710.871136231266,437.66151199228807,13,13,0.006006006006006006,810.3345264804601,0.26612854957513077,0.0,0.002,87676197.116,1,0.962,dos,TA0040 Impact / T1499 Endpoint DoS
wednesday,339,345211.59316726733,177658.00517900148,20,20,0.004672897196261682,299.049879854694,0.5032556846776836,0.0,0.002,24850200.858,1,0.912,dos,TA0040 Impact / T1499 Endpoint DoS
wednesday,340,2102.5882402479974,2108.8996476107995,16,16,0.0030303030303030303,892.6708399831999,0.357758964513321,0.0,0.0,82054847.586,1,0.946,dos,TA0040 Impact / T1499 Endpoint DoS
wednesday,341,272822.0354362097,320.69653169759994,9,9,0.0025188916876574307,458.76438254579995,0.16635001139529076,0.0,0.0,45363721.554,1,0.98,dos,TA0040 Impact / T1499 Endpoint DoS
wednesday,342,119387.55613500613,103.20657035900001,10,10,0.0027472527472527475,743.5023853378,0.1871174961906315,0.0,0.0,73343080.206,1,0.982,dos,TA0040 Impact / T1499 Endpoint DoS
wednesday,343,3500.300578151657,128.4490528336,13,13,0.003194888178913738,899.7248944090001,0.24938464318195502,0.0,0.0,99004277.026,1,0.976,dos,TA0040 Impact / T1499 Endpoint DoS
wednesday,344,215918.06654623224,102.611677040176,7,7,0.002457002457002457,536.9747974452,0.14157666198336744,0.0,0.0,57752458.202,1,0.986,dos,TA0040 Impact / T1499 Endpoint DoS
wednesday,345,11836.755015608009,138.094547987092,5,5,0.002976190476190476,814.9191253810001,0.08322154475109339,0.0,0.0,88403002.26,1,0.992,dos,TA0040 Impact / T1499 Endpoint DoS
wednesday,346,271151.24036011717,515999.76100319583,39,39,0.04229607250755287,221.60017323001398,1.648801370777095,0.0,0.026,11671765.44,1,0.714,dos,TA0040 Impact / T1499 Endpoint DoS
wednesday,347,-3995.845328917658,-23852.293190985878,19,19,0.003048780487804878,897.5913379244,0.4934769535578608,0.0,0.0,83388956.182,1,0.946,dos,TA0040 Impact / T1499 Endpoint DoS
wednesday,348,409622.76958908973,1369.42228054444,12,12,0.002304147465437788,277.27391522082,0.3810282869438483,0.0,0.0,25887366.838,1,0.954,dos,TA0040 Impact / T1499 Endpoint DoS
wednesday,349,9367.118486065981,394.41537260960007,11,11,0.0030581039755351682,892.9544242834,0.2676472501925248,0.0,0.0,89979963.986,1,0.972,dos,TA0040 Impact / T1499 Endpoint DoS
wednesday,350,96941.3407626916,371.911766955278,11,11,0.002932551319648094,738.3447430614,0.25412854957801617,0.0,0.0,85809043.444,1,0.974,dos,TA0040 Impact / T1499 Endpoint DoS
wednesday,351,282337.98507209664,278.10228143981993,17,17,0.0024630541871921183,473.3718803784,0.39516931285338347,0.0,0.0,47220937.916,1,0.96,dos,TA0040 Impact / T1499 Endpoint DoS
wednesday,352,1200.1657875313463,123.50795875452,9,9,0.003215434083601286,900.884275135,0.19987910442658366,0.0,0.0,98344602.176,1,0.98,dos,TA0040 Impact / T1499 Endpoint DoS
wednesday,353,34689.04492852851,42592.23594810602,12,12,0.0030959752321981426,470.71442787813396,0.2453846431833977,0.0,0.0,47436668.092,1,0.976,dos,TA0040 Impact / T1499 Endpoint DoS
wednesday,354,210683.1380383672,260779.4856493085,18,18,0.00546448087431694,511.62224733678,0.6697901765096603,0.0,0.002,45014144.992,1,0.918,dos,TA0040 Impact / T1499 Endpoint DoS
wednesday,355,7129.183114735449,136.83780213560001,10,10,0.0031746031746031746,934.5949149372,0.1871174961906315,0.0,0.0,85440407.372,1,0.982,dos,TA0040 Impact / T1499 Endpoint DoS
wednesday,356,439649.2695008337,48.0220821112,5,5,0.002325581395348837,288.52549601780004,0.08322154475109339,0.0,0.0,25885615.31,1,0.992,dos,TA0040 Impact / T1499 Endpoint DoS
wednesday,357,1322.4208665771382,120.774283875,10,10,0.0030581039755351682,919.6952590977999,0.1871174961906315,0.0,0.0,97836083.368,1,0.982,dos,TA0040 Impact / T1499 Endpoint DoS
wednesday,358,264575.76228155865,64.16278635239999,8,8,0.0024937655860349127,480.28295137080005,0.14557666198192476,0.0,0.0,56638054.918,1,0.986,dos,TA0040 Impact / T1499 Endpoint DoS
wednesday,359,9488.952020901901,136.66218770943797,23,23,0.0058997050147492625,864.822139981,0.4565556161993094,0.0,0.002,88799848.088,1,0.956,dos,TA0040 Impact / T1499 Endpoint DoS
wednesday,360,126770.25614748598,388893.6544847062,20,20,0.024725274725274724,575.324950521454,0.5206962345052917,0.0,0.016,63345575.448,1,0.946,dos,TA0040 Impact / T1499 Endpoint DoS
wednesday,361,241880.1402209367,1631.1819763402,9,9,0.002617801047120419,555.797086324,0.16635001139529076,0.0,0.0,46108149.948,1,0.984,dos,TA0040 Impact / T1499 Endpoint DoS
wednesday,362,0.155417575962,140.011002970086,12,12,0.00303951367781155,910.4125741683999,0.2286348241014901,0.0,0.0,85770195.962,1,0.978,dos,TA0040 Impact / T1499 Endpoint DoS
wednesday,363,421733.41450798657,199.86774760999998,17,17,0.002232142857142857,258.072847197,0.3323246709557538,0.0,0.0,24274828.976,1,0.968,dos,TA0040 Impact / T1499 Endpoint DoS
wednesday,364,0.13592982295199998,123.9986935212,5,5,0.0033444816053511705,921.7472618734,0.08322154475109339,0.0,0.0,96796931.692,1,0.992,dos,TA0040 Impact / T1499 Endpoint DoS
wednesday,365,191682.45542918463,80.783413652744,11,11,0.002583979328165375,595.8773880262,0.20787910442369828,0.0,0.0,69803608.36,1,0.98,dos,TA0040 Impact / T1499 Endpoint DoS
wednesday,366,64941.200794474826,130.634418410068,7,7,0.002881844380403458,773.501316921,0.12479745984632667,0.0,0.0,80877752.344,1,0.988,dos,TA0040 Impact / T1499 Endpoint DoS
wednesday,367,11454.872617816196,42819.588228096545,14,14,0.002967359050445104,721.636985397068,0.27012854957368804,0.0,0.0,75103953.12,1,0.974,dos,TA0040 Impact / T1499 Endpoint DoS
wednesday,368,225854.8341828764,240795.92291429848,30,30,0.010238907849829351,88.42724025477202,1.4865815883325262,0.0,0.004,8686748.074,1,0.71,dos,TA0040 Impact / T1499 Endpoint DoS
wednesday,369,148647.82458106996,92617.98371202723,15,15,0.008620689655172414,742.8866893092,0.3395350296807628,0.0,0.004,63923869.972,1,0.966,dos,TA0040 Impact / T1499 Endpoint DoS
wednesday,370,7950.141590398318,60126.66752273135,11,11,0.003246753246753247,906.3598655008,0.2676472501925248,0.0,0.0,94606789.868,1,0.972,dos,TA0040 Impact / T1499 Endpoint DoS
wednesday,371,451922.76927516534,2434.357073716018,12,12,0.0022371364653243847,205.18435166319998,0.2286348241014901,0.0,0.0,19967823.472,1,0.972,dos,TA0040 Impact / T1499 Endpoint DoS
wednesday,372,500.44113942640803,126.7299239048,11,11,0.0031847133757961785,919.1632800728,0.20787910442369828,0.0,0.0,95533873.162,1,0.98,dos,TA0040 Impact / T1499 Endpoint DoS
wednesday,373,171180.2753169064,32402.98152989577,21,21,0.002849002849002849,632.482357694588,0.47469849301375466,0.0,0.0,71732316.048,1,0.946,dos,TA0040 Impact / T1499 Endpoint DoS
wednesday,374,47573.49124392776,8127.803070454974,18,18,0.002881844380403458,786.741595156,0.3530448046807617,0.0,0.0,79795452.856,1,0.95,dos,TA0040 Impact / T1499 Endpoint DoS
wednesday,375,42419.05050821255,319737.18018858467,57,57,0.02247191011235955,508.34750479586006,2.2977234654261487,0.0,0.01,65336802.34,1,0.548,dos,TA0040 Impact / T1499 Endpoint DoS
wednesday,376,205139.6907293707,28359.949180568397,11,11,0.0027472527472527475,341.2166443142,0.31704480469086055,0.0,0.0,29415062.498,1,0.966,dos,TA0040 Impact / T1499 Endpoint DoS
wednesday,377,78090.54599878668,216.85911426019996,10,10,0.00554016620498615,813.08964970386,0.20387910442514096,0.0,0.002,73955518.686,1,0.98,dos,TA0040 Impact / T1499 Endpoint DoS
wednesday,378,225001.062307352,94.795102985896,15,15,0.0026041666666666665,533.2923561084,0.3228148959543122,0.0,0.0,54981606.566,1,0.968,dos,TA0040 Impact / T1499 Endpoint DoS
wednesday,379,224767.095929271,179.414381195,15,15,0.005263157894736842,573.3667015306,0.30759857567819127,0.0,0.002,55821428.088,1,0.97,dos,TA0040 Impact / T1499 Endpoint DoS
wednesday,380,1514.90682055344,1439.3429789217998,7,7,0.0035087719298245615,919.2779718912001,0.15684023639384922,0.0,0.0,98747777.232,1,0.984,dos,TA0040 Impact / T1499 Endpoint DoS
wednesday,381,190700.0924744942,108.65746874466,12,12,0.002570694087403599,530.9317188926,0.2286348241014901,0.0,0.0,58444950.3,1,0.976,dos,TA0040 Impact / T1499 Endpoint DoS
wednesday,382,3740.434301568449,64050.2121552233,22,22,0.006578947368421052,737.543209049554,1.0035966969778924,0.0,0.002,81522259.512,1,0.822,dos,TA0040 Impact / T1499 Endpoint DoS
wednesday,383,55535.99854695721,68209.68974570291,22,22,0.0031545741324921135,601.3010505402,1.0133303783074163,0.0,0.0,54755045.79,1,0.818,dos,TA0040 Impact / T1499 Endpoint DoS
wednesday,384,367145.77928229707,4245.8632518722,11,11,0.0022222222222222222,335.78968797839997,0.20787910442369828,0.0,0.0,30614744.96,1,0.98,dos,TA0040 Impact / T1499 Endpoint DoS
wednesday,385,1564.226100803134,147.5456212986,8,8,0.002976190476190476,903.1534386988001,0.14557666198192476,0.0,0.0,87597259.556,1,0.986,dos,TA0040 Impact / T1499 Endpoint DoS
wednesday,386,276934.8006230114,229.594385963496,12,12,0.0024691358024691358,452.45589061519996,0.2286348241014901,0.0,0.0,53498718.104,1,0.978,dos,TA0040 Impact / T1499 Endpoint DoS
wednesday,387,165673.4403487687,93.79947398040001,10,10,0.0027247956403269754,650.607854713,0.20387910442514096,0.0,0.0,67695559.282,1,0.98,dos,TA0040 Impact / T1499 Endpoint DoS
wednesday,388,0.132162642804,120.45075360560001,1,1,0.003355704697986577,919.9655443146,-1.4428232973175175e-12,0.0,0.0,99420011.76,1,1.0,dos,TA0040 Impact / T1499 Endpoint DoS
wednesday,389,95780.06987934423,146.996604662694,9,9,0.002777777777777778,665.6458684183999,0.16635001139529076,0.0,0.0,71155842.932,1,0.984,dos,TA0040 Impact / T1499 Endpoint DoS
wednesday,390,207977.95350102652,561467.5556162149,32,32,0.007692307692307693,532.00322128648,1.005575629558183,0.0,0.004,47242626.272,1,0.874,dos,TA0040 Impact / T1499 Endpoint DoS
wednesday,391,259237.25832407392,4158.9830738144,12,12,0.002583979328165375,539.0546047295999,0.2286348241014901,0.0,0.0,47573890.802,1,0.978,dos,TA0040 Impact / T1499 Endpoint DoS
wednesday,392,191631.86861055295,530.7215908951999,12,12,0.0026595744680851063,620.670498263,0.2453846431833977,0.0,0.0,53467592.106,1,0.976,dos,TA0040 Impact / T1499 Endpoint DoS
wednesday,393,0.13740394160799999,125.0504020282,6,6,0.003401360544217687,922.3032783122,0.10401241683612865,0.0,0.0,96521209.092,1,0.99,dos,TA0040 Impact / T1499 Endpoint DoS
wednesday,394,391195.82663877244,47.923597948373995,7,7,0.004651162790697674,289.24498158262804,0.12479745984632667,0.0,0.002,33874382.884,1,0.988,dos,TA0040 Impact / T1499 Endpoint DoS
wednesday,395,2544.6857285746637,120.3404632212,8,8,0.0031746031746031746,941.0225566278,0.14557666198192476,0.0,0.0,97719854.342,1,0.986,dos,TA0040 Impact / T1499 Endpoint DoS
wednesday,396,30852.201974327374,421.6631155722401,18,18,0.005633802816901409,779.1221053335339,0.36975896451043555,0.0,0.002,83157840.408,1,0.96,dos,TA0040 Impact / T1499 Endpoint DoS
wednesday,397,307335.4263038177,635305.4680195401,41,41,0.044226044226044224,347.8189811521,1.2425884566694656,0.0,0.034,42484753.266,1,0.812,dos,TA0040 Impact / T1499 Endpoint DoS
wednesday,398,63098.40237158183,129.52455931806,9,9,0.01238390092879257,824.13966121958,0.2261653622388522,0.0,0.006,73910579.672,1,0.976,dos,TA0040 Impact / T1499 Endpoint DoS
wednesday,399,266353.5672389564,30077.24680352142,16,16,0.012531328320802004,500.9813639891,0.37124785710334995,0.0,0.008,47671391.566,1,0.962,dos,TA0040 Impact / T1499 Endpoint DoS
wednesday,400,139265.5275344838,118.9058425086,10,10,0.0028089887640449437,663.8395401782,0.1871174961906315,0.0,0.0,64612669.558,1,0.982,dos,TA0040 Impact / T1499 Endpoint DoS
wednesday,401,4833.767859063858,8123.895690165162,16,16,0.006042296072507553,894.66407823586,0.3283246709571964,0.0,0.002,98551521.494,1,0.968,dos,TA0040 Impact / T1499 Endpoint DoS
wednesday,402,268139.867231899,81.55252135636401,20,20,0.007407407407407408,432.99422533101404,0.4405556162036376,0.0,0.004,47127736.154,1,0.956,dos,TA0040 Impact / T1499 Endpoint DoS
wednesday,403,1200.1591339333281,33319.52204110104,13,13,0.022727272727272728,896.7230310087199,0.3220252546793213,0.0,0.014,98047772.366,1,0.966,dos,TA0040 Impact / T1499 Endpoint DoS
wednesday,404,182655.83447133933,128187.62029573786,39,39,0.05181347150259067,406.575627756588,1.2374457317386833,0.0,0.038,46991430.4,1,0.828,dos,TA0040 Impact / T1499 Endpoint DoS
wednesday,405,217423.72129569572,91.72477658860001,4,4,0.002583979328165375,576.6210119,0.07922154475253608,0.0,0.0,51551873.692,1,0.992,dos,TA0040 Impact / T1499 Endpoint DoS
wednesday,406,3200.1510749138756,136.3229450366,12,12,0.0031545741324921135,908.9687492152,0.2286348241014901,0.0,0.0,87524096.07,1,0.978,dos,TA0040 Impact / T1499 Endpoint DoS
wednesday,407,382980.3933684628,38.445469543,5,5,0.00228310502283105,260.89271210180004,0.08322154475109339,0.0,0.0,26982150.568,1,0.992,dos,TA0040 Impact / T1499 Endpoint DoS
wednesday,408,857.276928272194,123.32079926680001,9,9,0.003125,926.7664259894,0.16635001139529076,0.0,0.0,96819340.27,1,0.984,dos,TA0040 Impact / T1499 Endpoint DoS
wednesday,409,187900.33815402834,151.022201249716,13,13,0.00267379679144385,509.04501948500007,0.24938464318195502,0.0,0.0,62654996.688,1,0.976,dos,TA0040 Impact / T1499 Endpoint DoS
wednesday,410,44878.81322349058,3022.3847499922003,14,14,0.0029239766081871343,781.0375920188001,0.34273941450755246,0.0,0.0,80894097.204,1,0.964,dos,TA0040 Impact / T1499 Endpoint DoS
wednesday,411,28876.113578731067,700710.0135156385,53,53,0.08071748878923767,455.732077540954,2.289426903985793,0.0,0.034,46353750.804,1,0.438,dos,TA0040 Impact / T1499 Endpoint DoS
wednesday,412,147563.43377148014,24991.44003147508,20,20,0.03188405797101449,605.913402561794,0.39446713804645284,0.0,0.02,55135648.584,1,0.958,dos,TA0040 Impact / T1499 Endpoint DoS
wednesday,413,393526.9722549607,478.2517263323999,13,13,0.009009009009009009,265.455439593398,0.2955985756810767,0.0,0.006,23120004.748,1,0.97,dos,TA0040 Impact / T1499 Endpoint DoS
wednesday,414,2715.443332912446,728.9057605824001,12,12,0.006329113924050633,912.879251707186,0.2748665311399557,0.0,0.002,84075379.674,1,0.972,dos,TA0040 Impact / T1499 Endpoint DoS
wednesday,415,192399.06661944414,4130.053779235599,16,16,0.012953367875647668,594.783184046464,0.3283246709571964,0.0,0.008,65526063.194,1,0.968,dos,TA0040 Impact / T1499 Endpoint DoS
wednesday,416,216351.57687873035,84.70736348514,11,11,0.005390835579514825,621.9168197296599,0.20787910442369828,0.0,0.002,60244342.654,1,0.98,dos,TA0040 Impact / T1499 Endpoint DoS
wednesday,417,1430.8669272360262,8611.2783115772,21,21,0.026392961876832845,939.560171016928,0.4318654764165297,0.0,0.016,95941755.256,1,0.958,dos,TA0040 Impact / T1499 Endpoint DoS
wednesday,418,115355.10355908814,4067.1901317321426,13,13,0.002824858757062147,662.1064557226,0.31232467096152455,0.0,0.0,67581323.738,1,0.968,dos,TA0040 Impact / T1499 Endpoint DoS
wednesday,419,162760.30823347045,33827.008938531886,22,22,0.011299435028248588,525.580060224626,0.7060540647248932,0.002,0.006,55894677.584,1,0.842,dos,TA0040 Impact / T1499 Endpoint DoS
wednesday,420,248084.83354858472,4102.7944025248,17,17,0.002564102564102564,498.850167194,0.34904480468220433,0.0,0.0,47080657.522,1,0.966,dos,TA0040 Impact / T1499 Endpoint DoS
wednesday,421,156858.21982712497,516.4362395631998,8,8,0.0027397260273972603,684.9506451404001,0.1791174961935169,0.0,0.0,62427899.786,1,0.982,dos,TA0040 Impact / T1499 Endpoint DoS
wednesday,422,3500.76154256258,147.0889776096,19,19,0.006535947712418301,904.1634696539999,0.43655561620508027,0.0,0.002,94190070.318,1,0.956,dos,TA0040 Impact / T1499 Endpoint DoS
wednesday,423,417426.94618222263,7896.17190377758,10,10,0.004651162790697674,250.51038882059999,0.4076921222545875,0.0,0.002,26094212.886,1,0.944,dos,TA0040 Impact / T1499 Endpoint DoS
wednesday,424,3359.69149224237,7178.58135408052,11,11,0.003194888178913738,894.2601434487999,0.28057902567530824,0.0,0.0,96311702.152,1,0.964,dos,TA0040 Impact / T1499 Endpoint DoS
wednesday,425,36448.29535322077,2786.2725530042985,23,23,0.00872093023255814,721.93219286592,0.6125266607912071,0.0,0.004,79829203.614,1,0.934,dos,TA0040 Impact / T1499 Endpoint DoS
wednesday,426,12968.201710775178,320826.9513589954,28,28,0.03296703296703297,527.5131634329001,1.7916892979045984,0.0,0.016,53815724.654,1,0.532,dos,TA0040 Impact / T1499 Endpoint DoS
wednesday,427,313625.37106614845,1118.9566836407998,12,12,0.0024630541871921183,433.6654860772,0.2286348241014901,0.0,0.0,38882280.304,1,0.978,dos,TA0040 Impact / T1499 Endpoint DoS
wednesday,428,39941.674572262906,132.864112129282,12,12,0.002967359050445104,833.4926503884,0.2286348241014901,0.0,0.0,79412234.282,1,0.976,dos,TA0040 Impact / T1499 Endpoint DoS
wednesday,429,324523.5845403199,66.8682423906,13,13,0.004761904761904762,381.11089981279997,0.26612854957513077,0.0,0.002,34775189.994,1,0.974,dos,TA0040 Impact / T1499 Endpoint DoS
wednesday,430,857.289593115428,131.97585041940002,11,11,0.0028735632183908046,918.132228121,0.20787910442369828,0.0,0.0,97433276.4,1,0.98,dos,TA0040 Impact / T1499 Endpoint DoS
wednesday,431,316265.13905402913,211.46750093176001,10,10,0.004866180048661801,386.7229859658001,0.1871174961906315,0.0,0.002,50395485.832,1,0.982,dos,TA0040 Impact / T1499 Endpoint DoS
wednesday,432,24400.178037689406,48123.062159732486,13,13,0.0029498525073746312,865.7724792007999,0.26612854957513077,0.0,0.0,90259553.088,1,0.974,dos,TA0040 Impact / T1499 Endpoint DoS
wednesday,433,23005.64400788727,309645.80415981234,17,17,0.006134969325153374,780.89533240458,0.3976595378490565,0.0,0.002,81138670.57,1,0.96,dos,TA0040 Impact / T1499 Endpoint DoS
wednesday,434,239863.91128955482,418483.3050097268,21,21,0.005917159763313609,358.20136098614006,1.0882728131257413,0.0,0.002,30552020.572,1,0.8,dos,TA0040 Impact / T1499 Endpoint DoS
wednesday,435,45361.31918952827,790.89217164034,12,12,0.003115264797507788,799.6241737645402,0.3522283071004669,0.0,0.0,76406211.198,1,0.962,dos,TA0040 Impact / T1499 Endpoint DoS
wednesday,436,361557.37679603684,55.20431246098,8,8,0.0022624434389140274,338.1345226166,0.17760772118919,0.0,0.0,30865551.856,1,0.982,dos,TA0040 Impact / T1499 Endpoint DoS
wednesday,437,6600.137641479548,74120.08695540686,14,14,0.00684931506849315,914.422417363,0.3020888006753071,0.0,0.002,98764994.756,1,0.968,dos,TA0040 Impact / T1499 Endpoint DoS
wednesday,438,293478.40518344124,59.4425028236,12,12,0.002403846153846154,434.37517639140003,0.2453846431833977,0.0,0.0,52429239.804,1,0.976,dos,TA0040 Impact / T1499 Endpoint DoS
wednesday,439,40685.396987698485,172.55440189,18,18,0.011627906976744186,843.242323270798,0.3530448046807617,0.0,0.006,86045836.334,1,0.966,dos,TA0040 Impact / T1499 Endpoint DoS
wednesday,440,9901.636473845783,24163.86962747835,18,18,0.017142857142857144,775.2580282147301,0.4126461954719842,0.0,0.01,87099587.36,1,0.952,dos,TA0040 Impact / T1499 Endpoint DoS
wednesday,441,165889.6433897605,394810.2902806164,37,37,0.02535211267605634,564.7247121162881,1.2079316825935238,0.0,0.016,52428507.856,1,0.842,dos,TA0040 Impact / T1499 Endpoint DoS
wednesday,442,269721.3729109999,104.03643904220002,6,6,0.00510204081632653,438.08323374693407,0.10401241683612865,0.0,0.002,40445981.396,1,0.99,dos,TA0040 Impact / T1499 Endpoint DoS
wednesday,443,51034.056166112605,155.287020251,12,12,0.009404388714733543,782.834020481866,0.2748665311399557,0.0,0.004,79783898.51,1,0.972,dos,TA0040 Impact / T1499 Endpoint DoS
wednesday,444,288362.43886052654,88.994183406388,10,10,0.002570694087403599,431.53281729106806,0.2333846431862831,0.0,0.0,43843723.81,1,0.976,dos,TA0040 Impact / T1499 Endpoint DoS
wednesday,445,41403.29345958617,5355.884585212803,7,7,0.00967741935483871,785.6660293845141,0.18465982348059543,0.0,0.004,89953511.336,1,0.98,dos,TA0040 Impact / T1499 Endpoint DoS
wednesday,446,247381.5530336794,88.96560189158001,9,9,0.002617801047120419,468.205722475602,0.18311749619207424,0.0,0.0,49475581.962,1,0.98,dos,TA0040 Impact / T1499 Endpoint DoS
wednesday,447,17956.1578681044,338.883298496094,15,15,0.0030120481927710845,792.741437648,0.30759857567819127,0.0,0.0,86957573.488,1,0.97,dos,TA0040 Impact / T1499 Endpoint DoS
wednesday,448,175949.29202682554,246397.71954949334,26,26,0.02040816326530612,496.22008150300604,1.2102201649982143,0.0,0.012,44162883.966,1,0.806,dos,TA0040 Impact / T1499 Endpoint DoS
wednesday,449,299970.01800637535,4351.324313599801,9,9,0.0025252525252525255,487.0925533388,0.16635001139529076,0.0,0.0,40760393.156,1,0.984,dos,TA0040 Impact / T1499 Endpoint DoS
wednesday,450,240.15032050363396,135.4457406574,11,11,0.003205128205128205,908.735608544,0.20787910442369828,0.0,0.0,88591066.136,1,0.98,dos,TA0040 Impact / T1499 Endpoint DoS
wednesday,451,394796.7093962556,39.1511835786,7,7,0.002197802197802198,266.3510843778,0.12479745984632667,0.0,0.0,31480417.89,1,0.988,dos,TA0040 Impact / T1499 Endpoint DoS
wednesday,452,2214.417731583754,123.82162234420001,12,12,0.003289473684210526,945.8184591712001,0.2286348241014901,0.0,0.0,95905676.89,1,0.978,dos,TA0040 Impact / T1499 Endpoint DoS
wednesday,453,95406.04826023807,340.636518902926,39,39,0.04419889502762431,779.6917621722,0.7867681703373847,0.0,0.03,84246444.772,1,0.92,dos,TA0040 Impact / T1499 Endpoint DoS
wednesday,454,75593.293902163,122.93009362677999,21,21,0.007874015748031496,739.6702992985339,0.4151693128476127,0.0,0.004,76237410.512,1,0.96,dos,TA0040 Impact / T1499 Endpoint DoS
wednesday,455,88621.49005224576,100150.33953741226,32,32,0.015723270440251572,407.804992903666,1.1481167389732503,0.0,0.008,44298360.24,1,0.846,dos,TA0040 Impact / T1499 Endpoint DoS
wednesday,456,119333.48560449875,433649.4537087379,56,56,0.09705882352941177,563.38215857178,1.863143678700149,0.0,0.064,49862019.752,1,0.736,dos,TA0040 Impact / T1499 Endpoint DoS
wednesday,457,96638.57898145543,210.6995412227,19,19,0.015432098765432098,644.118265456798,0.3737589645089928,0.0,0.008,60206760.056,1,0.964,dos,TA0040 Impact / T1499 Endpoint DoS
wednesday,458,233026.32665670902,84.54849857880001,15,15,0.007263922518159807,559.0839222566,0.2908665311356276,0.0,0.004,51806803.26,1,0.972,dos,TA0040 Impact / T1499 Endpoint DoS
wednesday,459,9462.047752375658,35558.37394366996,25,25,0.0031645569620253164,908.8825089592,0.570197313482124,0.0,0.0,99052479.868,1,0.942,dos,TA0040 Impact / T1499 Endpoint DoS
wednesday,460,360941.80866340623,54.2717484178,9,9,0.002257336343115124,338.23420235739997,0.16635001139529076,0.0,0.0,37364446.34,1,0.984,dos,TA0040 Impact / T1499 Endpoint DoS
wednesday,461,6033.47953033513,20129.68923846312,16,16,0.006172839506172839,898.3169211943999,0.4201810695837843,0.0,0.002,96715141.01,1,0.954,dos,TA0040 Impact / T1499 Endpoint DoS
wednesday,462,8179.7986110005,148.18105119113198,18,18,0.0028653295128939827,773.138149819534,0.3530448046807617,0.0,0.0,86970599.278,1,0.966,dos,TA0040 Impact / T1499 Endpoint DoS
wednesday,463,169256.30243416064,221114.1318732244,37,37,0.036011080332409975,517.21705909266,1.4084830003741668,0.0,0.024,54169403.982,1,0.786,dos,TA0040 Impact / T1499 Endpoint DoS
wednesday,464,332213.2395945379,59.14578189074,13,13,0.002369668246445498,369.1484291786,0.26612854957513077,0.0,0.0,34614933.524,1,0.974,dos,TA0040 Impact / T1499 Endpoint DoS
wednesday,465,899.252106271438,289.3894400778001,7,7,0.006535947712418301,902.2811981052661,0.12479745984632667,0.0,0.002,88087171.286,1,0.988,dos,TA0040 Impact / T1499 Endpoint DoS
wednesday,466,393333.92051368643,36.701048793102,12,12,0.002288329519450801,269.424288943914,0.2286348241014901,0.0,0.0,34737115.244,1,0.978,dos,TA0040 Impact / T1499 Endpoint DoS
wednesday,467,1500.135221393332,123.2080495734,9,9,0.0033112582781456954,917.5365631065999,0.16635001139529076,0.0,0.0,96854374.568,1,0.984,dos,TA0040 Impact / T1499 Endpoint DoS
wednesday,468,213208.87142174147,3453.2100002537763,9,9,0.005249343832020997,501.52216049220004,0.16635001139529076,0.0,0.002,57515506.448,1,0.984,dos,TA0040 Impact / T1499 Endpoint DoS
wednesday,469,15769.341689897083,539.244796334592,9,9,0.006349206349206349,833.781518131,0.18311749619207424,0.0,0.002,91287629.208,1,0.982,dos,TA0040 Impact / T1499 Endpoint DoS
wednesday,470,301447.23695316445,192648.77619583166,24,24,0.02077922077922078,345.602663385464,0.6681370617111756,0.0,0.014,25505377.698,1,0.92,dos,TA0040 Impact / T1499 Endpoint DoS
wednesday,471,115744.87245377315,140090.15259749017,14,14,0.025477707006369428,731.715315132724,0.46224312690413605,0.0,0.014,61824345.058,1,0.94,dos,TA0040 Impact / T1499 Endpoint DoS
wednesday,472,53389.53990349112,1498.4774865621998,27,27,0.05,803.828719228858,0.5710594710212292,0.0,0.028,74545529.09,1,0.944,dos,TA0040 Impact / T1499 Endpoint DoS
wednesday,473,368856.4945602079,21508.922984546676,20,20,0.02810304449648712,343.29048343026,0.49125568467768355,0.0,0.022,31410300.852,1,0.948,dos,TA0040 Impact / T1499 Endpoint DoS
wednesday,474,458.7104455953338,147.60859497119998,16,16,0.01282051282051282,913.1141863103979,0.31159857567674865,0.0,0.006,98778564.374,1,0.97,dos,TA0040 Impact / T1499 Endpoint DoS
wednesday,475,300084.7369657547,74076.05567484003,17,17,0.004962779156327543,405.341798969534,0.41725264729915923,0.0,0.002,48225319.372,1,0.956,dos,TA0040 Impact / T1499 Endpoint DoS
wednesday,476,1061.932581819992,159.5581901263,28,28,0.024464831804281346,895.1957011894619,0.5765692460241134,0.0,0.014,92549644.694,1,0.944,dos,TA0040 Impact / T1499 Endpoint DoS
wednesday,477,171726.01178753749,559.1340274853,20,20,0.008522727272727272,519.387824080672,0.8594855057183172,0.0,0.004,65824092.48,1,0.854,dos,TA0040 Impact / T1499 Endpoint DoS
wednesday,478,61177.69057685,21033.41759209809,21,21,0.008849557522123894,780.3862168466661,0.5969734620560742,0.0,0.004,74786760.528,1,0.93,dos,TA0040 Impact / T1499 Endpoint DoS
wednesday,479,417571.66662790015,40.6702833558,20,20,0.004395604395604396,248.51028195339998,0.39446713804645284,0.0,0.002,22421666.978,1,0.962,dos,TA0040 Impact / T1499 Endpoint DoS
wednesday,480,0.6174216052220001,449.53935572182996,26,26,0.010033444816053512,915.7278806068,0.5352556846690274,0.0,0.004,88582762.052,1,0.948,dos,TA0040 Impact / T1499 Endpoint DoS
wednesday,481,187572.74960178623,80.0338705432,22,22,0.0213903743315508,598.5392326672,0.4358654764150871,0.0,0.014,68817940.604,1,0.958,dos,TA0040 Impact / T1499 Endpoint DoS
wednesday,482,183327.50253402287,14888.762833824996,15,15,0.007731958762886598,628.2535434688199,0.2908665311356276,0.0,0.004,64678808.086,1,0.972,dos,TA0040 Impact / T1499 Endpoint DoS
wednesday,483,0.436243673074,123.1130059972,21,21,0.02046783625730994,923.2027259614,0.4151693128476127,0.0,0.012,98110402.328,1,0.96,dos,TA0040 Impact / T1499 Endpoint DoS
wednesday,484,137149.6893043282,132.160901707652,20,20,0.008,620.6404061546,0.39446713804645284,0.0,0.004,63994049.766,1,0.962,dos,TA0040 Impact / T1499 Endpoint DoS
wednesday,485,224519.5200599258,125484.84267871297,54,54,0.031413612565445025,432.98275043525405,1.6308482181591593,0.0,0.022,48485022.734,1,0.766,dos,TA0040 Impact / T1499 Endpoint DoS
wednesday,486,173960.96131439783,14925.906917327,13,13,0.005376344086021506,600.9294191322,0.26612854957513077,0.0,0.002,55649881.684,1,0.974,dos,TA0040 Impact / T1499 Endpoint DoS
wednesday,487,6500.14972285891,83728.4019411378,20,20,0.01910828025477707,906.78100521584,0.4405556162036376,0.0,0.01,91457232.748,1,0.956,dos,TA0040 Impact / T1499 Endpoint DoS
wednesday,488,429064.0800239719,33.5056549524,12,12,0.0021141649048625794,245.00697228639999,0.2286348241014901,0.0,0.0,29934527.29,1,0.978,dos,TA0040 Impact / T1499 Endpoint DoS
wednesday,489,1000.3790050547199,139.7846126108,12,12,0.0033112582781456954,932.7804308926,0.2286348241014901,0.0,0.0,93374588.282,1,0.978,dos,TA0040 Impact / T1499 Endpoint DoS
wednesday,490,126380.96277623785,36893.31834544722,14,14,0.011049723756906077,700.6290244446399,0.3020888006753071,0.0,0.006,76904867.57,1,0.97,dos,TA0040 Impact / T1499 Endpoint DoS
wednesday,491,26975.167151656136,2959.3296570174384,22,22,0.011267605633802818,781.641058579532,0.4844079989568586,0.0,0.006,83167678.662,1,0.952,dos,TA0040 Impact / T1499 Endpoint DoS
wednesday,492,203418.50476378735,206116.62185412258,29,29,0.033950617283950615,275.406064848874,1.2200599073834264,0.0,0.02,23845408.892,1,0.806,dos,TA0040 Impact / T1499 Endpoint DoS
wednesday,493,400.1504554244499,138.5034789694,13,13,0.0029239766081871343,933.3711351444,0.24938464318195502,0.0,0.0,86138650.682,1,0.976,dos,TA0040 Impact / T1499 Endpoint DoS
wednesday,494,387938.98836361815,371.56016889039995,13,13,0.002232142857142857,292.8647775064,0.24938464318195502,0.0,0.0,26492852.94,1,0.976,dos,TA0040 Impact / T1499 Endpoint DoS
wednesday,495,666.8754237679279,151.24602608575998,8,8,0.0031746031746031746,923.2829354046601,0.2308255806735378,0.0,0.0,93783575.266,1,0.974,dos,TA0040 Impact / T1499 Endpoint DoS
wednesday,496,112017.75077691635,186.694955519252,17,17,0.005509641873278237,689.7610323998,0.38095736304645395,0.0,0.002,80854141.596,1,0.956,dos,TA0040 Impact / T1499 Endpoint DoS
wednesday,497,242556.69468401273,95.42040881526002,10,10,0.0078125,519.0553989654001,0.20387910442514096,0.0,0.004,51612242.2,1,0.98,dos,TA0040 Impact / T1499 Endpoint DoS
wednesday,498,2241.427359763376,65468.349215524286,23,23,0.03680981595092025,901.471717242528,0.5619975825447897,0.0,0.022,96433177.766,1,0.942,dos,TA0040 Impact / T1499 Endpoint DoS
wednesday,499,114359.46512775133,111417.97059667864,17,17,0.02491103202846975,402.22207324725997,1.3770625098240006,0.0,0.012,41539121.562,1,0.682,dos,TA0040 Impact / T1499 Endpoint DoS
wednesday,500,139874.58805456758,77700.32748255877,28,28,0.03323262839879154,527.781281483966,1.1966523659129265,0.0,0.02,49120010.286,1,0.804,dos,TA0040 Impact / T1499 Endpoint DoS
wednesday,501,219945.22938086765,5031.854591835058,22,22,0.002785515320334262,521.149188753322,0.6275153501482303,0.0,0.0,48909994.518,1,0.93,dos,TA0040 Impact / T1499 Endpoint DoS
wednesday,502,184392.19256973738,330.3139370628,10,10,0.002840909090909091,561.618933700066,0.30851547967932247,0.0,0.0,58448169.154,1,0.966,dos,TA0040 Impact / T1499 Endpoint DoS
wednesday,503,170840.18231175886,946.83561214268,19,19,0.0028169014084507044,656.141668934,0.4375360661964264,0.0,0.0,66754817.712,1,0.956,dos,TA0040 Impact / T1499 Endpoint DoS
wednesday,504,211919.6232688801,48610.42864589649,12,12,0.002840909090909091,518.676983320534,0.40291720069805637,0.0,0.0,59161857.226,1,0.95,dos,TA0040 Impact / T1499 Endpoint DoS
wednesday,505,83951.99676155136,123.27897282234,9,9,0.0030120481927710845,762.9278245194,0.1983693294222567,0.0,0.0,81467699.87,1,0.98,dos,TA0040 Impact / T1499 Endpoint DoS
wednesday,506,36266.62712458688,29099.86378081185,20,20,0.002967359050445104,678.5963209546,0.49125568467768355,0.0,0.0,75180616.136,1,0.944,dos,TA0040 Impact / T1499 Endpoint DoS
wednesday,507,57532.172078561845,247211.45436795274,52,52,0.03587443946188341,428.52054595966,2.2065177964587095,0.0,0.014,36065982.72,1,0.45,dos,TA0040 Impact / T1499 Endpoint DoS
wednesday,508,423117.53446015326,6722.3329552696005,13,13,0.0022675736961451248,262.374104276,0.24938464318195502,0.0,0.0,16662985.968,1,0.976,dos,TA0040 Impact / T1499 Endpoint DoS
wednesday,509,2064.8544177572503,151.6244417924,13,13,0.0033444816053511705,909.6664945975999,0.26612854957513077,0.0,0.0,85745966.9,1,0.974,dos,TA0040 Impact / T1499 Endpoint DoS
wednesday,510,208559.64153509855,77.9449993824,8,8,0.0025974025974025974,582.2675198231999,0.14557666198192476,0.0,0.0,67220726.388,1,0.986,dos,TA0040 Impact / T1499 Endpoint DoS
wednesday,511,218040.5512742919,88.6756122804,22,22,0.005154639175257732,581.380051645266,0.4358654764150871,0.0,0.002,59116659.232,1,0.958,dos,TA0040 Impact / T1499 Endpoint DoS
wednesday,512,528.118047235088,120.66978276580001,40,40,0.03987730061349693,912.4609884308,0.8073539335285296,0.0,0.024,98147895.522,1,0.922,dos,TA0040 Impact / T1499 Endpoint DoS
wednesday,513,173282.87516225196,273.23924195791994,29,29,0.03116883116883117,605.1169737179998,0.5972168634850071,0.0,0.022,62568898.256,1,0.942,dos,TA0040 Impact / T1499 Endpoint DoS
wednesday,514,8965.563455412932,27409.92802949928,48,48,0.0469208211143695,790.0566669250759,1.3084826064158428,0.0,0.03,83440349.984,1,0.842,dos,TA0040 Impact / T1499 Endpoint DoS
wednesday,515,181824.8786535997,200646.60705059135,23,23,0.04054054054054054,155.9807944404,1.7722178808555684,0.002,0.016,10309138.076,1,0.356,dos,TA0040 Impact / T1499 Endpoint DoS
wednesday,516,134954.35209545243,203287.66309314166,28,28,0.019390581717451522,656.8889561176001,0.7173148335285342,0.0,0.012,61044272.092,1,0.912,dos,TA0040 Impact / T1499 Endpoint DoS
wednesday,517,166915.66782850455,47098.6349259612,31,31,0.027472527472527472,653.8430667551199,0.7135779211389764,0.0,0.018,62517469.074,1,0.928,dos,TA0040 Impact / T1499 Endpoint DoS
wednesday,518,273572.893912088,7361.01600730355,28,28,0.02857142857142857,443.74048912241994,1.003403359307681,0.0,0.02,37885240.686,1,0.866,dos,TA0040 Impact / T1499 Endpoint DoS
wednesday,519,5768.846399251514,19465.851491473204,21,21,0.006666666666666667,871.0924335540601,0.6301674566345764,0.0,0.002,89269565.374,1,0.878,dos,TA0040 Impact / T1499 Endpoint DoS
wednesday,520,237125.59736228932,348536.6871133176,14,14,0.0125,470.01323671844,0.41781027836270657,0.0,0.008,55649607.81,1,0.946,dos,TA0040 Impact / T1499 Endpoint DoS
wednesday,521,43577.273953082746,6568.75718710384,15,15,0.0121580547112462,812.0227927686,0.4455311165570903,0.0,0.006,81017929.426,1,0.948,dos,TA0040 Impact / T1499 Endpoint DoS
wednesday,522,40549.027123522916,47714.68322314464,26,26,0.009345794392523364,700.0048764563401,0.6624512121911805,0.0,0.004,73908789.686,1,0.888,dos,TA0040 Impact / T1499 Endpoint DoS
wednesday,523,245372.48130781105,1436055.8037325884,36,36,0.05723905723905724,275.38441765929997,1.9293628078623262,0.0,0.032,19596175.116,1,0.522,dos,TA0040 Impact / T1499 Endpoint DoS
wednesday,524,128382.85008220498,2564.3165462710704,14,14,0.002881844380403458,708.857373334,0.3594475880464551,0.0,0.0,66863084.084,1,0.962,dos,TA0040 Impact / T1499 Endpoint DoS
wednesday,525,291382.41931868,33664.50402909644,16,16,0.012468827930174564,431.12305205175204,0.5324064142363547,0.0,0.008,39569111.732,1,0.936,dos,TA0040 Impact / T1499 Endpoint DoS
wednesday,526,2353.453650728962,155.70978798299998,9,9,0.003194888178913738,905.7508244859999,0.23910899957224768,0.0,0.0,94074401.722,1,0.974,dos,TA0040 Impact / T1499 Endpoint DoS
wednesday,527,334988.2385483052,194.3418754514,11,11,0.009302325581395349,351.912095009932,0.22463482410293284,0.0,0.006,41663838.312,1,0.978,dos,TA0040 Impact / T1499 Endpoint DoS
wednesday,528,25476.697023369823,120.1207810456,10,10,0.0030303030303030303,876.3458885068001,0.1871174961906315,0.0,0.0,91264052.74,1,0.982,dos,TA0040 Impact / T1499 Endpoint DoS
wednesday,529,58063.0259516912,142.73087113392202,13,13,0.00303951367781155,684.6269510300001,0.24938464318195502,0.0,0.0,76492016.19,1,0.976,dos,TA0040 Impact / T1499 Endpoint DoS
wednesday,530,67604.60537653713,664189.698446462,17,17,0.014545454545454545,511.064516930314,0.9664321291615726,0.0,0.006,49898474.116,1,0.746,dos,TA0040 Impact / T1499 Endpoint DoS
wednesday,531,106931.48513004588,16634.0083046196,22,22,0.0028328611898017,727.207564353534,0.4358654764150871,0.0,0.0,61875654.966,1,0.958,dos,TA0040 Impact / T1499 Endpoint DoS
wednesday,532,396004.5457418484,775.2912516580002,13,13,0.0022727272727272726,309.95065131979993,0.24938464318195502,0.0,0.0,26637557.764,1,0.976,dos,TA0040 Impact / T1499 Endpoint DoS
wednesday,533,1200.758180234002,139.6946310776,11,11,0.003205128205128205,919.4154832906,0.20787910442369828,0.0,0.0,88746514.758,1,0.978,dos,TA0040 Impact / T1499 Endpoint DoS
wednesday,534,220221.89264710428,128.068257943564,19,19,0.02564102564102564,548.3392127708,0.3737589645089928,0.0,0.018,64513034.258,1,0.964,dos,TA0040 Impact / T1499 Endpoint DoS
wednesday,535,168296.06081594687,91.7035686074,12,12,0.00821917808219178,661.365171008,0.2286348241014901,0.0,0.004,68150440.484,1,0.978,dos,TA0040 Impact / T1499 Endpoint DoS
wednesday,536,4159.236465580523,426.27119679036,16,16,0.0029154518950437317,894.8769009206,0.31159857567674865,0.0,0.0,96956386.552,1,0.96,dos,TA0040 Impact / T1499 Endpoint DoS
wednesday,537,180830.73156400656,125.22442583987201,18,18,0.0025188916876574307,559.5381687983339,0.3530448046807617,0.0,0.0,57562045.946,1,0.966,dos,TA0040 Impact / T1499 Endpoint DoS
wednesday,538,256628.94342717546,146577.41409252357,24,24,0.01837270341207349,383.28253193399405,1.0740154766884529,0.0,0.012,34428308.594,1,0.798,dos,TA0040 Impact / T1499 Endpoint DoS
wednesday,539,1500.155352560452,140.263052847,7,7,0.0033112582781456954,909.7135445924001,0.12479745984632667,0.0,0.0,85278850.43,1,0.988,dos,TA0040 Impact / T1499 Endpoint DoS
wednesday,540,347575.98785477167,44.5102207386,6,6,0.0022935779816513763,300.7618794646,0.10401241683612865,0.0,0.0,30715630.67,1,0.99,dos,TA0040 Impact / T1499 Endpoint DoS
wednesday,541,2000.1427897120461,129.3225446166,21,21,0.03614457831325301,911.9995206168,0.4151693128476127,0.0,0.022,92526588.76,1,0.96,dos,TA0040 Impact / T1499 Endpoint DoS
wednesday,542,118598.86342210243,148.77541121619998,24,24,0.02425876010781671,713.4662061973959,0.5105897665700677,0.0,0.016,79461150.206,1,0.95,dos,TA0040 Impact / T1499 Endpoint DoS
wednesday,543,164173.00140741892,99.437603753938,9,9,0.0026455026455026454,629.9079147344,0.16635001139529076,0.0,0.0,63967759.19,1,0.984,dos,TA0040 Impact / T1499 Endpoint DoS
wednesday,544,7451.009633122021,255.21506272626598,16,16,0.01524390243902439,820.393535730864,0.31159857567674865,0.0,0.008,88517017.238,1,0.97,dos,TA0040 Impact / T1499 Endpoint DoS
wednesday,545,383731.2715302564,75822.50924334931,13,13,0.013297872340425532,149.577910565418,0.9065102413524934,0.0,0.008,16820065.572,1,0.796,dos,TA0040 Impact / T1499 Endpoint DoS
wednesday,546,2109.245900352634,139.98544573914,17,17,0.003115264797507788,913.8243265148001,0.3323246709557538,0.0,0.0,84887649.764,1,0.966,dos,TA0040 Impact / T1499 Endpoint DoS
wednesday,547,274145.81679224543,81.56272361719999,11,11,0.002577319587628866,524.9512096746,0.20787910442369828,0.0,0.0,50789801.91,1,0.98,dos,TA0040 Impact / T1499 Endpoint DoS
wednesday,548,144689.2986596058,188.12800483720002,22,22,0.03208556149732621,664.6759925642599,0.4358654764150871,0.0,0.022,66478472.034,1,0.958,dos,TA0040 Impact / T1499 Endpoint DoS
wednesday,549,4927.992438287436,36353.1395170929,21,21,0.00946372239747634,889.7432636469999,0.4612397196025324,0.0,0.004,97778134.136,1,0.952,dos,TA0040 Impact / T1499 Endpoint DoS
wednesday,550,293765.5135683647,72.402844478656,13,13,0.0024813895781637717,440.69753203853406,0.24938464318195502,0.0,0.0,47775203.328,1,0.976,dos,TA0040 Impact / T1499 Endpoint DoS
wednesday,551,2189.5683982826076,254.57190419912,18,18,0.005988023952095809,887.812638399566,0.3530448046807617,0.0,0.002,98066895.142,1,0.96,dos,TA0040 Impact / T1499 Endpoint DoS
wednesday,552,128478.4728783675,159962.1097970241,22,22,0.009375,519.97058527196,1.0096871908557188,0.0,0.004,60132468.538,1,0.766,dos,TA0040 Impact / T1499 Endpoint DoS
wednesday,553,421293.463630923,36385.64861762416,29,29,0.01098901098901099,194.00212154927402,0.6399036261413086,0.0,0.008,20324618.554,1,0.916,dos,TA0040 Impact / T1499 Endpoint DoS
wednesday,554,6174.4034987741825,1912.4661078634217,19,19,0.003215434083601286,881.73458046728,0.40716931285049807,0.0,0.0,81388370.79,1,0.95,dos,TA0040 Impact / T1499 Endpoint DoS
wednesday,555,78259.5184971597,8110.31673598275,15,15,0.003105590062111801,745.061710389514,0.33704480468508974,0.0,0.0,87135359.108,1,0.966,dos,TA0040 Impact / T1499 Endpoint DoS
wednesday,556,331852.524449843,57.936785528399994,8,8,0.0024449877750611247,398.3355269816,0.14557666198192476,0.0,0.0,38537364.958,1,0.986,dos,TA0040 Impact / T1499 Endpoint DoS
wednesday,557,1501.2101901779804,122.69233340307,16,16,0.006430868167202572,905.30718283856,0.34353502967932015,0.0,0.002,98085548.658,1,0.96,dos,TA0040 Impact / T1499 Endpoint DoS
wednesday,558,171157.93924215285,337.43091854756796,16,16,0.0053475935828877,585.7295026101999,0.31159857567674865,0.0,0.002,61753670.616,1,0.97,dos,TA0040 Impact / T1499 Endpoint DoS
wednesday,559,27153.83125901269,72495.94925752058,19,19,0.022364217252396165,654.863371276036,0.40716931285049807,0.0,0.012,68524473.386,1,0.954,dos,TA0040 Impact / T1499 Endpoint DoS
wednesday,560,27217.910582967786,909066.8024663893,44,44,0.12162162162162163,339.37568602156796,2.3602877524694663,0.0,0.034,27581367.834,1,0.258,dos,TA0040 Impact / T1499 Endpoint DoS
wednesday,561,147570.10740062807,234429.79789503268,14,14,0.018050541516245487,203.25598173065998,0.992779979041686,0.0,0.008,14636212.792,1,0.818,dos,TA0040 Impact / T1499 Endpoint DoS
wednesday,562,120844.15618614109,4759.648590574336,23,23,0.022857142857142857,738.9407347742621,0.6368952620185733,0.0,0.014,61909336.84,1,0.914,dos,TA0040 Impact / T1499 Endpoint DoS
wednesday,563,115371.29032320461,469721.33517598937,16,16,0.014204545454545454,729.18222059266,0.3841497628461723,0.0,0.008,79249040.904,1,0.96,dos,TA0040 Impact / T1499 Endpoint DoS
wednesday,564,315577.5645450043,9715.06400140976,23,23,0.021377672209026127,359.35511984492797,0.6641622325428549,0.0,0.016,32636753.032,1,0.916,dos,TA0040 Impact / T1499 Endpoint DoS
wednesday,565,5234.472452583882,352.59003493539996,18,18,0.006688963210702341,896.6540833362601,0.3991693128519408,0.0,0.002,96159093.596,1,0.952,dos,TA0040 Impact / T1499 Endpoint DoS
wednesday,566,182179.8956541757,182.5586904302,17,17,0.00267379679144385,552.3440178016,0.3323246709557538,0.0,0.0,59902339.634,1,0.96,dos,TA0040 Impact / T1499 Endpoint DoS
wednesday,567,2801.9776983662678,258.73707676788007,14,14,0.005698005698005698,875.3009690874001,0.4329724959701472,0.0,0.002,95162946.62,1,0.948,dos,TA0040 Impact / T1499 Endpoint DoS
wednesday,568,209659.00481760132,872111.7196376937,62,62,0.04746835443037975,199.096508107968,2.1219071865844317,0.0,0.028,24091058.76,1,0.546,dos,TA0040 Impact / T1499 Endpoint DoS
wednesday,569,83931.9039872889,120.7619745032,20,20,0.002840909090909091,786.0808481168,0.39446713804645284,0.0,0.0,70925218.564,1,0.962,dos,TA0040 Impact / T1499 Endpoint DoS
wednesday,570,321464.70883076126,14579.658366107338,13,13,0.004914004914004914,417.01810743463994,0.3344559956088426,0.0,0.002,41453447.606,1,0.96,dos,TA0040 Impact / T1499 Endpoint DoS
wednesday,571,93226.88682580525,17433.331933247075,24,24,0.049707602339181284,733.0316954742519,0.4772397195982044,0.0,0.032,71338110.506,1,0.954,dos,TA0040 Impact / T1499 Endpoint DoS
wednesday,572,80351.85095750054,102.7189579158,10,10,0.0029850746268656717,782.7241988651999,0.1871174961906315,0.0,0.0,88213055.7,1,0.982,dos,TA0040 Impact / T1499 Endpoint DoS
wednesday,573,330544.83918802824,78.21259841263401,13,13,0.002386634844868735,367.23007303570404,0.2955985756810767,0.0,0.0,37214330.8,1,0.966,dos,TA0040 Impact / T1499 Endpoint DoS
wednesday,574,492.3231103652659,286.01081365287996,9,9,0.003436426116838488,917.2384385466,0.19987910442658366,0.0,0.0,97746532.71,1,0.976,dos,TA0040 Impact / T1499 Endpoint DoS
wednesday,575,102675.54704556163,139339.31109758563,7,7,0.002857142857142857,593.967518356688,0.32455561622239265,0.0,0.0,62602545.81,1,0.94,dos,TA0040 Impact / T1499 Endpoint DoS
wednesday,576,130752.74231554776,25882.157616626482,40,40,0.06188925081433225,506.32499450404197,1.7385759317165896,0.0,0.036,51736327.532,1,0.666,dos,TA0040 Impact / T1499 Endpoint DoS
wednesday,577,281109.0301023617,2759.304508334476,14,14,0.007462686567164179,459.8180712272,0.3163246709600818,0.0,0.004,43523786.41,1,0.968,dos,TA0040 Impact / T1499 Endpoint DoS
wednesday,578,119295.57871915816,142.38326161614,14,14,0.003003003003003003,707.9691234106259,0.3163246709600818,0.0,0.0,67962283.2,1,0.968,dos,TA0040 Impact / T1499 Endpoint DoS
wednesday,579,41423.79024577925,6113.048123592681,20,20,0.009202453987730062,831.6662875698399,0.42786547641797246,0.0,0.004,93994383.526,1,0.958,dos,TA0040 Impact / T1499 Endpoint DoS
wednesday,580,314103.08547158225,91.4148378648,19,19,0.009433962264150943,402.1935972541341,0.3737589645089928,0.0,0.006,37790023.726,1,0.962,dos,TA0040 Impact / T1499 Endpoint DoS
wednesday,581,5770.644025782377,167.5165718794,20,20,0.021406727828746176,914.2868378609959,0.39446713804645284,0.0,0.012,96646872.6,1,0.962,dos,TA0040 Impact / T1499 Endpoint DoS
wednesday,582,47679.56176804356,133.10000462190197,9,9,0.005291005291005291,763.766084254726,0.1983693294222567,0.0,0.002,82761160.066,1,0.98,dos,TA0040 Impact / T1499 Endpoint DoS
wednesday,583,38818.15129150853,233763.81616555038,38,38,0.07718120805369127,470.4332995442679,1.4021434939615056,0.0,0.044,46021575.614,1,0.75,dos,TA0040 Impact / T1499 Endpoint DoS
wednesday,584,69736.30927821736,21721.933178931802,29,29,0.03374233128834356,464.2416567748,0.5972168634850071,0.0,0.02,39104719.108,1,0.942,dos,TA0040 Impact / T1499 Endpoint DoS
wednesday,585,134741.81864952858,41716.091002222216,16,16,0.012755102040816327,748.8760248491519,0.31159857567674865,0.0,0.008,71178870.68,1,0.97,dos,TA0040 Impact / T1499 Endpoint DoS
wednesday,586,286111.4049676311,74.95337574296,12,12,0.009779951100244499,451.26381294018,0.2748665311399557,0.0,0.006,41624973.316,1,0.972,dos,TA0040 Impact / T1499 Endpoint DoS
wednesday,587,2337.068193163704,238.642179028,14,14,0.009287925696594427,903.2766944057402,0.27012854957368804,0.0,0.004,99212927.46,1,0.974,dos,TA0040 Impact / T1499 Endpoint DoS
wednesday,588,301422.4683541459,8132.35342925951,26,26,0.021791767554479417,211.82184227284398,0.5352556846690274,0.0,0.016,22604679.176,1,0.948,dos,TA0040 Impact / T1499 Endpoint DoS
wednesday,589,758.6311347506643,3117.7592259785597,20,20,0.02147239263803681,893.532121863944,0.42635570141364554,0.0,0.012,96825022.142,1,0.956,dos,TA0040 Impact / T1499 Endpoint DoS
wednesday,590,108229.26171760833,105762.17170051734,31,31,0.0438871473354232,479.257654837842,1.2795389618094166,0.0,0.026,54667943.654,1,0.772,dos,TA0040 Impact / T1499 Endpoint DoS
wednesday,591,229378.52840126207,888864.1203126523,55,55,0.07692307692307693,321.60536446151997,2.056182471073232,0.0,0.048,25692738.984,1,0.624,dos,TA0040 Impact / T1499 Endpoint DoS
wednesday,592,6.997980859736,158.0830880236,20,20,0.003134796238244514,882.5161212444001,0.39446713804645284,0.0,0.0,83814023.626,1,0.962,dos,TA0040 Impact / T1499 Endpoint DoS
wednesday,593,366301.3753282162,85606.41822467407,27,27,0.023255813953488372,279.46412112072795,0.5559155154440664,0.0,0.018,26135968.474,1,0.94,dos,TA0040 Impact / T1499 Endpoint DoS
wednesday,594,0.14157188454,128.590774073,10,10,0.009708737864077669,918.5795856836,0.1871174961906315,0.0,0.004,93674405.906,1,0.982,dos,TA0040 Impact / T1499 Endpoint DoS
wednesday,595,298066.687337978,71.79216367264,12,12,0.007352941176470588,437.71091171769,0.2453846431833977,0.0,0.004,48819455.38,1,0.974,dos,TA0040 Impact / T1499 Endpoint DoS
wednesday,596,64326.14336896805,642.95883229884,14,14,0.008333333333333333,786.019276681626,0.2868665311370703,0.0,0.004,82574989.838,1,0.964,dos,TA0040 Impact / T1499 Endpoint DoS
wednesday,597,9419.518114459956,131.17453804092798,5,5,0.003257328990228013,836.71810071097,0.15609794618919115,0.0,0.0,91460838.65,1,0.982,dos,TA0040 Impact / T1499 Endpoint DoS
wednesday,598,161778.93417522364,681257.7839635755,35,35,0.07395498392282958,410.105717982326,1.6667167248642905,0.0,0.044,36045887.808,1,0.69,dos,TA0040 Impact / T1499 Endpoint DoS
wednesday,599,178542.75839635945,83839.02216897003,45,45,0.0463768115942029,444.684241138852,1.600500568019501,0.0,0.03,42324883.834,1,0.756,dos,TA0040 Impact / T1499 Endpoint DoS
wednesday,600,202515.30846926325,26337.0790777562,21,21,0.019553072625698324,583.5234913618,0.4318654764165297,0.0,0.012,50231718.304,1,0.95,dos,TA0040 Impact / T1499 Endpoint DoS
wednesday,601,4457.675912781567,63.765803297455996,16,16,0.006514657980456026,434.857593926208,0.31159857567674865,0.0,0.002,100696823.238,1,0.97,dos,TA0040 Impact / T1499 Endpoint DoS
wednesday,602,424183.4650332505,2314.922910645688,14,14,0.008888888888888889,179.82322981718602,0.3188148959557549,0.0,0.006,25851220.746,1,0.968,dos,TA0040 Impact / T1499 Endpoint DoS
wednesday,603,106458.35160251084,112023.76693855676,24,24,0.041401273885350316,171.71155740257598,0.5105897665700677,0.0,0.024,24892925.298,1,0.95,dos,TA0040 Impact / T1499 Endpoint DoS
wednesday,604,243487.81699758704,50989.15404362579,16,16,0.0056022408963585435,26.638454060596,0.4008459264150894,0.0,0.002,2260865.246,1,0.958,dos,TA0040 Impact / T1499 Endpoint DoS
wednesday,605,132570.48458463166,18661.28003848157,24,24,0.0316622691292876,130.611871486682,0.4772397195982044,0.0,0.022,12674028.802,1,0.954,dos,TA0040 Impact / T1499 Endpoint DoS
wednesday,606,412476.61773038504,191736.24759744195,22,22,0.0170316301703163,63.50443103899801,0.9120420172587701,0.0,0.012,6937077.302,1,0.856,dos,TA0040 Impact / T1499 Endpoint DoS
wednesday,607,124097.76198710279,72086.45254800639,25,25,0.02464788732394366,38.428632924618,0.7666741901273003,0.0,0.012,5288519.658,1,0.876,dos,TA0040 Impact / T1499 Endpoint DoS
wednesday,608,292181.0174370405,22948.704009405395,14,14,0.002577319587628866,18.578040788600003,0.2868665311370703,0.0,0.0,1814824.712,1,0.968,dos,TA0040 Impact / T1499 Endpoint DoS
wednesday,609,295511.8584719056,34874.03944275057,16,16,0.0026595744680851063,49.407778595269995,0.31159857567674865,0.0,0.0,4424520.774,1,0.97,dos,TA0040 Impact / T1499 Endpoint DoS
wednesday,610,151424.60501906826,25459.6705944034,17,17,0.0030959752321981426,29.395959140914,0.3323246709557538,0.0,0.0,2424057.182,1,0.968,dos,TA0040 Impact / T1499 Endpoint DoS
wednesday,611,301496.2853087896,23261.4883512958,16,16,0.005089058524173028,30.897136482056,0.3283246709571964,0.0,0.002,2633449.434,1,0.968,dos,TA0040 Impact / T1499 Endpoint DoS
wednesday,612,59948.57114165413,804749.0537221578,68,68,0.20394736842105263,144.62833303694003,2.8594370869233905,0.0,0.06,23563352.92,1,0.08,dos,TA0040 Impact / T1499 Endpoint DoS
wednesday,613,95409.17073269194,1619432.9012129502,68,68,0.1358695652173913,110.008508596242,2.8593863746060673,0.0,0.048,5585554.544,1,0.22,dos,TA0040 Impact / T1499 Endpoint DoS
wednesday,614,103572.65772413086,783388.138943692,74,74,0.21052631578947367,101.36594017709402,2.605167005282758,0.0,0.11,26092523.054,1,0.418,dos,TA0040 Impact / T1499 Endpoint DoS
wednesday,615,54906.72923411638,1182020.7142607777,80,80,0.3805970149253731,141.86878732577202,3.1925803334029217,0.0,0.1,27951724.648,0,0.0,none,-
wednesday,616,38784.44427101757,708894.0071270688,54,54,0.425531914893617,143.96697154259002,2.5510627199331237,0.0,0.078,16635130.476,0,0.0,none,-
wednesday,617,72534.43012990797,1610952.8950741205,83,83,0.45454545454545453,157.47774697475,3.216514369302094,0.0,0.168,34510396.732,1,0.046,dos,TA0040 Impact / T1499 Endpoint DoS
wednesday,618,62690.76274257258,745465.1635487127,51,51,0.16489361702127658,130.04844472292,2.5802563906694074,0.004,0.06,8754885.794,1,0.244,dos,TA0040 Impact / T1499 Endpoint DoS
wednesday,619,62473.32233278199,923896.4799569314,60,60,0.2608695652173913,140.46795300416,2.60181411268563,0.0,0.058,3331701.854,0,0.0,none,-
wednesday,620,50221.01673387765,1204825.131873806,62,62,0.2571428571428571,157.91625555713398,2.6975276965798276,0.0,0.052,8396266.21,0,0.0,none,-
wednesday,621,29029.609497734604,1076915.3944464992,36,36,0.20833333333333334,131.22486410778,1.8980796345761106,0.0,0.028,10770237.152,0,0.0,none,-
wednesday,622,66006.69238924884,1525590.7500176984,99,99,0.25,162.81980107063998,3.111326276823524,0.0,0.082,19104310.47,0,0.0,none,-
wednesday,623,162573.89938143507,829622.4495146675,48,48,0.155,136.41146725073997,2.4808251204523812,0.0,0.06,37790597.184,1,0.28,dos,TA0040 Impact / T1499 Endpoint DoS
wednesday,624,187026.3139877398,105878.11228843337,31,31,0.029850746268656716,61.594748921798,1.0694664099289242,0.0,0.018,10579611.46,1,0.802,dos,TA0040 Impact / T1499 Endpoint DoS
wednesday,625,107582.17533680645,103808.74448294251,33,33,0.10661764705882353,54.673537265156,1.5925074731416744,0.0,0.056,13619405.314,1,0.672,dos,TA0040 Impact / T1499 Endpoint DoS
wednesday,626,321242.1826720075,20819.50698630667,20,20,0.030959752321981424,50.31729203817999,1.4170705013979892,0.0,0.018,3326323.69,1,0.622,dos,TA0040 Impact / T1499 Endpoint DoS
wednesday,627,87821.82388964377,812560.8194199586,48,48,0.11063829787234042,83.293043483516,2.3181409016185577,0.0,0.05,3232569.26,1,0.452,dos,TA0040 Impact / T1499 Endpoint DoS
wednesday,628,66140.16925713168,302318.1244986236,45,45,0.08962264150943396,97.08727801598201,2.2089599087132354,0.0,0.036,2820664.706,1,0.378,dos,TA0040 Impact / T1499 Endpoint DoS
wednesday,629,120177.58831154094,479603.30703092384,52,52,0.08791208791208792,75.095351902742,1.8423513992901015,0.0,0.046,7168705.948,1,0.626,dos,TA0040 Impact / T1499 Endpoint DoS
wednesday,630,418090.85148951237,371706.1050382083,26,26,0.03597122302158273,28.233220930262,0.955378977470501,0.0,0.028,1368503.506,1,0.868,dos,TA0040 Impact / T1499 Endpoint DoS
wednesday,631,134042.60744587058,249526.08732135987,17,17,0.04983388704318937,23.321231489138,0.6579726705924206,0.0,0.028,1282479.606,1,0.898,dos,TA0040 Impact / T1499 Endpoint DoS
wednesday,632,127224.7102427269,106797.6533265978,17,17,0.016181229773462782,27.195173759774,0.6031566117299284,0.0,0.008,2250296.706,1,0.904,dos,TA0040 Impact / T1499 Endpoint DoS
wednesday,633,53356.122009399936,163481.79861559157,13,13,0.01675977653631285,31.2990666764,0.562743771672057,0.0,0.01,2679162.954,1,0.914,dos,TA0040 Impact / T1499 Endpoint DoS
wednesday,634,157805.82949190706,133353.9315080898,22,22,0.012903225806451613,104.47772729724801,1.3342034179364293,0.0,0.006,7014298.484,1,0.754,dos,TA0040 Impact / T1499 Endpoint DoS
wednesday,635,57232.47640979317,179534.05792265496,21,21,0.018633540372670808,50.198279108076,1.3324135225743976,0.0,0.01,1373534.626,1,0.742,dos,TA0040 Impact / T1499 Endpoint DoS
wednesday,636,317214.291517596,195240.71168529423,25,25,0.0243161094224924,67.08510430809599,1.5271717764940194,0.0,0.014,3467927.7,1,0.644,dos,TA0040 Impact / T1499 Endpoint DoS
wednesday,637,206457.4583767752,267404.17934699194,18,18,0.009404388714733543,40.646944695387994,1.2602050879538067,0.0,0.004,1692383.036,1,0.734,dos,TA0040 Impact / T1499 Endpoint DoS
wednesday,638,102988.0008061971,281413.4281348876,38,38,0.05622489959839357,61.51270702846801,1.5245452753208868,0.0,0.026,13432857.784,1,0.702,dos,TA0040 Impact / T1499 Endpoint DoS
wednesday,639,224497.53255649973,241398.05365035209,29,29,0.025806451612903226,55.89225325155999,1.0207947259999697,0.0,0.014,12517126.492,1,0.802,dos,TA0040 Impact / T1499 Endpoint DoS
wednesday,640,183201.33081965358,270326.5882316341,27,27,0.02888086642599278,77.136943284534,1.5598080003547694,0.0,0.014,21249367.754,1,0.628,dos,TA0040 Impact / T1499 Endpoint DoS
wednesday,641,111729.00722953123,132170.58576596092,30,30,0.037037037037037035,47.38376300617401,1.199652987448552,0.0,0.02,2000797.6,1,0.78,dos,TA0040 Impact / T1499 Endpoint DoS
wednesday,642,225623.68674158907,623297.1100335751,28,28,0.05277777777777778,35.652191137852,1.121912546757512,0.0,0.036,4285498.25,1,0.836,dos,TA0040 Impact / T1499 Endpoint DoS
wednesday,643,281682.5308245072,63915.674925772684,17,17,0.011695906432748537,22.188937681968,0.6209694438703267,0.0,0.006,1206351.734,1,0.918,dos,TA0040 Impact / T1499 Endpoint DoS
wednesday,644,250141.3578291047,318988.72992609587,24,24,0.06646525679758308,33.618948624493996,1.0042901995542648,0.0,0.042,5475107.256,1,0.838,dos,TA0040 Impact / T1499 Endpoint DoS
wednesday,645,414154.5236734166,147079.25831655762,26,26,0.04926108374384237,20.1851648264,0.9255035096624655,0.0,0.038,3228283.17,1,0.87,dos,TA0040 Impact / T1499 Endpoint DoS
wednesday,646,91817.2406712686,211252.0261269107,20,20,0.08333333333333333,49.40972911846001,1.3875220822973808,0.0,0.032,5518315.376,1,0.66,dos,TA0040 Impact / T1499 Endpoint DoS
wednesday,647,64937.61763753298,1558436.1957348473,61,61,0.20588235294117646,138.825132869172,2.8171154999152677,0.0,0.054,14820480.982,1,0.018,dos,TA0040 Impact / T1499 Endpoint DoS
wednesday,648,69845.71768434707,1746619.5912771444,74,74,0.41916167664670656,187.217997952984,2.966745980070672,0.0,0.138,26501673.146,0,0.0,none,-
wednesday,649,107707.438709673,645882.5143735851,50,50,0.10526315789473684,59.31492111549999,2.174284121566597,0.002,0.046,16517491.636,1,0.58,dos,TA0040 Impact / T1499 Endpoint DoS
wednesday,650,366239.5295623139,263242.8773102053,22,22,0.02631578947368421,33.059285020034004,1.044097418607942,0.0,0.018,761609.418,1,0.84,dos,TA0040 Impact / T1499 Endpoint DoS
wednesday,651,98129.45731178553,297722.87612371106,24,24,0.03463203463203463,59.93064897673999,1.5897924930323608,0.0,0.014,5858896.756,1,0.654,dos,TA0040 Impact / T1499 Endpoint DoS
wednesday,652,118276.89610368127,331369.9506901968,38,38,0.10116731517509728,32.865388739808,1.6179732402632405,0.0,0.05,2206369.374,1,0.642,dos,TA0040 Impact / T1499 Endpoint DoS
wednesday,653,53596.287916153684,100999.04161879643,23,23,0.02506265664160401,31.375072836336,0.6449694438616704,0.0,0.018,2937145.3,1,0.902,dos,TA0040 Impact / T1499 Endpoint DoS
wednesday,654,27068.61435933646,354374.6861288713,31,31,0.027253668763102725,30.802067804902,0.8688650564410098,0.0,0.024,571458.936,1,0.9,dos,TA0040 Impact / T1499 Endpoint DoS
wednesday,655,30448.921561844072,579202.1280348985,18,18,0.03023758099352052,27.588453164752,0.8340802411243975,0.0,0.026,1412316.278,1,0.876,dos,TA0040 Impact / T1499 Endpoint DoS
wednesday,656,15922.405172829764,116816.56657832894,19,19,0.021834061135371178,35.137082682146,0.6112024251331853,0.0,0.018,2868126.476,1,0.874,dos,TA0040 Impact / T1499 Endpoint DoS
wednesday,657,12733.607057328592,58517.6380752467,12,12,0.0064794816414686825,22.240440366907997,0.6018943377586417,0.002,0.004,1111079.16,1,0.91,dos,TA0040 Impact / T1499 Endpoint DoS
wednesday,658,12405.9716814256,87386.65467424737,13,13,0.01808785529715762,29.300377280734004,1.0225273794658871,0.0,0.012,2499929.83,1,0.736,dos,TA0040 Impact / T1499 Endpoint DoS
wednesday,659,14191.68334436371,413428.90751549316,5,5,0.025,12.34607005312,0.3683542548372545,0.0,0.016,8214683.178,1,0.938,dos,TA0040 Impact / T1499 Endpoint DoS
wednesday,660,14116.887130638368,410558.4014245767,34,34,0.43478260869565216,462.346978537652,1.8678556990085005,0.0,0.038,11719980.128,1,0.584,dos,TA0040 Impact / T1499 Endpoint DoS
wednesday,661,1756.2213405659459,32709.05860027108,30,30,0.11627906976744186,640.1312415748599,1.2178433812776857,0.0,0.008,17947521.752,1,0.792,dos,TA0040 Impact / T1499 Endpoint DoS
wednesday,662,7952.220760793081,115948.96961854651,27,27,0.13793103448275862,515.59093642326,1.272814013550167,0.0,0.022,15222121.972,1,0.742,dos,TA0040 Impact / T1499 Endpoint DoS
wednesday,663,42986.11574995376,452748.81567457155,49,49,0.4032258064516129,221.187514579406,2.5178329009078393,0.0,0.098,22459979.404,1,0.122,dos,TA0040 Impact / T1499 Endpoint DoS
wednesday,664,26578.29808157297,560596.3931380342,39,39,0.1978021978021978,151.64739899717998,2.3568278993158773,0.0,0.034,13709192.474,0,0.0,none,-
wednesday,665,58812.366717551005,1086826.6773926849,63,63,0.42727272727272725,146.76041974558,2.5548693864758665,0.0,0.092,7291231.272,0,0.0,none,-
wednesday,666,80754.10493717472,1974923.5497469238,100,100,0.36363636363636365,188.011688551074,3.2959948500271077,0.0,0.126,20687742.452,0,0.0,none,-
wednesday,667,16347.585901731856,332976.9379256421,23,23,0.037037037037037035,321.44146925288004,1.355900062313392,0.002,0.012,10494977.038,0,0.0,none,-
wednesday,668,126900.64877094583,2517935.3036908093,115,115,0.5057915057915058,159.91514177066202,3.288108037560634,0.002,0.26,33125028.632,0,0.0,none,-
wednesday,669,59919.51189347908,1466352.71531258,51,51,0.4672131147540984,122.93822438108799,2.4594353923084062,0.002,0.112,13121047.732,0,0.0,none,-
wednesday,670,44682.88902442965,1237470.0122824816,35,35,0.23232323232323232,123.37434067908599,2.117796986293449,0.0,0.044,5526527.882,0,0.0,none,-
wednesday,671,51239.94861429469,1193246.6614669843,60,60,0.2518518518518518,166.40512058712,2.5164620266383926,0.0,0.066,9721920.386,0,0.0,none,-
wednesday,672,90573.83302589222,1877213.4588023867,95,95,0.267515923566879,183.055006136072,3.1550011174671884,0.0,0.082,49570481.07,0,0.0,none,-
wednesday,673,48545.37918361545,709767.9759196524,68,68,0.4222222222222222,113.32200177563999,2.811422742401649,0.0,0.112,16435392.77,0,0.0,none,-
wednesday,674,73899.27102033822,2677239.6923042126,75,75,0.391304347826087,149.92334701848,3.3473714024362478,0.0,0.106,29330853.67,0,0.0,none,-
wednesday,675,32891.396512518506,1012545.0666075932,63,63,0.3068181818181818,147.46438564073998,2.6377177560100615,0.0,0.052,4264647.268,0,0.0,none,-
wednesday,676,24421.058519466987,771944.008321816,42,42,0.175,166.9349458523,2.4049077844245343,0.0,0.026,13613395.018,0,0.0,none,-
wednesday,677,52132.83185772288,1563926.8614589244,71,71,0.3858267716535433,188.49485743731196,2.8671692109308613,0.0,0.096,51225058.694,0,0.0,none,-
wednesday,678,61913.67266939908,2278910.8168587335,75,75,0.38571428571428573,145.83016175284598,3.1925021093236823,0.0,0.106,17293414.172,0,0.0,none,-
wednesday,679,60713.2148834505,1246393.2740600472,88,88,0.3402777777777778,148.969253257632,3.068060808024589,0.004,0.096,21767238.808,0,0.0,none,-
wednesday,680,38241.56044949512,1650502.4294469052,73,73,0.23893805309734514,160.46969640712,2.9120510401695037,0.0,0.052,18864571.666,0,0.0,none,-
wednesday,681,90490.09311846392,2051976.3513298717,83,83,0.4514285714285714,154.124323119008,3.1102520103499787,0.0,0.156,19442488.906,0,0.0,none,-
wednesday,682,31851.845077409052,303580.52877769794,36,36,0.16,224.02458466834003,2.1828477771589334,0.0,0.014,12228438.166,0,0.0,none,-
wednesday,683,90555.530166471,1725963.463638393,77,77,0.3228346456692913,129.16036278294402,2.9612290565607955,0.002,0.08,12291873.094,0,0.0,none,-
wednesday,684,81641.63789642423,1432712.7679263286,80,80,0.2509505703422053,136.98560903125,2.740875067040163,0.0,0.13,16994696.66,0,0.0,none,-
wednesday,685,68558.5385620333,1329122.934068688,65,65,0.3858267716535433,156.01228353151998,2.729940024601563,0.0,0.096,12061021.79,0,0.0,none,-
wednesday,686,93377.39865497372,1597773.8303262955,89,89,0.49700598802395207,152.66542618506,3.140466543413216,0.002,0.164,33886997.468,0,0.0,none,-
wednesday,687,27041.48520458895,818914.2400829329,51,51,0.1568627450980392,139.297921306902,2.4964625644280596,0.006,0.03,6849867.938,0,0.0,none,-
wednesday,688,44086.9859735778,756142.871127674,48,48,0.30851063829787234,132.41911212318,2.1246404387785596,0.0,0.056,12636687.49,0,0.0,none,-
wednesday,689,21758.318653543938,945334.741044212,22,22,0.12658227848101267,117.50953526958,1.5757268012028987,0.0,0.018,2972896.996,0,0.0,none,-
wednesday,690,32326.044650988126,1227669.7410784545,39,39,0.15217391304347827,118.04122079514002,2.1367055528401497,0.0,0.026,6816385.734,0,0.0,none,-
wednesday,691,35840.11537481263,871223.4464273198,49,49,0.16535433070866143,154.47118681620597,2.586777550687853,0.0,0.04,34443868.518,0,0.0,none,-
wednesday,692,64967.064747917466,1305518.4871860018,81,81,0.25735294117647056,173.00528853098,3.082308357186322,0.0,0.068,39897857.042,0,0.0,none,-
wednesday,693,22796.587268749845,619643.8167957446,33,33,0.22972972972972974,127.50223725474599,1.8278812210679125,0.0,0.032,15847120.254,0,0.0,none,-
wednesday,694,48561.54799260582,1012882.1093390832,60,60,0.18354430379746836,182.19640212043998,2.520036663107523,0.0,0.056,12228426.65,0,0.0,none,-
wednesday,695,51955.91445002212,1080132.9037267666,61,61,0.25,172.24123301443998,2.5977726904863783,0.0,0.058,29208795.292,0,0.0,none,-
wednesday,696,54304.57899097599,1175613.5389659845,67,67,0.20149253731343283,137.37293344202,2.806849639398363,0.002,0.052,10630353.448,0,0.0,none,-
wednesday,697,104965.38418554974,1962806.6508007713,105,105,0.3089005235602094,180.629087357106,3.468230797180448,0.0,0.116,37963303.64,0,0.0,none,-
wednesday,698,23623.18727582051,548060.7437114556,53,53,0.23958333333333334,152.95468420810002,2.5563191618037053,0.0,0.044,18518189.072,0,0.0,none,-
wednesday,699,69265.87598549179,1511695.797412936,93,93,0.36054421768707484,217.137677905652,3.423411741249889,0.0,0.104,13638443.07,0,0.0,none,-
wednesday,700,63058.48348993069,662770.4060640525,101,101,0.26666666666666666,145.5069567771,3.277593781860106,0.0,0.094,18504774.536,0,0.0,none,-
wednesday,701,59601.562729950485,990527.8934336888,81,81,0.28289473684210525,148.64150142039202,3.06839993986055,0.0,0.084,22879302.542,0,0.0,none,-
wednesday,702,72612.59080064138,1820129.1946440397,118,118,0.23756906077348067,197.5677850031,3.6540410972216506,0.0,0.084,26661295.402,0,0.0,none,-
wednesday,703,44692.24135962383,718009.558874786,61,61,0.2992125984251969,149.67357854227998,2.475001141908412,0.0,0.074,26761712.4,0,0.0,none,-
wednesday,704,57293.62764169981,1348216.0568303948,76,76,0.2246376811594203,157.56346445621998,3.0228310366940567,0.0,0.06,10601246.16,0,0.0,none,-
wednesday,705,39064.70594447037,672487.8749161718,56,56,0.13385826771653545,152.54445655036002,2.697160628829129,0.0,0.032,6304181.79,0,0.0,none,-
wednesday,706,57853.747294590576,1409437.2895241135,81,81,0.3695652173913043,217.39062956381997,2.6708255158581924,0.0,0.1,36105216.136,0,0.0,none,-
wednesday,707,43277.2966580435,738098.2139328754,52,52,0.23300970873786409,135.43518932687,2.3882424755509266,0.0,0.046,7604452.12,0,0.0,none,-
wednesday,708,68733.00674110843,1272583.8421657528,83,83,0.28289473684210525,184.45879777667602,3.0242403226377066,0.0,0.084,38806438.222,0,0.0,none,-
wednesday,709,71731.28907261846,1142600.95838017,94,94,0.33532934131736525,144.36375248680002,3.446832516122754,0.0,0.11,29614232.794,0,0.0,none,-
wednesday,710,86846.1694177967,1620777.0480073981,97,97,0.2085889570552147,126.99591651758,3.523639745197423,0.0,0.066,14605181.848,0,0.0,none,-
wednesday,711,41346.01535533107,826970.8911779074,67,67,0.16037735849056603,131.38714126806002,2.6733238270375907,0.0,0.032,4247486.812,0,0.0,none,-
wednesday,712,46972.09079360319,993702.0783675454,63,63,0.2072072072072072,118.941385015276,2.726067308400344,0.0,0.044,8118463.208,0,0.0,none,-
wednesday,713,63867.4758311831,1121346.1016622912,91,91,0.2545454545454545,177.87940844870602,3.1760472269276754,0.0,0.082,37753340.61,0,0.0,none,-
wednesday,714,91069.22283933009,2089978.8965807627,76,76,0.436046511627907,133.908050547676,3.079040168231878,0.004,0.148,21138167.436,0,0.0,none,-
wednesday,715,48950.84981688112,1365682.4474169458,43,43,0.26595744680851063,192.30931862479,2.554710198663251,0.0,0.048,27193660.834,0,0.0,none,-
wednesday,716,40964.93402225212,1508990.0642998815,65,65,0.35185185185185186,152.255333414906,2.656670753793041,0.002,0.074,8335161.454,0,0.0,none,-
wednesday,717,57435.36224911466,1617363.032634541,75,75,0.352112676056338,146.435889521828,3.325623489205341,0.002,0.098,25730577.432,0,0.0,none,-
wednesday,718,57079.392625225366,1303623.8997315818,65,65,0.21705426356589147,138.748566023,3.1471308165235756,0.0,0.054,15273938.626,0,0.0,none,-
wednesday,719,60608.7463032632,2152290.9075517636,65,65,0.4409448818897638,137.68917409098398,3.2016084368188014,0.004,0.11,20726817.272,0,0.0,none,-
wednesday,720,67732.11247341958,2258854.589014782,74,74,0.35714285714285715,139.47648910304002,3.3715339932372803,0.0,0.078,10313636.982,0,0.0,none,-
wednesday,721,35537.331693892775,1163188.252033805,52,52,0.24793388429752067,179.15414920518,2.6568989821096602,0.0,0.058,18448563.586,0,0.0,none,-
wednesday,722,71897.79240025705,2115087.7369741728,82,82,0.35185185185185186,156.521760895212,3.583193180214166,0.0,0.112,18828408.846,0,0.0,none,-
wednesday,723,43929.11232460429,1470066.4774301385,57,57,0.2391304347826087,163.54582153991998,2.7789118469809075,0.0,0.042,22402842.746,0,0.0,none,-
wednesday,724,60301.23152143612,1620581.9284092998,68,68,0.24157303370786518,134.23540269918,2.809549462880195,0.0,0.084,24463382.736,0,0.0,none,-
wednesday,725,51546.034053644056,1604904.5438905582,66,66,0.2546583850931677,152.79067332012602,3.064300517558354,0.0,0.08,18875766.354,0,0.0,none,-
wednesday,726,49077.144240554495,899441.0324812628,67,67,0.1319796954314721,136.48221477791998,2.7772713029558673,0.002,0.05,25939764.364,0,0.0,none,-
wednesday,727,47412.520463048786,1630164.4714448333,62,62,0.25,145.2060759629,2.8723168498097715,0.01,0.082,16387431.912,0,0.0,none,-
wednesday,728,106633.95456815793,3866118.0160714113,77,77,0.43670886075949367,151.00854056378,3.697337418895338,0.002,0.136,23180132.106,0,0.0,none,-
wednesday,729,67480.66050724119,2088507.1724299903,83,83,0.4158415841584158,160.1658001618,2.91362439249332,0.002,0.082,9071078.994,0,0.0,none,-
wednesday,730,36481.35449914829,656441.1560268293,53,53,0.26126126126126126,141.3716998065,2.75553033609558,0.0,0.056,12307988.93,0,0.0,none,-
wednesday,731,99366.54794864825,2030082.2173676845,131,131,0.4010416666666667,144.72771049676,3.79736729084269,0.0,0.152,30981566.078,0,0.0,none,-
wednesday,732,86078.90204640919,2243532.0011705915,101,101,0.425531914893617,124.391607390628,3.432278522909956,0.0,0.118,14982662.784,0,0.0,none,-
wednesday,733,35279.90481424898,590693.243869119,52,52,0.15151515151515152,121.48257638072,2.144986743939582,0.0,0.028,2261749.65,0,0.0,none,-
wednesday,734,52505.01352452764,1141179.2455989004,78,78,0.21138211382113822,163.63882865086399,3.033953868804761,0.0,0.05,20116343.066,0,0.0,none,-
wednesday,735,72713.94950177854,1675892.581835612,103,103,0.32653061224489793,128.76527101338,3.5414937657533843,0.0,0.094,19338082.936,0,0.0,none,-
wednesday,736,89958.12457731881,1759893.4138315073,100,100,0.2765957446808511,157.504843364876,3.352953704085199,0.0,0.076,16886441.496,0,0.0,none,-
wednesday,737,57842.43899316059,1025952.458842637,78,78,0.3142857142857143,154.42286281502,2.6731390178499703,0.0,0.064,7618355.99,0,0.0,none,-
wednesday,738,65104.57627277528,1041390.014622673,77,77,0.2784090909090909,158.590995735904,2.614201511439687,0.0,0.096,18854833.272,0,0.0,none,-
wednesday,739,51086.6080103779,1062038.5199409223,73,73,0.225,171.08691457342002,2.77376725219188,0.0,0.07,25192596.834,0,0.0,none,-
wednesday,740,62221.389560779055,1131443.166478796,65,65,0.37404580152671757,132.590951204528,2.5637666758031403,0.0,0.096,13210633.458,0,0.0,none,-
wednesday,741,42726.05460083813,1018315.5775481298,76,76,0.348993288590604,138.85700981214603,2.765105738262269,0.0,0.102,6093066.892,0,0.0,none,-
wednesday,742,36810.700026688355,607399.5657381571,57,57,0.23809523809523808,167.55157174434,2.5099852856642606,0.0,0.058,4976037.74,0,0.0,none,-
wednesday,743,45188.16197813912,1712575.5743471452,49,49,0.16541353383458646,163.995819869754,2.6094730118381717,0.0,0.042,19817769.026,0,0.0,none,-
wednesday,744,68834.99776718105,1371608.6157882605,66,66,0.310126582278481,154.677418599338,2.6680229276214016,0.0,0.096,43321706.188,0,0.0,none,-
wednesday,745,40953.42335238494,511381.67040451727,80,80,0.0949367088607595,134.692738615812,2.9637596959427905,0.002,0.028,27214783.578,0,0.0,none,-
wednesday,746,40446.73407385835,400871.5915112008,52,52,0.3203125,123.21486645364799,2.308374739438118,0.0,0.08,8382763.772,0,0.0,none,-
wednesday,747,72758.88507902557,1693345.3704671187,91,91,0.3385416666666667,162.95892158949002,3.175216061030322,0.0,0.128,14667726.91,0,0.0,none,-
wednesday,748,58177.34031115307,1504600.1926814574,64,64,0.18181818181818182,152.733432351342,2.791822436460561,0.002,0.042,22821410.552,0,0.0,none,-
wednesday,749,41296.17223409312,575215.3297507472,57,57,0.1297709923664122,195.40954522202404,2.573308825012605,0.0,0.032,24330967.116,0,0.0,none,-
wednesday,750,66480.70176174837,1311366.944782772,75,75,0.3630952380952381,151.43791510217397,3.028512551407098,0.004,0.12,29556807.004,0,0.0,none,-
wednesday,751,34573.91269825143,448665.2824843251,43,43,0.2,138.118661554436,1.961659515305848,0.0,0.03,7245809.98,0,0.0,none,-
wednesday,752,45085.51119568096,903521.6725246765,64,64,0.2818181818181818,144.88119287449402,2.640298364275221,0.0,0.06,14439228.53,0,0.0,none,-
wednesday,753,67480.11316684574,1628913.4530452276,67,67,0.2033898305084746,162.113990578412,2.7330043807568005,0.002,0.046,24456266.086,0,0.0,none,-
wednesday,754,64309.79887113364,1212720.3148083529,72,72,0.34459459459459457,178.716967896414,2.823775904032628,0.0,0.1,39766651.66,0,0.0,none,-
wednesday,755,82379.89171935702,2106032.0319010173,105,105,0.29310344827586204,174.37666066062602,3.453035907164404,0.0,0.1,32943088.234,0,0.0,none,-
wednesday,756,32178.749756009132,1130285.6805140022,102,102,0.6198347107438017,148.665230821646,3.1603972779313834,0.0,0.148,7036961.674,0,0.0,none,-
wednesday,757,39706.72881419566,859414.171318718,53,53,0.38738738738738737,146.18555775451998,2.39387444198063,0.002,0.084,10220983.724,0,0.0,none,-
wednesday,758,41694.446627607256,1213908.3165833899,43,43,0.2815533980582524,193.639698862064,2.1843700361887297,0.0,0.056,17033807.668,0,0.0,none,-
wednesday,759,83760.83478634551,1944766.67414861,117,117,0.44545454545454544,180.45526677686598,3.562636091858847,0.0,0.194,41309640.192,0,0.0,none,-
wednesday,760,42600.25002983534,991753.111715281,66,66,0.15454545454545454,171.21485752870004,2.6824984821610967,0.0,0.032,7776495.102,0,0.0,none,-
wednesday,761,35636.238919632284,992470.1086625286,60,60,0.2,187.099541317,2.627578391649627,0.0,0.034,17582012.468,0,0.0,none,-
wednesday,762,25538.055521179842,844939.0267951562,29,29,0.16417910447761194,141.40591857856,1.816556891315302,0.0,0.02,14519161.982,0,0.0,none,-
wednesday,763,51028.201431522226,1513099.9417253202,66,66,0.31092436974789917,164.51104853905198,2.7874894079085286,0.0,0.072,27653373.522,0,0.0,none,-
wednesday,764,63088.497239178796,696766.8864361773,99,99,0.32575757575757575,152.383952901034,3.199585934062897,0.0,0.084,15100281.3,0,0.0,none,-
wednesday,765,62202.94753571687,1746816.6172462588,75,75,0.41379310344827586,146.898192688974,3.0783412561949888,0.0,0.094,22799539.848,0,0.0,none,-
wednesday,766,39529.30416080734,502698.71736788924,57,57,0.28846153846153844,157.33379134662798,2.6038294880534916,0.0,0.058,20706738.576,0,0.0,none,-
wednesday,767,88420.4879022637,1450272.204870977,91,91,0.5138888888888888,167.316373954514,3.4158207271756047,0.0,0.146,41069629.836,0,0.0,none,-
wednesday,768,77177.71184178177,2382381.316821747,93,93,0.4154929577464789,157.225579286204,3.4217899757647934,0.0,0.116,25148723.604,0,0.0,none,-
wednesday,769,33397.11001821315,775761.0032633722,50,50,0.25333333333333335,134.03324611676,2.2769077285569486,0.0,0.036,10830576.904,0,0.0,none,-
wednesday,770,78338.66126482826,1345015.994488688,110,110,0.2840909090909091,150.91669046868,3.578610247439708,0.002,0.098,24690269.302,0,0.0,none,-
wednesday,771,42182.708579686456,749960.0812104015,40,40,0.47,157.88021435662,2.271300297026683,0.0,0.092,24085187.902,0,0.0,none,-
wednesday,772,47711.60722859234,771213.6899228395,57,57,0.16025641025641027,147.646461756664,2.6067687180956325,0.0,0.048,4715510.358,0,0.0,none,-
wednesday,773,59890.96082040688,1933398.3698162886,45,45,0.4295774647887324,190.75218816115998,2.2037181232569854,0.0,0.12,22066260.852,0,0.0,none,-
wednesday,774,81222.61071557247,1947735.452068192,71,71,0.34375,155.10905568302,2.967924209805586,0.0,0.108,23204654.936,0,0.0,none,-
wednesday,775,22864.679097985998,790549.5070157079,25,25,0.37254901960784315,124.10286760496,1.2829432121699116,0.002,0.036,7623313.928,0,0.0,none,-
wednesday,776,64674.454059583746,826697.9424676754,70,70,0.36363636363636365,112.61921573734,2.757423149510184,0.0,0.094,7684374.462,0,0.0,none,-
wednesday,777,83585.3588078015,1425489.0878895188,67,67,0.3924731182795699,150.09098322232398,2.662533637570018,0.002,0.144,28538930.432,0,0.0,none,-
wednesday,778,42209.99230873386,897122.2161098454,30,30,0.2625,160.77376024848,2.0302775249659373,0.0,0.04,31040956.55,0,0.0,none,-
wednesday,779,60592.316611569244,1573232.0752759536,48,48,0.5037593984962406,132.7389915302,2.4794274293178615,0.0,0.132,11754552.974,0,0.0,none,-
wednesday,780,42019.37399668939,1306663.3850578999,34,34,0.5357142857142857,155.05397922072402,2.2393850559322868,0.0,0.118,24414613.964,0,0.0,none,-
wednesday,781,52372.099159760204,1300120.2644667812,51,51,0.3897058823529412,175.39658565916,2.6108939861039757,0.0,0.104,9375678.32,0,0.0,none,-
wednesday,782,42746.42918929482,1096720.272142886,40,40,0.33093525179856115,208.16392485402,2.3800243704162694,0.0,0.09,32761521.37,0,0.0,none,-
wednesday,783,37072.50424371074,723693.6243540943,38,38,0.3655913978494624,94.97008247822599,2.0724641970803557,0.0,0.066,21351749.424,0,0.0,none,-
wednesday,784,67223.25571407838,1624250.9757638923,47,47,0.5390625,151.98069080886,2.277466163443818,0.002,0.136,12403865.854,0,0.0,none,-
wednesday,785,43312.908613704,575866.9835776004,38,38,0.36893203883495146,135.5766582261,2.309049173922768,0.002,0.074,22395798.026,0,0.0,none,-
wednesday,786,47903.704081860145,1215888.3730231829,37,37,0.44642857142857145,168.19369629358,2.3551834753478382,0.002,0.098,14151340.88,0,0.0,none,-
wednesday,787,30099.292601316738,792352.4038731009,29,29,0.42857142857142855,142.74288539628,2.212387148882788,0.0,0.07,39179762.59,0,0.0,none,-
wednesday,788,70107.77888195777,1934539.5073542872,59,59,0.391304347826087,125.17380006751999,2.7990299456680994,0.0,0.088,10056421.356,0,0.0,none,-
wednesday,789,48487.51158747095,1520209.0522518796,39,39,0.5423728813559322,110.47952763626,2.001071910808334,0.0,0.062,15358592.192,0,0.0,none,-
wednesday,790,17110.098286844637,670655.9986483648,22,22,0.23076923076923078,121.76177444522,1.437857078402044,0.0,0.028,4689161.85,0,0.0,none,-
wednesday,791,53220.461619229434,1918334.6718814294,66,66,0.2781954887218045,143.488060023644,2.791029270518228,0.0,0.072,8070869.842,0,0.0,none,-
wednesday,792,45970.854682779995,1277096.0115296075,62,62,0.39655172413793105,139.061235332064,2.6422941591654783,0.0,0.09,14309571.966,0,0.0,none,-
wednesday,793,43021.29952511271,987286.07435233,70,70,0.4077669902912621,137.006575490432,2.596122437032715,0.0,0.082,15860380.44,0,0.0,none,-
wednesday,794,84055.06226388678,1267819.0283543477,96,96,0.30857142857142855,148.99568487759598,3.103695313520743,0.0,0.106,13844027.224,0,0.0,none,-
wednesday,795,49364.62157874032,763378.1452829461,62,62,0.2867132867132867,179.24568486399002,2.7951151139736443,0.0,0.08,31241236.418,0,0.0,none,-
wednesday,796,45998.1245263293,1283334.2873123698,54,54,0.2982456140350877,132.117056210326,2.5963083711193273,0.0,0.066,13350485.076,0,0.0,none,-
wednesday,797,47188.6398713632,779127.0631408799,62,62,0.3333333333333333,129.519516027006,2.3943938015379183,0.0,0.076,9682217.852,0,0.0,none,-
wednesday,798,73396.59222516305,1696376.2334493282,81,81,0.3586206896551724,137.58428838420002,3.010586984796225,0.0,0.102,17538264.666,0,0.0,none,-
wednesday,799,73746.5050391118,1255443.3736697694,63,63,0.3067484662576687,211.181440189546,2.5546503083774716,0.0,0.098,36743534.2,0,0.0,none,-
wednesday,800,72510.63870543773,1344438.7169412002,75,75,0.5476190476190477,147.24496064087398,2.829068616573127,0.0,0.182,23436563.684,0,0.0,none,-
wednesday,801,50867.87993246273,1482739.2720222713,45,45,0.48717948717948717,144.7484864018,2.167292073352511,0.0,0.074,13248340.084,0,0.0,none,-
wednesday,802,47645.96702247092,1179506.0286304725,52,52,0.2523364485981308,146.35525985887998,2.3009146941786187,0.0,0.052,3863733.758,0,0.0,none,-
wednesday,803,46019.15357213099,1483177.8477272873,63,63,0.16883116883116883,128.63060894056,2.6697996773079176,0.0,0.05,5040328.396,0,0.0,none,-
wednesday,804,50115.322926313755,1602347.2397398471,57,57,0.2698412698412698,171.23669402394,2.4261768673230533,0.0,0.066,17764830.138,0,0.0,none,-
wednesday,805,66244.98917852205,2188968.9000487337,68,68,0.4424778761061947,159.533667984744,2.58799521077301,0.0,0.098,24679316.052,0,0.0,none,-
wednesday,806,73653.28920302272,1860339.860475078,80,80,0.4,157.49583494998998,2.7552659517003018,0.0,0.134,33562201.166,0,0.0,none,-
wednesday,807,65721.49272358896,1730722.003629784,51,51,0.3716216216216216,156.300479606848,2.4960312197935886,0.0,0.108,10880808.72,0,0.0,none,-
wednesday,808,44648.36270277421,1569905.8382122547,73,73,0.37777777777777777,144.275594901636,2.6826780892808983,0.0,0.1,18029805.78,0,0.0,none,-
wednesday,809,79981.74092483043,1822173.769959573,59,59,0.37583892617449666,166.62753863119997,2.5009577617355916,0.0,0.11,17485880.718,0,0.0,none,-
wednesday,810,36335.72505609622,1193908.468865191,57,57,0.37168141592920356,129.512225854744,2.3648873727994655,0.0,0.082,13370668.682,0,0.0,none,-
wednesday,811,75679.59511244953,1800490.7420377173,78,78,0.3722627737226277,142.886018199494,2.91477472881731,0.0,0.1,9917045.706,0,0.0,none,-
wednesday,812,68782.79135190847,1998302.2005346527,59,59,0.32575757575757575,167.08091093582,2.5868992119377534,0.0,0.084,25992299.018,0,0.0,none,-
wednesday,813,68919.2767782632,1396565.6831805017,81,81,0.2468354430379747,154.917258929172,3.0584278062420376,0.002,0.076,28816285.058,0,0.0,none,-
wednesday,814,36218.577159080436,907273.1610810508,46,46,0.272,140.1886237279,2.305455375386238,0.0,0.066,12677249.902,0,0.0,none,-
wednesday,815,55229.11697492312,1204033.8654537275,58,58,0.4411764705882353,150.34582894181997,2.467716398570084,0.0,0.118,16324821.784,0,0.0,none,-
wednesday,816,68831.38458592155,1929152.8719182098,64,64,0.2874251497005988,177.90555150059402,2.3315574368505203,0.004,0.094,14999594.51,0,0.0,none,-
wednesday,817,72667.06317532898,1317590.7788169857,50,50,0.5,180.91631689262599,2.1175764079739468,0.0,0.126,32704295.01,0,0.0,none,-
wednesday,818,80349.1817309043,2019249.8587038433,85,85,0.3404255319148936,156.22907904447598,2.948179947338265,0.0,0.126,22189423.458,0,0.0,none,-
wednesday,819,81386.03198432669,1854363.4606295747,57,57,0.4666666666666667,143.489934668944,2.348085685458483,0.0,0.138,14283138.408,0,0.0,none,-
wednesday,820,70045.70539045885,1115951.4173353864,67,67,0.33125,147.01519293602598,2.6518391297764823,0.0,0.104,16052659.816,0,0.0,none,-
wednesday,821,65710.64815289294,2253140.3589286697,67,67,0.24489795918367346,161.17243335528397,2.7013855712224952,0.0,0.07,6189813.446,0,0.0,none,-
wednesday,822,99868.33980991381,2602517.8989103893,80,80,0.5087719298245614,158.04905517246002,3.111268625873802,0.002,0.172,23054201.91,0,0.008,none,-
wednesday,823,45636.169766974424,1132906.0054330006,55,55,0.37755102040816324,138.04490028518,2.2849356928521356,0.0,0.072,3778675.828,0,0.004,none,-
wednesday,824,52585.991639071006,1305790.5913467216,57,57,0.3090909090909091,183.21192580056,2.5290484400638555,0.0,0.066,4538745.732,0,0.0,none,-
wednesday,825,53687.64165330124,1536031.8855624762,44,44,0.3523809523809524,184.8300836073,2.4890957700835545,0.0,0.072,20965600.138,0,0.0,none,-
wednesday,826,71344.54511786505,1185571.2049732779,84,84,0.35570469798657717,151.065420176722,3.1563430607257708,0.0,0.104,23703788.756,0,0.0,none,-
wednesday,827,53945.10352090947,1116549.2847850155,75,75,0.49264705882352944,133.10328506487997,2.786025122075708,0.004,0.132,16043830.57,0,0.0,none,-
wednesday,828,61250.390611315415,1643230.5061141904,54,54,0.19909502262443438,80.928995932848,2.0551059687026294,0.0,0.086,6145781.876,0,0.0,none,-
wednesday,829,40953.66474445574,992256.4341673967,47,47,0.24285714285714285,105.356369795218,2.2627940252345833,0.0,0.066,11918992.666,0,0.0,none,-
wednesday,830,12955.533376136595,602440.9067883068,13,13,0.13157894736842105,104.05902980484,1.0140637956711678,0.0,0.008,1618769.06,0,0.0,none,-
wednesday,831,28431.404109286785,774534.7228826969,27,27,0.15384615384615385,121.92758512312,1.7509579222349394,0.0,0.018,5133605.288,0,0.0,none,-
wednesday,832,28410.744661190078,772850.8698934704,35,35,0.18518518518518517,126.35096788530001,1.838873923419361,0.0,0.028,6137564.762,0,0.0,none,-
wednesday,833,29277.680971107708,683856.2474120848,27,27,0.18181818181818182,101.9755109718,1.8078468658237472,0.0,0.03,7815622.586,0,0.0,none,-
wednesday,834,17413.67450098473,584235.6696689202,13,13,0.1774193548387097,105.824315622044,1.2863609437708456,0.0,0.02,7658558.076,0,0.0,none,-
wednesday,835,32812.02772994036,1373835.1142937092,22,22,0.14035087719298245,145.96866204904,1.8295035300907165,0.0,0.03,7480412.16,0,0.0,none,-
wednesday,836,26345.60917594387,762845.8560798678,36,36,0.08163265306122448,115.62521994078,2.0329035064734704,0.0,0.014,4317288.906,0,0.0,none,-
wednesday,837,23744.731710800974,635014.0929850345,21,21,0.09259259259259259,98.84372083479998,1.841185728394863,0.0,0.018,8161233.802,0,0.0,none,-
wednesday,838,18058.46595190572,802626.6304213776,15,15,0.09230769230769231,113.92328299736,1.3867329860224407,0.0,0.01,6662991.896,0,0.0,none,-
wednesday,839,33219.02275729866,480991.3963047247,39,39,0.21052631578947367,104.42941187472002,2.210099635208164,0.0,0.054,9327994.598,0,0.0,none,-
wednesday,840,29566.284302708344,845195.8658024429,39,39,0.109375,134.11971522468,2.2666714960651277,0.0,0.026,19593590.434,0,0.0,none,-
wednesday,841,21521.408368308417,433225.11575947586,17,17,0.06976744186046512,138.82391160028,1.6435079163092605,0.0,0.01,20593318.062,0,0.0,none,-
wednesday,842,24649.13079682401,386843.60585596564,24,24,0.08270676691729323,169.590591471828,1.9141889751132377,0.0,0.02,26661276.352,0,0.0,none,-
wednesday,843,41196.22875418065,1025507.9719037652,42,42,0.16990291262135923,175.266398323534,2.2795622925113412,0.0,0.068,33192268.106,0,0.0,none,-
wednesday,844,67168.63588220021,1317759.402073143,46,46,0.22151898734177214,147.90682540575398,2.481165657877989,0.0,0.068,26206976.002,0,0.0,none,-
wednesday,845,45809.213841324,1083657.8393612106,45,45,0.18803418803418803,132.456698335376,2.260475705136858,0.0,0.042,15478288.558,0,0.0,none,-
wednesday,846,64787.2910341791,907798.0998252467,57,57,0.2786885245901639,122.47804986187198,2.692937615148484,0.0,0.1,17811248.276,0,0.0,none,-
wednesday,847,28492.352185810338,584443.9963463037,23,23,0.32857142857142857,112.04378045848,1.549048256036199,0.0,0.044,9152989.908,0,0.0,none,-
wednesday,848,56613.61263746352,1232169.596708319,61,61,0.3402061855670103,115.56346837715999,2.495296551756855,0.0,0.064,5068706.052,0,0.0,none,-
wednesday,849,33815.2497296512,1059223.3243781608,25,25,0.1348314606741573,114.612069133788,1.8887934963056365,0.0,0.022,5263874.694,0,0.0,none,-
wednesday,850,64804.583542249304,1219736.9899365266,55,55,0.23118279569892472,132.371880668306,2.659160805128892,0.0,0.084,23076778.418,0,0.0,none,-
wednesday,851,64112.8614063413,1216505.8760315394,60,60,0.3219178082191781,135.10246461975998,2.6384099687662097,0.0,0.092,29823395.792,0,0.0,none,-
wednesday,852,51381.22301209108,853215.4025564407,56,56,0.18072289156626506,129.20371295191802,2.5717575094691405,0.0,0.058,28372209.872,0,0.0,none,-
wednesday,853,96142.60000094444,1574911.6005041553,80,80,0.44221105527638194,94.9906449932,3.084276207250224,0.0,0.174,19459930.154,0,0.0,none,-
wednesday,854,54622.404894507294,922511.6571875665,59,59,0.26785714285714285,106.042389080436,2.4876174004867857,0.0,0.058,7081348.01,0,0.0,none,-
wednesday,855,52583.84988764039,1529366.2111182255,51,51,0.14084507042253522,94.78220865938,2.492226978198526,0.002,0.038,10099435.606,0,0.0,none,-
wednesday,856,42610.82786874969,970208.1633126551,41,41,0.10204081632653061,140.02287703704002,2.081067032207075,0.0,0.018,8442274.17,0,0.0,none,-
wednesday,857,52304.14061121297,861674.0452365864,46,46,0.22764227642276422,121.50184446274,2.2675605181380067,0.0,0.054,14408881.512,0,0.0,none,-
wednesday,858,38541.21117433946,1443244.326037619,55,55,0.2,134.32666142000002,2.4996988217747513,0.0,0.042,6969683.702,0,0.0,none,-
wednesday,859,56020.41201088197,1166740.2985822926,50,50,0.08823529411764706,99.39859276612,2.491210816678672,0.0,0.022,9591573.08,0,0.0,none,-
wednesday,860,25492.173896038337,900352.156778349,36,36,0.19101123595505617,133.15152351474,1.9873872330955564,0.0,0.032,8667178.164,0,0.0,none,-
wednesday,861,47854.82095117758,783947.1569199678,53,53,0.18791946308724833,164.68317318171,2.5711642417854064,0.0,0.054,7789611.522,0,0.0,none,-
wednesday,862,73806.95962351978,1756975.3476951,64,64,0.15492957746478872,133.37278400012002,2.854474355892984,0.0,0.042,25045571.936,0,0.0,none,-
wednesday,863,86865.13511457213,1548461.9918380855,86,86,0.33125,123.119679325584,3.1334225568261265,0.0,0.104,39085402.43,0,0.0,none,-
wednesday,864,40385.99107334025,1233568.3815111513,72,72,0.3202614379084967,153.023288225392,2.897787867441528,0.002,0.096,12675293.686,0,0.0,none,-
wednesday,865,64159.678158252,1183403.4848075032,74,74,0.2883435582822086,105.65672782864,2.9207267973840967,0.002,0.092,11834832.878,0,0.0,none,-
wednesday,866,43816.530087284584,728091.6277822197,51,51,0.16279069767441862,107.45495741472,2.5269502698633692,0.0,0.04,13673470.67,0,0.0,none,-
wednesday,867,65821.73633908275,1487520.3809287576,67,67,0.176056338028169,125.867147787812,2.985927369366794,0.0,0.048,30146432.64,0,0.0,none,-
wednesday,868,58092.0255636083,1176383.6878573818,57,57,0.20833333333333334,110.945524696384,2.525264355935196,0.0,0.048,13319064.856,0,0.0,none,-
wednesday,869,45961.242682905904,1196845.3084507803,42,42,0.211864406779661,115.40312609571998,2.4245783775781375,0.0,0.048,12212234.912,0,0.0,none,-
wednesday,870,55242.12605854818,1241074.4951009904,40,40,0.373015873015873,124.36475661601999,2.326006529929314,0.0,0.092,8523319.472,0,0.0,none,-
wednesday,871,45505.063783511185,831518.8910105211,32,32,0.2518518518518518,152.63580299119997,2.114832562363291,0.002,0.066,22186370.238,0,0.0,none,-
wednesday,872,41240.39335618864,1194055.1417706988,39,39,0.19047619047619047,153.96656997576,2.289238010340956,0.0,0.054,16070096.994,0,0.0,none,-
wednesday,873,56550.21106455227,953524.7962635667,56,56,0.15384615384615385,101.946645194424,2.6877042981466976,0.0,0.058,18413367.5,0,0.0,none,-
wednesday,874,65349.49403774575,1381972.799423255,44,44,0.34615384615384615,141.23838912022202,2.3167794319508794,0.0,0.106,22177732.356,0,0.0,none,-
wednesday,875,74056.17037344909,2136187.2459911928,78,78,0.6165413533834586,139.33877667196,2.856248029250935,0.002,0.162,19230371.038,0,0.0,none,-
wednesday,876,82878.62720733244,2161025.0538077126,79,79,0.3509933774834437,153.988975871064,3.3416722824942924,0.0,0.104,19853861.69,0,0.0,none,-
wednesday,877,54163.99160587739,826839.2409123315,69,69,0.296,167.807987763552,2.81822347775581,0.0,0.072,12642670.256,0,0.0,none,-
wednesday,878,81596.58967567953,2741032.0045953835,82,82,0.25196850393700787,195.76458768308,3.407829677215096,0.004,0.062,38548063.834,0,0.0,none,-
wednesday,879,24239.259781929537,644179.7002007744,49,49,0.275,158.05225403401,2.373785784476488,0.0,0.042,7812999.364,0,0.0,none,-
wednesday,880,57292.411905714245,1289239.2627812875,54,54,0.3333333333333333,126.748451946492,2.7900053783152363,0.0,0.068,23623078.542,0,0.0,none,-
wednesday,881,63926.95573382345,1872354.296576338,70,70,0.35714285714285715,145.65015687252003,2.7762738682951897,0.0,0.078,5510816.72,0,0.0,none,-
wednesday,882,25323.112251715203,701075.8443171591,48,48,0.20588235294117646,140.60923528880198,2.36653605034002,0.0,0.04,7535755.408,0,0.0,none,-
wednesday,883,79597.5679858335,1561964.1836433017,98,98,0.48936170212765956,155.624428855662,3.357853187400584,0.0,0.136,6507844.788,0,0.0,none,-
wednesday,884,103200.12162430752,8555360.170794956,137,137,0.63125,234.90126020885998,3.8355152471568266,0.0,0.2,6524032.262,0,0.0,none,-
wednesday,885,21627.033970419587,1267387.4425415806,113,113,0.5414012738853503,225.4307151653,2.99052929907569,0.0,0.168,4265280.33,0,0.0,none,-
wednesday,886,63565.34792271915,2644759.4835636844,110,110,0.3795180722891566,190.82033561359998,3.229417751420315,0.0,0.124,18849975.846,0,0.0,none,-
wednesday,887,34708.93949816771,1691215.8154536625,70,70,0.4473684210526316,184.8967274099,2.7100101986800627,0.0,0.1,9853488.33,0,0.0,none,-
wednesday,888,34360.96289209985,947271.0643799029,92,92,0.5793650793650794,185.09829066196,2.823353518837708,0.0,0.144,8769952.288,0,0.0,none,-
wednesday,889,37162.44924934808,1246408.9050596193,56,56,0.42201834862385323,133.77079324442002,2.3110009564527436,0.0,0.09,4260951.818,0,0.0,none,-
wednesday,890,66711.86420522803,2870252.9724053736,147,147,0.6082474226804123,203.09464927800997,3.680024608603543,0.0,0.234,13421176.854,0,0.0,none,-
wednesday,891,99221.21767090689,6902005.372475559,167,167,0.6093023255813953,192.116736709054,4.224063111285588,0.0,0.26,13016172.624,0,0.0,none,-
wednesday,892,37599.379721964586,3961657.664622465,117,117,0.6530612244897959,191.59330711476002,3.3911775713308954,0.0,0.19,3056157.782,0,0.0,none,-
wednesday,893,39296.0026822182,2383442.3007661216,55,55,0.32989690721649484,141.88904307270002,2.265970944664603,0.0,0.062,7846286.288,0,0.0,none,-
wednesday,894,69255.8229188029,1451195.1811842413,58,58,0.3076923076923077,150.513925911702,2.5301492186721934,0.0,0.102,7281804.852,0,0.0,none,-
wednesday,895,15232.377096694852,947308.768806632,140,140,0.7125748502994012,199.39781691134,3.7943499998533214,0.0,0.236,5833611.744,0,0.0,none,-
wednesday,896,28000.27751719739,1438872.6583407994,121,121,0.7236842105263158,191.346943277502,3.509908271324757,0.0,0.218,5922670.684,0,0.0,none,-
wednesday,897,59202.24359491292,4326979.511532727,126,126,0.4294117647058823,181.92393648407398,3.5962434086827693,0.004,0.144,13438782.862,0,0.0,none,-
wednesday,898,25655.315352118705,1872852.2152853026,114,114,0.6149068322981367,191.854893912234,3.4322132539144428,0.0,0.196,8324832.664,0,0.0,none,-
wednesday,899,32792.33657093115,2031495.7999881112,103,103,0.6,179.88964203358,3.218006881658326,0.0,0.166,8207383.618,0,0.0,none,-
wednesday,900,103651.63514418495,9211360.727656288,177,177,0.4953271028037383,211.18820209376003,4.318244978803878,0.0,0.21,14770884.652,0,0.0,none,-
wednesday,901,67306.97839114064,3081847.5124634677,139,139,0.5634517766497462,253.6498024394,3.3772823536101937,0.0,0.22,29922615.736,0,0.0,none,-
wednesday,902,57908.32698995958,4406663.896523597,143,143,0.7028571428571428,216.28488004810004,3.65503374627826,0.0,0.244,18400130.892,0,0.0,none,-
wednesday,903,29823.24550771694,1798231.7618518185,117,117,0.6530612244897959,206.739646075244,3.2449868136142506,0.0,0.19,15714155.6,0,0.0,none,-
wednesday,904,58071.73207645094,2166546.718703714,125,125,0.5934065934065934,164.195717660488,3.486576470159992,0.0,0.214,11618088.0,0,0.0,none,-
wednesday,905,64619.88454003628,6055770.323593474,141,141,0.7468354430379747,237.27668968728798,3.766605371226815,0.0,0.234,8977997.824,0,0.0,none,-
wednesday,906,55343.953159853874,3496148.054074834,95,95,0.39705882352941174,150.20990984172002,3.082960712744621,0.0,0.106,11607908.03,0,0.0,none,-
wednesday,907,31309.410006451584,1301795.318646226,100,100,0.6694915254237288,185.85909234007403,2.995422989732738,0.0,0.156,3949555.742,0,0.0,none,-
wednesday,908,56543.77336153993,5259778.910016734,139,139,0.9178082191780822,215.40103802067998,3.5620667881836585,0.0,0.266,4094823.134,0,0.0,none,-
wednesday,909,61346.02681970002,4420001.957785191,116,116,0.6959459459459459,185.15856021069598,3.3997575601193946,0.0,0.204,4993141.904,0,0.0,none,-
wednesday,910,57201.579304709085,4597449.515907793,182,182,0.7638888888888888,224.93033430608799,4.200083693025267,0.0,0.328,9426907.832,0,0.0,none,-
wednesday,911,24373.196772012543,2597145.9700690773,166,166,0.8277777777777777,222.475011297714,4.088627931161098,0.0,0.296,11929059.554,0,0.0,none,-
wednesday,912,33994.96846244348,2317032.3702843613,123,123,0.6928104575163399,181.677509262354,3.488789490181249,0.0,0.21,7328845.228,0,0.0,none,-
wednesday,913,41483.45936079917,3215346.6005242015,143,143,0.7018633540372671,200.36945540128,3.6214228094023664,0.0,0.224,7436131.128,0,0.0,none,-
wednesday,914,43247.80160723824,4176671.159425396,116,116,0.6888888888888889,174.998566319526,3.258812819886825,0.0,0.184,5237055.318,0,0.0,none,-
wednesday,915,55927.59314739213,5944266.276766067,109,109,0.6953125,178.57511404597997,3.2437742863644576,0.002,0.176,6463930.05,0,0.0,none,-
wednesday,916,26549.880114882668,2766217.3664627285,102,102,0.7317073170731707,187.35518406321202,2.953730561939257,0.0,0.178,4241753.772,0,0.0,none,-
wednesday,917,36880.75662001665,3157070.7423217325,105,105,0.704,198.56352393497997,2.965841159937905,0.0,0.174,4643142.168,0,0.0,none,-
wednesday,918,18759.105684075395,1806888.8816131612,79,79,0.6161616161616161,168.84002367342,2.6896639963285685,0.0,0.12,4566001.334,0,0.0,none,-
wednesday,919,55978.9610536281,4935000.4963994175,142,142,0.7272727272727273,212.9791693866,3.7162724614425597,0.0,0.238,4941422.318,0,0.0,none,-
wednesday,920,40131.8913995041,3301930.8266806277,116,116,0.6481481481481481,213.79571257452997,3.4482343586542177,0.002,0.208,5465872.288,0,0.0,none,-
wednesday,921,52847.01744525589,5124623.852445326,132,132,0.6470588235294118,191.384111635582,3.7714059922471987,0.0,0.196,4799866.934,0,0.0,none,-
wednesday,922,34523.729954501214,2781933.502932293,70,70,0.5402298850574713,145.816417366194,2.4975972955217234,0.0,0.092,4616537.344,0,0.0,none,-
wednesday,923,26186.044303410494,2278260.4561367156,151,151,0.7616279069767442,213.461185909834,3.961361565618442,0.002,0.26,2856783.63,0,0.0,none,-
wednesday,924,27992.962534279544,1915783.9794025018,90,90,0.5864661654135338,167.857274406594,3.093353614955511,0.0,0.154,6818174.272,0,0.0,none,-
wednesday,925,48431.80964123294,2679259.723514409,119,119,0.7835820895522388,191.52964093114,3.488399559997688,0.0,0.208,14704404.75,0,0.0,none,-
wednesday,926,64954.59953427198,5819893.911560722,141,141,0.6625766871165644,198.42677590144,3.59205165563127,0.0,0.214,12149903.638,0,0.0,none,-
wednesday,927,56973.58066608959,4024018.9828133853,186,186,0.7412935323383084,214.33838543933996,4.393683476697474,0.0,0.296,5252020.16,0,0.0,none,-
wednesday,928,88549.69363310879,4520550.6715353355,171,171,0.6561085972850679,207.86764148388,4.383938621457819,0.0,0.288,9175714.972,0,0.0,none,-
wednesday,929,13173.695151993194,1306548.0684494248,100,100,0.6833333333333333,170.4118978212,2.988059522096923,0.0,0.162,2736827.818,0,0.0,none,-
wednesday,930,35449.076129229834,1010531.0689646263,45,45,0.10738255033557047,146.17377158961997,2.298665783758307,0.0,0.03,4402570.018,0,0.0,none,-
wednesday,931,29893.390386955525,621189.8387023588,53,53,0.21782178217821782,137.975076070262,2.2979312950068853,0.0,0.042,4863516.822,0,0.0,none,-
wednesday,932,43334.93245417848,1065130.0419707177,44,44,0.2,141.967860370766,2.536236753687211,0.002,0.052,18277539.29,0,0.0,none,-
wednesday,933,33677.371764824406,735627.4054368634,36,36,0.2459016393442623,158.55408003473997,2.2050303181380153,0.0,0.028,37954977.782,0,0.0,none,-
wednesday,934,71964.71346614469,1214071.140191389,81,81,0.39436619718309857,127.745606018292,3.092522901461555,0.0,0.11,16646481.24,0,0.0,none,-
wednesday,935,35080.12501675269,999894.352237812,56,56,0.3191489361702128,136.6648805758,2.4931848046011265,0.0,0.058,6138541.486,0,0.0,none,-
wednesday,936,46615.07833926124,955204.6530273394,59,59,0.24528301886792453,164.42287836782,2.6179286908340096,0.0,0.05,23087520.418,0,0.0,none,-
wednesday,937,34142.433026274055,747313.4722085384,45,45,0.14285714285714285,120.883942780236,2.567373463523662,0.0,0.022,20649567.608,0,0.0,none,-
wednesday,938,73167.36897051756,1620920.574001678,86,86,0.25217391304347825,147.97852114714001,3.205672845842222,0.0,0.056,29092606.248,0,0.0,none,-
wednesday,939,79173.98663585192,1891410.2299406242,97,97,0.4639175257731959,136.016442812372,3.452878907222847,0.0,0.178,24321213.936,0,0.0,none,-
wednesday,940,20552.493698883627,598257.1904656865,51,51,0.22857142857142856,122.45501804262,2.0481022408724523,0.0,0.03,3467620.166,0,0.0,none,-
wednesday,941,34645.04402764796,1231300.5410356428,41,41,0.38666666666666666,128.43548287736002,1.9523396010843659,0.0,0.056,3462718.81,0,0.0,none,-
wednesday,942,82188.35745840006,1335162.1451172105,86,86,0.2222222222222222,172.17523479587,3.08361774413878,0.0,0.054,26838478.998,0,0.0,none,-
wednesday,943,60813.81647731642,1606846.6008385438,79,79,0.3402061855670103,171.990783255134,2.879502774148916,0.002,0.064,39339842.506,0,0.0,none,-
wednesday,944,70777.59303143734,1348886.4844330032,80,80,0.5,118.28479396344,2.724992179288169,0.0,0.134,20162751.918,0,0.0,none,-
wednesday,945,14307.023175611888,420998.01191866945,26,26,0.18867924528301888,134.55997604002,1.423038791984796,0.0,0.018,3447426.142,0,0.0,none,-
wednesday,946,50392.35438386046,1080129.942702787,52,52,0.18018018018018017,197.38774247476,2.430140802558302,0.0,0.038,13566533.92,0,0.0,none,-
wednesday,947,125629.62915829569,2859612.0009353575,129,129,0.5714285714285714,149.87735801907,3.978641910916086,0.0,0.198,14950538.626,0,0.0,none,-
wednesday,948,47031.7878282712,981813.9975686762,61,61,0.17346938775510204,162.32476933778003,2.67766780284043,0.004,0.032,25808333.776,0,0.0,none,-
wednesday,949,59232.86488055778,1420772.4776337508,79,79,0.375,161.93404312196,3.1819935957629384,0.0,0.13,26602303.18,0,0.0,none,-
wednesday,950,58188.060465676484,826785.3874633891,67,67,0.45774647887323944,125.718084762192,2.6332024391385334,0.0,0.128,10346023.708,0,0.0,none,-
wednesday,951,36299.010168466724,1512387.2821245922,54,54,0.2631578947368421,152.01896664086001,2.5503426951447183,0.0,0.048,8798163.888,0,0.0,none,-
wednesday,952,98924.21269599287,2439221.8465680494,81,81,0.49700598802395207,192.069039921518,3.0916526734282095,0.0,0.164,37753607.246,0,0.0,none,-
wednesday,953,37790.16581074538,1164748.115340952,48,48,0.38636363636363635,143.36302557184,2.175730418590975,0.0,0.066,10514251.568,0,0.0,none,-
wednesday,954,82259.46956229932,1972485.3203436187,84,84,0.3619631901840491,164.132967655402,3.1683015764455424,0.0,0.116,24605909.056,0,0.0,none,-
wednesday,955,34020.44889675725,990539.6446035743,66,66,0.38461538461538464,131.461091382278,2.560158905428541,0.0,0.068,10540787.592,0,0.0,none,-
wednesday,956,74316.51523378292,1994815.181073662,77,77,0.36363636363636365,128.10890047036,2.982119351565454,0.002,0.086,6900352.912,0,0.0,none,-
wednesday,957,63496.09306463486,1986025.288981672,70,70,0.47398843930635837,182.4237062121,2.9632685849324574,0.002,0.162,40619585.99,0,0.0,none,-
wednesday,958,48888.009416766436,1887258.6853388727,56,56,0.24539877300613497,150.7831121349,2.539201667576737,0.072,0.078,8639662.536,0,0.0,none,-
wednesday,959,38548.82245980715,1030665.2787018022,43,43,0.1292517006802721,119.3686584548,2.1527224903468003,0.042,0.036,6335410.736,0,0.0,none,-
wednesday,960,12390.357261832864,350127.00924146315,28,28,0.09239130434782608,107.15235889336002,1.9126162595684777,0.042,0.032,9523941.808,0,0.0,none,-
wednesday,961,37384.952146940464,405605.54891662666,54,54,0.12418300653594772,134.06083964189602,2.528623190908933,0.048,0.036,14910990.362,0,0.0,none,-
wednesday,962,55855.10558316901,1479951.8216683003,70,70,0.26285714285714284,134.37109264360402,2.7939354721705763,0.02,0.09,24446245.636,0,0.0,none,-
wednesday,963,54513.87025766139,1489848.7506502115,75,75,0.28205128205128205,147.225633690296,3.003067426283036,0.0,0.064,14641765.194,0,0.0,none,-
wednesday,964,64496.14786231694,1160551.1975111053,63,63,0.39473684210526316,131.09752817978,2.4700604329229483,0.0,0.088,9231232.448,0,0.0,none,-
wednesday,965,56729.450489322466,914472.1312489965,74,74,0.3698630136986301,171.46319037339998,2.7171746141270843,0.0,0.106,43286568.71,0,0.0,none,-
wednesday,966,58210.75121100212,1637298.4104868437,77,77,0.30303030303030304,133.07161559946599,3.0620279776484622,0.0,0.098,23666226.908,0,0.0,none,-
wednesday,967,71699.32146172083,1458655.1594616014,68,68,0.32867132867132864,160.091201205972,2.7290297162486263,0.0,0.092,8840786.014,0,0.0,none,-
wednesday,968,78981.40623582956,2142773.023185278,94,94,0.3885350318471338,157.472298613906,3.6660357019645535,0.0,0.12,37881495.134,0,0.0,none,-
wednesday,969,25431.89035660525,938235.105324814,36,36,0.25396825396825395,137.9533897361,1.9964713815187112,0.0,0.03,6360180.434,0,0.0,none,-
wednesday,970,12114.004936945641,399044.83707063494,29,29,0.08064516129032258,151.55521441204002,1.87399517824536,0.0,0.008,9724340.982,0,0.0,none,-
wednesday,971,46707.189876206874,815382.2891104912,75,75,0.32407407407407407,144.84385141448,2.8786160817326034,0.0,0.068,8124020.112,0,0.0,none,-
wednesday,972,45982.04908468375,1202935.5742611291,55,55,0.18032786885245902,179.85949734476603,2.6258139735804082,0.002,0.042,32613798.64,0,0.0,none,-
wednesday,973,71137.1214154121,1052576.3549681487,80,80,0.4222222222222222,184.76589548658202,2.9502703863715367,0.002,0.112,40973774.848,0,0.0,none,-
wednesday,974,61119.32722251686,1432148.9477677452,72,72,0.3816793893129771,164.8759592123,2.8819721993978518,0.0,0.098,17512975.816,0,0.0,none,-
wednesday,975,49654.28386165919,1338271.6826604279,69,69,0.38016528925619836,122.917465273588,2.5987306482591315,0.0,0.09,7362915.072,0,0.0,none,-
wednesday,976,65801.62453151,1777092.0982386284,74,74,0.26811594202898553,169.241105575252,2.9310158855597703,0.0,0.072,21060666.024,0,0.0,none,-
wednesday,977,66910.47303711316,1324705.4356751447,90,90,0.3961038961038961,171.54067924244,3.2779248010728606,0.0,0.12,35356109.938,0,0.0,none,-
wednesday,978,73944.06548840448,1601575.287053135,92,92,0.37719298245614036,123.610010761132,2.8924197781203267,0.0,0.084,6810440.8,0,0.0,none,-
wednesday,979,47649.956186935415,983586.6395005053,65,65,0.43119266055045874,172.45702025056,2.6110610666615206,0.0,0.092,22992938.494,0,0.0,none,-
wednesday,980,54006.810306365456,1138356.3898035951,61,61,0.35106382978723405,167.778683475572,2.518857901162707,0.002,0.064,23502118.324,0,0.0,none,-
wednesday,981,49110.52792953124,1323736.1125241716,52,52,0.35714285714285715,158.87758014102002,2.5279444776356064,0.0,0.078,22706238.322,0,0.0,none,-
wednesday,982,86825.45073800263,1711311.7537414005,84,84,0.4430379746835443,145.323748429886,2.915342999313448,0.0,0.138,20534586.538,0,0.0,none,-
wednesday,983,37920.58193756403,922221.411390758,49,49,0.29347826086956524,130.19283853608,2.2794330031633914,0.0,0.052,6155834.836,0,0.0,none,-
wednesday,984,45975.0768123115,799430.9419234778,55,55,0.23275862068965517,150.20869424992,2.717582706471544,0.0,0.052,9480160.786,0,0.0,none,-
wednesday,985,74728.79879692622,2311776.302494175,83,83,0.4393939393939394,234.08036188914002,3.2002284984527303,0.0,0.114,49402980.736,0,0.0,none,-
wednesday,986,46316.06015643026,635713.0045252895,64,64,0.4146341463414634,135.418693766036,2.452777294696359,0.0,0.1,11643781.514,0,0.0,none,-
wednesday,987,61514.028551224874,1672835.3703385391,80,80,0.359375,140.28463313216,3.216704917831256,0.0,0.09,10550939.038,0,0.0,none,-
wednesday,988,33351.60092070357,474553.40457998356,46,46,0.16842105263157894,163.630748183664,2.4258519225113133,0.0,0.03,16233993.146,0,0.0,none,-
wednesday,989,25508.273819743576,608646.3053977089,49,49,0.1368421052631579,152.799847585578,2.2634144987062412,0.0,0.024,13055209.816,0,0.0,none,-
wednesday,990,65154.80411477072,1108081.632525468,66,66,0.36231884057971014,157.290285456748,2.7247807802713897,0.0,0.098,29149772.644,0,0.0,none,-
wednesday,991,72694.82003053643,1503276.7341818863,76,76,0.26811594202898553,164.155264931802,2.926322574820311,0.0,0.072,29366868.688,0,0.0,none,-
wednesday,992,44362.748745478304,1434293.1819498397,67,67,0.34513274336283184,159.4725337576,2.766075875241287,0.002,0.076,16190424.41,0,0.0,none,-
wednesday,993,29087.006565201693,1231472.2253899705,37,37,0.22580645161290322,145.43329940011998,1.7952912850828369,0.0,0.026,3854424.674,0,0.0,none,-
wednesday,994,49979.154536565824,1017179.3017410554,56,56,0.20689655172413793,155.73308709098,2.531456485580269,0.004,0.046,7701554.06,0,0.0,none,-
wednesday,995,73028.97574334971,1636824.8022997708,91,91,0.2518518518518518,143.29249529282004,3.34341680110452,0.0,0.066,26553266.156,0,0.0,none,-
wednesday,996,97508.55291540983,1494412.1221479827,99,99,0.43523316062176165,204.96845002552402,3.08783809646092,0.0,0.166,45462488.944,0,0.0,none,-
wednesday,997,49231.07092301111,1092310.7093264333,88,88,0.4186046511627907,153.37385045282,3.2481801483666524,0.0,0.142,17755391.334,0,0.0,none,-
wednesday,998,18023.962614952037,587419.6775292201,34,34,0.15873015873015872,112.470121821026,1.6924831598166425,0.0,0.018,3657904.918,0,0.0,none,-
wednesday,999,58353.39664839528,998927.274695649,52,52,0.32710280373831774,134.44518738022,2.5507323539103357,0.0,0.068,22176738.392,0,0.0,none,-
wednesday,1000,75872.07598074766,1923535.815742765,80,80,0.362962962962963,197.96499740688003,3.2906878990875006,0.0,0.096,32398954.194,0,0.0,none,-
wednesday,1001,93046.289627552,2045870.836501245,101,101,0.48366013071895425,145.2497056502,3.411460866462961,0.002,0.146,14597700.21,0,0.0,none,-
wednesday,1002,34924.442553817455,830865.1411526911,49,49,0.32051282051282054,148.35124574752,2.023124243518602,0.0,0.048,11328804.016,0,0.0,none,-
wednesday,1003,43101.986043410834,574423.2261814616,55,55,0.2605042016806723,123.06253007501999,2.561905571718579,0.0,0.06,12364741.41,0,0.0,none,-
wednesday,1004,45056.23553480094,1454480.6473995089,65,65,0.34234234234234234,128.01814226868,2.7722930710253606,0.0,0.074,16834811.406,0,0.0,none,-
wednesday,1005,27855.97076832383,751899.611466465,44,44,0.2028985507246377,152.3395806591,2.114092845102428,0.0,0.026,18825499.646,0,0.0,none,-
wednesday,1006,42697.19016579845,969858.1190629522,61,61,0.35714285714285715,138.27094457863998,2.8041750681323023,0.0,0.078,22259312.508,0,0.0,none,-
wednesday,1007,53831.298599301765,950611.4914242632,67,67,0.4049586776859504,168.46019529482,2.59239466528083,0.0,0.096,17171529.318,0,0.0,none,-
wednesday,1008,66130.55295334331,1564172.1590916857,75,75,0.5185185185185185,159.10030218053998,2.6954142202035514,0.0,0.11,14203560.386,0,0.0,none,-
wednesday,1009,66042.05501292755,1733685.0815103375,80,80,0.3763440860215054,175.190237221506,3.0309130600047274,0.0,0.138,30807274.324,0,0.0,none,-
wednesday,1010,56428.903735096836,1350476.5664701306,79,79,0.38922155688622756,136.98265715931402,2.9218099325215947,0.0,0.128,20259350.766,0,0.0,none,-
wednesday,1011,19294.32251010934,722889.5804437335,45,45,0.25675675675675674,127.49004325152,1.9165037235991278,0.0,0.036,1866621.298,0,0.0,none,-
wednesday,1012,35612.13899518158,865244.1121684893,55,55,0.32954545454545453,131.69774657647997,2.2780932540839958,0.0,0.056,2492808.546,0,0.0,none,-
wednesday,1013,37131.05576844355,1086362.6241932253,57,57,0.225,150.533255067734,2.432130561629383,0.0,0.052,3773084.392,0,0.0,none,-
wednesday,1014,61656.050422665554,1436745.9747435874,65,65,0.22818791946308725,178.97401413508598,2.6626036123529797,0.0,0.066,21162037.906,0,0.0,none,-
wednesday,1015,62020.63472837073,1445642.364364679,82,82,0.13636363636363635,162.52153442694004,3.1011005630309736,0.0,0.028,49997864.68,0,0.0,none,-
wednesday,1016,44571.02436748687,1003343.1957837634,43,43,0.24812030075187969,165.77721580195998,2.052478080438026,0.0,0.064,9679565.452,0,0.0,none,-
wednesday,1017,93312.62597900155,973398.4562675846,99,99,0.41397849462365593,119.898393536674,3.11980725468314,0.0,0.152,19782235.394,0,0.0,none,-
wednesday,1018,65477.09466515326,1831211.004046231,82,82,0.4642857142857143,160.87292838828,3.0942401129763044,0.002,0.102,33786325.052,0,0.0,none,-
wednesday,1019,48789.11074993242,1228709.9760187105,69,69,0.3358208955223881,183.562154211956,2.6589538750138404,0.0,0.088,17415272.918,0,0.0,none,-
wednesday,1020,56395.00824868416,1777602.280628081,65,65,0.2644628099173554,166.91627513225998,2.856463611399837,0.0,0.062,20709530.72,0,0.0,none,-
wednesday,1021,55176.08453925292,996648.3383814644,69,69,0.32727272727272727,132.69267020238,2.9579827001250134,0.002,0.07,13838779.186,0,0.0,none,-
wednesday,1022,61808.767272440884,1304697.1512533547,64,64,0.3492063492063492,197.20569367950003,2.692708366042913,0.0,0.086,31785407.43,0,0.0,none,-
wednesday,1023,75380.44310817079,966137.6138215543,85,85,0.3699421965317919,145.6670922265,3.1908057236461893,0.0,0.126,34601816.548,0,0.0,none,-
wednesday,1024,58378.36658483848,1729762.5396145266,70,70,0.2265625,163.95173835388002,2.8388233723970546,0.004,0.056,11611492.462,0,0.0,none,-
wednesday,1025,26466.35508436871,853870.4884436097,34,34,0.11267605633802817,148.304394444252,1.9817112225179636,0.0,0.014,6408604.54,0,0.0,none,-
wednesday,1026,57653.5448453439,880572.9915241256,75,75,0.294478527607362,179.93167382346402,2.723170328188707,0.0,0.094,28916139.222,0,0.0,none,-
wednesday,1027,77361.09169391409,1731850.8067951566,94,94,0.3675675675675676,173.00705446214602,3.2178047766365174,0.0,0.134,33123263.018,0,0.0,none,-
wednesday,1028,75052.77378572973,1563278.9212185245,116,116,0.05755395683453238,100.096302320446,3.4085209979008324,0.002,0.014,2584708.26,1,0.046,dos,TA0040 Impact / T1499 Endpoint DoS
wednesday,1029,42682.68620133814,631318.889695423,120,120,0.04861111111111111,99.19707898956,3.158566449853539,0.0,0.012,2055130.512,1,0.056,dos,TA0040 Impact / T1499 Endpoint DoS
wednesday,1030,44004.78015476814,774401.926667223,124,124,0.014184397163120567,113.04531051052,3.2271917050796386,0.0,0.002,1965286.808,1,0.076,dos,TA0040 Impact / T1499 Endpoint DoS
wednesday,1031,43664.004070505995,677653.288707545,114,114,0.023809523809523808,92.62841985390801,2.9152620916100282,0.0,0.004,1304568.362,1,0.052,dos,TA0040 Impact / T1499 Endpoint DoS
wednesday,1032,54230.11987045227,709363.6907697456,134,134,0.041666666666666664,86.69329290304002,3.4380986558081155,0.0,0.012,1186649.422,1,0.058,dos,TA0040 Impact / T1499 Endpoint DoS
wednesday,1033,45867.04234577466,714568.1860331742,118,118,0.022900763358778626,104.11981918621399,3.0811017353455354,0.0,0.004,1814381.508,1,0.058,dos,TA0040 Impact / T1499 Endpoint DoS
wednesday,1034,40353.11462002816,674985.5367522739,94,94,0.058823529411764705,101.5554358502,2.6666413406816014,0.0,0.012,1900360.424,1,0.044,dos,TA0040 Impact / T1499 Endpoint DoS
wednesday,1035,39736.34181121191,630110.4512851906,108,108,0.03361344537815126,97.24984296264,2.7893001984122696,0.0,0.006,1476670.462,1,0.042,dos,TA0040 Impact / T1499 Endpoint DoS
wednesday,1036,38761.57495596169,790192.7314947943,102,102,0.045112781954887216,103.6149843516,2.8945360129482713,0.0,0.01,1581771.364,1,0.056,dos,TA0040 Impact / T1499 Endpoint DoS
wednesday,1037,40089.574221980656,748624.8189755599,120,120,0.06015037593984962,99.89319289298001,3.0509769886251386,0.0,0.014,2896658.696,1,0.044,dos,TA0040 Impact / T1499 Endpoint DoS
wednesday,1038,46657.55348432264,665887.1681695812,122,122,0.021739130434782608,87.08689214798,3.185716110153343,0.0,0.004,1674707.566,1,0.044,dos,TA0040 Impact / T1499 Endpoint DoS
wednesday,1039,52670.77814217648,973216.6021840549,138,138,0.046052631578947366,103.20135158670001,3.4810847462282934,0.0,0.012,1295671.786,1,0.056,dos,TA0040 Impact / T1499 Endpoint DoS
wednesday,1040,50759.86736526427,1004877.0647138787,112,112,0.03676470588235294,99.26211595524,2.9726906529093124,0.0,0.008,1786235.058,1,0.052,dos,TA0040 Impact / T1499 Endpoint DoS
wednesday,1041,34900.352691239204,791784.5056111187,122,122,0.044444444444444446,110.49076137292,3.1946534371676742,0.0,0.01,2425854.436,1,0.054,dos,TA0040 Impact / T1499 Endpoint DoS
wednesday,1042,44726.16407663854,782781.9713592991,125,125,0.03597122302158273,100.65375360748,3.230681572190967,0.0,0.008,1751973.634,1,0.058,dos,TA0040 Impact / T1499 Endpoint DoS
wednesday,1043,44627.73232118362,790755.1236100915,119,119,0.04032258064516129,103.34681646659999,3.0792190539704523,0.0,0.008,1740595.114,1,0.06,dos,TA0040 Impact / T1499 Endpoint DoS
wednesday,1044,48332.463361158785,772108.1847736909,121,121,0.023076923076923078,99.38719156751401,3.0824172258264495,0.0,0.004,978432.7,1,0.038,dos,TA0040 Impact / T1499 Endpoint DoS
wednesday,1045,35739.003437036714,656602.1571353424,139,139,0.01775147928994083,81.66364140104,3.5512240395719754,0.0,0.004,3811588.884,1,0.044,dos,TA0040 Impact / T1499 Endpoint DoS
wednesday,1046,38878.46064496226,769760.6348921887,110,110,0.03759398496240601,97.83265829356,2.9198534926061623,0.0,0.008,2399787.048,1,0.046,dos,TA0040 Impact / T1499 Endpoint DoS
wednesday,1047,41335.80662724639,831920.7785829444,127,127,0.039735099337748346,93.84131757864802,3.2176557084185147,0.0,0.01,1979166.918,1,0.04,dos,TA0040 Impact / T1499 Endpoint DoS
wednesday,1048,41308.11475212587,714119.3662271783,136,136,0.026490066225165563,99.29887111369999,3.4289410390821162,0.0,0.006,3038443.634,1,0.054,dos,TA0040 Impact / T1499 Endpoint DoS
wednesday,1049,41950.946318550494,881418.9128023438,127,127,0.046357615894039736,107.392950097808,3.3399377996381276,0.0,0.012,3922227.954,1,0.062,dos,TA0040 Impact / T1499 Endpoint DoS
wednesday,1050,42232.95106390507,686997.6051348479,120,120,0.013888888888888888,98.32871187376,3.2033884964492927,0.0,0.002,2923721.762,1,0.068,dos,TA0040 Impact / T1499 Endpoint DoS
wednesday,1051,47318.46892313563,730223.5746081953,129,129,0.03205128205128205,93.94135450739401,3.419870440491378,0.0,0.008,5044844.044,1,0.056,dos,TA0040 Impact / T1499 Endpoint DoS
wednesday,1052,41979.75119326761,629889.4092961712,119,119,0.03424657534246575,87.18477000454,3.135643979154973,0.0,0.008,3192164.186,1,0.044,dos,TA0040 Impact / T1499 Endpoint DoS
wednesday,1053,49991.24080950321,676641.179433501,134,134,0.04697986577181208,84.78664809156,3.409025100537338,0.0,0.012,2931951.742,1,0.05,dos,TA0040 Impact / T1499 Endpoint DoS
wednesday,1054,45384.58908645823,691657.7415747392,117,117,0.0457516339869281,77.04618165513399,3.182358504629912,0.0,0.012,6309488.516,1,0.044,dos,TA0040 Impact / T1499 Endpoint DoS
wednesday,1055,46438.63490571792,719895.059686091,125,125,0.03164556962025317,86.38777997614001,3.273063627487006,0.0,0.008,2551831.396,1,0.05,dos,TA0040 Impact / T1499 Endpoint DoS
wednesday,1056,43146.442513179616,874364.7012693973,115,115,0.02857142857142857,99.73656497944,3.1107080759035868,0.0,0.006,3357959.676,1,0.064,dos,TA0040 Impact / T1499 Endpoint DoS
wednesday,1057,28869.918209136198,598394.605224507,103,103,0.02112676056338028,80.8346419858,2.7662182549513292,0.0,0.004,5084373.93,1,0.05,dos,TA0040 Impact / T1499 Endpoint DoS
wednesday,1058,41854.02224845301,611145.8263803611,120,120,0.050359712230215826,94.26312172429999,3.1002658856530707,0.0,0.012,2140973.528,1,0.048,dos,TA0040 Impact / T1499 Endpoint DoS
wednesday,1059,39350.60849214838,622724.0439314656,128,128,0.032467532467532464,75.843931406654,3.2464609795994344,0.0,0.008,5208229.022,1,0.054,dos,TA0040 Impact / T1499 Endpoint DoS
wednesday,1060,49708.77074034643,823061.0459756098,121,121,0.05732484076433121,74.22673036057999,3.1830960645362327,0.0,0.016,4850800.406,1,0.046,dos,TA0040 Impact / T1499 Endpoint DoS
wednesday,1061,50960.82828453175,774776.1980225599,122,122,0.014492753623188406,91.63292428594,3.2442644196740176,0.0,0.002,3276220.744,1,0.054,dos,TA0040 Impact / T1499 Endpoint DoS
wednesday,1062,48047.193512198384,823714.4676471489,128,128,0.04964539007092199,82.39839384396001,3.228862282994852,0.0,0.012,4501796.868,1,0.052,dos,TA0040 Impact / T1499 Endpoint DoS
wednesday,1063,36071.93585207279,672899.2867931473,115,115,0.047619047619047616,76.23173109358001,3.027684054750525,0.0,0.012,5154829.532,1,0.04,dos,TA0040 Impact / T1499 Endpoint DoS
wednesday,1064,36389.44255183208,709403.3665514523,120,120,0.028985507246376812,90.76579449262002,3.023004678121219,0.0,0.006,1236074.902,1,0.034,dos,TA0040 Impact / T1499 Endpoint DoS
wednesday,1065,38981.04265038974,893023.6964278537,118,118,0.039735099337748346,96.36451107744,3.1337082111294325,0.0,0.01,3884417.93,1,0.062,dos,TA0040 Impact / T1499 Endpoint DoS
wednesday,1066,51622.867010177564,903259.166909992,120,120,0.03676470588235294,85.83623394045999,3.0580504130002746,0.0,0.008,3043845.95,1,0.05,dos,TA0040 Impact / T1499 Endpoint DoS
wednesday,1067,45104.748061096856,862333.8075428243,113,113,0.03968253968253968,107.42523616135999,3.0361574467526786,0.0,0.008,2142905.636,1,0.058,dos,TA0040 Impact / T1499 Endpoint DoS
wednesday,1068,40116.41725740871,621459.7782330001,120,120,0.033783783783783786,86.79313138109998,3.1052809150492067,0.0,0.008,3734278.164,1,0.05,dos,TA0040 Impact / T1499 Endpoint DoS
wednesday,1069,41727.79583745365,717352.5571711719,125,125,0.049079754601226995,73.316590467408,3.2600793119388842,0.0,0.014,5415481.908,1,0.062,dos,TA0040 Impact / T1499 Endpoint DoS
wednesday,1070,48475.77070832763,667835.981142922,130,130,0.018867924528301886,91.728321937914,3.420897528052733,0.0,0.004,4452466.622,1,0.058,dos,TA0040 Impact / T1499 Endpoint DoS
wednesday,1071,34083.56111517503,739685.0711201673,124,124,0.01935483870967742,79.163426589706,3.1923431963562527,0.0,0.004,3946579.87,1,0.044,dos,TA0040 Impact / T1499 Endpoint DoS
wednesday,1072,35442.30359727499,769883.9677652285,117,117,0.034482758620689655,78.20625742204,3.0676729001229983,0.0,0.008,4194647.054,1,0.05,dos,TA0040 Impact / T1499 Endpoint DoS
wednesday,1073,39890.48503757755,640210.2892897108,123,123,0.06622516556291391,91.65322378890001,3.2257767382544533,0.0,0.018,2696894.402,1,0.052,dos,TA0040 Impact / T1499 Endpoint DoS
wednesday,1074,33752.09064382829,698927.6351700213,135,135,0.030864197530864196,83.93093419148,3.360308267878758,0.0,0.008,2837208.026,1,0.058,dos,TA0040 Impact / T1499 Endpoint DoS
wednesday,1075,40838.952887827145,703965.3309905878,124,124,0.026490066225165563,84.89602304539801,3.203875664668282,0.0,0.006,3457731.186,1,0.046,dos,TA0040 Impact / T1499 Endpoint DoS
wednesday,1076,34074.53036534034,697454.7365870383,106,106,0.023809523809523808,95.7159708233,2.8878301862682503,0.0,0.004,3430478.152,1,0.068,dos,TA0040 Impact / T1499 Endpoint DoS
wednesday,1077,54076.53017508218,818746.1574016456,130,130,0.03896103896103896,86.99107110061401,3.305664744155428,0.0,0.01,2877756.264,1,0.052,dos,TA0040 Impact / T1499 Endpoint DoS
wednesday,1078,39315.19215034324,805791.8272818688,133,133,0.03636363636363636,74.26129811112001,3.3988170711851717,0.0,0.01,4464990.812,1,0.052,dos,TA0040 Impact / T1499 Endpoint DoS
wednesday,1079,40448.219113926876,702816.1877786962,125,125,0.05063291139240506,87.5495372184,3.2533847480168583,0.0,0.014,4993980.21,1,0.06,dos,TA0040 Impact / T1499 Endpoint DoS
wednesday,1080,43952.70105752536,760254.3595431033,116,116,0.032520325203252036,96.69433082006002,3.0480312855549956,0.0,0.006,2321704.992,1,0.054,dos,TA0040 Impact / T1499 Endpoint DoS
wednesday,1081,34507.59471116042,639225.7479665859,109,109,0.0425531914893617,92.99571328934,2.97974877975616,0.0,0.01,3596743.504,1,0.06,dos,TA0040 Impact / T1499 Endpoint DoS
wednesday,1082,49237.467210731134,748436.857948204,111,111,0.04285714285714286,72.567468090154,3.0007097456829657,0.0,0.01,5130692.774,1,0.052,dos,TA0040 Impact / T1499 Endpoint DoS
wednesday,1083,25997.951408881032,590778.5077935808,115,115,0.05970149253731343,94.97162471490601,2.9975714049193622,0.0,0.014,2607449.082,1,0.042,dos,TA0040 Impact / T1499 Endpoint DoS
wednesday,1084,56701.6292116824,895913.2795987325,114,114,0.020833333333333332,79.43620905649401,3.044949459598563,0.0,0.004,4394463.192,1,0.044,dos,TA0040 Impact / T1499 Endpoint DoS
wednesday,1085,37438.82221595454,875697.2741906159,121,121,0.022222222222222223,101.592744102,3.0829805815813547,0.0,0.004,2053560.046,1,0.048,dos,TA0040 Impact / T1499 Endpoint DoS
wednesday,1086,47336.5569848579,814053.7147966098,126,126,0.03333333333333333,84.67085502948,3.2925211544442634,0.0,0.008,2823597.36,1,0.048,dos,TA0040 Impact / T1499 Endpoint DoS
wednesday,1087,44410.22152688665,782744.5069130413,113,113,0.02702702702702703,75.58686101493998,3.017847014511352,0.0,0.006,4053032.6,1,0.046,dos,TA0040 Impact / T1499 Endpoint DoS
wednesday,1088,33219.93440032069,690773.7644882487,112,112,0.029411764705882353,81.59297174253999,2.984101046112601,0.0,0.006,4542078.75,1,0.058,dos,TA0040 Impact / T1499 Endpoint DoS
wednesday,1089,36928.04822880979,639156.8729615273,123,123,0.03205128205128205,67.20613681130001,3.16720669426442,0.0,0.008,3887934.472,1,0.038,dos,TA0040 Impact / T1499 Endpoint DoS
wednesday,1090,37843.46045977551,644693.6836438794,137,137,0.056962025316455694,87.048077781654,3.4058080689482937,0.0,0.016,1849855.86,1,0.038,dos,TA0040 Impact / T1499 Endpoint DoS
wednesday,1091,49256.18695314267,722054.1215224557,116,116,0.02877697841726619,92.64215332837999,3.131344257751708,0.0,0.006,2964038.608,1,0.06,dos,TA0040 Impact / T1499 Endpoint DoS
wednesday,1092,46311.98566332802,667093.8174105865,121,121,0.024242424242424242,64.40269303630001,3.164558809855259,0.0,0.006,4380236.058,1,0.044,dos,TA0040 Impact / T1499 Endpoint DoS
wednesday,1093,43702.58910075669,757717.8458294146,138,138,0.05263157894736842,106.76865163549999,3.5061435119078945,0.0,0.014,2176032.866,1,0.056,dos,TA0040 Impact / T1499 Endpoint DoS
wednesday,1094,38592.99109067558,747522.8227019949,119,119,0.04195804195804196,76.3253378946,3.053802925376387,0.0,0.01,3153844.456,1,0.04,dos,TA0040 Impact / T1499 Endpoint DoS
wednesday,1095,42076.44873922887,606009.9744665682,134,134,0.017857142857142856,79.14739893194,3.437491278667493,0.0,0.004,2938692.634,1,0.048,dos,TA0040 Impact / T1499 Endpoint DoS
wednesday,1096,46756.692348410164,777287.6102594004,114,114,0.032467532467532464,80.45964451404001,3.0518658743970377,0.0,0.008,3006095.522,1,0.054,dos,TA0040 Impact / T1499 Endpoint DoS
wednesday,1097,31743.36738376707,609149.5007204715,114,114,0.02127659574468085,91.0116107826,2.9847338726709443,0.0,0.004,3998121.76,1,0.06,dos,TA0040 Impact / T1499 Endpoint DoS
wednesday,1098,47553.03105397807,769105.6190313146,109,109,0.038461538461538464,92.89323775394,2.923573190583629,0.0,0.008,3444251.642,1,0.05,dos,TA0040 Impact / T1499 Endpoint DoS
wednesday,1099,47529.689222532135,845923.6778051639,120,120,0.07194244604316546,95.61143622934,3.125897448566514,0.0,0.018,2344347.878,1,0.052,dos,TA0040 Impact / T1499 Endpoint DoS
wednesday,1100,43712.89309880868,771678.7193504545,118,118,0.05263157894736842,89.673630657934,3.0703506791762933,0.0,0.012,3014916.476,1,0.05,dos,TA0040 Impact / T1499 Endpoint DoS
wednesday,1101,47954.481321386054,873022.4761304953,127,127,0.03870967741935484,84.63802902973198,3.324426898736519,0.0,0.01,3507602.824,1,0.05,dos,TA0040 Impact / T1499 Endpoint DoS
wednesday,1102,43547.03282030836,648371.6804866527,134,134,0.03488372093023256,66.05630073190001,3.4111877367830603,0.0,0.01,4717422.434,1,0.048,dos,TA0040 Impact / T1499 Endpoint DoS
wednesday,1103,42036.784959208046,670247.0419086333,128,128,0.018633540372670808,59.149991362200005,3.2067633756929768,0.0,0.004,5559227.108,1,0.052,dos,TA0040 Impact / T1499 Endpoint DoS
wednesday,1104,52860.76985387978,906262.327656838,124,124,0.03468208092485549,64.91850328212,3.288689680945216,0.0,0.01,5100514.538,1,0.052,dos,TA0040 Impact / T1499 Endpoint DoS
wednesday,1105,40065.67808929721,680536.1354357095,114,114,0.03048780487804878,66.84198124059999,3.00615384853618,0.0,0.008,5969364.094,1,0.06,dos,TA0040 Impact / T1499 Endpoint DoS
wednesday,1106,42246.038171165135,716840.8164365956,111,111,0.043478260869565216,60.320825511434,2.986606975648272,0.0,0.012,5172394.86,1,0.056,dos,TA0040 Impact / T1499 Endpoint DoS
wednesday,1107,39628.16387376882,762006.1614927074,119,119,0.018072289156626505,60.799177020314,3.0734046090746006,0.0,0.004,5839425.406,1,0.064,dos,TA0040 Impact / T1499 Endpoint DoS
wednesday,1108,49558.60500335156,655441.5008776415,127,127,0.026845637583892617,80.36987890767399,3.3169707983215724,0.0,0.006,4368342.134,1,0.054,dos,TA0040 Impact / T1499 Endpoint DoS
wednesday,1109,38666.57195727173,624647.1776697127,122,122,0.055944055944055944,86.17824011634,3.1016727343810757,0.0,0.014,1860527.178,1,0.034,dos,TA0040 Impact / T1499 Endpoint DoS
wednesday,1110,44926.368014760716,687573.9131800378,136,136,0.025806451612903226,93.38210137438,3.430472708094234,0.0,0.006,2640254.816,1,0.038,dos,TA0040 Impact / T1499 Endpoint DoS
wednesday,1111,35824.17181655995,686731.4894503744,118,118,0.05673758865248227,107.7610439721,3.139139927810045,0.0,0.014,2082787.216,1,0.062,dos,TA0040 Impact / T1499 Endpoint DoS
wednesday,1112,42383.76330306293,797295.1370788972,108,108,0.058333333333333334,95.41458488784,2.8197228966512404,0.0,0.012,1550838.39,1,0.046,dos,TA0040 Impact / T1499 Endpoint DoS
wednesday,1113,42802.961906294324,782340.2947765002,120,120,0.05555555555555555,98.854018727174,3.19385291675406,0.0,0.014,1514732.08,1,0.052,dos,TA0040 Impact / T1499 Endpoint DoS
wednesday,1114,44090.06420744006,842529.3941609461,119,119,0.022727272727272728,111.16842513558001,3.096455346113124,0.0,0.004,2296381.68,1,0.056,dos,TA0040 Impact / T1499 Endpoint DoS
wednesday,1115,40033.67597500083,714644.2853550024,134,134,0.03870967741935484,110.53351140983999,3.405034439874976,0.0,0.01,1293057.586,1,0.046,dos,TA0040 Impact / T1499 Endpoint DoS
wednesday,1116,31843.081373420686,595062.1260596326,106,106,0.024793388429752067,100.56696842272001,2.7945176369423628,0.0,0.004,2009691.264,1,0.044,dos,TA0040 Impact / T1499 Endpoint DoS
wednesday,1117,36786.35329311774,670098.8768837743,112,112,0.06716417910447761,107.550213968814,3.0138470145127947,0.0,0.016,1895964.112,1,0.062,dos,TA0040 Impact / T1499 Endpoint DoS
wednesday,1118,43198.108665523934,749564.1902124936,118,118,0.015503875968992248,111.18190498322,3.091656682654543,0.0,0.002,2499719.48,1,0.058,dos,TA0040 Impact / T1499 Endpoint DoS
wednesday,1119,43244.71264916765,757745.8319910622,100,100,0.049586776859504134,88.96431147978001,2.7640158705126465,0.0,0.01,2746693.256,1,0.05,dos,TA0040 Impact / T1499 Endpoint DoS
wednesday,1120,38133.63188075796,625313.4459909939,126,126,0.01910828025477707,84.15945915997,3.2426658034482982,0.0,0.004,3937567.894,1,0.048,dos,TA0040 Impact / T1499 Endpoint DoS
wednesday,1121,42337.663936773846,720597.9759437536,129,129,0.006211180124223602,66.02438089114,3.2453386883952886,0.0,0.0,4856782.242,1,0.05,dos,TA0040 Impact / T1499 Endpoint DoS
wednesday,1122,36078.640247616495,683818.9789825005,114,114,0.04487179487179487,64.77141982319401,2.9605646392740415,0.0,0.012,3452713.21,1,0.042,dos,TA0040 Impact / T1499 Endpoint DoS
wednesday,1123,43524.82517927093,675525.9693360429,129,129,0.023391812865497075,61.39332714,3.3000269698958427,0.0,0.006,4097496.954,1,0.044,dos,TA0040 Impact / T1499 Endpoint DoS
wednesday,1124,41743.136157486246,790489.3326314042,98,98,0.013422818791946308,62.39162997393999,2.8469779332037186,0.0,0.002,5372604.402,1,0.06,dos,TA0040 Impact / T1499 Endpoint DoS
wednesday,1125,35509.359215255,668117.8206145539,113,113,0.0440251572327044,64.68266156714,2.955873145551376,0.0,0.012,5344000.084,1,0.06,dos,TA0040 Impact / T1499 Endpoint DoS
wednesday,1126,35432.14167898943,594012.3905290809,114,114,0.056338028169014086,97.08614381978,3.074708216459448,0.0,0.014,2544000.21,1,0.06,dos,TA0040 Impact / T1499 Endpoint DoS
wednesday,1127,48234.148975993616,784723.0779149308,122,122,0.07874015748031496,98.44647322454,3.0485912423818227,0.002,0.018,1969374.836,1,0.04,dos,TA0040 Impact / T1499 Endpoint DoS
wednesday,1128,33600.757098435715,584745.2791443227,112,112,0.030534351145038167,111.79580873126001,3.0108126400191795,0.0,0.006,2072974.724,1,0.066,dos,TA0040 Impact / T1499 Endpoint DoS
wednesday,1129,48390.95599304483,804860.2157466378,115,115,0.038461538461538464,99.52335599109999,3.018478238725369,0.0,0.008,1956321.138,1,0.044,dos,TA0040 Impact / T1499 Endpoint DoS
wednesday,1130,42477.545164061354,891590.5365856704,121,121,0.061068702290076333,109.78145765558001,3.174446636980843,0.0,0.014,2239740.178,1,0.056,dos,TA0040 Impact / T1499 Endpoint DoS
wednesday,1131,37826.18745988174,758742.237835784,121,121,0.04895104895104895,84.76046237882,3.1530386081343917,0.0,0.012,3604019.068,1,0.052,dos,TA0040 Impact / T1499 Endpoint DoS
wednesday,1132,53834.4436135018,859489.9602350292,126,126,0.01875,69.24288980894,3.22768005265863,0.0,0.004,4346860.686,1,0.072,dos,TA0040 Impact / T1499 Endpoint DoS
wednesday,1133,49512.37747936973,802126.1533386705,114,114,0.04,63.731692959440004,2.9810607333976655,0.0,0.01,3729224.402,1,0.048,dos,TA0040 Impact / T1499 Endpoint DoS
wednesday,1134,43847.871593350974,755820.4112142909,126,126,0.03680981595092025,74.12299152688001,3.1752249172511116,0.0,0.01,3501762.51,1,0.048,dos,TA0040 Impact / T1499 Endpoint DoS
wednesday,1135,34719.83317081764,649318.7680467105,135,135,0.049723756906077346,68.385131236574,3.452231032768169,0.0,0.016,5273132.81,1,0.05,dos,TA0040 Impact / T1499 Endpoint DoS
wednesday,1136,43609.94979387244,590025.9583030803,133,133,0.017241379310344827,61.790539700134005,3.3456581460542685,0.0,0.004,5210246.202,1,0.066,dos,TA0040 Impact / T1499 Endpoint DoS
wednesday,1137,41176.36342462489,676562.7438404717,119,119,0.04054054054054054,82.01869536640001,3.128844582189922,0.0,0.01,2897576.42,1,0.05,dos,TA0040 Impact / T1499 Endpoint DoS
wednesday,1138,52967.870922512106,867527.9369308321,104,104,0.02564102564102564,118.61706819576,2.8438653201674926,0.0,0.004,1921717.784,1,0.06,dos,TA0040 Impact / T1499 Endpoint DoS
wednesday,1139,48847.11632328482,797042.2448020926,123,123,0.03597122302158273,105.69159528552,3.1923267950801204,0.002,0.008,1980398.618,1,0.054,dos,TA0040 Impact / T1499 Endpoint DoS
wednesday,1140,34906.73173983841,642622.2263605342,132,132,0.02040816326530612,98.13474826798,3.3056505791524105,0.0,0.004,1425735.972,1,0.042,dos,TA0040 Impact / T1499 Endpoint DoS
wednesday,1141,46667.90225221832,786497.1630371361,123,123,0.050724637681159424,92.79112521678,3.1530555086161005,0.0,0.012,1796743.706,1,0.044,dos,TA0040 Impact / T1499 Endpoint DoS
wednesday,1142,42201.594501744046,865270.5756822694,125,125,0.04316546762589928,102.58319934656,3.174300375802386,0.0,0.01,1652590.186,1,0.042,dos,TA0040 Impact / T1499 Endpoint DoS
wednesday,1143,41609.27626900911,713751.4797305872,126,126,0.04054054054054054,85.20221401726,3.2454159790572197,0.0,0.01,2947155.028,1,0.048,dos,TA0040 Impact / T1499 Endpoint DoS
wednesday,1144,46859.495189318106,826605.0035428772,117,117,0.04225352112676056,76.25762239388,3.0676978432104915,0.0,0.01,2787717.268,1,0.048,dos,TA0040 Impact / T1499 Endpoint DoS
wednesday,1145,57834.65387295745,848894.1847699881,125,125,0.030864197530864196,62.37056185296,3.217453827666178,0.0,0.008,3883069.226,1,0.062,dos,TA0040 Impact / T1499 Endpoint DoS
wednesday,1146,47508.957373791935,765363.3445652938,120,120,0.03488372093023256,68.30015948086,3.1765288702135326,0.0,0.01,4177508.416,1,0.05,dos,TA0040 Impact / T1499 Endpoint DoS
wednesday,1147,38260.22217251085,714487.6387403503,123,123,0.01764705882352941,61.83156491686,3.1516286943029144,0.0,0.004,4996609.852,1,0.062,dos,TA0040 Impact / T1499 Endpoint DoS
wednesday,1148,35723.92997126487,750568.2296071782,114,114,0.03614457831325301,68.513760744998,3.074669510785394,0.0,0.01,4568258.454,1,0.062,dos,TA0040 Impact / T1499 Endpoint DoS
wednesday,1149,41284.84548654892,827356.2250254803,138,138,0.057803468208092484,88.288514946326,3.476977885508016,0.002,0.018,2648644.468,1,0.056,dos,TA0040 Impact / T1499 Endpoint DoS
wednesday,1150,47208.704696252025,810033.0277089897,123,123,0.02112676056338028,100.1109697668,3.147316330611729,0.0,0.004,1532557.316,1,0.042,dos,TA0040 Impact / T1499 Endpoint DoS
wednesday,1151,45185.993351737496,826837.0221169064,124,124,0.04861111111111111,98.17571688924,3.227252936865992,0.0,0.012,1547896.83,1,0.048,dos,TA0040 Impact / T1499 Endpoint DoS
wednesday,1152,37380.481353627845,756584.8630134518,145,145,0.05228758169934641,114.06368542506002,3.5773109595029418,0.0,0.014,2386970.47,1,0.056,dos,TA0040 Impact / T1499 Endpoint DoS
wednesday,1153,39983.19016351576,667727.7935024416,111,111,0.022388059701492536,87.37382886412,2.90811422880566,0.0,0.004,1269150.772,1,0.036,dos,TA0040 Impact / T1499 Endpoint DoS
wednesday,1154,50012.28139116461,734400.450129223,134,134,0.037267080745341616,88.20356134443999,3.458177560873623,0.0,0.01,3379029.122,1,0.064,dos,TA0040 Impact / T1499 Endpoint DoS
wednesday,1155,34006.8611939297,898999.6955686104,139,139,0.03910614525139665,67.076934899354,3.4382098242718406,0.0,0.012,3268619.926,1,0.05,dos,TA0040 Impact / T1499 Endpoint DoS
wednesday,1156,38579.38887830525,660699.16460894,127,127,0.022099447513812154,62.457797354254,3.2734461823098098,0.0,0.006,3208928.902,1,0.06,dos,TA0040 Impact / T1499 Endpoint DoS
wednesday,1157,27768.402418542726,556052.9175969672,145,145,0.03608247422680412,66.642306901774,3.6527617379515895,0.0,0.012,4068590.276,1,0.06,dos,TA0040 Impact / T1499 Endpoint DoS
wednesday,1158,39249.302711431636,706569.3694817808,109,109,0.035211267605633804,75.66130821888,2.8829673667081073,0.0,0.008,3257158.396,1,0.046,dos,TA0040 Impact / T1499 Endpoint DoS
wednesday,1159,41168.977533456215,712170.986015311,128,128,0.034722222222222224,90.80504655348,3.2435783594711007,0.0,0.008,2133111.544,1,0.054,dos,TA0040 Impact / T1499 Endpoint DoS
wednesday,1160,33782.58549656899,698577.4298578171,120,120,0.03546099290780142,103.77666672142999,3.1352151704111613,0.0,0.008,2053785.77,1,0.04,dos,TA0040 Impact / T1499 Endpoint DoS
wednesday,1161,38351.78498005257,719761.5987105088,107,107,0.03361344537815126,110.58816618844,2.867919883754229,0.0,0.006,1808803.78,1,0.06,dos,TA0040 Impact / T1499 Endpoint DoS
wednesday,1162,48991.79593278537,800548.0338972709,130,130,0.04081632653061224,96.631025882146,3.3137273684144573,0.0,0.01,1197625.6,1,0.044,dos,TA0040 Impact / T1499 Endpoint DoS
wednesday,1163,47412.051618648926,915649.3143422244,116,116,0.06349206349206349,115.93350974029998,2.9825028151344792,0.0,0.014,2378342.63,1,0.054,dos,TA0040 Impact / T1499 Endpoint DoS
wednesday,1164,31209.32813284864,610467.8463121452,141,141,0.029411764705882353,73.01749847692999,3.4920492569900556,0.0,0.008,2520914.874,1,0.048,dos,TA0040 Impact / T1499 Endpoint DoS
wednesday,1165,40984.50918489457,714643.6364923866,134,134,0.03048780487804878,61.4340256142,3.3021210372279794,0.0,0.008,2234707.232,1,0.042,dos,TA0040 Impact / T1499 Endpoint DoS
wednesday,1166,38932.556825725704,648574.1188051489,121,121,0.01282051282051282,72.57691888734,3.0807080875266406,0.0,0.002,3807049.194,1,0.062,dos,TA0040 Impact / T1499 Endpoint DoS
wednesday,1167,44463.92579413548,823537.772954389,115,115,0.02631578947368421,60.49243488658,3.0100236400400795,0.0,0.006,3083055.578,1,0.044,dos,TA0040 Impact / T1499 Endpoint DoS
wednesday,1168,47546.20782564314,778256.1585551652,125,125,0.029069767441860465,61.85720210852001,3.2632437512949437,0.0,0.008,2546036.064,1,0.056,dos,TA0040 Impact / T1499 Endpoint DoS
wednesday,1169,50090.28472670918,849002.8572486673,114,114,0.0625,62.996038074939996,2.9527092809395286,0.0,0.016,1937951.204,1,0.034,dos,TA0040 Impact / T1499 Endpoint DoS
wednesday,1170,36909.14664722197,696757.6118246133,132,132,0.026845637583892617,113.71864906798001,3.3572266675898286,0.0,0.006,1838111.19,1,0.066,dos,TA0040 Impact / T1499 Endpoint DoS
wednesday,1171,46520.20916673631,764298.0343519956,120,120,0.032,104.80218650528,3.0874282348507727,0.0,0.006,1609655.42,1,0.056,dos,TA0040 Impact / T1499 Endpoint DoS
wednesday,1172,43948.25253633364,641914.9699135155,112,112,0.014925373134328358,96.53379310052001,3.021826132680335,0.0,0.002,1720091.866,1,0.054,dos,TA0040 Impact / T1499 Endpoint DoS
wednesday,1173,35839.92123250395,577608.4741744328,110,110,0.022058823529411766,103.29131335553399,2.989236468436135,0.0,0.004,1766996.69,1,0.064,dos,TA0040 Impact / T1499 Endpoint DoS
wednesday,1174,40274.67597957222,779038.7292270208,140,140,0.052980132450331126,84.174832630574,3.362946489676917,0.0,0.014,1217419.058,1,0.038,dos,TA0040 Impact / T1499 Endpoint DoS
wednesday,1175,41899.96187529393,759643.360017636,137,137,0.037037037037037035,79.23220883324801,3.4507527527871282,0.0,0.01,1789219.108,1,0.052,dos,TA0040 Impact / T1499 Endpoint DoS
wednesday,1176,41422.67569619008,673626.2724339123,130,130,0.0213903743315508,59.167663697474005,3.371900766247597,0.0,0.006,3516807.452,1,0.064,dos,TA0040 Impact / T1499 Endpoint DoS
wednesday,1177,47025.65771998477,715480.1347827065,122,122,0.038461538461538464,67.586492042638,3.1455786652895283,0.0,0.01,1925748.01,1,0.048,dos,TA0040 Impact / T1499 Endpoint DoS
wednesday,1178,38691.90830078531,650885.1862574415,115,115,0.046052631578947366,72.17015086231999,3.0103028660338285,0.0,0.012,2600859.726,1,0.058,dos,TA0040 Impact / T1499 Endpoint DoS
wednesday,1179,51349.79144436941,852574.4859911687,125,125,0.029411764705882353,113.30470818828,3.2788744860453907,0.0,0.006,2388416.212,1,0.05,dos,TA0040 Impact / T1499 Endpoint DoS
wednesday,1180,50172.36742629162,911785.5425559541,109,109,0.023622047244094488,103.86976794894001,3.025200141512788,0.0,0.004,1953121.948,1,0.056,dos,TA0040 Impact / T1499 Endpoint DoS
wednesday,1181,37292.95546734774,829569.7994655914,117,117,0.029850746268656716,95.87460534954002,2.9910485952104224,0.0,0.006,2008700.09,1,0.058,dos,TA0040 Impact / T1499 Endpoint DoS
wednesday,1182,44735.47240347589,669496.1817060304,141,141,0.033707865168539325,61.372888790160005,3.5129573024472585,0.0,0.01,2549917.392,1,0.048,dos,TA0040 Impact / T1499 Endpoint DoS
wednesday,1183,38719.31254840617,680112.6695379033,136,136,0.046511627906976744,65.799327872274,3.4457183909766123,0.0,0.014,2426471.742,1,0.048,dos,TA0040 Impact / T1499 Endpoint DoS
wednesday,1184,47935.760782682606,761253.4509391944,109,109,0.025806451612903226,61.53460930984,2.968521810997098,0.0,0.006,2915484.846,1,0.06,dos,TA0040 Impact / T1499 Endpoint DoS
wednesday,1185,33929.56897448907,655239.4522580235,129,129,0.05263157894736842,60.319900739699996,3.249030404309236,0.0,0.016,2249155.708,1,0.048,dos,TA0040 Impact / T1499 Endpoint DoS
wednesday,1186,43671.59472120321,677157.5351107538,123,123,0.036585365853658534,64.24995856860001,3.146854311912848,0.0,0.01,1896972.256,1,0.05,dos,TA0040 Impact / T1499 Endpoint DoS
wednesday,1187,41766.565915631625,821496.8329924985,123,123,0.05660377358490566,61.608895773914,3.1657744443110616,0.0,0.016,1364844.872,1,0.042,dos,TA0040 Impact / T1499 Endpoint DoS
wednesday,1188,45007.84787845197,753280.7958349523,125,125,0.0375,64.368022153954,3.1860788104188877,0.0,0.01,1330370.542,1,0.044,dos,TA0040 Impact / T1499 Endpoint DoS
wednesday,1189,51452.588942363305,690520.5250292297,135,135,0.029585798816568046,57.35990993342,3.393147973421766,0.0,0.008,1147263.192,1,0.046,dos,TA0040 Impact / T1499 Endpoint DoS
wednesday,1190,45912.33024606262,759921.140404795,142,142,0.025477707006369428,89.10361244088001,3.5697138774567394,0.0,0.006,1608956.758,1,0.048,dos,TA0040 Impact / T1499 Endpoint DoS
wednesday,1191,41154.16797048938,639462.201311806,143,143,0.025,103.36272104823401,3.594131152200421,0.0,0.006,1706036.914,1,0.048,dos,TA0040 Impact / T1499 Endpoint DoS
wednesday,1192,36938.878173105746,621711.2583721995,114,114,0.014814814814814815,125.50646081910999,3.0931859489018936,0.0,0.002,2735967.024,1,0.072,dos,TA0040 Impact / T1499 Endpoint DoS
wednesday,1193,36486.3186219144,688893.4544772814,114,114,0.03875968992248062,114.158106256614,3.0143959290525544,0.0,0.008,1884179.08,1,0.058,dos,TA0040 Impact / T1499 Endpoint DoS
wednesday,1194,48570.76591800428,929930.1778679579,115,115,0.030534351145038167,109.28062257024001,3.0853972521459676,0.0,0.006,1875383.982,1,0.05,dos,TA0040 Impact / T1499 Endpoint DoS
wednesday,1195,42979.724399341496,768729.4894949393,122,122,0.043478260869565216,107.443258883052,3.1667804964371724,0.0,0.01,1576443.658,1,0.054,dos,TA0040 Impact / T1499 Endpoint DoS
wednesday,1196,47465.32961306016,720712.9530069641,125,125,0.05442176870748299,105.288687472952,3.3051630843809896,0.0,0.014,2413602.14,1,0.05,dos,TA0040 Impact / T1499 Endpoint DoS
wednesday,1197,46372.92958645363,825895.086934734,117,117,0.047244094488188976,116.74852287744,3.054663581055404,0.0,0.01,2229070.894,1,0.064,dos,TA0040 Impact / T1499 Endpoint DoS
wednesday,1198,48392.12014517066,693446.0264583192,125,125,0.05755395683453238,99.9815698543,3.250795911749376,0.0,0.014,2424102.624,1,0.052,dos,TA0040 Impact / T1499 Endpoint DoS
wednesday,1199,31852.28130991634,739576.9762288244,112,112,0.007352941176470588,106.47640820696002,3.0031064338005757,0.0,0.0,1856787.674,1,0.046,dos,TA0040 Impact / T1499 Endpoint DoS
wednesday,1200,47443.308343945704,931675.6192160132,116,116,0.04477611940298507,107.86907401398,3.077396821769309,0.0,0.01,2154626.228,1,0.062,dos,TA0040 Impact / T1499 Endpoint DoS
wednesday,1201,31801.376843913637,575410.4973332356,118,118,0.041666666666666664,104.39146955582001,3.121773695306124,0.0,0.01,1755661.068,1,0.052,dos,TA0040 Impact / T1499 Endpoint DoS
wednesday,1202,40514.90189258872,692342.8683122902,131,131,0.02054794520547945,101.82650443996,3.3938334996366093,0.0,0.004,2354191.69,1,0.056,dos,TA0040 Impact / T1499 Endpoint DoS
wednesday,1203,38218.671674851896,672307.9985781871,119,119,0.02054794520547945,101.958815123478,3.135811718587603,0.0,0.004,1901197.2,1,0.052,dos,TA0040 Impact / T1499 Endpoint DoS
wednesday,1204,42584.59148207744,766869.6713303133,116,116,0.05384615384615385,95.50046979822,3.0221733510678987,0.0,0.012,1660673.92,1,0.038,dos,TA0040 Impact / T1499 Endpoint DoS
wednesday,1205,43298.45021814436,816936.0996808851,134,134,0.03546099290780142,98.11332651818,3.3431477412381794,0.0,0.008,1913776.396,1,0.054,dos,TA0040 Impact / T1499 Endpoint DoS
wednesday,1206,41086.5189094249,763542.7328309722,121,121,0.03571428571428571,102.32238884558,3.195769815627461,0.0,0.008,1807857.614,1,0.054,dos,TA0040 Impact / T1499 Endpoint DoS
wednesday,1207,45932.821086085394,1186980.3024971648,131,131,0.028985507246376812,87.36815492664002,3.235220769091046,0.0,0.006,1360343.574,1,0.038,dos,TA0040 Impact / T1499 Endpoint DoS
wednesday,1208,34571.63557991974,734241.1502178703,137,137,0.027777777777777776,99.10972202670001,3.428447306455838,0.0,0.006,1997389.566,1,0.06,dos,TA0040 Impact / T1499 Endpoint DoS
wednesday,1209,43418.550354684965,676565.2476595156,127,127,0.014388489208633094,117.0847206474,3.2774654347434797,0.0,0.002,2467762.176,1,0.072,dos,TA0040 Impact / T1499 Endpoint DoS
wednesday,1210,43942.458028066605,740244.2766330426,115,115,0.023622047244094488,111.5693822448,3.0507554303470172,0.0,0.004,2773015.526,1,0.052,dos,TA0040 Impact / T1499 Endpoint DoS
wednesday,1211,42980.8754513938,735142.3351257222,130,130,0.020689655172413793,99.02548181112,3.2860688763377057,0.0,0.004,1576294.956,1,0.054,dos,TA0040 Impact / T1499 Endpoint DoS
wednesday,1212,36621.39432624946,712204.7421533772,126,126,0.04794520547945205,99.6297998768,3.1975881159446384,0.0,0.012,1252696.192,1,0.056,dos,TA0040 Impact / T1499 Endpoint DoS
wednesday,1213,44159.73044998281,806878.8403832983,118,118,0.021897810218978103,108.66617832128,3.123414901354267,0.0,0.004,1637685.068,1,0.056,dos,TA0040 Impact / T1499 Endpoint DoS
wednesday,1214,36185.746939044344,625851.5447740355,104,104,0.031007751937984496,111.86715819278,2.859111488794105,0.0,0.006,2375819.498,1,0.05,dos,TA0040 Impact / T1499 Endpoint DoS
wednesday,1215,40360.17474035752,684037.3050911588,118,118,0.015503875968992248,103.48619290133999,3.053990335065274,0.0,0.002,1976940.378,1,0.058,dos,TA0040 Impact / T1499 Endpoint DoS
wednesday,1216,37195.46705130064,922030.5499419593,126,126,0.04316546762589928,93.8458260121,3.203490687358156,0.0,0.01,1576480.638,1,0.06,dos,TA0040 Impact / T1499 Endpoint DoS
wednesday,1217,41236.41024604277,619190.1860447364,126,126,0.060810810810810814,89.31847673865,3.2444631060624083,0.0,0.016,1627861.718,1,0.046,dos,TA0040 Impact / T1499 Endpoint DoS
wednesday,1218,40314.83651612622,653301.4017627303,132,132,0.061224489795918366,98.368918431058,3.340707578640414,0.0,0.016,2376816.51,1,0.05,dos,TA0040 Impact / T1499 Endpoint DoS
wednesday,1219,41788.03446252408,708097.3002457512,126,126,0.02054794520547945,110.338206624472,3.2692086167613557,0.0,0.004,1548234.814,1,0.05,dos,TA0040 Impact / T1499 Endpoint DoS
wednesday,1220,31667.76180375938,598091.5059807803,127,127,0.026490066225165563,92.76044904006001,3.2399912895600567,0.0,0.006,2106725.652,1,0.04,dos,TA0040 Impact / T1499 Endpoint DoS
wednesday,1221,25496.520303701585,551888.4320594306,126,126,0.043795620437956206,104.26413039966,3.1501063519670343,0.0,0.01,1489153.874,1,0.054,dos,TA0040 Impact / T1499 Endpoint DoS
wednesday,1222,37258.67413280697,795569.3405565135,120,120,0.029850746268656716,106.6766127112,3.132144418462019,0.0,0.006,2661812.256,1,0.048,dos,TA0040 Impact / T1499 Endpoint DoS
wednesday,1223,39652.79030107321,790011.1243009386,127,127,0.06206896551724138,105.66604839414,3.268352629003502,0.0,0.016,2049293.796,1,0.056,dos,TA0040 Impact / T1499 Endpoint DoS
wednesday,1224,51387.893496822326,945614.710180639,113,113,0.014705882352941176,87.33064219581999,3.0196840547534096,0.0,0.002,1283895.272,1,0.036,dos,TA0040 Impact / T1499 Endpoint DoS
wednesday,1225,42703.92644746079,583382.5647152937,118,118,0.043478260869565216,99.46076414776,3.1322003822071425,0.0,0.01,3721518.948,1,0.042,dos,TA0040 Impact / T1499 Endpoint DoS
wednesday,1226,44412.87956921959,749461.3950667839,120,120,0.046153846153846156,115.40604711302001,3.12446361364656,0.0,0.01,2997724.532,1,0.05,dos,TA0040 Impact / T1499 Endpoint DoS
wednesday,1227,30753.94637590958,563410.7822792222,106,106,0.047244094488188976,98.99418378638002,2.801336859346623,0.0,0.01,1566087.75,1,0.048,dos,TA0040 Impact / T1499 Endpoint DoS
wednesday,1228,43537.79938873983,670560.1537960263,117,117,0.024,98.99101528852,3.05121027403912,0.0,0.004,2410977.106,1,0.05,dos,TA0040 Impact / T1499 Endpoint DoS
wednesday,1229,47792.167462389785,763674.4369877077,128,128,0.02857142857142857,101.46480208724,3.35194714107801,0.0,0.006,1944116.562,1,0.046,dos,TA0040 Impact / T1499 Endpoint DoS
wednesday,1230,38506.94563590531,754076.1561740835,109,109,0.024,102.09773591494002,2.9536071167645606,0.0,0.004,3012564.26,1,0.048,dos,TA0040 Impact / T1499 Endpoint DoS
wednesday,1231,39166.78133822565,713986.170414036,134,134,0.029197080291970802,105.39097007507999,3.3588059851102168,0.0,0.006,2276177.52,1,0.058,dos,TA0040 Impact / T1499 Endpoint DoS
wednesday,1232,33636.10826671593,634775.4886847694,112,112,0.045454545454545456,97.15512170468,2.894603942660413,0.0,0.01,1339501.616,1,0.05,dos,TA0040 Impact / T1499 Endpoint DoS
wednesday,1233,37871.39269267514,710096.51377094,127,127,0.04794520547945205,103.09028500579998,3.270919431091884,0.0,0.012,1674490.948,1,0.056,dos,TA0040 Impact / T1499 Endpoint DoS
wednesday,1234,35573.8260255857,667112.1223953486,123,123,0.04285714285714286,105.07977077413999,3.1756443379119945,0.0,0.01,2177450.614,1,0.058,dos,TA0040 Impact / T1499 Endpoint DoS
wednesday,1235,38988.161403903156,721546.0113144303,129,129,0.03529411764705882,63.151961975912,3.2410416940365803,0.0,0.01,3130919.72,1,0.046,dos,TA0040 Impact / T1499 Endpoint DoS
wednesday,1236,44732.8690345203,746478.4658507119,125,125,0.025806451612903226,78.92506315102,3.2725940513350213,0.0,0.006,1637926.886,1,0.05,dos,TA0040 Impact / T1499 Endpoint DoS
wednesday,1237,45131.404435832745,774783.9205218428,115,115,0.043209876543209874,66.02961293262,3.051149469348359,0.0,0.012,3537638.098,1,0.06,dos,TA0040 Impact / T1499 Endpoint DoS
wednesday,1238,32283.420624720766,611828.1070750802,102,102,0.029850746268656716,88.90326287708001,2.802561040169758,0.0,0.006,2687443.848,1,0.032,dos,TA0040 Impact / T1499 Endpoint DoS
wednesday,1239,42579.21222186565,712347.1326741795,116,116,0.02962962962962963,91.35322200642,3.0345579993436136,0.0,0.006,2340691.406,1,0.054,dos,TA0040 Impact / T1499 Endpoint DoS
wednesday,1240,37813.30117931141,742797.5871371649,89,89,0.06666666666666667,103.663749792214,2.6582899385086955,0.0,0.014,3682968.682,1,0.074,dos,TA0040 Impact / T1499 Endpoint DoS
wednesday,1241,33962.92858342666,679726.5703164879,119,119,0.03597122302158273,88.440145295,3.037340909871223,0.0,0.008,1646995.174,1,0.052,dos,TA0040 Impact / T1499 Endpoint DoS
wednesday,1242,47875.687147473305,669199.1900816312,138,138,0.037037037037037035,92.44850309568001,3.492474322816439,0.0,0.01,1425697.712,1,0.048,dos,TA0040 Impact / T1499 Endpoint DoS
wednesday,1243,36423.62558296045,575975.2217850386,113,113,0.0273972602739726,101.87980471348,3.0182747624677733,0.0,0.006,3061347.622,1,0.048,dos,TA0040 Impact / T1499 Endpoint DoS
wednesday,1244,52535.95378281738,913692.7276690113,129,129,0.03409090909090909,60.84306370542,3.3174950123841462,0.0,0.01,2190333.2,1,0.048,dos,TA0040 Impact / T1499 Endpoint DoS
wednesday,1245,46194.93741102411,828287.5542951336,127,127,0.024539877300613498,70.16286620948001,3.2850603744018656,0.0,0.006,3481879.074,1,0.06,dos,TA0040 Impact / T1499 Endpoint DoS
wednesday,1246,54158.020533094714,775482.1673002089,129,129,0.05063291139240506,64.28776626932,3.3032482039753033,0.0,0.014,2663901.38,1,0.042,dos,TA0040 Impact / T1499 Endpoint DoS
wednesday,1247,45887.31614605155,869454.5875291486,137,137,0.01818181818181818,71.73460974084,3.411084647091708,0.0,0.004,2689080.374,1,0.044,dos,TA0040 Impact / T1499 Endpoint DoS
wednesday,1248,52612.15200580184,935832.4484847295,142,142,0.040229885057471264,67.75799888863999,3.5889392950457326,0.0,0.012,3664233.37,1,0.06,dos,TA0040 Impact / T1499 Endpoint DoS
wednesday,1249,47921.14571361013,826012.4213414094,135,135,0.01694915254237288,71.61183171839998,3.490868643340863,0.0,0.004,2885800.604,1,0.052,dos,TA0040 Impact / T1499 Endpoint DoS
wednesday,1250,43189.85767877841,1137703.0387804762,119,119,0.03968253968253968,105.92200430705999,3.056420386381197,0.0,0.008,1769309.684,1,0.048,dos,TA0040 Impact / T1499 Endpoint DoS
wednesday,1251,39977.0095340419,737684.0710448736,117,117,0.037037037037037035,79.4969047387,2.974770078021701,0.0,0.008,2241142.208,1,0.05,dos,TA0040 Impact / T1499 Endpoint DoS
wednesday,1252,37542.59559760572,737258.6522617677,111,111,0.03278688524590164,119.74809390328001,2.91536761259675,0.0,0.006,2484764.14,1,0.06,dos,TA0040 Impact / T1499 Endpoint DoS
wednesday,1253,49475.265371124595,875102.2312554239,123,123,0.050359712230215826,93.85050229022,3.1797250919322524,0.0,0.012,1432836.72,1,0.052,dos,TA0040 Impact / T1499 Endpoint DoS
wednesday,1254,44487.77417474926,705496.4416570379,112,112,0.02097902097902098,92.4552634948,3.025735579206157,0.0,0.004,1750282.234,1,0.05,dos,TA0040 Impact / T1499 Endpoint DoS
wednesday,1255,35555.21939208703,770932.3281907851,133,133,0.044585987261146494,89.2525087565,3.378778567957001,0.0,0.012,3288883.3,1,0.056,dos,TA0040 Impact / T1499 Endpoint DoS
wednesday,1256,46996.89009037729,628304.2899599654,139,139,0.04145077720207254,64.3666653585,3.5177311004790477,0.0,0.014,2043420.286,1,0.056,dos,TA0040 Impact / T1499 Endpoint DoS
wednesday,1257,43722.10643008047,634893.0514691334,115,115,0.039735099337748346,71.8339786558,3.0868742991947897,0.0,0.01,2090845.494,1,0.042,dos,TA0040 Impact / T1499 Endpoint DoS
wednesday,1258,53687.5005451539,751542.1791269793,119,119,0.01948051948051948,61.345975639740004,3.0980815368450836,0.0,0.004,2854015.182,1,0.05,dos,TA0040 Impact / T1499 Endpoint DoS
wednesday,1259,44337.39287143715,714590.6677023136,95,95,0.007246376811594203,87.7515090735,2.718441088528993,0.0,0.0,2194216.61,1,0.062,dos,TA0040 Impact / T1499 Endpoint DoS
wednesday,1260,50247.73991353983,780966.7516055803,111,111,0.03333333333333333,66.50779562309398,2.9942737247537985,0.0,0.008,2832710.4,1,0.04,dos,TA0040 Impact / T1499 Endpoint DoS
wednesday,1261,40487.06583283459,917264.2980233359,116,116,0.03597122302158273,88.03118875303998,3.0092810192281005,0.0,0.008,1967670.938,1,0.048,dos,TA0040 Impact / T1499 Endpoint DoS
wednesday,1262,37099.54110269436,598765.8769003067,113,113,0.03731343283582089,88.69516073906,2.930101390023105,0.0,0.008,2160731.63,1,0.056,dos,TA0040 Impact / T1499 Endpoint DoS
wednesday,1263,43950.96930161022,645822.1473136378,112,112,0.03816793893129771,96.336321757,2.9351565780997855,0.0,0.008,2121846.78,1,0.05,dos,TA0040 Impact / T1499 Endpoint DoS
wednesday,1264,47033.082602058304,929626.0907024356,124,124,0.014492753623188406,100.58301435207999,3.2445515154970526,0.0,0.002,2641623.74,1,0.056,dos,TA0040 Impact / T1499 Endpoint DoS
wednesday,1265,40408.87495618537,643626.9318160574,128,128,0.04794520547945205,106.19501695642,3.3812961980462006,0.0,0.012,2350374.826,1,0.064,dos,TA0040 Impact / T1499 Endpoint DoS
wednesday,1266,52867.19443544003,864192.2619222446,131,131,0.055900621118012424,81.9822639322,3.3279992910947698,0.0,0.016,1254404.766,1,0.052,dos,TA0040 Impact / T1499 Endpoint DoS
wednesday,1267,49268.089678492004,680053.1127932131,122,122,0.033112582781456956,62.99613315118,3.088470523998546,0.0,0.008,2623759.27,1,0.046,dos,TA0040 Impact / T1499 Endpoint DoS
wednesday,1268,45729.336307691476,784600.5395726468,121,121,0.019736842105263157,63.57351407938,3.07902466665741,0.0,0.004,1507421.12,1,0.048,dos,TA0040 Impact / T1499 Endpoint DoS
wednesday,1269,50107.6567072095,717504.4070680712,132,132,0.018404907975460124,70.1436542586,3.3020149077039083,0.0,0.004,1998749.984,1,0.066,dos,TA0040 Impact / T1499 Endpoint DoS
wednesday,1270,44333.94165115398,862080.8067227352,122,122,0.04794520547945205,90.42140852544,3.2199780396876645,0.0,0.012,2135988.924,1,0.06,dos,TA0040 Impact / T1499 Endpoint DoS
wednesday,1271,59124.84065235198,768520.4706050797,126,126,0.026143790849673203,61.530761785954006,3.2115973340450426,0.0,0.006,2157168.558,1,0.048,dos,TA0040 Impact / T1499 Endpoint DoS
wednesday,1272,46719.553419009666,766112.6748164769,123,123,0.053691275167785234,85.00759765064001,3.1670678053894017,0.0,0.014,1221058.656,1,0.056,dos,TA0040 Impact / T1499 Endpoint DoS
wednesday,1273,37435.751243669496,689385.5563032345,114,114,0.060810810810810814,79.24397411966001,3.030766336605185,0.0,0.016,2017652.376,1,0.052,dos,TA0040 Impact / T1499 Endpoint DoS
wednesday,1274,37369.022032922905,721559.8406759906,138,138,0.006578947368421052,108.27759660605801,3.4089688505372324,0.0,0.0,1940403.09,1,0.058,dos,TA0040 Impact / T1499 Endpoint DoS
wednesday,1275,39468.26412407127,768984.6171507362,116,116,0.06716417910447761,104.90201482008,3.073630355958815,0.0,0.016,2685476.306,1,0.046,dos,TA0040 Impact / T1499 Endpoint DoS
wednesday,1276,40277.61901711816,742472.10608605,137,137,0.046357615894039736,106.23391004320001,3.5096156755841266,0.0,0.012,2390483.856,1,0.062,dos,TA0040 Impact / T1499 Endpoint DoS
wednesday,1277,46367.841847256466,745469.577496052,123,123,0.006711409395973154,76.35595484834,3.0968377149569832,0.0,0.0,1404520.852,1,0.046,dos,TA0040 Impact / T1499 Endpoint DoS
wednesday,1278,32754.6736868652,690569.5380237591,125,125,0.042682926829268296,69.90222244206,3.2549194310947693,0.0,0.012,1721266.54,1,0.056,dos,TA0040 Impact / T1499 Endpoint DoS
wednesday,1279,35489.805125886654,753222.1019299212,122,122,0.0641025641025641,71.33037000726,3.0855000074081946,0.0,0.018,1440925.87,1,0.042,dos,TA0040 Impact / T1499 Endpoint DoS
wednesday,1280,42596.026985161574,774313.5851313394,117,117,0.04938271604938271,69.79623750966,3.1216927204095017,0.0,0.014,2193960.012,1,0.054,dos,TA0040 Impact / T1499 Endpoint DoS
wednesday,1281,49516.50887760328,1050555.6832871805,119,119,0.06338028169014084,84.08146070523999,3.106393610915374,0.0,0.016,1856958.576,1,0.056,dos,TA0040 Impact / T1499 Endpoint DoS
wednesday,1282,40430.87664409641,660408.5576285155,115,115,0.018404907975460124,67.210391796588,3.0285983055313146,0.0,0.004,1364415.496,1,0.054,dos,TA0040 Impact / T1499 Endpoint DoS
wednesday,1283,40079.900370752846,621813.6755362363,120,120,0.034482758620689655,80.25495100198,3.11640457404678,0.0,0.008,1674981.338,1,0.054,dos,TA0040 Impact / T1499 Endpoint DoS
wednesday,1284,45156.84923111802,810290.9048157885,123,123,0.0472972972972973,90.942371777474,3.225053332672158,0.0,0.012,2441039.926,1,0.046,dos,TA0040 Impact / T1499 Endpoint DoS
wednesday,1285,37461.92905597709,760541.0034814687,105,105,0.03759398496240601,98.012574222914,2.9556916644446156,0.0,0.008,1749570.802,1,0.054,dos,TA0040 Impact / T1499 Endpoint DoS
wednesday,1286,53493.99718638747,664076.3112610312,133,133,0.03125,100.67052318876,3.4613291486845927,0.0,0.008,1726620.716,1,0.06,dos,TA0040 Impact / T1499 Endpoint DoS
wednesday,1287,40875.42855872904,732805.7876149395,118,118,0.04861111111111111,98.80413186278001,3.1295738032480473,0.0,0.012,1225548.344,1,0.058,dos,TA0040 Impact / T1499 Endpoint DoS
wednesday,1288,38191.40675414848,683950.7848728447,121,121,0.02564102564102564,79.97393630648,3.20692555060867,0.0,0.006,2315199.12,1,0.05,dos,TA0040 Impact / T1499 Endpoint DoS
wednesday,1289,47674.588615013665,959209.5138538869,118,118,0.060810810810810814,69.38472670246,3.0849791988654016,0.0,0.016,1826271.732,1,0.046,dos,TA0040 Impact / T1499 Endpoint DoS
wednesday,1290,43332.88548883078,648574.8191103631,111,111,0.04430379746835443,69.19645449154001,3.0541850379110835,0.0,0.012,2516503.354,1,0.058,dos,TA0040 Impact / T1499 Endpoint DoS
wednesday,1291,41860.84338582471,709608.7234004505,113,113,0.08275862068965517,68.25248306051999,2.9740223487517623,0.0,0.022,932191.114,1,0.048,dos,TA0040 Impact / T1499 Endpoint DoS
wednesday,1292,47748.57459849571,845610.4800048239,111,111,0.014598540145985401,80.8908134848,2.9362657128590923,0.0,0.002,1381701.222,1,0.054,dos,TA0040 Impact / T1499 Endpoint DoS
wednesday,1293,53921.23684557269,707863.3818745768,143,143,0.05389221556886228,76.60326337204,3.467187847116218,0.0,0.016,1899883.0,1,0.058,dos,TA0040 Impact / T1499 Endpoint DoS
wednesday,1294,46619.50733066656,792502.2833841783,119,119,0.031446540880503145,83.2040959303,3.1502124253086485,0.0,0.008,1710529.682,1,0.044,dos,TA0040 Impact / T1499 Endpoint DoS
wednesday,1295,45358.85295866583,664720.2289312355,128,128,0.02054794520547945,91.18520739194,3.303780207100938,0.0,0.004,1993881.078,1,0.052,dos,TA0040 Impact / T1499 Endpoint DoS
wednesday,1296,39216.35765106902,749012.1109334107,121,121,0.030303030303030304,108.039657413218,3.1365124560998927,0.0,0.006,1591933.968,1,0.054,dos,TA0040 Impact / T1499 Endpoint DoS
wednesday,1297,57062.95816195649,768555.6182300339,126,126,0.02857142857142857,88.75024882201998,3.24917251440546,0.0,0.006,1318766.072,1,0.04,dos,TA0040 Impact / T1499 Endpoint DoS
wednesday,1298,47419.64976549895,809636.647025079,134,134,0.060810810810810814,91.53092413329999,3.3937644655694683,0.0,0.016,1386121.888,1,0.044,dos,TA0040 Impact / T1499 Endpoint DoS
wednesday,1299,33041.78122263097,616134.6723449212,123,123,0.036231884057971016,79.71055503692001,3.049379965208364,0.0,0.008,1098751.64,1,0.036,dos,TA0040 Impact / T1499 Endpoint DoS
wednesday,1300,39103.54782258838,664179.5025352195,115,115,0.015625,110.37689500497999,3.0678778463622156,0.0,0.002,1403409.732,1,0.066,dos,TA0040 Impact / T1499 Endpoint DoS
wednesday,1301,39286.1515736193,897889.8071868503,127,127,0.02877697841726619,102.80936465045998,3.2015881159431956,0.0,0.006,936049.452,1,0.054,dos,TA0040 Impact / T1499 Endpoint DoS
wednesday,1302,38820.41218232479,659676.2263561748,130,130,0.019867549668874173,84.23795017012,3.2751130131144217,0.0,0.004,1085944.0,1,0.032,dos,TA0040 Impact / T1499 Endpoint DoS
wednesday,1303,36479.63430246185,619444.7225156446,120,120,0.014814814814814815,97.2655557671,3.0402998415593334,0.0,0.002,1831651.876,1,0.034,dos,TA0040 Impact / T1499 Endpoint DoS
wednesday,1304,46166.55145787951,784895.7544840724,132,132,0.05442176870748299,111.59673453276,3.3508944292071394,0.0,0.014,2053566.156,1,0.06,dos,TA0040 Impact / T1499 Endpoint DoS
wednesday,1305,33936.46131116027,680331.1058533895,110,110,0.058823529411764705,106.97788600272,3.009388407203917,0.0,0.014,1769512.932,1,0.056,dos,TA0040 Impact / T1499 Endpoint DoS
wednesday,1306,41316.360372631316,741367.0135364556,114,114,0.043795620437956206,111.37107872458,3.004563729782629,0.0,0.01,3179891.984,1,0.06,dos,TA0040 Impact / T1499 Endpoint DoS
wednesday,1307,41566.62759111111,804502.4041196076,121,121,0.03488372093023256,69.97436215185999,3.1418241118902106,0.0,0.01,5717906.654,1,0.048,dos,TA0040 Impact / T1499 Endpoint DoS
wednesday,1308,38299.79452973485,844300.8050692759,114,114,0.0196078431372549,76.587548931654,3.0541730782974357,0.0,0.004,6582772.136,1,0.042,dos,TA0040 Impact / T1499 Endpoint DoS
wednesday,1309,51467.63585820226,1043534.4917709108,122,122,0.03164556962025317,70.35477823677999,3.1604904218588046,0.0,0.008,6313208.168,1,0.048,dos,TA0040 Impact / T1499 Endpoint DoS
wednesday,1310,42788.465742824286,1009542.8396571529,125,125,0.04046242774566474,66.72203127904001,3.2986326069059153,0.0,0.012,8212927.772,1,0.06,dos,TA0040 Impact / T1499 Endpoint DoS
wednesday,1311,45481.95850133906,722772.6225074109,120,120,0.0375,66.293347131774,3.164548500466921,0.0,0.01,6695446.408,1,0.046,dos,TA0040 Impact / T1499 Endpoint DoS
wednesday,1312,48545.18448792106,857244.1708968552,122,122,0.039473684210526314,72.90569371187999,3.0861144183417784,0.0,0.01,6573965.47,1,0.058,dos,TA0040 Impact / T1499 Endpoint DoS
wednesday,1313,48831.8090304392,771673.9204388469,121,121,0.05303030303030303,107.0682811403,3.2261037594825996,0.0,0.012,1841780.008,1,0.05,dos,TA0040 Impact / T1499 Endpoint DoS
wednesday,1314,41065.61781398158,641424.2035240988,140,140,0.032679738562091505,99.20998208914,3.4993581233866475,0.0,0.008,2261384.088,1,0.056,dos,TA0040 Impact / T1499 Endpoint DoS
wednesday,1315,47370.364551892104,808944.5408331483,123,123,0.035211267605633804,109.60572659586,3.205850810768542,0.0,0.008,2298105.61,1,0.056,dos,TA0040 Impact / T1499 Endpoint DoS
wednesday,1316,61859.76441396415,959629.1432060921,113,113,0.05504587155963303,105.42635813176,2.923556833466015,0.0,0.01,1472859.628,1,0.05,dos,TA0040 Impact / T1499 Endpoint DoS
wednesday,1317,38844.74801504391,579847.6891051269,129,129,0.0364963503649635,115.35092288376,3.2984490503332546,0.0,0.008,2626599.516,1,0.07,dos,TA0040 Impact / T1499 Endpoint DoS
wednesday,1318,45607.684190947904,950994.8430382839,131,131,0.023809523809523808,71.13899850042,3.3791084238248796,0.0,0.006,5744841.064,1,0.046,dos,TA0040 Impact / T1499 Endpoint DoS
wednesday,1319,42047.81095560869,717373.2617032405,108,108,0.03225806451612903,72.44403700736001,2.9453260385043043,0.0,0.008,9017217.482,1,0.072,dos,TA0040 Impact / T1499 Endpoint DoS
wednesday,1320,44372.53113957668,641488.8604351685,102,102,0.028985507246376812,65.105861922994,2.744108136088755,0.0,0.006,4918764.682,1,0.034,dos,TA0040 Impact / T1499 Endpoint DoS
wednesday,1321,45527.00944056217,803655.3024614827,125,125,0.040697674418604654,74.960145652154,3.2470252863675793,0.0,0.012,7481681.164,1,0.058,dos,TA0040 Impact / T1499 Endpoint DoS
wednesday,1322,41377.08100982254,862527.3461310804,113,113,0.01935483870967742,70.838112352374,3.032504927635719,0.0,0.004,6094029.674,1,0.046,dos,TA0040 Impact / T1499 Endpoint DoS
wednesday,1323,41048.675061331094,698343.0492696376,118,118,0.04827586206896552,89.8168649244,3.1165470361430896,0.0,0.012,2235129.128,1,0.04,dos,TA0040 Impact / T1499 Endpoint DoS
wednesday,1324,37563.85764643377,650387.9456466549,122,122,0.022222222222222223,105.97397719626,3.1337064163491526,0.0,0.004,2151426.002,1,0.06,dos,TA0040 Impact / T1499 Endpoint DoS
wednesday,1325,38200.92052270414,636228.4571440496,131,131,0.02666666666666667,108.127525099954,3.38741032231244,0.0,0.006,2020442.21,1,0.05,dos,TA0040 Impact / T1499 Endpoint DoS
wednesday,1326,46380.88153394878,794374.980248772,123,123,0.02857142857142857,101.87265923163999,3.2278668228794043,0.0,0.006,1670391.552,1,0.046,dos,TA0040 Impact / T1499 Endpoint DoS
wednesday,1327,39505.75350032761,835579.013331258,114,114,0.064,122.73558435996001,3.0343122091927253,0.0,0.014,2253588.316,1,0.07,dos,TA0040 Impact / T1499 Endpoint DoS
wednesday,1328,51268.78557020453,724194.0081384389,116,116,0.03225806451612903,102.69319900828,3.0828224172656142,0.0,0.006,1621030.318,1,0.05,dos,TA0040 Impact / T1499 Endpoint DoS
wednesday,1329,36245.27820844268,715595.1339180045,131,131,0.046357615894039736,95.36195738178,3.288522447134935,0.0,0.012,1680837.814,1,0.05,dos,TA0040 Impact / T1499 Endpoint DoS
wednesday,1330,46678.38739999051,682021.9566317569,118,118,0.03571428571428571,97.53523794835999,3.112486978157898,0.0,0.008,1315428.722,1,0.042,dos,TA0040 Impact / T1499 Endpoint DoS
wednesday,1331,40600.048886177065,674945.7191707488,112,112,0.046511627906976744,109.90402919252,3.0304484779814116,0.0,0.01,2405546.124,1,0.06,dos,TA0040 Impact / T1499 Endpoint DoS
wednesday,1332,49900.50751703723,915259.2270886679,104,104,0.05042016806722689,89.656543918354,2.7772194425645544,0.0,0.01,1689985.162,1,0.044,dos,TA0040 Impact / T1499 Endpoint DoS
wednesday,1333,42207.968465899845,697065.9600240056,112,112,0.03816793893129771,97.39367428133401,2.968961789188561,0.0,0.008,1734053.324,1,0.046,dos,TA0040 Impact / T1499 Endpoint DoS
wednesday,1334,54698.0797827172,1002924.5357087395,136,136,0.02127659574468085,108.390124902398,3.4246270028488874,0.0,0.004,2288322.782,1,0.054,dos,TA0040 Impact / T1499 Endpoint DoS
wednesday,1335,43837.05858709033,871757.1452880048,135,135,0.04794520547945205,105.4124850316,3.419247022848152,0.0,0.012,1940701.1,1,0.05,dos,TA0040 Impact / T1499 Endpoint DoS
wednesday,1336,49033.57793971542,761556.7127301057,133,133,0.034722222222222224,92.10724848768,3.3545393907760266,0.0,0.008,1573268.204,1,0.038,dos,TA0040 Impact / T1499 Endpoint DoS
wednesday,1337,49567.22549763866,843913.7265536134,134,134,0.043795620437956206,96.402827434914,3.3228416716956817,0.0,0.01,2059376.148,1,0.036,dos,TA0040 Impact / T1499 Endpoint DoS
wednesday,1338,45268.05995939528,802609.4057897576,125,125,0.023076923076923078,110.55814115588001,3.2942878954470274,0.0,0.004,2092071.466,1,0.06,dos,TA0040 Impact / T1499 Endpoint DoS
wednesday,1339,50284.19647328927,768362.7406396907,123,123,0.03787878787878788,102.20022266945999,3.2316059818066574,0.0,0.008,2188011.176,1,0.054,dos,TA0040 Impact / T1499 Endpoint DoS
wednesday,1340,47975.598335924326,700783.890431981,127,127,0.03571428571428571,103.573811118314,3.2538255351289695,0.0,0.008,2356247.634,1,0.046,dos,TA0040 Impact / T1499 Endpoint DoS
wednesday,1341,49752.526040323704,699513.5847274985,117,117,0.043478260869565216,100.40079048086,3.1069441085682863,0.0,0.01,2069018.48,1,0.05,dos,TA0040 Impact / T1499 Endpoint DoS
wednesday,1342,52495.32643680173,935687.9592804675,119,119,0.015873015873015872,108.28492017896,3.067341033894324,0.0,0.002,1036977.504,1,0.052,dos,TA0040 Impact / T1499 Endpoint DoS
wednesday,1343,47909.54213188199,677610.3262202704,119,119,0.045454545454545456,101.48629059972,3.11037824937143,0.0,0.01,1689375.064,1,0.056,dos,TA0040 Impact / T1499 Endpoint DoS
wednesday,1344,37715.6200431584,637449.6999912587,113,113,0.03816793893129771,90.35911816002,2.9068317731097952,0.0,0.008,1113296.848,1,0.038,dos,TA0040 Impact / T1499 Endpoint DoS
wednesday,1345,39512.98205111426,640519.1683301218,131,131,0.019867549668874173,100.41886752674002,3.330309237715859,0.0,0.004,1749234.772,1,0.058,dos,TA0040 Impact / T1499 Endpoint DoS
wednesday,1346,43069.450669161844,740501.2403344422,130,130,0.04195804195804196,96.43886963205401,3.29524518336983,0.0,0.01,1560227.81,1,0.05,dos,TA0040 Impact / T1499 Endpoint DoS
wednesday,1347,48382.82289368909,696591.5577565766,146,146,0.03125,89.345004149534,3.6604544756427035,0.0,0.008,1595885.156,1,0.044,dos,TA0040 Impact / T1499 Endpoint DoS
wednesday,1348,39617.35037055119,665287.984493454,107,107,0.07575757575757576,119.28670485682,2.9624581667645726,0.0,0.018,1530475.07,1,0.066,dos,TA0040 Impact / T1499 Endpoint DoS
wednesday,1349,41879.09093198836,624944.0891228311,116,116,0.014492753623188406,106.59764590154,3.0486437975627503,0.0,0.002,2202940.272,1,0.06,dos,TA0040 Impact / T1499 Endpoint DoS
wednesday,1350,40868.43216936145,774190.8226247272,128,128,0.03787878787878788,91.51727577948,3.167152823386148,0.0,0.008,1386666.838,1,0.036,dos,TA0040 Impact / T1499 Endpoint DoS
wednesday,1351,50852.89097762705,729572.2104520175,127,127,0.0273972602739726,107.15851912582,3.256000897424946,0.0,0.006,1918693.566,1,0.06,dos,TA0040 Impact / T1499 Endpoint DoS
wednesday,1352,29603.41780540349,641005.7678730253,137,137,0.03289473684210526,108.9777144422,3.394270746703711,0.0,0.008,1441296.382,1,0.06,dos,TA0040 Impact / T1499 Endpoint DoS
wednesday,1353,42975.07208709437,751962.5131473654,115,115,0.030303030303030304,90.95550132668001,3.0509463349124557,0.0,0.006,2185984.368,1,0.046,dos,TA0040 Impact / T1499 Endpoint DoS
wednesday,1354,41132.77093988901,719502.1773191511,113,113,0.050724637681159424,104.46520961912,3.035954095052849,0.0,0.012,1817107.186,1,0.054,dos,TA0040 Impact / T1499 Endpoint DoS
wednesday,1355,56007.88499292244,719281.1153431003,126,126,0.036231884057971016,109.64986821424,3.3493640367636583,0.0,0.008,2553246.568,1,0.05,dos,TA0040 Impact / T1499 Endpoint DoS
wednesday,1356,50738.00900524686,758659.2033648374,122,122,0.03731343283582089,101.09083070449199,3.164432002806634,0.0,0.008,1446537.594,1,0.046,dos,TA0040 Impact / T1499 Endpoint DoS
wednesday,1357,44375.83632943021,795996.560129037,119,119,0.04580152671755725,108.46507054824,3.0879043240309505,0.0,0.01,1198329.0,1,0.056,dos,TA0040 Impact / T1499 Endpoint DoS
wednesday,1358,47423.57734758116,1067191.704237214,111,111,0.026785714285714284,107.68449129976,2.824386055208378,0.0,0.004,1831090.114,1,0.05,dos,TA0040 Impact / T1499 Endpoint DoS
wednesday,1359,46718.933507787784,705473.1315474241,115,115,0.047244094488188976,101.54227785086,3.0795913118551805,0.0,0.01,1610073.536,1,0.046,dos,TA0040 Impact / T1499 Endpoint DoS
wednesday,1360,34441.21175617863,522420.46835492516,139,139,0.037267080745341616,102.12126449302,3.530809163232342,0.0,0.01,2009854.406,1,0.056,dos,TA0040 Impact / T1499 Endpoint DoS
wednesday,1361,56022.804878474075,913379.8814987281,123,123,0.03731343283582089,111.274675732328,3.182067657319107,0.0,0.008,2414276.872,1,0.058,dos,TA0040 Impact / T1499 Endpoint DoS
wednesday,1362,41969.55282859216,688024.5712056247,123,123,0.03571428571428571,106.94783510154,3.23780881071846,0.0,0.008,2111856.612,1,0.048,dos,TA0040 Impact / T1499 Endpoint DoS
wednesday,1363,39670.9009880899,611228.6159563996,134,134,0.023952095808383235,94.86071496436,3.424408348334903,0.0,0.006,1726977.302,1,0.046,dos,TA0040 Impact / T1499 Endpoint DoS
wednesday,1364,39830.783691908604,709362.7563209682,126,126,0.0625,117.41571574716,3.334114471365229,0.0,0.016,1989308.134,1,0.07,dos,TA0040 Impact / T1499 Endpoint DoS
wednesday,1365,53490.71349496926,909832.531463651,118,118,0.088,101.00071646602001,3.092157592287622,0.0,0.02,2064895.922,1,0.046,dos,TA0040 Impact / T1499 Endpoint DoS
wednesday,1366,34989.277782659265,551679.8192443299,132,132,0.041379310344827586,107.74636208625999,3.2857225450411027,0.0,0.01,1428572.854,1,0.058,dos,TA0040 Impact / T1499 Endpoint DoS
wednesday,1367,42273.1370371001,850777.152914495,130,130,0.047619047619047616,102.09365790068,3.2751130131144217,0.0,0.012,2021664.238,1,0.05,dos,TA0040 Impact / T1499 Endpoint DoS
wednesday,1368,39323.14929637514,653257.8477536421,128,128,0.06944444444444445,100.062373210454,3.2934611297104306,0.0,0.018,1672667.894,1,0.056,dos,TA0040 Impact / T1499 Endpoint DoS
wednesday,1369,47556.40493279728,742234.5071708957,109,109,0.03968253968253968,110.7212294164,2.9510413630133474,0.0,0.008,2488353.616,1,0.052,dos,TA0040 Impact / T1499 Endpoint DoS
wednesday,1370,44894.268496290046,765004.3882607858,114,114,0.045454545454545456,109.78465413330001,2.9961329406576342,0.0,0.01,1845027.928,1,0.062,dos,TA0040 Impact / T1499 Endpoint DoS
wednesday,1371,38161.70897617498,711638.2578938636,110,110,0.056451612903225805,88.02149626822002,2.8323599605839416,0.0,0.012,1785053.202,1,0.034,dos,TA0040 Impact / T1499 Endpoint DoS
wednesday,1372,44367.75013584351,737017.7073737833,124,124,0.03571428571428571,108.89607560308201,3.213197256630263,0.0,0.008,2082907.118,1,0.062,dos,TA0040 Impact / T1499 Endpoint DoS
wednesday,1373,44632.700109225516,718869.2315087748,117,117,0.029197080291970802,95.73753430011999,3.0813594267368396,0.0,0.006,1897098.688,1,0.038,dos,TA0040 Impact / T1499 Endpoint DoS
wednesday,1374,42376.361250106005,733050.7901412032,126,126,0.04929577464788732,107.0903481745,3.2129839836998246,0.0,0.012,2031494.596,1,0.052,dos,TA0040 Impact / T1499 Endpoint DoS
wednesday,1375,44020.445979676544,715265.2457322978,107,107,0.05343511450381679,107.68021299044001,2.922854409132715,0.0,0.012,1635203.96,1,0.064,dos,TA0040 Impact / T1499 Endpoint DoS
wednesday,1376,50821.50348726083,824874.6247742147,120,120,0.031496062992125984,96.156820515278,3.06815706544591,0.0,0.006,1716844.37,1,0.046,dos,TA0040 Impact / T1499 Endpoint DoS
wednesday,1377,44965.09699997249,813304.5024132251,130,130,0.06766917293233082,101.3813314389,3.2432765349549673,0.0,0.016,1592501.962,1,0.054,dos,TA0040 Impact / T1499 Endpoint DoS
wednesday,1378,40885.52317980344,634007.0721127708,116,116,0.028169014084507043,99.87215759038,3.0476510576850004,0.0,0.006,1778272.416,1,0.048,dos,TA0040 Impact / T1499 Endpoint DoS
wednesday,1379,46293.65880656629,708101.3870990347,141,141,0.05442176870748299,93.31896114064001,3.467676944703424,0.0,0.014,1457325.714,1,0.05,dos,TA0040 Impact / T1499 Endpoint DoS
wednesday,1380,47701.38449248067,746645.6566465244,119,119,0.0364963503649635,97.69698064690401,3.127940492223739,0.0,0.008,2094657.544,1,0.046,dos,TA0040 Impact / T1499 Endpoint DoS
wednesday,1381,45902.26359014514,804010.8399351347,117,117,0.03125,102.59195279737999,3.0487153410050847,0.0,0.006,1894335.224,1,0.05,dos,TA0040 Impact / T1499 Endpoint DoS
thursday_web,0,51151.57251611447,1984571.637663775,41,41,0.125,142.53769478654,2.7979822457526575,0.0,0.016,9574634.9,0,0.0,none,-
thursday_web,1,57910.24530468204,1714070.1495587158,61,61,0.07964601769911504,143.90164915772,3.1093478702516375,0.0,0.016,7895022.862,0,0.0,none,-
thursday_web,2,41429.615983905554,793506.2007015077,85,85,0.22916666666666666,129.956618383272,3.0868195519972006,0.0,0.042,16729900.756,0,0.0,none,-
thursday_web,3,34536.89444203693,1320621.7487321266,54,54,0.09210526315789473,150.339538131716,2.9259496128860545,0.0,0.012,14642002.296,0,0.0,none,-
thursday_web,4,50062.07144333087,1507650.0161504864,94,94,0.14049586776859505,154.442494127476,3.7857721293640783,0.0,0.032,15012654.934,0,0.0,none,-
thursday_web,5,67552.9236257304,1254562.1739485709,97,97,0.2185430463576159,169.52815328179202,3.4424289600688796,0.0,0.064,18116880.448,0,0.0,none,-
thursday_web,6,60159.00067334846,1572638.4855035886,101,101,0.15748031496062992,131.645857502704,3.6563930056694796,0.002,0.038,26016797.916,0,0.0,none,-
thursday_web,7,7172.52452911883,255192.22181175064,12,12,0.35,155.162003919192,1.4984759385411202,0.0,0.012,23083156.94,0,0.0,none,-
thursday_web,8,22158.397477905506,603936.9482483614,40,40,0.06557377049180328,119.41747986622,1.9583928225004814,0.0,0.006,12305945.348,0,0.0,none,-
thursday_web,9,23968.17895628195,435039.82756741723,44,44,0.11864406779661017,101.5274384727,1.9149158441142187,0.0,0.012,12391903.064,0,0.0,none,-
thursday_web,10,91534.50275098924,1374718.3271453863,142,142,0.15816326530612246,75.12646316578001,3.999987126896756,0.0,0.06,8226639.408,0,0.0,none,-
thursday_web,11,52257.50338037889,1566845.6243561609,104,104,0.08053691275167785,126.32259966943201,3.7595979229537835,0.0,0.022,18384296.97,0,0.0,none,-
thursday_web,12,59772.540322981535,872110.802244579,113,113,0.14285714285714285,81.412951940872,3.566191628110248,0.0,0.046,18593361.072,0,0.0,none,-
thursday_web,13,31139.57929558189,1109622.3728660569,51,51,0.10144927536231885,119.03603555593999,2.1065486080407947,0.0,0.012,15548611.26,0,0.0,none,-
thursday_web,14,39665.00946941488,1551371.1478439786,45,45,0.30158730158730157,150.16977707802,2.1878681075286903,0.0,0.036,19752177.104,0,0.0,none,-
thursday_web,15,74655.52722366193,1690188.353225118,90,90,0.15328467153284672,107.39658602188001,3.4086117189359117,0.0,0.04,12478886.022,0,0.0,none,-
thursday_web,16,39025.88712993128,907971.4991166862,87,87,0.13846153846153847,98.11767714554601,3.1641211329553425,0.0,0.034,19921205.844,0,0.0,none,-
thursday_web,17,52532.692366276264,1017359.357437327,85,85,0.21359223300970873,91.46080831742,2.6236504230123723,0.0,0.042,10146414.08,0,0.0,none,-
thursday_web,18,86032.38531984673,1477361.3569651055,122,122,0.2542372881355932,100.51719038873999,4.013879988601101,0.0,0.088,11083966.728,0,0.0,none,-
thursday_web,19,26770.231301955253,664296.315112707,35,35,0.2,147.71306156320003,2.067147050254732,0.0,0.022,20506160.704,0,0.0,none,-
thursday_web,20,38563.155590464106,957230.6079254124,104,104,0.0962962962962963,76.65035727584,3.2893611119522683,0.0,0.024,16503591.954,0,0.0,none,-
thursday_web,21,26874.370335377993,596589.3094123654,50,50,0.04918032786885246,102.61121670408801,1.8921522007927767,0.0,0.004,8463415.596,0,0.0,none,-
thursday_web,22,40319.21433684812,1198074.9945961619,53,53,0.09876543209876543,133.31803465302,2.302636629491478,0.0,0.014,16701621.098,0,0.0,none,-
thursday_web,23,46668.236369442224,1243014.9814613415,73,73,0.1574074074074074,122.3096093782,2.6113434619549194,0.002,0.032,10532650.32,0,0.0,none,-
thursday_web,24,77585.4224829699,1274392.2831006986,97,97,0.13736263736263737,119.21409658414001,3.3490333136407546,0.002,0.048,10156652.522,0,0.0,none,-
thursday_web,25,97469.37637172853,1964994.211365915,187,187,0.1517509727626459,70.77622874272001,5.0234648258877295,0.0,0.076,11318219.0,0,0.01,none,-
thursday_web,26,15091.324416595262,667518.7466030144,11,11,0.2857142857142857,95.07795535147999,1.2209872043316414,0.0,0.014,14171013.198,0,0.0,none,-
thursday_web,27,66935.74577801496,1178075.7025993017,115,115,0.11564625850340136,122.11891907675998,3.558685327267893,0.0,0.032,18137322.3,0,0.0,none,-
thursday_web,28,63975.75384389186,1575450.5081650834,76,76,0.18181818181818182,111.31758171707598,2.9057422373739072,0.002,0.046,9071490.782,0,0.0,none,-
thursday_web,29,63040.81016490508,829474.1909896263,87,87,0.2698412698412698,150.46417524502002,3.0986295732823117,0.0,0.066,18913911.008,0,0.0,none,-
thursday_web,30,12181.543663618315,387530.8609371901,62,62,0.06521739130434782,100.782084749,2.518655280043596,0.0,0.01,21363025.604,0,0.008,none,-
thursday_web,31,74012.27237739236,1361062.35383351,110,110,0.1875,75.01390376919,3.5752864818180314,0.0,0.064,10915470.944,0,0.0,none,-
thursday_web,32,30646.095118709658,562357.8200623284,88,88,0.17829457364341086,122.75951912832599,3.150702969742343,0.0,0.044,13998372.202,0,0.008,none,-
thursday_web,33,68526.26916124122,1064687.5572954162,124,124,0.16022099447513813,140.2541553066,4.0072587585653885,0.0,0.056,10303401.064,0,0.0,none,-
thursday_web,34,41922.28877889811,683303.4949878242,87,87,0.14516129032258066,114.89795501663998,3.084324246827446,0.0,0.034,18936802.448,0,0.0,none,-
thursday_web,35,28164.685036559516,626510.9646256566,60,60,0.07692307692307693,94.98961850168,2.442897177674036,0.0,0.016,15388828.822,0,0.0,none,-
thursday_web,36,61015.402311706755,1456460.1531380534,83,83,0.2601626016260163,68.40073992772,2.9303612797285514,0.0,0.062,4354401.02,0,0.0,none,-
thursday_web,37,46103.29677795322,1101993.173012339,82,82,0.18248175182481752,137.70325775866198,3.191536826118317,0.0,0.048,19352264.806,1,0.036,web_attack,TA0006 Credential Access / T1110 Brute Force (Web)
thursday_web,38,78699.29988994442,794249.3423760056,173,173,0.11196911196911197,47.746897042327994,4.954967870558269,0.0,0.056,9702120.786,1,0.07,web_attack,TA0006 Credential Access / T1110 Brute Force (Web)
thursday_web,39,19480.66927158757,867307.9714488066,36,36,0.22950819672131148,95.45808477332,1.8117763356147334,0.0,0.026,14245772.796,0,0.01,none,-
thursday_web,40,39685.60945782107,1059154.1314465888,115,115,0.18633540372670807,79.02640148656,3.726519636390342,0.0,0.058,11196511.622,1,0.056,web_attack,TA0006 Credential Access / T1110 Brute Force (Web)
thursday_web,41,23771.06540722651,526757.7614288459,21,21,0.13793103448275862,144.72340782740002,1.5147714810251611,0.0,0.006,14780856.278,0,0.006,none,-
thursday_web,42,68868.03226286042,1981815.2880596495,112,112,0.1864406779661017,96.85146043793998,3.6752377873937334,0.0,0.064,12921883.606,1,0.042,web_attack,TA0006 Credential Access / T1110 Brute Force (Web)
thursday_web,43,34630.48927323262,779197.3282000131,86,86,0.12,79.00147067866,3.222143863973393,0.0,0.028,20059575.67,1,0.048,web_attack,TA0006 Credential Access / T1110 Brute Force (Web)
thursday_web,44,14123.324701985639,575760.8730822733,10,10,0.2,109.7537929963,0.9852908811942753,0.0,0.006,8478677.896,0,0.006,none,-
thursday_web,45,20938.29860126879,560485.1542286818,29,29,0.07692307692307693,88.64805318708001,1.3202442882023653,0.0,0.004,10669914.834,0,0.004,none,-
thursday_web,46,67372.3234188858,1404354.1587138576,178,178,0.132,67.935439738232,4.974571974313815,0.0,0.064,10108484.488,1,0.09,web_attack,TA0006 Credential Access / T1110 Brute Force (Web)
thursday_web,47,76945.7429950457,849924.3983135823,174,174,0.20588235294117646,53.00867631778,4.79247537928088,0.0,0.096,15486901.856,1,0.062,web_attack,TA0006 Credential Access / T1110 Brute Force (Web)
thursday_web,48,36867.27226053207,793935.1751030188,59,59,0.13414634146341464,86.750498716194,2.246485468307404,0.0,0.02,15668464.34,1,0.024,web_attack,TA0006 Credential Access / T1110 Brute Force (Web)
thursday_web,49,55963.287696510604,1601627.273395979,117,117,0.17177914110429449,69.63063189086,3.970620720306991,0.0,0.054,12438719.306,1,0.114,web_attack,TA0006 Credential Access / T1110 Brute Force (Web)
thursday_web,50,9659.606127684261,296001.0383048049,26,26,0.02702702702702703,156.01274339048,1.7823998755923325,0.0,0.0,19993240.92,1,0.012,web_attack,TA0006 Credential Access / T1110 Brute Force (Web)
thursday_web,51,34390.60055966166,1108795.9584302662,75,75,0.04950495049504951,89.21286292366,2.651530550164667,0.0,0.008,17306700.334,1,0.012,web_attack,TA0006 Credential Access / T1110 Brute Force (Web)
thursday_web,52,29299.055095481777,851460.5640170167,62,62,0.1951219512195122,88.38835566470001,2.49487166135002,0.0,0.03,18832650.774,1,0.028,web_attack,TA0006 Credential Access / T1110 Brute Force (Web)
thursday_web,53,16718.04114332482,773799.7263864584,30,30,0.044444444444444446,129.7550563834,1.6952492949712372,0.0,0.002,12871777.148,1,0.022,web_attack,TA0006 Credential Access / T1110 Brute Force (Web)
thursday_web,54,8393.078912271018,511825.74543537473,25,25,0.15517241379310345,182.70711060492002,1.836129153328623,0.0,0.016,10935951.976,0,0.006,none,-
thursday_web,55,47313.060160888,1338694.0849466687,109,109,0.07692307692307693,54.9171572148,3.608769969673731,0.004,0.04,6586932.092,1,0.066,web_attack,TA0006 Credential Access / T1110 Brute Force (Web)
thursday_web,56,48462.725694501576,734866.6877800581,121,121,0.08391608391608392,113.01128211656201,3.603273618841776,0.0,0.022,14039888.538,1,0.026,web_attack,TA0006 Credential Access / T1110 Brute Force (Web)
thursday_web,57,40341.511889594745,621126.2551547982,74,74,0.07643312101910828,121.99480315304001,2.8535663139741865,0.0,0.022,6133081.772,1,0.012,web_attack,TA0006 Credential Access / T1110 Brute Force (Web)
thursday_web,58,12511.158040509798,510726.85071295896,40,40,0.14035087719298245,97.45471058937999,1.9189953376965976,0.0,0.014,12747968.118,0,0.01,none,-
thursday_web,59,32901.75615261922,989423.4670358396,84,84,0.15833333333333333,91.20147427716,3.0410204799339198,0.0,0.036,11753050.912,1,0.05,web_attack,TA0006 Credential Access / T1110 Brute Force (Web)
thursday_web,60,55498.64891762886,1172661.7965801943,110,110,0.0963855421686747,84.64660302768,3.7947772476235153,0.0,0.03,7843494.776,1,0.064,web_attack,TA0006 Credential Access / T1110 Brute Force (Web)
thursday_web,61,33077.05643764054,327810.539433046,81,81,0.10317460317460317,115.83355744706,3.051514847366305,0.0,0.024,20353153.044,1,0.046,web_attack,TA0006 Credential Access / T1110 Brute Force (Web)
thursday_web,62,20016.503296954907,545782.4922630175,53,53,0.045454545454545456,92.66916014718,1.887491827827603,0.0,0.004,10885268.762,1,0.018,web_attack,TA0006 Credential Access / T1110 Brute Force (Web)
thursday_web,63,38145.55531109003,664971.4910478012,98,98,0.2215568862275449,97.35788176508001,3.5722182441752537,0.0,0.072,7748591.74,1,0.064,web_attack,TA0006 Credential Access / T1110 Brute Force (Web)
thursday_web,64,45741.206549651535,1816724.4989286875,168,168,0.08045977011494253,61.07180935352,4.658000746360994,0.002,0.026,8492201.776,1,0.07,web_attack,TA0006 Credential Access / T1110 Brute Force (Web)
thursday_web,65,23603.58546316716,338666.31554653624,66,66,0.14678899082568808,119.16839758454,2.5520029516472817,0.0,0.03,4343213.47,1,0.018,web_attack,TA0006 Credential Access / T1110 Brute Force (Web)
thursday_web,66,27062.389582884203,327525.21601125126,76,76,0.07377049180327869,153.184996965694,3.005758398032912,0.0,0.016,20067885.352,1,0.016,web_attack,TA0006 Credential Access / T1110 Brute Force (Web)
thursday_web,67,22392.09805743751,618471.107166346,57,57,0.16326530612244897,115.68130865764,2.275179618898166,0.002,0.03,12918471.768,1,0.012,web_attack,TA0006 Credential Access / T1110 Brute Force (Web)
thursday_web,68,30949.574625343525,888207.9674692187,86,86,0.09022556390977443,110.6083605163,3.2970607081931615,0.0,0.022,14763342.222,1,0.082,web_attack,TA0006 Credential Access / T1110 Brute Force (Web)
thursday_web,69,14653.242832286884,382391.4098401305,34,34,0.109375,148.8927265791,1.955021532522594,0.0,0.012,15445455.784,0,0.006,none,-
thursday_web,70,35399.958368162734,730042.8459859674,73,73,0.1111111111111111,115.47257008423601,2.8184205993273235,0.0,0.026,15111742.158,1,0.024,web_attack,TA0006 Credential Access / T1110 Brute Force (Web)
thursday_web,71,5199.983703086328,213944.98647821456,12,12,0.1875,131.37493811988,1.4847913523762137,0.0,0.004,22912597.462,0,0.008,none,-
thursday_web,72,42619.64717703175,456212.4157619113,154,154,0.06060606060606061,65.647605204116,4.257821105808823,0.002,0.026,7696202.406,1,0.042,web_attack,TA0006 Credential Access / T1110 Brute Force (Web)
thursday_web,73,40306.26458343372,941793.7021551919,122,122,0.16417910447761194,83.10322238213999,3.9033325398873213,0.0,0.064,9365608.136,1,0.062,web_attack,TA0006 Credential Access / T1110 Brute Force (Web)
thursday_web,74,40905.94057059936,661295.6182868254,96,96,0.06153846153846154,145.793571099416,3.2414476824318266,0.0,0.014,17339776.112,1,0.02,web_attack,TA0006 Credential Access / T1110 Brute Force (Web)
thursday_web,75,14573.633332009782,505454.1475234513,19,19,0.3157894736842105,146.60650167366,1.4150953856577524,0.0,0.022,13097715.504,0,0.004,none,-
thursday_web,76,28857.73598428345,675005.3695938935,53,53,0.20833333333333334,126.3543387529,2.152970531272567,0.0,0.028,14300832.016,0,0.004,none,-
thursday_web,77,41577.37821523161,985261.9454790615,66,66,0.15447154471544716,120.91254009606,2.6375246864641637,0.0,0.036,8506828.102,0,0.006,none,-
thursday_web,78,62312.97383424431,1524624.1135274637,137,137,0.14054054054054055,92.51273297578,3.8565278642230343,0.0,0.05,8911642.892,0,0.006,none,-
thursday_web,79,52160.87854077676,823159.207920722,113,113,0.14,141.790183312684,3.7100372700273714,0.0,0.054,12528344.706,1,0.062,web_attack,TA0006 Credential Access / T1110 Brute Force (Web)
thursday_web,80,27525.814673004876,331464.3932999954,101,101,0.06382978723404255,147.49665823678,3.192650866890659,0.0,0.016,6831085.142,1,0.026,web_attack,TA0006 Credential Access / T1110 Brute Force (Web)
thursday_web,81,65466.14842203419,958654.1854298346,72,72,0.1564625850340136,132.1580467405,2.830698247736782,0.0,0.044,4897047.532,1,0.012,web_attack,TA0006 Credential Access / T1110 Brute Force (Web)
thursday_web,82,232972.1138756862,3439204.2812689086,238,238,0.17041800643086816,45.939793024752,5.85213862187657,0.0,0.104,5108754.026,1,0.054,web_attack,TA0006 Credential Access / T1110 Brute Force (Web)
thursday_web,83,11081.489442108526,334449.64137635886,22,22,0.19047619047619047,143.63005815678002,1.6810896001855795,0.0,0.014,17199680.884,0,0.008,none,-
thursday_web,84,11877.533243591228,191115.5831685515,33,33,0.06944444444444445,124.14719382839999,1.9196306712772244,0.0,0.008,13857909.902,0,0.006,none,-
thursday_web,85,26200.600214427923,513070.45710694126,52,52,0.07228915662650602,112.43651288034,2.2730161484417706,0.0,0.01,13216643.06,1,0.014,web_attack,TA0006 Credential Access / T1110 Brute Force (Web)
thursday_web,86,61178.34550699775,912321.4346463473,93,93,0.2802547770700637,90.07258178378001,3.1597054369196877,0.0,0.086,14944126.152,1,0.016,web_attack,TA0006 Credential Access / T1110 Brute Force (Web)
thursday_web,87,49754.91920999451,1300385.5385645295,124,124,0.1660377358490566,50.921820688892,3.9696752311856267,0.0,0.086,7067644.116,1,0.096,web_attack,TA0006 Credential Access / T1110 Brute Force (Web)
thursday_web,88,43459.08615142316,448363.21983815375,97,97,0.05426356589147287,124.387061621,3.1586209937109815,0.0,0.012,16866550.968,1,0.022,web_attack,TA0006 Credential Access / T1110 Brute Force (Web)
thursday_web,89,13068.158538153288,282304.36048625683,33,33,0.05263157894736842,130.292210929,1.8503995054252127,0.0,0.004,18724905.842,0,0.008,none,-
thursday_web,90,40089.08643694741,848417.1216827454,124,124,0.12041884816753927,75.79460230404,3.9330711447363607,0.0,0.044,12362903.964,1,0.066,web_attack,TA0006 Credential Access / T1110 Brute Force (Web)
thursday_web,91,37904.982311176165,1300008.8675869599,77,77,0.21804511278195488,112.10683587758,3.191406353862808,0.0,0.056,15842255.91,1,0.058,web_attack,TA0006 Credential Access / T1110 Brute Force (Web)
thursday_web,92,64266.11989351672,972806.104715818,165,165,0.19576719576719576,120.73565170472,4.2949359056718,0.0,0.072,12646455.65,1,0.028,web_attack,TA0006 Credential Access / T1110 Brute Force (Web)
thursday_web,93,40953.83693675415,850234.2707131191,106,106,0.22023809523809523,113.58738441489402,3.7069712443428613,0.0,0.072,16988804.536,1,0.074,web_attack,TA0006 Credential Access / T1110 Brute Force (Web)
thursday_web,94,20174.736413019506,462472.14132216707,45,45,0.29333333333333333,144.434044063624,2.206912744980524,0.0,0.042,17313481.672,1,0.012,web_attack,TA0006 Credential Access / T1110 Brute Force (Web)
thursday_web,95,25163.188136559293,1108155.5838931776,35,35,0.16923076923076924,121.22381053004001,1.8236129122829452,0.0,0.02,11931166.406,0,0.006,none,-
thursday_web,96,47907.48745742655,1082047.290986904,108,108,0.09302325581395349,92.85410041544,3.6064124355690104,0.0,0.03,5570617.982,1,0.042,web_attack,TA0006 Credential Access / T1110 Brute Force (Web)
thursday_web,97,8138.795540811922,252534.60908778015,18,18,0.10714285714285714,156.07106183125998,1.4352913139609356,0.0,0.004,20229129.966,0,0.01,none,-
thursday_web,98,70256.78154323933,1077999.2520777488,201,201,0.16451612903225807,46.194983345204,5.178120609182738,0.0,0.1,6841031.464,1,0.09,web_attack,TA0006 Credential Access / T1110 Brute Force (Web)
thursday_web,99,54116.55294316575,623573.8605653987,132,132,0.10695187165775401,103.77236230768,4.091530682996565,0.0,0.038,11548930.242,1,0.056,web_attack,TA0006 Credential Access / T1110 Brute Force (Web)
thursday_web,100,69886.47230761196,911389.641927055,136,136,0.3978494623655914,100.64970527284801,4.013445416150655,0.0,0.146,14523099.33,1,0.058,web_attack,TA0006 Credential Access / T1110 Brute Force (Web)
thursday_web,101,5833.327370339532,276903.4598624288,11,11,0.07692307692307693,134.87159778756,1.5394592694849734,0.0,0.004,17406992.574,0,0.004,none,-
thursday_web,102,52582.68742622848,1931408.8580123656,98,98,0.13986013986013987,85.09738679764001,3.1564334509630325,0.0,0.038,7423070.984,1,0.02,web_attack,TA0006 Credential Access / T1110 Brute Force (Web)
thursday_web,103,40667.895415926185,1111652.9448935199,88,88,0.24822695035460993,110.63021232130599,3.203024348149163,0.012,0.068,11253762.036,1,0.054,web_attack,TA0006 Credential Access / T1110 Brute Force (Web)
thursday_web,104,12291.786898227552,376721.8000105208,60,60,0.061224489795918366,164.423426792146,2.665097938034447,0.004,0.01,23897119.44,1,0.026,web_attack,TA0006 Credential Access / T1110 Brute Force (Web)
thursday_web,105,19989.899246181794,380524.15847266413,79,79,0.0661764705882353,125.35723241876201,2.9534877618896624,0.004,0.016,12020562.44,1,0.03,web_attack,TA0006 Credential Access / T1110 Brute Force (Web)
thursday_web,106,68904.03559236148,1223303.935157457,176,176,0.0989010989010989,84.375344204258,4.904573393771959,0.0,0.052,7390370.058,1,0.066,web_attack,TA0006 Credential Access / T1110 Brute Force (Web)
thursday_web,107,22973.46380226435,395346.3391028324,69,69,0.12727272727272726,129.41719464322,2.6055646405521955,0.002,0.026,9753972.704,1,0.032,web_attack,TA0006 Credential Access / T1110 Brute Force (Web)
thursday_web,108,26827.131399562964,584317.5724911417,24,24,0.1956521739130435,143.32942261626198,1.6204929813009086,0.002,0.016,18068294.754,0,0.006,none,-
thursday_web,109,50857.28697202373,575386.9271808931,85,85,0.14960629921259844,107.75704162909999,2.8629484918533468,0.0,0.036,11366122.882,1,0.014,web_attack,TA0006 Credential Access / T1110 Brute Force (Web)
thursday_web,110,57195.597660400075,622004.3915264677,129,129,0.1598173515981735,94.66113482106,3.947336600975939,0.012,0.068,7389535.538,1,0.048,web_attack,TA0006 Credential Access / T1110 Brute Force (Web)
thursday_web,111,31857.05788689924,364312.8320368235,89,89,0.11724137931034483,110.85218965971201,3.1308532753670075,0.0,0.032,10796586.004,1,0.05,web_attack,TA0006 Credential Access / T1110 Brute Force (Web)
thursday_web,112,69682.81024276328,1009973.5725490783,109,109,0.1935483870967742,63.3935608107,3.5602771303811735,0.0,0.07,5382648.994,1,0.04,web_attack,TA0006 Credential Access / T1110 Brute Force (Web)
thursday_web,113,37998.51734310626,819547.2252097409,89,89,0.10071942446043165,102.709282753636,3.1458690828894786,0.0,0.026,15092908.586,1,0.036,web_attack,TA0006 Credential Access / T1110 Brute Force (Web)
thursday_web,114,11878.503002146539,256530.5592848645,55,55,0.24691358024691357,132.8056146578,2.344705342973819,0.0,0.038,17113553.09,1,0.016,web_attack,TA0006 Credential Access / T1110 Brute Force (Web)
thursday_web,115,57765.73003655379,755451.1180126448,112,112,0.22289156626506024,123.02415875876,3.624857880575112,0.0,0.072,10140894.484,1,0.05,web_attack,TA0006 Credential Access / T1110 Brute Force (Web)
thursday_web,116,35479.65113581297,802335.286984965,88,88,0.13445378151260504,135.94550717776002,3.0739099876618936,0.0,0.03,18774619.032,1,0.03,web_attack,TA0006 Credential Access / T1110 Brute Force (Web)
thursday_web,117,24468.77703503124,1215577.212071695,37,37,0.2916666666666667,128.3783140431,1.7148429990620513,0.0,0.026,10774786.804,0,0.004,none,-
thursday_web,118,44106.78536649212,1633931.6531690941,64,64,0.24489795918367346,109.76203384428,2.2821910500748768,0.0,0.046,8015794.694,0,0.008,none,-
thursday_web,119,68411.07377623787,1473297.3114648194,126,126,0.1340782122905028,96.23856216077998,3.754659774558397,0.0,0.046,7018814.044,1,0.02,web_attack,TA0006 Credential Access / T1110 Brute Force (Web)
thursday_web,120,39186.89053396633,685006.2797831831,116,116,0.1902439024390244,77.61427977339198,3.849430320844287,0.0,0.076,7695961.138,1,0.076,web_attack,TA0006 Credential Access / T1110 Brute Force (Web)
thursday_web,121,53344.74722451343,1101200.0777227068,84,84,0.17307692307692307,110.86149674268,2.9250563120838233,0.0,0.034,11607149.576,1,0.034,web_attack,TA0006 Credential Access / T1110 Brute Force (Web)
thursday_web,122,74049.80554584667,1043627.2570724098,137,137,0.15846994535519127,121.25254966442401,4.036872894533039,0.0,0.056,10289822.352,1,0.024,web_attack,TA0006 Credential Access / T1110 Brute Force (Web)
thursday_web,123,35356.51717263335,1230802.216349141,65,65,0.1792452830188679,119.780754907366,2.631339769126305,0.0,0.036,5664906.958,1,0.032,web_attack,TA0006 Credential Access / T1110 Brute Force (Web)
thursday_web,124,59544.29781012406,1642466.5289446753,126,126,0.3069306930693069,130.1557667203,4.11600964860862,0.0,0.122,9429811.152,1,0.06,web_attack,TA0006 Credential Access / T1110 Brute Force (Web)
thursday_web,125,87807.83819270633,1796659.9685035606,143,143,0.25510204081632654,89.197944244496,4.393055039430896,0.0,0.098,6370128.698,0,0.0,none,-
thursday_web,126,46211.77405561837,1400812.1131992054,93,93,0.23577235772357724,136.72016988002002,3.184948259165126,0.0,0.056,11946368.862,0,0.0,none,-
thursday_web,127,36000.02659953415,564833.0488001606,83,83,0.12598425196850394,133.24667726711604,3.1626990345835786,0.0,0.03,12222350.478,0,0.0,none,-
thursday_web,128,18164.602087059855,337213.1327349061,66,66,0.1417910447761194,123.48288069792,2.641635765099074,0.0,0.036,18210418.642,0,0.0,none,-
thursday_web,129,23366.154378239626,656064.6390711425,48,48,0.25925925925925924,109.26059526342401,2.197076647210827,0.004,0.04,13365242.03,0,0.0,none,-
thursday_web,130,86714.82342869512,1068837.457468975,128,128,0.13114754098360656,106.93959033967398,4.047418732793352,0.0,0.046,11383140.828,0,0.0,none,-
thursday_web,131,53267.05798298551,1808847.194724423,89,89,0.11940298507462686,107.23945422648,3.4723125025327075,0.0,0.03,11969472.488,0,0.0,none,-
thursday_web,132,29217.25752710464,655794.8581791522,50,50,0.14492753623188406,120.60157526303999,2.1435899309658453,0.0,0.018,13594988.604,0,0.0,none,-
thursday_web,133,59182.83841979289,1171548.3142771686,104,104,0.2023121387283237,104.923546956798,3.477671101811433,0.002,0.068,13079014.51,0,0.0,none,-
thursday_web,134,76305.38104135019,1266781.7370173098,120,120,0.16981132075471697,103.602567371296,4.0910131167257475,0.0,0.052,7314595.832,0,0.0,none,-
thursday_web,135,21138.930991052457,1472207.6612942605,36,36,0.1643835616438356,165.8235757,2.206734530753105,0.0,0.022,23769444.744,0,0.0,none,-
thursday_web,136,13101.586166975207,436336.3106846832,20,20,0.38235294117647056,132.1640065368,1.570966120050968,0.0,0.024,16469313.678,0,0.0,none,-
thursday_web,137,85412.04246064687,1522914.0734561617,143,143,0.07042253521126761,73.7002665223,4.1011950526374745,0.0,0.028,4252116.526,0,0.0,none,-
thursday_web,138,51682.02051324355,1034936.3487386603,94,94,0.10828025477707007,102.53420930192,3.3992610177405096,0.0,0.032,12017673.096,0,0.0,none,-
thursday_web,139,17660.5010144827,436210.69169423985,57,57,0.08108108108108109,147.29866874004,2.3489857369560436,0.0,0.01,22319591.694,0,0.0,none,-
thursday_web,140,67619.30248881584,945948.3954158721,113,113,0.11801242236024845,114.35733783532001,3.4302873875146407,0.0,0.036,10755081.08,0,0.0,none,-
thursday_web,141,82124.54412492338,1470609.1351242156,122,122,0.2864864864864865,105.79486398268001,3.8063656530454235,0.0,0.104,10494115.394,0,0.0,none,-
thursday_web,142,84191.52579459715,1170131.885576372,187,187,0.23344947735191637,85.34357996791199,5.347777456325186,0.0,0.132,15058505.432,0,0.0,none,-
thursday_web,143,40052.0769781623,1105121.7957237149,66,66,0.26851851851851855,143.91583003348,2.7432782592003244,0.002,0.056,11868971.9,0,0.0,none,-
thursday_web,144,54457.95339335972,1254495.1115225835,133,133,0.0670391061452514,86.17169456312001,4.21906373707102,0.0,0.022,12142623.068,1,0.062,web_attack,TA0001 Initial Access / T1189 Drive-by Compromise (XSS)
thursday_web,145,47413.876627984064,823133.3471614042,127,127,0.2265193370165746,80.67519680066201,4.11323715134699,0.0,0.08,10854932.704,1,0.09,web_attack,TA0001 Initial Access / T1189 Drive-by Compromise (XSS)
thursday_web,146,26731.58865874223,359664.0202712475,83,83,0.15463917525773196,167.7685983287,2.9496651722203597,0.0,0.028,20661375.3,1,0.018,web_attack,TA0001 Initial Access / T1189 Drive-by Compromise (XSS)
thursday_web,147,49379.39085411029,596561.9125187367,119,119,0.11695906432748537,102.26051385768,3.8858398372526013,0.0,0.038,13742469.16,1,0.044,web_attack,TA0001 Initial Access / T1189 Drive-by Compromise (XSS)
thursday_web,148,18100.940195036506,682113.5848806553,51,51,0.12222222222222222,108.03422083811999,2.6107612167622793,0.0,0.02,17546436.986,1,0.042,web_attack,TA0001 Initial Access / T1189 Drive-by Compromise (XSS)
thursday_web,149,50494.38732751439,964878.9609562939,143,143,0.07777777777777778,66.34335775454001,3.939043290293526,0.0,0.026,6583589.312,1,0.026,web_attack,TA0001 Initial Access / T1189 Drive-by Compromise (XSS)
thursday_web,150,39580.908892657855,1488660.2632620798,85,85,0.11764705882352941,125.67769739382001,3.0225246061509354,0.0,0.022,18230779.228,1,0.026,web_attack,TA0001 Initial Access / T1189 Drive-by Compromise (XSS)
thursday_web,151,61807.83590342511,781879.012602189,134,134,0.19383259911894274,64.72830312754002,4.038321959638514,0.0,0.086,6035529.578,1,0.072,web_attack,TA0001 Initial Access / T1189 Drive-by Compromise (XSS)
thursday_web,152,34586.76408984042,1055857.5348046515,89,89,0.0743801652892562,123.707529585696,3.2830748598715425,0.002,0.016,19690987.018,1,0.048,web_attack,TA0001 Initial Access / T1189 Drive-by Compromise (XSS)
thursday_web,153,37705.58140727635,396610.58540213906,127,127,0.10059171597633136,104.80062262509999,3.7496617441952966,0.0,0.032,12915077.884,1,0.04,web_attack,TA0001 Initial Access / T1189 Drive-by Compromise (XSS)
thursday_web,154,38788.518707683,711111.6150969943,101,101,0.10071942446043165,106.67245673672,3.5136557954479706,0.0,0.026,17289448.536,1,0.036,web_attack,TA0001 Initial Access / T1189 Drive-by Compromise (XSS)
thursday_web,155,141098.7115177685,1979905.0719840205,236,236,0.2671009771986971,57.079009204083995,5.911465206873517,0.0,0.162,6766465.118,1,0.106,web_attack,TA0001 Initial Access / T1189 Drive-by Compromise (XSS)
thursday_web,156,10853.613557840567,418226.4905945366,20,20,0.21428571428571427,126.92634031530001,1.4484186573586046,0.0,0.01,14577943.05,0,0.004,none,-
thursday_web,157,46605.79076614245,1310170.1892495984,100,100,0.1897810218978102,88.27954742596,3.460228508151353,0.0,0.05,8521513.052,1,0.052,web_attack,TA0001 Initial Access / T1189 Drive-by Compromise (XSS)
thursday_web,158,22898.985898054267,495572.9553333133,36,36,0.273972602739726,146.00494793714,1.9578559386399939,0.0,0.038,3149628.646,0,0.01,none,-
thursday_web,159,79983.57201001428,1627988.1950945617,181,181,0.12236286919831224,77.8484376569,5.048648788786655,0.0,0.056,7187324.264,1,0.096,web_attack,TA0001 Initial Access / T1189 Drive-by Compromise (XSS)
thursday_web,160,22506.215955126067,317372.73565073364,45,45,0.1896551724137931,161.75096929283998,2.2011595627632907,0.0,0.02,19773074.21,1,0.024,web_attack,TA0001 Initial Access / T1189 Drive-by Compromise (XSS)
thursday_web,161,73177.9053990144,1011092.6951676689,131,131,0.18518518518518517,90.58557070767999,4.061489071730213,0.0,0.068,9302279.734,1,0.054,web_attack,TA0001 Initial Access / T1189 Drive-by Compromise (XSS)
thursday_web,162,34599.18128196542,368370.47598979354,87,87,0.11864406779661017,117.47883653422,2.9888509254623834,0.0,0.026,10316341.828,1,0.032,web_attack,TA0001 Initial Access / T1189 Drive-by Compromise (XSS)
thursday_web,163,79550.0305063494,1034373.3394349924,122,122,0.2994350282485876,105.92245204775999,3.807728529434753,0.0,0.104,2831657.44,1,0.048,web_attack,TA0001 Initial Access / T1189 Drive-by Compromise (XSS)
thursday_web,164,13695.70116404969,208959.17985720787,32,32,0.056338028169014086,126.4154920535,1.9468535002691736,0.0,0.006,13814336.78,1,0.012,web_attack,TA0001 Initial Access / T1189 Drive-by Compromise (XSS)
thursday_web,165,65360.458920709694,1249834.107023816,140,140,0.14285714285714285,61.24465060727999,4.418690517365575,0.0,0.06,6666317.112,1,0.092,web_attack,TA0001 Initial Access / T1189 Drive-by Compromise (XSS)
thursday_web,166,42047.33291542644,391164.45750858163,81,81,0.21666666666666667,139.49653113894001,2.915331649831586,0.0,0.05,11695865.24,1,0.028,web_attack,TA0001 Initial Access / T1189 Drive-by Compromise (XSS)
thursday_web,167,15601.332881817685,379472.83416173456,33,33,0.08888888888888889,138.56913229952,1.7377118682646593,0.0,0.006,15585364.216,0,0.004,none,-
thursday_web,168,64002.044368957075,1066708.5618651272,91,91,0.1678832116788321,109.80041519982,2.991374917866268,0.0,0.044,13994490.328,0,0.006,none,-
thursday_web,169,69985.20724689402,1977040.8319045457,175,175,0.08906882591093117,52.137788205166004,4.958273389197476,0.0,0.042,5395459.682,1,0.11,web_attack,TA0001 Initial Access / T1189 Drive-by Compromise (XSS)
thursday_web,170,42908.33751055171,537840.8541209083,105,105,0.20945945945945946,80.508807796852,3.0128560725734426,0.0,0.06,8805089.584,1,0.03,web_attack,TA0001 Initial Access / T1189 Drive-by Compromise (XSS)
thursday_web,171,58585.46463214398,871877.4333773786,130,130,0.2388888888888889,74.9352147395,4.032534620927017,0.0,0.084,9747733.178,1,0.092,web_attack,TA0001 Initial Access / T1189 Drive-by Compromise (XSS)
thursday_web,172,15643.342645142277,640851.945674803,21,21,0.1,168.89685931202,1.6394851642470383,0.0,0.004,18797596.28,0,0.0,none,-
thursday_web,173,34054.08180727511,606588.9131061686,70,70,0.08602150537634409,102.83216293504,2.516075936268699,0.0,0.014,14366907.452,0,0.0,none,-
thursday_web,174,22940.172030420395,747744.7351126632,55,55,0.04938271604938271,93.911202755112,2.0533685844073646,0.0,0.006,9756027.886,0,0.0,none,-
thursday_web,175,40801.45989212276,775716.3850363987,71,71,0.04580152671755725,132.05139521508,2.7515200472551027,0.0,0.01,4152903.188,0,0.0,none,-
thursday_web,176,47998.76778003107,943425.4518139529,102,102,0.125,106.24496086069999,3.260837897917753,0.0,0.038,7775516.342,0,0.0,none,-
thursday_web,177,38192.445675329596,706454.6081316592,121,121,0.09883720930232558,97.007409385358,3.5494751518020538,0.008,0.032,13269901.374,0,0.0,none,-
thursday_web,178,36910.10518212208,867002.7606599805,69,69,0.20535714285714285,126.2496316047,2.8199250309885837,0.0,0.044,14785790.524,0,0.0,none,-
thursday_web,179,44002.82677549006,539441.8768867281,116,116,0.3482587064676617,106.15718770859999,3.585866569565532,0.0,0.138,8308823.086,0,0.0,none,-
thursday_web,180,33444.77212592565,562454.186547565,60,60,0.17391304347826086,153.227366534068,2.6431946516111218,0.0,0.038,13196826.574,0,0.01,none,-
thursday_web,181,18170.00280720123,570182.5340591536,40,40,0.028169014084507043,109.60766974364,1.9338556423509141,0.0,0.002,12052011.684,0,0.004,none,-
thursday_web,182,74951.14313268152,1373228.1810840415,123,123,0.19724770642201836,93.32830031106,3.9197345107045845,0.0,0.084,6538969.74,0,0.008,none,-
thursday_web,183,10829.336136886632,363250.72452858044,36,36,0.14545454545454545,146.63853558312002,1.8134550006445966,0.0,0.014,12915149.396,0,0.002,none,-
thursday_web,184,46853.489064906345,1118657.0585277446,83,83,0.2413793103448276,111.34514221118,2.8353529030569296,0.0,0.068,10407132.574,0,0.006,none,-
thursday_web,185,68885.32035116454,755705.0707798729,104,104,0.13664596273291926,114.71102076969,3.320564729046811,0.0,0.042,14481592.508,0,0.006,none,-
thursday_web,186,70063.01812115169,1441715.7647831244,104,104,0.24390243902439024,108.24177237984,3.2804191698808274,0.0,0.078,13563942.362,0,0.006,none,-
thursday_web,187,18227.73564155478,704016.6794232137,20,20,0.28125,136.78322780154,1.4813782661641313,0.0,0.016,13536566.77,0,0.0,none,-
thursday_web,188,46282.32296225893,1281823.7188535416,58,58,0.24444444444444444,110.92830448059999,2.1723745566131814,0.0,0.042,8512918.052,0,0.0,none,-
thursday_web,189,93891.18838751774,2127821.310000633,166,166,0.23550724637681159,68.85644450294,4.736042916401705,0.0,0.128,8395566.0,0,0.0,none,-
thursday_web,190,19911.204397102065,606104.9781145733,37,37,0.0847457627118644,138.577937325554,1.9120876808792633,0.0,0.008,16929050.964,0,0.0,none,-
thursday_web,191,16299.149145423657,568223.2912466503,21,21,0.10256410256410256,122.12460667337999,1.5607034045924841,0.0,0.006,12418635.916,0,0.0,none,-
thursday_web,192,52292.351921634116,1260421.6901855457,115,115,0.09659090909090909,92.17030418397601,3.5670280536611827,0.0,0.032,10364153.652,0,0.0,none,-
thursday_web,193,91636.32131662528,1529233.2220213537,183,183,0.2226027397260274,59.88628319977,4.873517560820523,0.0,0.128,6241234.506,0,0.0,none,-
thursday_web,194,26894.820005391397,375967.6147979158,53,53,0.26373626373626374,127.50582854734,2.681513044785846,0.0,0.046,19499386.38,0,0.0,none,-
thursday_web,195,29668.470442683167,794946.2763702567,49,49,0.13513513513513514,94.17061439944,1.9460208404511499,0.0,0.018,6564334.192,0,0.0,none,-
thursday_web,196,14643.962985236287,318976.85049203446,37,37,0.14925373134328357,162.96615515291998,2.0047125852112555,0.0,0.018,14428234.732,0,0.0,none,-
thursday_web,197,11890.175733649727,407567.7692932726,22,22,0.01694915254237288,121.0560760307,1.5508312885003157,0.0,0.0,11298852.588,0,0.0,none,-
thursday_web,198,36042.873546272014,945112.2833520115,100,100,0.125,99.13832916334,3.3338238784247305,0.0,0.04,10479430.408,0,0.0,none,-
thursday_web,199,64860.28998784997,1461347.5784531478,170,170,0.12454212454212454,83.95500794037999,4.889987154179251,0.0,0.066,8957207.928,0,0.0,none,-
thursday_web,200,8979.54564293043,305230.4439345318,21,21,0.1111111111111111,151.57253984882,1.5085723525130044,0.0,0.006,14108678.902,0,0.0,none,-
thursday_web,201,14166.563676691621,812201.1639755839,26,26,0.11538461538461539,124.0779155928,1.6549986007377049,0.0,0.01,14535341.796,0,0.0,none,-
thursday_web,202,77815.55191236526,1646586.0929443617,131,131,0.22302158273381295,86.12851449144,4.003728131850137,0.0,0.122,6296112.08,0,0.0,none,-
thursday_web,203,40411.80467631264,490157.06629281037,68,68,0.13846153846153847,121.963552747814,2.8057775520630424,0.002,0.034,19489953.644,0,0.0,none,-
thursday_web,204,29553.517009439045,429259.38624827884,62,62,0.06422018348623854,122.01758653386,2.5566442023276816,0.0,0.012,16352023.434,0,0.0,none,-
thursday_web,205,20290.409346386394,717442.009985207,44,44,0.10377358490566038,146.46181132252,2.242028005842638,0.0,0.02,7008941.778,0,0.0,none,-
thursday_web,206,36893.41067866334,963849.2141694741,67,67,0.14736842105263157,113.06632743574,2.451632740555392,0.0,0.026,9709998.31,0,0.0,none,-
thursday_web,207,24843.6829265442,469322.6996577564,34,34,0.13636363636363635,123.29699022964,1.9273864232663322,0.0,0.016,13536097.464,0,0.0,none,-
thursday_web,208,43601.820946532825,967355.7839081336,60,60,0.14150943396226415,136.15035613882,2.456488578185365,0.0,0.028,12773364.42,0,0.0,none,-
thursday_web,209,32498.636306221193,866683.5426670103,43,43,0.125,132.40438781542,1.9500320520606027,0.0,0.016,11510302.482,0,0.0,none,-
thursday_web,210,112397.38282038251,1813761.6352303957,227,227,0.17158176943699732,55.3066630805,5.62701210285954,0.0,0.126,2819680.548,0,0.0,none,-
thursday_web,211,108990.53899545294,2677701.980523128,164,164,0.25,68.431108018562,4.5609127187479945,0.002,0.12,9017191.874,0,0.0,none,-
thursday_web,212,51437.657278094965,1228866.7462814033,74,74,0.3409090909090909,104.526859759772,3.0759673985255875,0.0,0.088,10595670.76,0,0.0,none,-
thursday_web,213,14451.899593391467,348559.8227634494,30,30,0.07317073170731707,153.9133229289,1.6344529389826008,0.0,0.004,13142799.406,0,0.0,none,-
thursday_web,214,21304.26383126495,680412.6627748513,52,52,0.17045454545454544,149.21645285862002,2.2756293365242923,0.0,0.028,11609901.674,0,0.0,none,-
thursday_web,215,25206.227302881383,677069.3096174371,92,92,0.0916030534351145,118.63659134596,3.2129807964771424,0.0,0.022,14520119.456,0,0.0,none,-
thursday_web,216,67273.03544976801,1595538.1657813718,130,130,0.11,108.666208332094,4.19279242773209,0.0,0.042,14029359.086,0,0.0,none,-
thursday_web,217,43902.64252369787,689395.6290844219,74,74,0.336,104.49430281868399,2.7764500456427794,0.0,0.082,11569085.934,0,0.0,none,-
thursday_web,218,66541.04185475783,1550037.4716989822,100,100,0.19607843137254902,108.18049316650401,3.397048201461953,0.0,0.058,11160713.898,0,0.0,none,-
thursday_web,219,79838.4972088446,1035652.2651179679,114,114,0.23255813953488372,115.73851397431,3.8063254433104006,0.0,0.078,12273035.782,0,0.0,none,-
thursday_web,220,31116.65618943256,699046.1633194609,49,49,0.20833333333333334,151.12609788592002,2.1595541852191644,0.0,0.028,16039318.984,0,0.0,none,-
thursday_web,221,3030.94708327026,195242.23890216803,9,9,0.25,166.5315687293,1.4565634555202331,0.0,0.004,29048069.544,0,0.0,none,-
thursday_web,222,41570.323284397295,1105111.7672820787,93,93,0.09302325581395349,89.53485912743601,3.0212915458537197,0.0,0.022,8245828.05,0,0.0,none,-
thursday_web,223,31525.41623289041,584908.2675357738,55,55,0.08695652173913043,136.564402927346,2.60422690375549,0.0,0.014,15871796.068,0,0.0,none,-
thursday_web,224,41370.669645557995,769979.1360493909,100,100,0.0893854748603352,106.988289081156,3.25037609305922,0.0,0.03,6986238.864,0,0.0,none,-
thursday_web,225,24068.649828840054,210761.48404842473,109,109,0.04430379746835443,136.27815549039997,3.287257905494263,0.0,0.012,8208766.484,0,0.0,none,-
thursday_web,226,6654.518217760298,169828.31841726849,14,14,0.030612244897959183,154.26364804104,1.4211332991678052,0.0,0.004,10106143.108,0,0.0,none,-
thursday_web,227,105187.56894249162,2111106.7693789257,146,146,0.1956521739130435,80.33563925186,4.34541065787331,0.002,0.106,5801592.904,0,0.0,none,-
thursday_web,228,76964.9877165044,2153087.849488445,153,153,0.21940928270042195,118.596444682536,4.416893016152861,0.0,0.102,8951804.84,0,0.0,none,-
thursday_web,229,66969.34858846899,1731094.2752693023,86,86,0.23577235772357724,119.275969616154,3.1661311898190663,0.0,0.056,11276911.862,0,0.0,none,-
thursday_web,230,57525.45251124996,1653844.7659820295,87,87,0.20512820512820512,136.75363894131402,3.4690770193239504,0.006,0.062,15436055.688,0,0.0,none,-
thursday_web,231,27765.687586133252,764839.9046244011,38,38,0.1724137931034483,125.77942810294,2.0341785616353696,0.0,0.018,15008650.688,0,0.0,none,-
thursday_web,232,24244.9173149754,477099.6290155525,46,46,0.12307692307692308,129.8357747358,2.1350762356825426,0.0,0.014,13199274.426,0,0.0,none,-
thursday_web,233,69677.00654401648,1650992.7910602188,110,110,0.1366120218579235,138.80918506216003,3.7539754032634884,0.0,0.048,8328115.198,0,0.0,none,-
thursday_web,234,82428.43326545566,1235883.4600610014,144,144,0.2358490566037736,110.99848985114001,4.340173295141418,0.0,0.098,10332696.402,0,0.0,none,-
thursday_web,235,40792.219893213536,1410443.9199879628,79,79,0.15753424657534246,111.12764164352998,3.1478085524018216,0.0,0.044,9151868.432,0,0.0,none,-
thursday_web,236,32881.4567002011,636087.9519559161,60,60,0.11818181818181818,156.71889679434,2.5841663781836175,0.0,0.024,8565637.622,0,0.0,none,-
thursday_web,237,59517.888159171205,2129305.3839938953,92,92,0.1875,100.39316946822399,3.438199100832243,0.0,0.052,9301040.812,0,0.0,none,-
thursday_web,238,52976.72481805509,1775361.6532183797,67,67,0.1937984496124031,169.552301755624,2.987142992746554,0.0,0.048,14579585.254,0,0.0,none,-
thursday_web,239,52813.74986854522,996169.4631290225,82,82,0.40217391304347827,124.24294291454,3.0559647191194963,0.0,0.146,9095247.272,0,0.0,none,-
thursday_web,240,27509.983543067072,503120.53261490935,51,51,0.28125,108.72174953556,2.3697101105081764,0.0,0.052,12666673.206,0,0.0,none,-
thursday_web,241,21719.92202834034,599270.7911179702,58,58,0.205607476635514,128.5720655646,2.5868562262583783,0.0,0.042,12231876.278,0,0.0,none,-
thursday_web,242,82042.01666459086,1996679.1705171098,132,132,0.22935779816513763,101.01414971658,4.116072363832812,0.0,0.098,12193080.548,0,0.0,none,-
thursday_web,243,44503.419054843005,1461383.6105272942,60,60,0.09523809523809523,135.55431318115998,2.479590567724602,0.0,0.014,15471230.756,0,0.0,none,-
thursday_web,244,65139.25772960948,1413337.7283722116,134,134,0.24210526315789474,97.57906515306401,4.108919607785136,0.0,0.09,11344787.172,0,0.0,none,-
thursday_web,245,35219.09578262266,650666.54964871,59,59,0.3137254901960784,110.19269205107199,2.4625136510736714,0.0,0.062,13089125.356,0,0.0,none,-
thursday_web,246,43949.787408606004,1343478.615509024,72,72,0.1487603305785124,123.96744273485598,3.025555085272528,0.0,0.034,13582467.418,0,0.0,none,-
thursday_web,247,38225.49060034644,1693026.0828214397,70,70,0.1523809523809524,111.77740027352,2.8321305182966308,0.0,0.03,13791092.668,0,0.0,none,-
thursday_web,248,47452.50989152873,803521.4237910538,103,103,0.10606060606060606,132.156870766344,3.300010469583251,0.0,0.026,14294476.264,0,0.0,none,-
thursday_web,249,57159.313818029514,1400621.96684224,85,85,0.19402985074626866,129.917891583536,3.0779824828642415,0.0,0.05,12187024.892,0,0.0,none,-
thursday_web,250,8640.581670785954,213588.85246380823,30,30,0.05813953488372093,116.95467916668001,1.9258212344112056,0.0,0.008,15504066.134,0,0.0,none,-
thursday_web,251,48408.15409622807,1436045.7444605278,88,88,0.18518518518518517,155.352562298326,3.1014820435863064,0.0,0.058,11656552.282,0,0.0,none,-
thursday_web,252,81598.1494774457,2017522.9482148841,116,116,0.23809523809523808,116.22937697701398,3.9551062692770453,0.0,0.098,11416359.112,0,0.0,none,-
thursday_web,253,41998.01723973422,886975.4733750118,114,114,0.12179487179487179,125.64768997601999,3.5481554571560485,0.0,0.036,8828936.32,0,0.0,none,-
thursday_web,254,16201.20005211008,505267.62373007665,32,32,0.10294117647058823,136.45866580216,1.9229567419961744,0.0,0.012,18974966.764,0,0.0,none,-
thursday_web,255,48221.61886338469,887902.5592077752,126,126,0.13725490196078433,99.89245611466602,3.8229380595882305,0.002,0.054,10338551.97,0,0.0,none,-
thursday_web,256,35951.429053041626,693060.9663894001,63,63,0.10714285714285714,128.291535714054,2.620254691967417,0.0,0.022,13115831.94,0,0.0,none,-
thursday_web,257,46508.52798109915,1192909.5563453375,85,85,0.16279069767441862,135.49278771512002,2.9851034722732384,0.0,0.04,13970424.18,0,0.0,none,-
thursday_web,258,53141.7999620105,1130988.7028434428,98,98,0.14285714285714285,119.75538943704,3.152105804718522,0.0,0.038,15124066.46,0,0.0,none,-
thursday_web,259,86409.14507485005,921527.0646916549,191,191,0.20447284345047922,80.36698877902398,5.001324056926509,0.0,0.126,7896375.732,0,0.0,none,-
thursday_web,260,77546.0182155535,756442.7001444421,127,127,0.2966507177033493,98.14113280864001,3.9653814369650515,0.0,0.122,7687801.598,0,0.0,none,-
thursday_web,261,74887.08205518809,1938472.3175070866,73,73,0.288,173.86424178549998,2.9013818689908697,0.0,0.07,9601975.412,0,0.0,none,-
thursday_web,262,79150.43508031327,1219593.9939852785,93,93,0.18309859154929578,111.92496999814,3.2828503610819784,0.0,0.05,13327836.34,0,0.0,none,-
thursday_web,263,53319.55600203925,1060991.2413648516,85,85,0.208,117.11661257822,2.9168729028602436,0.0,0.05,10377003.294,0,0.0,none,-
thursday_web,264,20492.99752584469,384986.8274209662,39,39,0.02857142857142857,83.34259532078,1.663985217861685,0.0,0.002,8417139.264,0,0.0,none,-
thursday_web,265,33044.972698778496,999489.1348134042,89,89,0.2076923076923077,132.68975121265998,3.0311862106457914,0.0,0.052,16207271.132,0,0.0,none,-
thursday_web,266,80583.79457266418,2270986.7635532417,121,121,0.12093023255813953,124.23728623054001,3.769148518130325,0.004,0.05,11180945.904,0,0.0,none,-
thursday_web,267,14203.011102328095,494797.1027548432,40,40,0.13114754098360656,159.22501362746,2.0561674799160037,0.0,0.014,18186619.814,0,0.0,none,-
thursday_web,268,29858.01633872016,486623.96151504095,61,61,0.13636363636363635,135.47051562965999,2.4986878319441947,0.0,0.022,18613872.36,0,0.0,none,-
thursday_web,269,17243.275954982786,558711.0962000196,22,22,0.15,135.06844881202,1.552423326946131,0.0,0.01,16644716.146,0,0.0,none,-
thursday_web,270,36089.82868520523,536020.0264923733,86,86,0.05357142857142857,109.89198184874401,2.8643473783702023,0.0,0.01,15777153.446,0,0.0,none,-
thursday_web,271,22028.035572882985,1005187.1137429326,20,20,0.2987012987012987,113.6141672273,1.661517395467723,0.0,0.044,7287571.906,0,0.0,none,-
thursday_web,272,34045.281524960694,1008318.0086853242,54,54,0.20388349514563106,132.21509315924,2.3596813047301524,0.0,0.04,11893915.854,0,0.0,none,-
thursday_web,273,90279.70469964246,2008294.0558557354,145,145,0.22968197879858657,75.37310959189999,4.159152852753767,0.0,0.128,5623860.936,0,0.0,none,-
thursday_web,274,75082.54090104737,901297.0993223834,252,252,0.1253731343283582,54.020085325424,5.861040427666765,0.0,0.082,6435660.43,0,0.0,none,-
thursday_web,275,98082.3072528939,1243896.2989169564,129,129,0.2777777777777778,81.92734700397399,4.077449466368128,0.0,0.138,8659113.16,0,0.0,none,-
thursday_web,276,63713.49004419644,1343098.0328269778,91,91,0.1793103448275862,121.59241546263999,3.1812586297674224,0.0,0.05,12152773.71,0,0.0,none,-
thursday_web,277,51594.16155950929,1577629.3284779452,89,89,0.16216216216216217,115.22523323217999,3.183098306116059,0.0,0.046,11695877.72,0,0.0,none,-
thursday_web,278,8840.363901144945,299487.98430231644,13,13,0.22727272727272727,162.4463028015,1.5079147947586278,0.0,0.008,16940990.322,0,0.0,none,-
thursday_web,279,29027.91950238192,739663.375113014,41,41,0.0945945945945946,106.25176783746,2.0403274333569046,0.0,0.012,12613758.93,0,0.0,none,-
thursday_web,280,28501.144020810672,743299.8640909235,70,70,0.07692307692307693,104.24831582158001,2.2916239040921784,0.0,0.012,7759987.828,0,0.0,none,-
thursday_web,281,57752.70362230032,887845.1353954333,112,112,0.055248618784530384,122.94381539188,3.5456960711630385,0.0,0.018,8424383.826,0,0.0,none,-
thursday_web,282,77376.7435578525,755437.2140730493,130,130,0.07480314960629922,123.63852030344,4.266683799067647,0.0,0.036,5326252.734,0,0.0,none,-
thursday_web,283,6820.540312135251,201910.96395797766,22,22,0.023809523809523808,130.46759990018,1.6958634586328913,0.0,0.0,19663256.212,0,0.0,none,-
thursday_web,284,26136.078625149756,384921.89080740104,102,102,0.07692307692307693,85.05778226554001,3.0564451726448096,0.0,0.022,8315459.054,0,0.0,none,-
thursday_web,285,32978.64952393064,905406.0745321523,45,45,0.1326530612244898,149.23958352187998,2.4084703409969883,0.002,0.024,18964902.488,0,0.0,none,-
thursday_web,286,62920.48455193201,1357805.68940016,99,99,0.12903225806451613,96.69132184675999,3.2142183434127682,0.0,0.038,9374778.932,0,0.0,none,-
thursday_web,287,21238.913421001085,568111.1789189944,35,35,0.2459016393442623,166.10478530718,1.9891985192010693,0.0,0.028,17912269.73,0,0.0,none,-
thursday_web,288,48811.84575709799,1366084.0586248422,76,76,0.15966386554621848,116.93495533932,2.802321195385239,0.0,0.036,13751483.374,0,0.0,none,-
thursday_web,289,49435.39455898783,783380.3027940465,167,167,0.044897959183673466,86.62529644279999,4.592794447389001,0.0,0.02,7529192.992,0,0.0,none,-
thursday_web,290,24189.49877703552,505664.0123082981,25,25,0.1111111111111111,166.97030125278002,1.6181471481160816,0.0,0.012,21786491.376,0,0.0,none,-
thursday_web,291,61211.11072463542,1072054.2216077754,144,144,0.09090909090909091,57.718837944704,3.9967160312489414,0.002,0.06,5778520.67,0,0.0,none,-
thursday_web,292,73339.05362963318,1924064.8245413683,128,128,0.23318385650224216,88.038909348168,3.792394344346013,0.0,0.102,8270940.522,0,0.0,none,-
thursday_web,293,57415.66412560512,1178050.1116463728,136,136,0.3063063063063063,103.33988396656001,3.721528619051556,0.0,0.134,19352343.418,0,0.0,none,-
thursday_web,294,48830.88571865209,1425537.150545013,67,67,0.2,185.06387751447397,2.7270487893737747,0.0,0.042,18704418.688,0,0.0,none,-
thursday_web,295,24301.60397108836,1040843.8064732009,20,20,0.15151515151515152,106.04969422795999,1.0873603830504077,0.0,0.008,7449252.886,0,0.0,none,-
thursday_web,296,85354.57394181233,2117815.0762350457,131,131,0.29207920792079206,109.24371978697799,4.219877620635585,0.0,0.116,10671527.692,0,0.0,none,-
thursday_web,297,58388.83813844825,815646.6576546566,88,88,0.17261904761904762,79.949875650024,3.0017487937740848,0.0,0.056,15923438.458,0,0.0,none,-
thursday_web,298,8929.220184382586,230084.80123648656,11,11,0.21052631578947367,168.629326758348,1.4856432292305577,0.0,0.014,24821078.916,0,0.0,none,-
thursday_web,299,17140.45081172688,608036.415564918,18,18,0.02702702702702703,128.3168653707,1.3661290297206379,0.0,0.0,13352454.226,0,0.0,none,-
thursday_web,300,50529.60865241107,900804.9473085568,98,98,0.14864864864864866,113.50569056234,3.0997351218382847,0.0,0.042,17807530.87,0,0.0,none,-
thursday_web,301,41998.780160012764,565017.6310407148,98,98,0.19473684210526315,114.22275865542,3.4065882725870256,0.0,0.072,12019189.8,0,0.0,none,-
thursday_web,302,37621.214492708044,737097.5880606412,51,51,0.10309278350515463,104.13662152284002,2.2086926863898793,0.0,0.018,9987925.038,0,0.0,none,-
thursday_web,303,40574.97035166946,966799.8383287906,109,109,0.15609756097560976,103.09077286261999,3.369587906508926,0.0,0.062,6484497.25,0,0.0,none,-
thursday_web,304,118517.49546751044,1617408.072258892,195,195,0.2354948805460751,63.823379635098,5.083929803592903,0.0,0.136,12284782.924,0,0.0,none,-
thursday_web,305,68716.1745530848,1262727.2527177127,134,134,0.19617224880382775,107.19687197288201,3.9052776391778714,0.0,0.08,8490106.618,0,0.0,none,-
thursday_web,306,16575.44557345914,362936.0291548239,30,30,0.34782608695652173,151.16687409133,1.7823901196747218,0.0,0.046,15757841.552,0,0.0,none,-
thursday_web,307,43480.42629918301,1059280.7840662934,96,96,0.1111111111111111,123.59134215203999,3.142769422669616,0.0,0.036,11532082.598,0,0.0,none,-
thursday_web,308,62479.891708602845,1908646.5781565823,113,113,0.14601769911504425,115.15546931318602,3.8500522986366077,0.0,0.064,17589958.414,0,0.0,none,-
thursday_web,309,51115.38421225324,652061.1197478675,101,101,0.1643835616438356,95.81685582058,3.1023714133717446,0.0,0.046,13477610.932,0,0.0,none,-
thursday_web,310,80721.9934267453,2209974.698767887,121,121,0.3313253012048193,109.53570127307201,3.870892674518759,0.0,0.108,9587534.064,0,0.0,none,-
thursday_web,311,9043.294373830708,274461.07757623604,32,32,0.14285714285714285,140.439173552502,1.7635259610846967,0.0,0.018,9029672.282,0,0.0,none,-
thursday_web,312,97610.86451459372,3128353.135848007,131,131,0.192,82.706668235032,4.294483693678786,0.002,0.094,8673247.898,0,0.0,none,-
thursday_web,313,37542.40803398311,865411.1499400092,66,66,0.2857142857142857,136.104119793478,2.58424159114757,0.0,0.058,22566527.342,0,0.0,none,-
thursday_web,314,73552.69943040554,1676793.4109325253,170,170,0.16299559471365638,96.12108821059999,4.935640032487323,0.0,0.072,12026963.6,0,0.0,none,-
thursday_web,315,18879.334602513412,556769.979724144,31,31,0.13793103448275862,140.20465015782,1.8763709269739202,0.0,0.014,12982095.748,0,0.0,none,-
thursday_web,316,48006.66631650922,1227608.432920806,93,93,0.14634146341463414,118.5952196301,2.8861395570195403,0.0,0.034,13674478.78,0,0.0,none,-
thursday_web,317,16732.666405214084,234273.42144973326,36,36,0.19230769230769232,137.7943107379,1.9021245547273313,0.0,0.018,15984621.796,0,0.0,none,-
thursday_web,318,89041.97842839386,1940938.3295992853,108,108,0.24293785310734464,110.40471819513401,3.55739207672238,0.0,0.084,12883465.212,0,0.0,none,-
thursday_web,319,63184.097609359764,1830814.3445947354,125,125,0.17964071856287425,103.71886180887999,3.938035047435011,0.0,0.058,12289917.752,0,0.0,none,-
thursday_web,320,61706.55149057888,862551.0892953769,124,124,0.24019607843137256,104.26163776011599,3.9104282860462116,0.0,0.096,8857831.838,0,0.0,none,-
thursday_web,321,6397.894325757324,298712.96552667965,12,12,0.07407407407407407,135.23260970453998,1.6717618016938705,0.0,0.006,15871813.534,0,0.0,none,-
thursday_web,322,55684.78850771515,447920.650168409,127,127,0.1813953488372093,65.04266966275999,3.5648272210318086,0.0,0.076,4951175.696,0,0.0,none,-
thursday_web,323,31804.484775817597,768589.8286866539,71,71,0.25333333333333335,121.50336346473999,2.7117439015217486,0.004,0.074,14579697.714,0,0.0,none,-
thursday_web,324,50209.44559566563,1037205.7878630199,117,117,0.10429447852760736,96.006893069196,3.4114273946123737,0.0,0.032,7042678.606,0,0.0,none,-
thursday_web,325,84215.60668045557,3284615.1692334497,94,94,0.27044025157232704,109.92119791924401,3.8068019354975347,0.0,0.084,12166743.448,0,0.0,none,-
thursday_web,326,37002.31618452256,1363629.883599241,104,104,0.1,122.64035143436,3.5256656136039206,0.002,0.026,16845615.516,0,0.0,none,-
thursday_web,327,29358.793657216902,706596.3343912738,63,63,0.17117117117117117,120.06735053886,2.7868725599022235,0.0,0.036,14290164.358,0,0.0,none,-
thursday_web,328,71066.29429476395,1806856.9905131662,105,105,0.17682926829268292,111.89899531028401,3.481073829386851,0.0,0.056,11375230.396,0,0.0,none,-
thursday_web,329,80336.64296348188,3167475.8336650417,131,131,0.2087378640776699,105.93186822988,4.437599171815124,0.0,0.084,10337502.764,0,0.0,none,-
thursday_web,330,82288.78229391872,2907666.673030679,107,107,0.11176470588235295,107.83995336795999,4.465567655026878,0.002,0.036,6162787.056,0,0.0,none,-
thursday_web,331,31424.929756184152,826646.1980522317,51,51,0.08536585365853659,149.32945123956,2.4975874249249803,0.0,0.012,26248193.622,0,0.0,none,-
thursday_web,332,42558.86957991264,1269845.9987067496,89,89,0.23809523809523808,160.60628465938,3.1144796982318415,0.0,0.058,15250217.284,0,0.0,none,-
thursday_web,333,77347.71258721483,1640386.9971897355,166,166,0.1589958158995816,93.91557817718001,4.518700951307712,0.0,0.074,8250376.708,0,0.0,none,-
thursday_web,334,67966.44398846263,2738363.238539903,120,120,0.23404255319148937,115.31416646593999,4.504317327848507,0.0,0.086,4066081.438,0,0.0,none,-
thursday_web,335,31591.329818077582,1311144.9533351231,44,44,0.18461538461538463,166.10546711024,2.5639724675927793,0.006,0.022,13302122.234,0,0.0,none,-
thursday_web,336,16703.213358544614,344480.0637085738,37,37,0.25,134.6605867327,1.7776329411132528,0.0,0.02,13812250.986,0,0.0,none,-
thursday_web,337,50871.87077893184,1479874.1726698189,91,91,0.1388888888888889,110.631526362664,3.2304192124437154,0.002,0.038,10161571.024,0,0.0,none,-
thursday_web,338,52460.47279565832,1983424.6507691143,123,123,0.21875,164.66885379972,3.9099466283405566,0.0,0.082,9350339.354,0,0.0,none,-
thursday_web,339,64656.50797277481,1641469.111575496,94,94,0.1625,100.771742734744,3.3777529761584595,0.0,0.05,6650178.728,0,0.0,none,-
thursday_infil,0,29759.099242893415,738949.2915767358,52,52,0.25773195876288657,160.65462230952002,2.3570766262874256,0.0,0.048,12107150.828,0,0.0,none,-
thursday_infil,1,55297.13174758361,1371213.012970898,102,102,0.11764705882352941,105.89587363345,3.339718563884851,0.0,0.038,5199716.382,0,0.0,none,-
thursday_infil,2,63440.24619688537,2001246.3087806227,98,98,0.2784090909090909,104.79182822791199,3.5717486699851078,0.0,0.096,10374984.224,0,0.0,none,-
thursday_infil,3,29476.32308963871,1243333.3131240788,48,48,0.203125,185.09539239510002,2.2778356100866683,0.002,0.024,21535334.296,0,0.0,none,-
thursday_infil,4,36618.147379162205,862331.8201825029,69,69,0.14423076923076922,129.71340222094003,2.683543852774029,0.0,0.028,15651095.846,0,0.0,none,-
thursday_infil,5,25675.962523806444,1677612.2144289976,45,45,0.17647058823529413,151.97192022870001,2.256654192150925,0.0,0.016,17723252.136,0,0.0,none,-
thursday_infil,6,28485.460869975574,1077410.0502458948,35,35,0.3333333333333333,126.66480680446001,1.720644825786505,0.0,0.03,14094530.802,0,0.0,none,-
thursday_infil,7,113577.26799633482,2111704.219133296,190,190,0.21153846153846154,97.11162988448001,4.953080879905639,0.0,0.108,8874812.724,0,0.0,none,-
thursday_infil,8,17251.948090073623,392463.6803454481,52,52,0.18309859154929578,154.11291257521998,2.2560049703839686,0.0,0.024,24745279.706,0,0.0,none,-
thursday_infil,9,91033.43913821592,1208002.8875986729,121,121,0.22277227722772278,76.59220029641999,3.650032212224038,0.0,0.088,8433977.572,0,0.0,none,-
thursday_infil,10,9432.17290644514,242891.2755050327,29,29,0.21568627450980393,145.52908894303204,1.7792753784003446,0.0,0.02,15724516.748,0,0.0,none,-
thursday_infil,11,60977.148300396875,1033045.3922225733,119,119,0.19170984455958548,79.115272365628,3.4829965088875237,0.0,0.072,10787433.588,0,0.0,none,-
thursday_infil,12,68036.99838204742,1190524.5104061984,125,125,0.25333333333333335,112.12968334194,3.4294202110300875,0.0,0.074,7639629.468,0,0.0,none,-
thursday_infil,13,22204.98909875023,481079.5512663134,55,55,0.17857142857142858,154.25106277935998,2.2972907163814713,0.0,0.028,16680235.03,0,0.0,none,-
thursday_infil,14,99065.40772268281,1428936.7802374258,160,160,0.2902208201892745,58.675442939684,4.420533586889908,0.0,0.182,8201978.994,0,0.0,none,-
thursday_infil,15,13793.595466668858,361508.03551897063,21,21,0.10638297872340426,152.69577071328,1.7755537374806134,0.0,0.008,15041469.482,0,0.0,none,-
thursday_infil,16,11046.965167045999,165933.59073424633,22,22,0.02666666666666667,133.36741854208,1.5230426745405508,0.0,0.002,7100752.972,0,0.0,none,-
thursday_infil,17,86043.05602988915,1189113.375923795,149,149,0.17288135593220338,61.722358524124,4.401672517830198,0.0,0.1,8089397.132,0,0.0,none,-
thursday_infil,18,28089.027807675062,764549.4814431024,46,46,0.2537313432835821,171.80454271916,2.15760638051439,0.0,0.032,16484683.452,0,0.0,none,-
thursday_infil,19,60356.43399926548,955016.5442000816,110,110,0.07317073170731707,94.46129828344,3.4608484747285653,0.0,0.028,6734139.71,0,0.0,none,-
thursday_infil,20,19158.285134937796,266969.8621072064,27,27,0.046511627906976744,116.15741371722001,1.8646582745652278,0.0,0.01,7889242.784,0,0.0,none,-
thursday_infil,21,29156.851265157762,799641.0734704431,43,43,0.25263157894736843,135.56098973834003,2.127154744695493,0.0,0.046,4340268.438,0,0.0,none,-
thursday_infil,22,16411.39254849319,444060.5942076151,26,26,0.12048192771084337,146.40697491932002,1.856280964057834,0.0,0.018,3520589.302,0,0.0,none,-
thursday_infil,23,44834.97560175152,814744.034179406,87,87,0.1736111111111111,143.17444426987402,3.066169583356866,0.0,0.048,9102943.474,0,0.0,none,-
thursday_infil,24,48068.818091110676,1751419.1658010934,38,38,0.1956521739130435,135.17357968842,1.8805955000666956,0.0,0.034,13063817.862,0,0.0,none,-
thursday_infil,25,19041.599789347467,685354.3504157633,37,37,0.1619718309859155,154.12171441714,2.195101570929545,0.0,0.044,13065959.716,0,0.0,none,-
thursday_infil,26,22745.689709755028,505844.5027369702,30,30,0.06493506493506493,121.10454295576,1.7809456997731632,0.0,0.008,12161213.402,0,0.0,none,-
thursday_infil,27,30393.065046711796,800592.2035614086,88,88,0.17647058823529413,108.25651690561999,2.7368583997172817,0.0,0.04,4895282.264,0,0.0,none,-
thursday_infil,28,51685.983121438716,1375317.8305809777,110,110,0.18041237113402062,124.50684290391601,3.5979638739746616,0.0,0.068,11592788.052,0,0.0,none,-
thursday_infil,29,32624.315472226783,1054217.093166612,47,47,0.07784431137724551,123.7062682255,2.1872708521666455,0.0,0.024,9936381.368,0,0.0,none,-
thursday_infil,30,54441.288159160074,1791888.4092781506,93,93,0.11926605504587157,136.516105684902,3.41726995588635,0.0,0.05,8028518.878,0,0.0,none,-
thursday_infil,31,15327.556432717025,313483.7721086958,31,31,0.11764705882352941,129.65448396204,1.7601968907437149,0.0,0.01,21042097.864,0,0.0,none,-
thursday_infil,32,34896.006544330805,1075307.5887165035,74,74,0.09333333333333334,134.677304650372,2.7893265208839866,0.0,0.026,13324512.39,0,0.0,none,-
thursday_infil,33,66865.97904878129,857269.1281028419,107,107,0.13297872340425532,124.92200334234,3.5434485117163863,0.0,0.048,17820559.364,0,0.0,none,-
thursday_infil,34,16380.353318231893,437172.7544169551,41,41,0.09090909090909091,124.37407570114,2.023881206911784,0.0,0.01,13906682.892,0,0.0,none,-
thursday_infil,35,69620.6755700335,1516309.0263384439,149,149,0.18627450980392157,106.56330888082,4.083733804396221,0.0,0.074,10149831.74,0,0.0,none,-
thursday_infil,36,94332.10178619462,1514816.8685109688,117,117,0.3,126.15518769984,3.4743280789741817,0.0,0.094,10102628.536,0,0.0,none,-
thursday_infil,37,36154.070124726626,609558.9970415118,61,61,0.2717391304347826,112.655208166738,2.424693879427587,0.0,0.048,18629747.19,0,0.0,none,-
thursday_infil,38,44482.59234045174,1004289.9614615475,89,89,0.10256410256410256,124.33460178023999,2.8701738403871646,0.004,0.03,10550792.514,0,0.0,none,-
thursday_infil,39,9750.81123779849,393243.75333478115,18,18,0.12903225806451613,139.29597091708,1.5536058058941928,0.002,0.006,16753560.72,0,0.0,none,-
thursday_infil,40,34146.38561339612,1018989.6797387708,70,70,0.09183673469387756,104.861876651632,2.4390829633010713,0.0,0.016,13077604.976,0,0.0,none,-
thursday_infil,41,49537.98675705046,1279478.4745311672,88,88,0.041176470588235294,80.593165608604,3.0095547370975733,0.0,0.012,7494485.434,0,0.0,none,-
thursday_infil,42,60880.096269350855,1329956.2298038332,137,137,0.20074349442379183,96.930528640244,4.228272624564009,0.0,0.106,9103268.194,0,0.0,none,-
thursday_infil,43,40591.83861021749,437328.6852597954,114,114,0.09929078014184398,115.19232660704601,3.437073288255979,0.0,0.026,15603590.802,0,0.0,none,-
thursday_infil,44,38498.83540090849,934382.7303107337,97,97,0.14285714285714285,94.31367431782,3.0374101677643286,0.0,0.04,9473062.214,0,0.0,none,-
thursday_infil,45,58555.1924869418,1562233.927566526,125,125,0.19540229885057472,120.71781474324598,3.7148526618574857,0.0,0.066,15427626.66,0,0.0,none,-
thursday_infil,46,37193.04586321285,500480.0867662499,83,83,0.2868217054263566,127.50582511921999,2.934095648374584,0.0,0.072,21242817.388,0,0.0,none,-
thursday_infil,47,28709.21177744532,1104865.4300954647,48,48,0.26865671641791045,130.00216279763998,2.1866556570935556,0.0,0.034,14105593.864,0,0.0,none,-
thursday_infil,48,57583.3789582551,829631.2746913619,88,88,0.21014492753623187,133.48873747072,2.994304609276078,0.0,0.056,13282771.812,0,0.0,none,-
thursday_infil,49,30147.371242772228,684506.5407065082,67,67,0.09523809523809523,101.23004697998,2.421567999401781,0.0,0.018,8478865.458,0,0.0,none,-
thursday_infil,50,86609.884643515,2092198.144109736,188,188,0.14925373134328357,91.44799051902,5.057847975623525,0.0,0.078,8174829.002,0,0.0,none,-
thursday_infil,51,38443.320425854516,528691.876494224,68,68,0.3063063063063063,119.08883930972401,2.6777063516458504,0.0,0.066,17701438.054,0,0.0,none,-
thursday_infil,52,38662.537709915996,1079562.5712361701,80,80,0.1171875,110.60621812864,2.848076906629769,0.0,0.028,11836418.18,0,0.0,none,-
thursday_infil,53,50118.99156109999,969748.7233426945,88,88,0.23076923076923078,108.54814939468001,2.8057514581240195,0.0,0.064,10265694.332,0,0.0,none,-
thursday_infil,54,53724.357846858096,1456123.0643020803,122,122,0.18012422360248448,125.06553522035999,3.762259625574864,0.0,0.056,16327858.812,0,0.0,none,-
thursday_infil,55,25689.34251451707,829001.3708729524,24,24,0.22727272727272727,127.68394679715999,1.5021971509993937,0.0,0.018,9086015.46,0,0.0,none,-
thursday_infil,56,45326.83560137683,1322824.7067223506,60,60,0.15384615384615385,121.129677254106,2.380408554498742,0.0,0.03,10038148.08,0,0.0,none,-
thursday_infil,57,33274.6682713057,583453.4636991686,61,61,0.11627906976744186,155.25091112724,2.2998288567644547,0.0,0.018,9235075.64,0,0.0,none,-
thursday_infil,58,51595.51451379138,1180278.1912402515,108,108,0.14792899408284024,135.482625130108,3.4075097868596016,0.002,0.048,9298849.23,0,0.0,none,-
thursday_infil,59,32022.647354270182,979361.6005046893,62,62,0.10810810810810811,97.0635536333,2.2877103398624556,0.0,0.022,9576436.746,0,0.0,none,-
thursday_infil,60,72387.25274858081,1047076.7411752093,125,125,0.336322869955157,107.410935023526,3.789198636090563,0.0,0.148,17023421.606,0,0.0,none,-
thursday_infil,61,29426.540300828958,723255.1533304815,59,59,0.2328767123287671,122.03219868258,2.2319601194726317,0.0,0.032,16197924.1,0,0.0,none,-
thursday_infil,62,53892.82143334867,748969.4165892046,108,108,0.27835051546391754,118.30148704298,3.3958227937104533,0.0,0.106,21726926.176,0,0.0,none,-
thursday_infil,63,29127.703494267564,362110.46232959296,55,55,0.12195121951219512,133.14093985206,2.4351692837769012,0.0,0.018,23058521.008,0,0.0,none,-
thursday_infil,64,8445.082917183501,313097.4086803226,15,15,0.3333333333333333,146.14301187424002,1.4985171050202137,0.0,0.018,15141796.682,0,0.0,none,-
thursday_infil,65,13361.558484661955,286709.549913572,18,18,0.09523809523809523,116.86761423888,1.5386943997119849,0.0,0.006,14253130.872,0,0.0,none,-
thursday_infil,66,45889.0449740825,572147.0545746716,104,104,0.1118421052631579,107.05504224822,3.1672762637219884,0.0,0.032,11325304.212,0,0.0,none,-
thursday_infil,67,26268.161349114067,991897.4850609651,64,64,0.014598540145985401,77.719634196632,2.513436614212665,0.0,0.002,12126401.872,0,0.0,none,-
thursday_infil,68,14921.430835906174,296842.75028787385,72,72,0.06349206349206349,139.82657215945,2.747782153379937,0.0,0.014,16668542.28,0,0.0,none,-
thursday_infil,69,23974.122685155682,710065.7777616346,53,53,0.05042016806722689,125.81555064618,2.3223725484375577,0.0,0.01,12582138.122,0,0.0,none,-
thursday_infil,70,149107.3840895542,1706640.7072423974,164,164,0.29435483870967744,65.88796203858001,4.357312354157025,0.0,0.144,8001287.986,0,0.0,none,-
thursday_infil,71,54789.94229854326,511536.5003996939,190,190,0.1079136690647482,79.80538783008399,4.890829877638868,0.0,0.058,5612478.948,0,0.0,none,-
thursday_infil,72,41811.76018743839,653228.6074107878,83,83,0.2916666666666667,129.69055477554,2.846242408919987,0.0,0.068,13624862.816,0,0.0,none,-
thursday_infil,73,79551.70241667751,880428.939542803,148,148,0.15763546798029557,70.81658047127401,4.072669570766845,0.0,0.062,6986445.212,0,0.0,none,-
thursday_infil,74,25933.09029771276,1683665.4689565338,69,69,0.14655172413793102,121.833974483952,2.824122994083612,0.0,0.032,10159124.52,0,0.0,none,-
thursday_infil,75,94879.6973687838,1955699.3958856855,122,122,0.21568627450980393,111.85215828978,3.770051619459886,0.0,0.064,11669632.892,0,0.0,none,-
thursday_infil,76,22507.246630230882,908251.5610778432,62,62,0.12149532710280374,106.76740429766001,2.6883789850710893,0.0,0.024,14359475.62,0,0.0,none,-
thursday_infil,77,37202.09369803405,636616.7868070072,41,41,0.16,116.14800501002,2.164316175228399,0.0,0.022,5872399.948,0,0.0,none,-
thursday_infil,78,30639.141303933084,1067199.3840521502,59,59,0.07058823529411765,141.90263191507998,2.3711699186961175,0.0,0.01,16243638.098,0,0.0,none,-
thursday_infil,79,22976.94239783122,756995.0379617811,42,42,0.2054794520547945,139.30732528072002,2.0413554218427126,0.0,0.028,12511287.968,0,0.0,none,-
thursday_infil,80,79078.93795455468,2154755.6888340693,161,161,0.2231404958677686,82.28162473070401,4.475747162224779,0.0,0.106,8152426.486,0,0.0,none,-
thursday_infil,81,51814.924680292665,1594874.4964604387,79,79,0.3020833333333333,152.712358704766,3.001546720185137,0.0,0.056,14530966.122,0,0.0,none,-
thursday_infil,82,52505.72659452577,1171411.6177769508,95,95,0.19083969465648856,141.13539026170997,3.3598447579008033,0.0,0.048,17471120.56,0,0.0,none,-
thursday_infil,83,73203.63079504612,1343022.0974726323,167,167,0.2097560975609756,100.19737846241999,4.579343424011621,0.002,0.084,10701760.624,0,0.0,none,-
thursday_infil,84,26272.65858302096,307202.39631564333,47,47,0.25263157894736843,177.86136493938,2.234239495836543,0.0,0.046,17932553.222,0,0.0,none,-
thursday_infil,85,30441.22246822486,790736.3918972568,98,98,0.12751677852348994,100.95390614915598,3.047047428997607,0.0,0.036,12983269.646,0,0.0,none,-
thursday_infil,86,32900.64907989697,545073.4705714234,51,51,0.2608695652173913,154.7952229709,2.2294418891009435,0.0,0.034,13454601.876,0,0.0,none,-
thursday_infil,87,43384.64120920675,671252.6757107411,101,101,0.168141592920354,128.05930886708,3.254338621634319,0.0,0.036,6188801.176,0,0.0,none,-
thursday_infil,88,35497.524819890576,554608.8836862183,57,57,0.23595505617977527,158.9138140682,2.389891182530498,0.0,0.04,15321183.724,0,0.0,none,-
thursday_infil,89,30124.458528460895,819942.5366095984,42,42,0.11842105263157894,118.41216461748,2.0103714814737397,0.0,0.016,9452136.942,0,0.0,none,-
thursday_infil,90,53636.56232944359,1302411.1367532788,96,96,0.09743589743589744,105.338247374752,3.2164300923103486,0.0,0.036,11649748.07,0,0.0,none,-
thursday_infil,91,94254.00909995973,1784671.7584319988,127,127,0.23717948717948717,167.518018168654,3.701183594444916,0.002,0.072,9753993.11,0,0.0,none,-
thursday_infil,92,93819.25435229743,2369912.0988585753,204,204,0.23717948717948717,54.610758671099994,5.126877168990852,0.0,0.146,9171278.35,0,0.0,none,-
thursday_infil,93,35960.51932128339,1838037.0826297028,57,57,0.18691588785046728,225.130724171452,2.5417474474481856,0.0,0.038,17624564.586,0,0.0,none,-
thursday_infil,94,18810.271748470586,327098.54524383775,45,45,0.06944444444444445,132.11594480152002,2.1105001783192723,0.0,0.008,16574451.0,0,0.0,none,-
thursday_infil,95,66375.07352143139,1452434.4618584567,98,98,0.20987654320987653,111.25414745799999,3.1702213641700148,0.0,0.066,10696887.356,0,0.0,none,-
thursday_infil,96,41196.202652160806,1547666.9943783628,72,72,0.1941747572815534,154.04497867654,2.776540176202042,0.0,0.038,9054056.422,0,0.0,none,-
thursday_infil,97,27713.23733722695,544579.5932969556,60,60,0.20192307692307693,134.97154935597402,2.48686078800978,0.004,0.04,16177250.6,0,0.0,none,-
thursday_infil,98,23596.06299716405,501132.77192950464,35,35,0.29545454545454547,148.10090890782,1.956633295268271,0.0,0.024,15166231.822,0,0.0,none,-
thursday_infil,99,79869.41787275647,977833.86461143,155,155,0.13963963963963963,75.07702677304,4.219366753349885,0.0,0.06,6322990.176,0,0.0,none,-
thursday_infil,100,110537.1895716278,1060306.0879443062,331,331,0.10160427807486631,32.53960957144,7.088317194922041,0.0,0.036,2094351.972,0,0.0,none,-
thursday_infil,101,64143.46632183069,533793.0440731982,347,347,0.13636363636363635,46.708785512806,7.244573446817535,0.0,0.01,5266610.174,0,0.0,none,-
thursday_infil,102,89944.2498911285,1016632.5263575325,435,435,0.30303030303030304,13.5912670908,8.372020954313738,0.0,0.038,562634.692,0,0.0,none,-
thursday_infil,103,50450.43131247403,799636.3238771979,93,93,0.22404371584699453,134.650902523196,3.3714229640981266,0.0,0.08,10373996.892,0,0.0,none,-
thursday_infil,104,67730.31137310948,2003988.117116296,76,76,0.4375,130.018800957628,2.765315594617314,0.0,0.096,12291410.874,0,0.0,none,-
thursday_infil,105,41672.98149794765,1165670.1160823007,54,54,0.2702702702702703,114.405967846066,2.125745544021602,0.0,0.038,10635585.794,0,0.0,none,-
thursday_infil,106,84133.20745648029,1150649.0317205763,142,142,0.22748815165876776,116.38392622184,3.9615359019635745,0.0,0.094,6910673.18,0,0.0,none,-
thursday_infil,107,59631.98555050708,1092341.7570850349,77,77,0.23255813953488372,123.511923389218,2.7539072167836105,0.0,0.058,8486417.804,0,0.0,none,-
thursday_infil,108,28555.120805714294,1067207.161258669,39,39,0.1891891891891892,126.53675676200001,1.8949044281409912,0.0,0.026,13236492.384,0,0.0,none,-
thursday_infil,109,90354.47933859726,2094935.555276432,121,121,0.13917525773195877,117.186607658914,3.6431893685612895,0.0,0.052,11244090.988,0,0.0,none,-
thursday_infil,110,37900.29015778701,577032.363549302,61,61,0.13414634146341464,139.212315107424,2.325869066535632,0.0,0.02,17280855.182,0,0.0,none,-
thursday_infil,111,47031.582918974294,811492.9578577714,73,73,0.13675213675213677,112.03556948124,2.5950490867599423,0.0,0.03,13842688.806,0,0.0,none,-
thursday_infil,112,37629.79744473459,755855.8627754113,68,68,0.1875,139.14287850291998,2.5399926542036306,0.0,0.046,11319389.512,0,0.0,none,-
thursday_infil,113,35436.71784129095,518464.0889503342,125,125,0.22815533980582525,127.86942491891399,3.4800520604146383,0.0,0.092,12207557.068,0,0.0,none,-
thursday_infil,114,17444.10185398583,581320.2588339541,31,31,0.10144927536231885,128.15972717,1.846619106977991,0.0,0.012,14087813.556,0,0.0,none,-
thursday_infil,115,123056.96499978425,1830132.9333194478,194,194,0.23333333333333334,56.299359373836,5.015576723499239,0.0,0.138,6799636.176,0,0.0,none,-
thursday_infil,116,69566.5620188992,1447233.2461264736,136,136,0.2608695652173913,98.74625304811599,3.949326004409196,0.0,0.118,15256382.662,0,0.0,none,-
thursday_infil,117,65168.44045631583,1105295.0514306743,125,125,0.22981366459627328,115.68545778135999,3.5965032478741135,0.0,0.072,12757314.7,0,0.0,none,-
thursday_infil,118,89709.29209047565,1458502.3458049593,144,144,0.22613065326633167,123.72248716584,3.886509175631926,0.002,0.088,5021515.998,0,0.0,none,-
thursday_infil,119,28540.91366430161,1136043.296520265,53,53,0.22580645161290322,137.227524065898,2.5660505891531744,0.0,0.054,17999814.664,0,0.0,none,-
thursday_infil,120,70748.91508248317,2150633.123026822,103,103,0.23626373626373626,100.13441657366,3.678628437692272,0.0,0.084,8931361.508,0,0.0,none,-
thursday_infil,121,48209.98007677089,1239311.829770664,63,63,0.29,154.85117498632601,2.5131536711675775,0.0,0.056,12980827.794,0,0.0,none,-
thursday_infil,122,86545.24854933524,1942849.394069648,149,149,0.12380952380952381,106.884747179474,4.283064031840049,0.0,0.05,10098633.098,0,0.0,none,-
thursday_infil,123,68424.30139273914,1228305.8124003997,94,94,0.2569444444444444,108.11586523386,3.126111012563804,0.0,0.072,13629375.658,0,0.0,none,-
thursday_infil,124,43135.78382994165,937284.2284158091,56,56,0.31645569620253167,150.457001525344,2.1386686191433784,0.0,0.048,12583948.312,0,0.0,none,-
thursday_infil,125,47843.73123998929,782837.229944058,94,94,0.16806722689075632,108.3667057003,2.9279270537458384,0.0,0.038,11954959.108,0,0.0,none,-
thursday_infil,126,30447.52604696942,289714.43657763046,51,51,0.10126582278481013,125.54332294066,2.309515120321458,0.0,0.014,18536771.92,0,0.0,none,-
thursday_infil,127,34532.694854370486,1017448.4746289281,67,67,0.13533834586466165,115.62606309437999,2.5418146209385477,0.0,0.034,16084774.702,0,0.0,none,-
thursday_infil,128,91507.12316012078,1749089.888189725,130,130,0.14948453608247422,104.78771146386,3.821101391123391,0.0,0.056,10128247.418,0,0.0,none,-
thursday_infil,129,104205.46828961793,1885166.0765857808,178,178,0.1532567049808429,87.872232848676,5.053883137043461,0.0,0.078,9006404.162,0,0.0,none,-
thursday_infil,130,22156.545236472248,605236.2982796468,57,57,0.23684210526315788,136.79135649303998,2.3557848992342842,0.0,0.034,17678181.734,0,0.0,none,-
thursday_infil,131,27620.353979164676,694678.369846955,84,84,0.1347517730496454,141.189333657894,2.7398354934616673,0.0,0.036,9904538.04,0,0.0,none,-
thursday_infil,132,44145.026268477835,1091990.178277411,85,85,0.1885245901639344,145.89799545670002,3.0519789376933026,0.0,0.044,20076398.234,0,0.002,none,-
thursday_infil,133,33809.93903827538,947485.5612658177,63,63,0.18888888888888888,128.1203088108,2.4589881876365043,0.002,0.032,11917060.488,0,0.0,none,-
thursday_infil,134,2882.6274167534475,182093.59925411182,11,11,0.09523809523809523,135.356676297886,1.173781535681293,0.0,0.002,16142428.64,0,0.0,none,-
thursday_infil,135,15763.873481912864,541558.8604490749,62,62,0.08421052631578947,127.38560136484,2.5538895561034463,0.0,0.014,12635281.776,0,0.0,none,-
thursday_infil,136,56175.37994849642,1161339.5943928056,48,48,0.14432989690721648,144.67608756071598,2.2291282130198486,0.0,0.026,13105522.298,0,0.002,none,-
thursday_infil,137,88470.9984011134,2307493.276071604,154,154,0.13454545454545455,72.279314766256,4.6507734291431175,0.0,0.072,5634042.22,0,0.0,none,-
thursday_infil,138,79929.44407294833,1213666.2262714764,206,206,0.21724137931034482,77.366551909928,5.149393830467396,0.0,0.124,8476105.38,0,0.0,none,-
thursday_infil,139,111457.53163359898,2973878.0463493913,156,156,0.2733812949640288,89.76719961854799,4.7872649124754885,0.0,0.15,9597308.494,0,0.0,none,-
thursday_infil,140,14083.321136691053,403628.4597376801,43,43,0.2753623188405797,133.95553092556,2.158781897716995,0.0,0.036,15995579.98,0,0.0,none,-
thursday_infil,141,66309.61638881484,1418752.651031447,122,122,0.15517241379310345,129.41258625429398,3.719891400966869,0.0,0.052,7511873.978,0,0.0,none,-
thursday_infil,142,62910.89071947532,1476778.2845171571,126,126,0.12637362637362637,87.1153358048,4.054086671809879,0.0,0.044,9704300.758,0,0.0,none,-
thursday_infil,143,57135.6090780291,1854662.9836808615,86,86,0.2283464566929134,138.65411507489998,3.297525002868154,0.0,0.056,15636808.484,0,0.0,none,-
thursday_infil,144,24263.710861350246,529918.9736909845,39,39,0.14545454545454545,161.15617501934,1.9969861525663044,0.0,0.014,18505233.85,0,0.0,none,-
thursday_infil,145,90921.29056101546,1624320.5502278265,112,112,0.2571428571428571,110.3809925927,3.71307687986479,0.0,0.088,16478063.86,0,0.002,none,-
thursday_infil,146,45389.20449366352,758309.2686660292,93,93,0.1721311475409836,141.51662003763997,3.1624442210779593,0.0,0.04,11998557.754,0,0.002,none,-
thursday_infil,147,25453.997439242154,575716.6312579521,54,54,0.11235955056179775,128.30069698578,2.1691716325134123,0.0,0.018,10690802.192,0,0.002,none,-
thursday_infil,148,71191.7618906371,1242209.4351803635,77,77,0.1292517006802721,125.91225612987999,2.7828718580506693,0.0,0.036,9063366.49,0,0.0,none,-
thursday_infil,149,16469.15816034567,280833.29220840096,28,28,0.12962962962962962,155.61473877758002,1.857935018670016,0.0,0.012,20235031.288,0,0.0,none,-
thursday_infil,150,53200.15903675957,949983.394492694,81,81,0.1366906474820144,117.092000706456,2.948947756996477,0.0,0.036,17049837.038,0,0.002,none,-
thursday_infil,151,6666.691504587821,360193.49486512603,20,20,0.038461538461538464,144.10370163192002,1.5318187444336189,0.0,0.0,16024992.864,0,0.0,none,-
thursday_infil,152,22278.934627638257,515958.9244917314,55,55,0.05555555555555555,116.92479502068001,2.2742233105783907,0.0,0.008,13161565.838,0,0.0,none,-
thursday_infil,153,23937.87751404097,412661.1409294951,81,81,0.07079646017699115,101.2975219858,2.656209470887822,0.0,0.014,4454661.348,0,0.0,none,-
thursday_infil,154,47599.822493883126,2325449.523783739,181,181,0.06741573033707865,467.641814482172,4.763049913336111,0.0,0.034,5645490.026,0,0.002,none,-
thursday_infil,155,23148.831458600434,1147688.4301170432,102,102,0.08571428571428572,376.16052358229194,3.1350655186096414,0.004,0.022,7154758.452,0,0.002,none,-
thursday_infil,156,51162.512978403895,3446274.2463283786,242,242,0.1305732484076433,783.5045060072999,5.567818220594733,0.0,0.08,4120019.742,0,0.002,none,-
thursday_infil,157,464256.7284792713,1386511.4457003074,275,275,0.20754716981132076,83.70803327582,7.873001836539292,0.0,0.02,723439.496,0,0.0,none,-
thursday_infil,158,518521.11662009964,1131683.0483225875,295,295,0.14285714285714285,15.170169448000001,8.144274509232165,0.0,0.0,42102.08,0,0.0,none,-
thursday_infil,159,551309.8393730867,1214797.695104352,291,291,0.1,22.606234278,8.124274509237935,0.0,0.0,2133.84,0,0.0,none,-
thursday_infil,160,531963.780966511,1202182.028488903,287,287,0.17647058823529413,30.5441671038,8.101254959235053,0.0,0.004,201378.976,0,0.0,none,-
thursday_infil,161,166311.10716564517,2527266.470093765,168,168,0.2,445.781767222482,5.15632110704172,0.002,0.054,11809010.568,0,0.0,none,-
thursday_infil,162,16320.997374992408,806520.8228769223,58,58,0.15789473684210525,281.94206281794,2.427414724164094,0.0,0.028,13032668.776,0,0.0,none,-
thursday_infil,163,84466.48648435983,2156012.770055913,104,104,0.21428571428571427,253.92527489726,3.142992078283429,0.0,0.058,12934288.194,0,0.0,none,-
thursday_infil,164,38451.988644587094,2910178.070069078,175,175,0.1,653.7974075457561,4.687630169942778,0.002,0.05,4552325.566,0,0.004,none,-
thursday_infil,165,9988.745820795519,337165.44557376,23,23,0.21568627450980393,166.96350280494,1.8200110718364004,0.0,0.02,26709156.674,0,0.0,none,-
thursday_infil,166,88647.03936674904,1160605.5534958406,136,136,0.0784313725490196,124.34023879840599,3.8882880834199174,0.0,0.03,13560270.25,0,0.0,none,-
thursday_infil,167,67731.03940228625,1575582.5172556215,75,75,0.26,125.133207990068,2.9240866624619284,0.0,0.076,14336991.056,0,0.004,none,-
thursday_infil,168,19532.53401626444,468055.8045308145,30,30,0.125,129.19774371425999,1.5061596643876145,0.0,0.01,10952039.392,0,0.0,none,-
thursday_infil,169,31681.07275585681,714124.8211536087,81,81,0.0761904761904762,102.13716571313999,2.622158584716111,0.0,0.014,10100968.548,0,0.0,none,-
thursday_infil,170,79749.08304224879,1499910.7887292702,160,160,0.149812734082397,73.23262797223799,4.609804563106443,0.002,0.078,5397633.262,0,0.0,none,-
thursday_infil,171,46481.21055126702,989640.2015837057,78,78,0.11320754716981132,121.90594448490398,2.7238487287215802,0.0,0.022,15055061.48,0,0.004,none,-
thursday_infil,172,53313.65401095863,1282489.0540685912,91,91,0.24193548387096775,118.72404238932,2.9897848314430786,0.0,0.058,14586958.354,0,0.0,none,-
thursday_infil,173,58086.867230538264,1128809.623727765,94,94,0.273972602739726,104.88575755907999,3.0622749481511238,0.0,0.078,12746543.618,0,0.0,none,-
thursday_infil,174,66067.57150904219,1241986.6689482452,74,74,0.23015873015873015,100.73992517366,2.6101821586363387,0.0,0.056,8571319.83,0,0.004,none,-
thursday_infil,175,73014.76132280196,1981477.588190446,135,135,0.22549019607843138,134.677418623878,4.073018112471679,0.0,0.09,9745270.256,0,0.0,none,-
thursday_infil,176,83937.26272461492,1110511.5122562111,130,130,0.20304568527918782,84.124459415388,3.9282837343390096,0.0,0.078,6325807.164,0,0.002,none,-
thursday_infil,177,62335.961627884164,1625541.6305176048,71,71,0.22549019607843138,136.12910568354,2.948404718462385,0.0,0.044,11847404.44,0,0.0,none,-
thursday_infil,178,23049.484991085137,699792.3381293723,53,53,0.1125,138.62746921646,2.2494514656705227,0.0,0.016,10067998.318,0,0.0,none,-
thursday_infil,179,36441.447889275194,1172368.3623592595,77,77,0.1282051282051282,112.89750468819999,2.7613904897004584,0.0,0.028,13429091.614,0,0.0,none,-
thursday_infil,180,59281.94275153472,1940311.0713993348,114,114,0.2138728323699422,111.87381430228602,3.633702797060179,0.0,0.072,14861211.558,0,0.0,none,-
thursday_infil,181,27117.068142695018,1105791.6284637882,30,30,0.23076923076923078,199.32916782842,1.991780654766889,0.0,0.028,13549274.61,0,0.0,none,-
thursday_infil,182,45092.0005109888,728425.8235012703,100,100,0.21604938271604937,86.97201798468,3.0418929665843657,0.0,0.068,9288615.218,0,0.0,none,-
thursday_infil,183,27930.646558374112,558936.5616093515,34,34,0.32142857142857145,141.12205973829998,1.8535098833629038,0.0,0.034,15870314.484,0,0.0,none,-
thursday_infil,184,33758.95638242255,815649.1216627874,113,113,0.05263157894736842,127.94840477584,3.8842089116327063,0.0,0.018,12362465.462,0,0.0,none,-
thursday_infil,185,20242.512071597317,492567.31329867104,75,75,0.11949685534591195,133.7093545913,2.849077886998011,0.0,0.036,12281227.462,0,0.0,none,-
thursday_infil,186,54912.08882841631,775949.7224102536,159,159,0.07053941908713693,109.019839758904,4.578899543036339,0.0,0.032,8574933.584,0,0.0,none,-
thursday_infil,187,53949.47621055719,1032630.6606695324,88,88,0.1267605633802817,120.17602870681198,3.3626709533162993,0.0,0.034,15751652.82,0,0.0,none,-
thursday_infil,188,22426.435868641707,835859.1821035463,29,29,0.16666666666666666,194.18277219542796,1.7121063926882063,0.002,0.01,16420018.788,0,0.0,none,-
thursday_infil,189,67078.39329103308,982671.3198362644,128,128,0.18660287081339713,111.26496463128,3.61746137308592,0.0,0.076,7567771.102,0,0.0,none,-
thursday_infil,190,27725.473995038345,709168.2800196491,67,67,0.16842105263157894,132.83879312858,2.4790075344357323,0.0,0.03,10433350.066,0,0.0,none,-
thursday_infil,191,71958.59400152993,1198453.3135757635,93,93,0.19911504424778761,129.42922652797398,3.1801879127337402,0.0,0.088,7225466.83,0,0.0,none,-
thursday_infil,192,60826.06891342706,1269957.0402064295,98,98,0.16666666666666666,149.951717793384,3.438498879531045,0.0,0.044,13163237.296,0,0.0,none,-
thursday_infil,193,22329.524047007337,602268.9259405582,39,39,0.16901408450704225,160.38189092494,1.9336861849608604,0.0,0.022,14617741.494,0,0.0,none,-
thursday_infil,194,56123.76693508163,1321298.4094896403,101,101,0.1407766990291262,105.68813098768,3.361100963504489,0.0,0.056,8591794.25,0,0.0,none,-
thursday_infil,195,34163.443180173745,741987.5902175262,62,62,0.25210084033613445,173.3801542754,2.357711189223539,0.002,0.058,14875222.344,0,0.0,none,-
thursday_infil,196,35997.66702384655,529810.2077217399,111,111,0.15028901734104047,124.37927225494,3.379956732048676,0.0,0.05,13696395.736,0,0.0,none,-
thursday_infil,197,127589.6126232942,583998.6637518564,113,113,0.08745247148288973,106.79436624036398,3.5419849228648768,0.0,0.044,13726057.61,0,0.0,none,-
thursday_infil,198,142866.32345965932,616112.6478174883,98,98,0.062111801242236024,129.54795791128,3.2485234576633863,0.0,0.018,11314572.602,0,0.0,none,-
thursday_infil,199,108607.81289233142,1101169.5392558915,114,114,0.12921348314606743,109.23699336230001,3.377234182095677,0.0,0.044,10611111.41,0,0.0,none,-
thursday_infil,200,63474.93867910938,509761.32488069293,79,79,0.08196721311475409,132.16085641052,2.9190820033132168,0.0,0.018,13844416.302,0,0.0,none,-
thursday_infil,201,34921.437585272484,562512.2830162467,46,46,0.12941176470588237,131.92976652868,2.175990291439681,0.0,0.02,13611021.986,0,0.0,none,-
thursday_infil,202,57388.42849908077,401539.2834001718,66,66,0.07633587786259542,128.45254104334,2.6593719698344827,0.0,0.018,9900813.18,0,0.0,none,-
thursday_infil,203,117235.39688937235,905251.1582341864,146,146,0.024896265560165973,71.97534744734,4.189794619763056,0.0,0.01,1099591.298,0,0.0,none,-
thursday_infil,204,117084.3225387319,1024811.6351102995,108,108,0.10194174757281553,151.94777061318,3.435417590096022,0.0,0.04,7525223.48,0,0.0,none,-
thursday_infil,205,115250.37458721569,529883.0043026945,140,140,0.036734693877551024,96.33028607022,3.9164859847627644,0.0,0.016,4567028.412,0,0.0,none,-
thursday_infil,206,119122.58091858398,1078978.7868276648,125,125,0.08256880733944955,117.30730393042,3.7754310834970304,0.0,0.034,8118332.082,0,0.0,none,-
thursday_infil,207,185980.48927681535,1515279.147614616,157,157,0.06690140845070422,105.46064427268601,4.2707626306105535,0.0,0.036,9295269.422,0,0.0,none,-
thursday_infil,208,54434.2697060156,199459.05210329074,35,35,0.24096385542168675,150.534193432526,1.8783037064057069,0.0,0.038,21610284.188,0,0.0,none,-
thursday_infil,209,54040.23302783196,582193.747179951,45,45,0.10869565217391304,138.078939301706,2.073505204395378,0.0,0.018,14954685.084,0,0.0,none,-
thursday_infil,210,132546.9410895402,978374.8692196343,117,117,0.11688311688311688,107.359085134964,3.5765447979940372,0.0,0.052,8687661.914,0,0.0,none,-
thursday_infil,211,136930.9430727003,828847.5290470269,105,105,0.13541666666666666,115.0492537993,3.1655382939916494,0.0,0.05,8368963.826,0,0.0,none,-
thursday_infil,212,123152.44053256545,501678.7384740859,117,117,0.04433497536945813,162.14181645296003,3.5176415508158465,0.0,0.016,8550232.39,0,0.0,none,-
thursday_infil,213,98845.09040501551,681918.7607720356,111,111,0.10975609756097561,134.91362379525998,3.3546028882859114,0.0,0.034,12387861.2,0,0.0,none,-
thursday_infil,214,100726.22917967329,1168008.5495782665,94,94,0.16666666666666666,136.645107325066,2.9394721935411385,0.0,0.058,9459855.484,0,0.0,none,-
thursday_infil,215,177450.84408116856,1405621.8765342373,212,212,0.2316715542521994,85.19452501373199,5.488363865191037,0.0,0.156,4721348.734,0,0.0,none,-
thursday_infil,216,103335.0218068218,754380.405567669,91,91,0.07936507936507936,108.88916063492998,3.2626371795384763,0.0,0.028,5994212.25,0,0.0,none,-
thursday_infil,217,122932.23048363683,309029.5401679791,128,128,0.06976744186046512,128.18414084986,3.8476471572802726,0.0,0.028,10811499.608,0,0.0,none,-
thursday_infil,218,64296.139950288794,494717.5421319176,73,73,0.10077519379844961,111.90601318812001,2.6010616563880675,0.0,0.024,7933624.456,0,0.0,none,-
thursday_infil,219,106776.52637139316,486798.322258412,110,110,0.13664596273291926,114.58686523982,3.3355934210230296,0.0,0.042,11641957.538,0,0.0,none,-
thursday_infil,220,88518.97189529224,596619.8473417442,80,80,0.1320754716981132,125.456226936974,2.971154976623893,0.0,0.04,13756227.808,0,0.0,none,-
thursday_infil,221,129318.49078535028,673063.4671846745,98,98,0.07526881720430108,102.78862041816,3.2273558794331203,0.0,0.026,7068506.95,0,0.0,none,-
thursday_infil,222,97745.1080682429,1019101.7549670516,97,97,0.043209876543209874,155.07248541763198,3.2111666436229696,0.0,0.012,8573144.702,0,0.0,none,-
thursday_infil,223,75427.64651099988,879485.4919159685,73,73,0.1891891891891892,123.75164667229,2.72722974671403,0.0,0.054,10019026.416,0,0.0,none,-
thursday_infil,224,141630.03000315692,343083.8070857085,173,173,0.09507042253521127,89.628158140674,4.398619303677974,0.0,0.052,3909078.006,0,0.0,none,-
thursday_infil,225,104281.34610470792,1022413.9727998992,120,120,0.13592233009708737,143.842549068548,3.5953613464067375,0.0,0.054,12745698.036,0,0.0,none,-
thursday_infil,226,113716.14022038388,502155.1117656523,116,116,0.10087719298245613,109.356897633752,3.6073074143303896,0.0,0.044,16815141.402,0,0.0,none,-
thursday_infil,227,37229.42098576696,422142.0747347394,29,29,0.05714285714285714,123.76931507154599,1.9220609921457743,0.0,0.006,14508581.104,0,0.0,none,-
thursday_infil,228,36689.075243082465,801668.5236861756,45,45,0.11392405063291139,110.37486304532,2.066155389269789,0.0,0.016,8682407.92,0,0.0,none,-
thursday_infil,229,156990.8441129692,1099005.4458458917,177,177,0.15457413249211358,76.027287488594,4.648424817008774,0.0,0.096,5288654.224,0,0.0,none,-
thursday_infil,230,190445.7444139406,638976.0151802222,122,122,0.10894941634241245,113.08812841392,3.606777441536758,0.0,0.054,5554395.316,0,0.002,none,-
thursday_infil,231,140767.50584749164,506703.66536810214,116,116,0.05,138.54734472554,3.8556177750192155,0.0,0.014,7713618.894,0,0.0,none,-
thursday_infil,232,342575.65430956945,902664.6958020146,292,292,0.4444444444444444,11.23390590664,8.043070850813187,0.0,0.03,160105.838,0,0.0,none,-
thursday_infil,233,270895.00003682,666568.0411739401,288,288,0.5,3.40266666674,8.11778428424659,0.0,0.022,33.46,0,0.0,none,-
thursday_infil,234,308766.8077127888,718980.8149248154,286,286,0.3448275862068966,5.72774999998,8.063745184232168,0.0,0.018,50611.104,0,0.0,none,-
thursday_infil,235,296809.31491151085,883802.229248543,293,293,0.29411764705882354,7.814703758582,8.126764734230724,0.0,0.008,303795.676,0,0.0,none,-
thursday_infil,236,203601.43399336634,820693.6520729873,212,212,0.06827309236947791,80.3119357229,5.510157372198173,0.002,0.032,4271552.946,0,0.0,none,-
thursday_infil,237,169002.63006363017,884520.9358387451,164,164,0.13680781758957655,127.92310294228001,4.31799110096239,0.004,0.082,6658234.154,0,0.0,none,-
thursday_infil,238,136294.34781493258,562222.0004715582,125,125,0.14285714285714285,125.28075450142,3.8023006250280136,0.0,0.06,7374847.336,0,0.0,none,-
thursday_infil,239,43835.64515204863,507803.870076753,37,37,0.20588235294117646,130.42484030756,1.9483181667622393,0.0,0.026,16609016.196,0,0.0,none,-
thursday_infil,240,65263.9199017255,842951.3633122755,56,56,0.1782178217821782,127.0630467251,2.29517530262504,0.0,0.034,13768830.378,0,0.0,none,-
thursday_infil,241,94183.21129712902,1537526.867023373,92,92,0.136986301369863,127.34991319665998,3.1323522407816617,0.0,0.038,14608687.712,0,0.0,none,-
thursday_infil,242,85073.63772137981,341354.9009319023,378,378,0.05128205128205128,29.73688345926,7.6399896116902575,0.0,0.006,852763.4,0,0.002,none,-
thursday_infil,243,71107.52698954394,277185.0847313653,463,463,0.037037037037037035,6.59466666656,8.75068653395085,0.0,0.0,126769.444,0,0.0,none,-
thursday_infil,244,135524.75972354654,475167.6935943848,280,280,0.03409090909090909,60.849939519698005,6.535358219070952,0.0,0.01,1837297.794,0,0.0,none,-
thursday_infil,245,90242.52408869549,345533.6382298916,94,94,0.05202312138728324,123.588232700716,3.465670023733163,0.0,0.016,9800144.172,0,0.0,none,-
thursday_infil,246,81950.3909309985,441040.71924092405,118,118,0.020512820512820513,123.00521254910001,3.7076943606424426,0.002,0.006,6268063.8,0,0.0,none,-
thursday_infil,247,82672.72629295634,944591.0316779832,86,86,0.1349206349206349,139.58983441011998,3.1102337320614293,0.002,0.032,13931116.162,0,0.0,none,-
thursday_infil,248,153151.73851677743,726431.055743997,167,167,0.10285714285714286,48.758494449272,4.398893305629081,0.002,0.07,3567352.002,0,0.0,none,-
thursday_infil,249,89121.47302178836,378772.61631345673,465,465,0.02564102564102564,4.5202857142860005,8.602734472805086,0.0,0.0,62876.592,0,0.0,none,-
thursday_infil,250,84770.76911612344,364494.30036309204,477,477,0.03225806451612903,4.525285714286,8.745706083939304,0.0,0.0,62906.624,0,0.0,none,-
thursday_infil,251,76970.31683814895,2022771.2140952311,126,126,0.16535433070866143,86.16436707491599,4.296709849022902,0.002,0.082,16492684.15,0,0.0,none,-
thursday_infil,252,236168.0445512206,975628.9643774531,276,276,0.3283582089552239,34.91934588568,7.387482636430606,0.0,0.042,3087960.676,0,0.002,none,-
thursday_infil,253,294635.62399553653,707937.68488939,374,374,0.2,2.988,8.461784284122519,0.0,0.0,42140.246,0,0.0,none,-
thursday_infil,254,271755.4040454396,631180.5735547796,343,343,0.6666666666666666,3.05166666666,8.337784284167244,0.0,0.002,9168.51,0,0.0,none,-
thursday_infil,255,328376.1476646186,752752.2959779241,335,335,1.0,3.0,8.305784284178785,0.0,0.0,42050.682,0,0.0,none,-
thursday_infil,256,174080.424942123,1230236.8279964456,220,220,0.5346534653465347,72.514603528092,5.666345993628999,0.002,0.106,9413745.578,0,0.0,none,-
thursday_infil,257,348685.38505013095,1091250.6018071002,311,311,0.25,5.090523931600001,8.18726203435573,0.0,0.0,64006.746,0,0.0,none,-
thursday_infil,258,274203.62893800146,606710.8912643176,371,371,0.08333333333333333,2.934,8.44827450912252,0.0,0.0,42279.592,0,0.0,none,-
thursday_infil,259,236174.7100896977,531089.6761603818,341,341,0.09090909090909091,2.94,8.329784284170128,0.0,0.0,42035.444,0,0.0,none,-
thursday_infil,260,279787.81063296256,650419.896822079,326,326,0.14285714285714285,2.988222222222,8.269784284191768,0.0,0.0,252075.122,0,0.0,none,-
thursday_infil,261,98516.2129948758,541645.473310097,408,408,0.3469387755102041,16.18568682459,8.241205437134077,0.002,0.032,1982657.266,0,0.0,none,-
thursday_infil,262,80506.46974956588,335025.8754378917,466,466,0.027777777777777776,4.551571428572,8.606734472803643,0.0,0.0,126028.568,0,0.0,none,-
thursday_infil,263,29390.815356379127,814310.848653522,126,126,0.125,146.80635000674002,3.4821570560941497,0.0,0.01,9523603.9,0,0.0,none,-
thursday_infil,264,33092.72722236291,1085782.2083604054,69,69,0.16326530612244897,118.2588167915,2.8781034890545962,0.002,0.03,12307404.362,0,0.0,none,-
thursday_infil,265,44493.37639319721,1152935.7314688205,91,91,0.18604651162790697,164.587402329364,3.0976611783618475,0.0,0.046,11647595.362,0,0.0,none,-
thursday_infil,266,50608.464330781964,634666.3229872669,407,407,0.029411764705882353,16.70697631264,7.978173865917096,0.0,0.002,23498.812,0,0.0,none,-
thursday_infil,267,45078.49740265836,180208.72288639672,499,499,0.25,4.485571428572,8.961784283942182,0.0,0.0,126078.68,0,0.0,none,-
thursday_infil,268,91622.99987427024,1951337.448018806,311,311,0.1949685534591195,26.93027677896,7.132433850491688,0.002,0.06,4906476.426,0,0.002,none,-
thursday_infil,269,80841.04836664,339109.2914996,479,479,0.043478260869565216,4.729,8.769569292750994,0.0,0.0,73.038,0,0.0,none,-
thursday_infil,270,85978.90159886492,927137.6098019052,417,417,0.20481927710843373,12.078062885666,8.312724000280143,0.002,0.032,1677659.194,0,0.0,none,-
thursday_infil,271,112849.09635460186,890052.8733990582,261,261,0.17391304347826086,54.55197405439999,6.26850626378914,0.0,0.046,8376298.372,0,0.0,none,-
thursday_infil,272,222941.28138214,596970.57266732,365,365,0.04,3.45,8.297706084100888,0.0,0.0,37.684,0,0.0,none,-
thursday_infil,273,189344.6125058,548246.5820294201,351,351,0.029411764705882353,3.582,8.164854272278044,0.0,0.0,40.832,0,0.0,none,-
thursday_infil,274,129900.33713398133,470425.65854456404,385,385,0.0196078431372549,4.475,8.256063076430653,0.0,0.0,282.608,0,0.0,none,-
thursday_infil,275,69476.49191331776,475277.4200439546,456,456,0.4375,11.664625692078,8.773835947102143,0.0,0.012,229830.008,0,0.0,none,-
thursday_infil,276,53351.876131983954,205407.5009808479,500,500,1.0,4.481571428572001,8.965784283940739,0.0,0.0,126403.112,0,0.0,none,-
thursday_infil,277,76826.03522015312,1202456.4276180821,230,230,0.145,52.788887781328,6.049576391766664,0.002,0.056,5455663.282,0,0.0,none,-
thursday_infil,278,51107.39711498448,944956.9145711167,212,212,0.26666666666666666,70.37042063792,5.041413570882932,0.0,0.022,8847459.73,0,0.002,none,-
thursday_infil,279,74807.04183982835,304561.4867169651,479,479,0.043478260869565216,4.539,8.777306952214328,0.0,0.0,2362.396,0,0.0,none,-
thursday_infil,280,151983.64738724648,494828.7068395623,364,364,0.125,11.5049336996,8.234572139782886,0.0,0.002,1348631.436,0,0.0,none,-
thursday_infil,281,338785.6238970404,923351.0579073146,253,253,1.0,10.09351121792,7.838686534253817,0.0,0.002,1478083.664,0,0.0,none,-
thursday_infil,282,440006.7126217164,1198793.1552376705,277,277,1.0,4.8395,8.012577566394205,0.0,0.0,42150.064,0,0.0,none,-
thursday_infil,283,364138.45629831956,1036766.4065672214,251,251,1.0,24.5980100752,7.449187545687271,0.0,0.0,1596827.406,0,0.0,none,-
thursday_infil,284,387041.0561447272,1118169.1315047988,261,261,0.3333333333333333,9.802222222222001,7.786734473099397,0.0,0.0,499857.852,0,0.0,none,-
thursday_infil,285,60743.16546386084,1699331.5909530248,105,105,0.1888111888111888,102.340574479424,3.6369987663572885,0.002,0.052,10312369.056,0,0.0,none,-
thursday_infil,286,7180.057110360575,274748.1383010585,15,15,0.06451612903225806,119.53953653786002,1.3351334002828603,0.0,0.002,12322486.802,0,0.0,none,-
thursday_infil,287,19724.29248581984,296187.5359586517,39,39,0.125,113.50934336508,1.922062835952103,0.0,0.014,14783567.38,0,0.0,none,-
thursday_infil,288,36959.32474110486,420297.11843564175,108,108,0.0594059405940594,110.19562128250399,3.4918848215989504,0.0,0.022,15439734.666,0,0.0,none,-
thursday_infil,289,69856.32700136784,417737.1183291402,339,339,0.06382978723404255,34.455941200629994,7.223522185812181,0.0,0.004,5527484.228,0,0.002,none,-
thursday_infil,290,81945.95869941113,308383.2515019822,456,456,0.037037037037037035,5.347,8.672059517779848,0.0,0.0,84621.658,0,0.0,none,-
thursday_infil,291,48980.27088515806,289405.5347836276,249,249,0.05309734513274336,58.954929631296,5.958499311242145,0.0,0.01,6737484.12,0,0.0,none,-
thursday_infil,292,29750.5239419135,1331460.0178432413,32,32,0.20408163265306123,100.03307306923601,1.4493921786711903,0.0,0.018,5270498.228,0,0.0,none,-
thursday_infil,293,57687.01901065959,1122569.224332526,69,69,0.17307692307692307,102.055250237208,2.846368518784917,0.0,0.034,10887300.952,0,0.0,none,-
thursday_infil,294,85481.64034328527,1721395.914631691,115,115,0.1736842105263158,85.320148862204,4.138045438933547,0.002,0.064,8601646.832,0,0.0,none,-
thursday_infil,295,52854.754034892154,866094.8330144334,186,186,0.08333333333333333,80.89135839248,4.721191267688809,0.0,0.034,9166726.148,0,0.0,none,-
thursday_infil,296,51934.88562453654,708718.7878181032,71,71,0.11403508771929824,130.22996476562,2.6543235283179674,0.0,0.024,12650984.504,0,0.0,none,-
thursday_infil,297,24019.305942770916,297162.71414428914,44,44,0.03125,85.36114817586,1.6370814155404743,0.0,0.002,5527607.6,0,0.0,none,-
thursday_infil,298,77248.90963322695,359132.18925808894,433,433,0.03225806451612903,10.351285714286002,8.259109475229632,0.0,0.0,64415.636,0,0.0,none,-
thursday_infil,299,72845.68058595457,351773.5965722615,421,421,0.030303030303030304,12.105785714286002,8.094238493833252,0.0,0.0,65549.76,0,0.0,none,-
thursday_infil,300,88660.9106575412,1848560.1847433185,189,189,0.28823529411764703,73.77551701409,5.22665646293111,0.002,0.096,6185706.394,0,0.0,none,-
thursday_infil,301,205787.18523872833,809067.1449159561,212,212,0.06542056074766354,54.3161840174,5.980617862707473,0.0,0.012,4487570.268,0,0.002,none,-
thursday_infil,302,327755.5022190516,755344.5415598778,359,359,0.5,3.004,8.40178428414416,0.0,0.0,42316.604,0,0.0,none,-
thursday_infil,303,305484.2479382,726968.49577248,397,397,1.0,3.0,8.553784284089337,0.0,0.0,29.694,0,0.0,none,-
thursday_infil,304,291349.91895271454,710587.1625182847,346,346,0.5,2.994,8.349784284162913,0.0,0.0,42092.126,0,0.0,none,-
thursday_infil,305,173376.34114981795,505105.8827114427,190,190,0.5714285714285714,97.603830742714,5.88926192407315,0.0,0.022,11022487.388,0,0.0,none,-
thursday_infil,306,17363.819980225555,287213.74261919403,18,18,0.22916666666666666,115.118173852642,1.6483224037341038,0.002,0.02,14238955.606,0,0.0,none,-
thursday_infil,307,288144.3738853066,1043196.0384569931,270,270,0.0625,15.243138411239999,7.30708086253215,0.0,0.01,775378.458,0,0.0,none,-
thursday_infil,308,321387.5634641276,908600.38202847,317,317,0.75,5.88408868688,8.22256500325588,0.0,0.004,756435.58,0,0.0,none,-
thursday_infil,309,322756.6557806158,833553.7914092122,333,333,0.3333333333333333,3.579,8.296274509177342,0.0,0.0,488.594,0,0.0,none,-
thursday_infil,310,373772.18578673125,1007595.2640979378,388,388,0.3333333333333333,3.0182222222219997,8.517784284102321,0.0,0.0,54158.616,0,0.0,none,-
thursday_infil,311,176300.12554796188,1138271.4775066162,329,329,0.5,15.739135522208,7.771415712976395,0.002,0.072,2380869.324,0,0.0,none,-
thursday_infil,312,70677.02321491523,288252.3790309908,472,472,0.034482758620689655,4.740085714286001,8.701020358864305,0.0,0.0,63165.866,0,0.0,none,-
thursday_infil,313,71215.04631998678,744342.1691849102,347,347,0.125,35.57195090314,7.480033384642539,0.002,0.024,3394427.896,0,0.0,none,-
thursday_infil,314,21087.743161136612,422588.602654927,54,54,0.1694915254237288,161.61908743092,2.447040171470004,0.0,0.018,16075803.066,0,0.0,none,-
thursday_infil,315,6324.322115397008,172617.77519516522,14,14,0.25,146.1878645092,1.4166674635999226,0.0,0.006,24841534.568,0,0.0,none,-
thursday_infil,316,55237.08520437726,678313.2405257571,169,169,0.10112359550561797,63.70932464193999,4.344859335243015,0.0,0.034,6745855.45,0,0.0,none,-
thursday_infil,317,72617.05427846179,313033.70630774356,470,470,0.03225806451612903,4.906785714286,8.674511611262293,0.0,0.0,62862.592,0,0.0,none,-
thursday_infil,318,66040.09485523832,296251.64118397643,420,420,0.043478260869565216,18.837515884846002,8.212284838510682,0.0,0.002,1507012.576,0,0.0,none,-
thursday_infil,319,84930.44991119805,2273226.720813654,178,178,0.15217391304347827,88.68423754886,5.106888088730409,0.002,0.068,6878705.232,0,0.002,none,-
thursday_infil,320,55064.51037425813,365393.6823434232,335,335,0.02702702702702703,45.54578468146,7.061844672306975,0.0,0.0,5480428.59,0,0.0,none,-
thursday_infil,321,71820.13104907323,299680.73904770095,470,470,0.03571428571428571,5.135285714286001,8.690341868632029,0.0,0.0,81374.312,0,0.0,none,-
thursday_infil,322,52681.3371319955,912288.1299290145,176,176,0.15584415584415584,100.749810208266,4.550551245078173,0.0,0.022,11016058.428,0,0.0,none,-
thursday_infil,323,36156.464767725556,839840.7949491384,66,66,0.19607843137254902,128.18683059542,2.707882173819715,0.002,0.038,7294398.196,0,0.0,none,-
thursday_infil,324,87368.45863461286,2187641.3804848175,213,213,0.15730337078651685,63.756627850625996,5.518236148342147,0.0,0.082,4718780.272,0,0.0,none,-
thursday_infil,325,211004.79133522,597581.7986523,335,335,0.029411764705882353,3.831,8.100854272301127,0.0,0.0,41.552,0,0.0,none,-
thursday_infil,326,93252.52281554487,415915.64090453257,378,378,0.05555555555555555,33.79851194214,7.746473690162736,0.0,0.0,6368853.266,0,0.0,none,-
thursday_infil,327,104640.71343786971,441527.270072754,324,324,0.3333333333333333,49.06604995702,6.981706492478157,0.0,0.0,8181825.052,0,0.0,none,-
thursday_infil,328,70057.33599795627,548294.0973282022,463,463,0.14285714285714285,11.549901843058,8.743346052254719,0.0,0.008,1091051.372,0,0.0,none,-
thursday_infil,329,50156.84977282271,210242.08914702543,500,500,0.2,4.506571428572,8.965784283940739,0.0,0.0,126060.428,0,0.0,none,-
thursday_infil,330,36547.16618588521,616558.8988200445,195,195,0.18571428571428572,109.9468529322,5.401442834991871,0.002,0.05,7332793.312,0,0.0,none,-
thursday_infil,331,17092.43206758457,230810.29310488314,41,41,0.1728395061728395,142.72754402408,1.9942586784080862,0.0,0.026,13211118.982,0,0.0,none,-
thursday_infil,332,107824.19366060157,954723.7033237658,276,276,0.13245033112582782,47.528967921628,6.372088145112514,0.0,0.038,7248247.476,0,0.002,none,-
thursday_infil,333,96970.21614732489,428654.92443274,445,445,0.017857142857142856,5.2465,8.356177349130341,0.0,0.0,429.16,0,0.0,none,-
thursday_infil,334,139521.14767310413,599945.1156954537,358,358,0.11650485436893204,38.53500198348,7.81139032462632,0.0,0.022,3182380.098,0,0.0,none,-
thursday_infil,335,330917.65006429126,751173.8145465889,283,283,0.8,3.19866666666,8.09056500330493,0.0,0.006,422616.558,0,0.0,none,-
thursday_infil,336,287635.23343512375,685291.7233680144,318,318,0.5,3.40755555556,8.237784284203311,0.0,0.004,400922.948,0,0.0,none,-
thursday_infil,337,286301.4195535264,685161.514489442,313,313,1.0,3.75392953922,8.217784284210524,0.0,0.002,173104.154,0,0.0,none,-
thursday_infil,338,245956.18470500296,603677.2335122083,272,272,0.38461538461538464,19.922012117502003,7.8516335192281765,0.002,0.008,2017244.556,0,0.0,none,-
thursday_infil,339,40280.88861107925,865194.9373097784,99,99,0.17088607594936708,127.96692105366,3.459069217328108,0.0,0.052,11890225.34,0,0.0,none,-
thursday_infil,340,49249.90480512159,808368.1609839217,89,89,0.296,111.76032307519999,2.8981085047408457,0.0,0.072,11839648.844,0,0.0,none,-
thursday_infil,341,107093.76391460348,1645761.0482914776,99,99,0.28484848484848485,108.67558494232001,3.291248051203379,0.0,0.092,11742175.084,0,0.0,none,-
thursday_infil,342,22570.547213113427,732456.589538412,64,64,0.16049382716049382,116.42723202253,2.4588308667207857,0.0,0.024,14636303.764,0,0.0,none,-
thursday_infil,343,19954.159879675946,509283.948381214,32,32,0.09210526315789473,107.53494895956,1.737543578494386,0.0,0.012,7699587.584,0,0.0,none,-
thursday_infil,344,104902.74324600831,825002.459164827,299,299,0.08130081300813008,40.350100783906,6.890641054271706,0.0,0.018,2598860.888,0,0.002,none,-
thursday_infil,345,51544.80776631628,205845.89316651356,498,498,0.25,4.485,8.956274508939297,0.0,0.0,168111.71,0,0.0,none,-
thursday_infil,346,44045.50899443849,402365.1928506893,344,344,0.10204081632653061,50.91804005774199,7.35904973879531,0.002,0.008,7522716.488,0,0.0,none,-
thursday_infil,347,60855.346320711236,781492.2478975013,106,106,0.15286624203821655,78.758509038152,3.669018553708225,0.0,0.046,9788216.344,0,0.0,none,-
thursday_infil,348,88236.82021451514,1376790.7903787785,223,223,0.19282511210762332,68.885406009838,5.766521801994605,0.002,0.084,7210271.372,0,0.0,none,-
thursday_infil,349,71941.97951459777,298477.1612739913,461,461,0.027777777777777776,5.261785714286,8.575714922802202,0.0,0.0,65757.282,0,0.0,none,-
thursday_infil,350,62679.880554554285,275298.33570991765,426,426,0.23076923076923078,17.572544492006,8.266177275475904,0.0,0.016,758642.476,0,0.0,none,-
thursday_infil,351,151250.0318926166,1643684.555272615,212,212,0.3065326633165829,53.77604307183999,5.736258796838147,0.002,0.12,5509161.32,0,0.002,none,-
thursday_infil,352,288302.4752816645,687271.6178945326,314,314,1.0,2.988,8.22178428420908,0.0,0.0,42029.906,0,0.0,none,-
thursday_infil,353,289184.0201667185,694368.0410035199,326,326,1.0,3.0,8.269784284191768,0.0,0.0,42030.832,0,0.0,none,-
thursday_infil,354,280792.24772588216,697584.496129566,367,367,1.0,3.0,8.433784284132619,0.0,0.0,42031.012,0,0.0,none,-
thursday_infil,355,200552.84777963036,544690.9627439103,288,288,0.6,44.949847248862,7.484309754065663,0.0,0.004,7323679.738,0,0.0,none,-
thursday_infil,356,178044.56256610306,946636.2613400915,180,180,0.39655172413793105,65.19763931473,5.835218480648262,0.002,0.044,9489216.604,0,0.0,none,-
thursday_infil,357,241698.90398343914,515871.42134701135,285,285,0.5,3.086,8.10578428425092,0.0,0.002,42092.374,0,0.0,none,-
thursday_infil,358,362423.42802544,1012769.93289626,329,329,0.5,2.994,8.28178428418744,0.0,0.0,27.932,0,0.0,none,-
thursday_infil,359,293818.5649820194,756718.6875514786,371,371,0.6666666666666666,3.7547857142,8.449784284126848,0.0,0.002,253249.214,0,0.0,none,-
thursday_infil,360,206301.85134860015,743447.9299084722,323,323,0.8571428571428571,12.538388362578,7.907910833089769,0.002,0.046,507570.042,0,0.0,none,-
thursday_infil,361,78635.48894579888,322208.62066515774,467,467,0.02857142857142857,4.554285714286,8.619836810783324,0.0,0.0,63058.824,0,0.0,none,-
thursday_infil,362,69295.85824326545,346874.9371140269,376,376,0.225,34.1979267397,7.670294090158949,0.0,0.016,6683610.94,0,0.0,none,-
thursday_infil,363,50317.18311691812,903394.7286797822,63,63,0.24358974358974358,114.93991259381998,2.5357599036455074,0.002,0.036,15858322.408,0,0.0,none,-
thursday_infil,364,75512.76110078434,478177.2262923137,435,435,0.125,15.578794980646,8.424720853728587,0.0,0.008,1026753.88,0,0.0,none,-
thursday_infil,365,75037.55712111684,294816.8933848337,465,465,0.02702702702702703,4.558285714286,8.593549683887387,0.0,0.0,63670.18,0,0.0,none,-
thursday_infil,366,78934.60946196076,1749626.6628051326,176,176,0.24444444444444444,95.130801458912,4.902801080515074,0.002,0.064,8137803.188,0,0.0,none,-
thursday_infil,367,10220.36710111622,500998.40605319367,32,32,0.14545454545454545,143.72613721556002,1.8671686985461473,0.0,0.014,11084444.558,0,0.0,none,-
thursday_infil,368,17111.458068206244,562737.3785687655,27,27,0.16666666666666666,117.21398683968,1.6544579186223867,0.0,0.014,11278883.54,0,0.0,none,-
thursday_infil,369,96447.21955679914,1482449.9027511678,408,408,0.2074074074074074,30.490224297286,8.109388267589704,0.0,0.054,3302119.306,0,0.002,none,-
thursday_infil,370,81831.16696226982,350670.27405740204,463,463,0.02857142857142857,5.1375,8.596617529840222,0.0,0.0,375.664,0,0.0,none,-
thursday_infil,371,92129.54604184453,1098362.2191429103,275,275,0.11258278145695365,45.787060464266006,6.557552121040098,0.002,0.032,3411137.264,0,0.0,none,-
thursday_infil,372,12454.701437167663,671309.2694059953,19,19,0.15789473684210525,114.580464362114,1.4982319232751817,0.0,0.01,11559208.878,0,0.0,none,-
thursday_infil,373,55746.552059689966,815580.0462411914,146,146,0.07534246575342465,75.892763703974,3.959759391847766,0.0,0.02,5666724.698,0,0.0,none,-
thursday_infil,374,187956.21124958963,961707.5144500338,349,349,0.04,7.35364102566,8.136976219760301,0.0,0.0,3919.85,0,0.0,none,-
thursday_infil,375,240523.74186217436,644498.7965825559,385,385,0.04,3.9785,8.385700434128026,0.0,0.0,194091.544,0,0.0,none,-
thursday_infil,376,201175.05810480486,632056.845096302,331,331,0.021739130434782608,4.315,8.088623230751423,0.0,0.0,979.17,0,0.0,none,-
thursday_infil,377,83812.04230196672,690082.5091347217,418,418,0.13793103448275862,15.965569750188,8.463352643612776,0.0,0.006,61578.158,0,0.0,none,-
thursday_infil,378,57021.389297290065,250570.40212264014,500,500,0.3333333333333333,4.689571428572001,8.965784283940739,0.0,0.0,126275.306,0,0.0,none,-
thursday_infil,379,67445.55942559945,1085026.7973378347,413,413,0.3114754098360656,30.014039447658,8.265073279598267,0.002,0.036,813523.606,0,0.0,none,-
thursday_infil,380,82710.82281718112,1142418.7043341305,342,342,0.19672131147540983,40.034998710144,7.48255462846836,0.0,0.07,5747716.58,0,0.002,none,-
thursday_infil,381,74459.3649611849,302431.13275231124,479,479,0.05,5.999,8.79236303846018,0.0,0.0,7280.514,0,0.0,none,-
thursday_infil,382,141506.07576490354,911145.7682034052,311,311,0.2631578947368421,56.32654601429999,7.314963183849946,0.0,0.008,4323033.056,0,0.0,none,-
thursday_infil,383,381931.345381642,1013080.651737596,261,261,1.0,12.08989024646,7.9043719857852865,0.0,0.004,1016959.39,0,0.0,none,-
thursday_infil,384,415825.0793044673,1124469.6898934927,266,266,0.75,14.12562056992,7.887130731160543,0.0,0.01,944958.048,0,0.0,none,-
thursday_infil,385,455974.18224581884,1208644.0768804182,295,295,0.2,3.6355,8.138565003287619,0.0,0.0,206.058,0,0.0,none,-
thursday_infil,386,397477.99083631375,1067438.7895057597,266,266,0.17647058823529413,12.949279762142,7.801835947376256,0.0,0.004,1307697.19,0,0.0,none,-
thursday_infil,387,25728.104393434933,544525.4911396244,89,89,0.2545454545454545,161.84715843208,3.2248285694925634,0.002,0.054,18547496.492,0,0.0,none,-
thursday_infil,388,12671.190014648882,247966.38679955155,29,29,0.42105263157894735,108.46718254508,1.3150415241499307,0.0,0.03,7879785.522,0,0.0,none,-
thursday_infil,389,87881.7848661261,1622955.2041206278,124,124,0.2088888888888889,110.42752012519199,3.8262808195016884,0.0,0.092,7884807.912,0,0.0,none,-
thursday_infil,390,72377.7241601643,255132.84247383196,462,462,0.21052631578947367,7.12147016093,8.749043526310912,0.0,0.006,1207381.084,0,0.0,none,-
thursday_infil,391,86859.06903554,323650.15369014,455,455,0.0625,4.395,8.748126441159041,0.0,0.0,80.946,0,0.0,none,-
thursday_infil,392,67900.3654104196,857545.6269371149,246,246,0.15555555555555556,36.502231934743996,6.528492724556131,0.002,0.068,5401995.75,0,0.0,none,-
thursday_infil,393,14637.432437164054,383144.8368936693,17,17,0.5,135.15170744167997,1.5575941877623123,0.0,0.034,20024884.044,0,0.0,none,-
thursday_infil,394,104450.59883101383,1090189.0288506255,148,148,0.2755102040816326,65.17647275802,3.920969081842509,0.0,0.106,5421772.866,0,0.002,none,-
thursday_infil,395,69487.07455022236,310494.3061032735,379,379,0.03225806451612903,54.474447503006,7.652223322357045,0.0,0.0,1291306.206,0,0.0,none,-
thursday_infil,396,76381.7832772663,320997.7821325604,449,449,0.021739130434782608,5.620285714286,8.441615740105608,0.0,0.0,64162.924,0,0.0,none,-
thursday_infil,397,21436.477632034537,146856.28403496245,118,118,0.02112676056338028,171.91592074945999,3.2390840939106056,0.0,0.004,7602698.608,0,0.0,none,-
thursday_infil,398,33328.595138161996,1170767.6236985917,38,38,0.0847457627118644,187.08722081562,2.414934466126989,0.002,0.018,14172774.118,0,0.0,none,-
thursday_infil,399,34566.387383583635,955764.5801679943,49,49,0.2878787878787879,156.06108565162,2.107352888197876,0.0,0.036,18156933.26,0,0.0,none,-
thursday_infil,400,31237.203641770608,789510.3731851203,67,67,0.16483516483516483,102.87320353288,2.4398859122649967,0.0,0.028,11242657.654,0,0.0,none,-
thursday_infil,401,16406.553592794873,599607.1509411891,17,17,0.13513513513513514,120.01434966749999,1.4163723938721975,0.0,0.008,6605002.776,0,0.0,none,-
thursday_infil,402,256378.11352139455,1011657.2332322493,265,265,0.09523809523809523,24.66735802756,6.816439342544534,0.0,0.006,950282.278,0,0.0,none,-
thursday_infil,403,313225.2919216388,725919.90929716,374,374,0.18181818181818182,3.35733333334,8.461784284122519,0.0,0.002,3497.362,0,0.0,none,-
thursday_infil,404,329287.090827176,810795.0915562075,322,322,0.125,3.012,8.25378428419754,0.0,0.0,42144.086,0,0.0,none,-
thursday_infil,405,360913.42178975744,885595.8168462692,339,339,0.36363636363636365,3.21266666668,8.321784284173013,0.0,0.006,42100.672,0,0.0,none,-
thursday_infil,406,146534.1621233587,470067.47050138965,177,177,0.22916666666666666,106.18569792343199,5.101485433345042,0.004,0.02,13088477.866,0,0.0,none,-
thursday_infil,407,262529.3370605233,779297.2234963141,284,284,0.2375,9.26266282252,7.790866331764632,0.0,0.036,1016563.342,0,0.0,none,-
thursday_infil,408,329826.8148574352,861081.8477205515,331,331,0.2727272727272727,3.18983333334,8.289784284184556,0.0,0.004,783.358,0,0.0,none,-
thursday_infil,409,305933.8154696506,797143.9742778974,400,400,0.16666666666666666,2.982,8.565784284085009,0.0,0.0,170695.574,0,0.0,none,-
thursday_infil,410,328514.71047866676,797454.0188904097,363,363,0.05555555555555555,6.031493650822,8.366657238519714,0.0,0.0,73925.024,0,0.0,none,-
thursday_infil,411,169072.64936048997,1103043.3856392112,288,288,0.2988505747126437,24.881107591436002,7.137445185606861,0.002,0.05,2814326.0,0,0.0,none,-
thursday_infil,412,71763.57067021642,307583.6194464931,470,470,0.034482758620689655,4.937785714286,8.689020358867193,0.0,0.0,63449.596,0,0.0,none,-
thursday_infil,413,80120.89571213398,671640.9720195684,358,358,0.16666666666666666,29.30446623428,7.646294459989026,0.002,0.02,2878604.104,0,0.0,none,-
thursday_infil,414,69906.39506788537,1020604.1933696715,153,153,0.10309278350515463,103.73176548164,3.9825243254143183,0.0,0.038,5887244.688,0,0.0,none,-
thursday_infil,415,86811.05523480251,847558.773688452,327,327,0.2392638036809816,46.848921645666,6.963481995090268,0.0,0.076,8228420.084,0,0.002,none,-
thursday_infil,416,91507.26938146904,384695.7406554981,467,467,0.02857142857142857,4.558571428572001,8.619836810783324,0.0,0.0,126850.622,0,0.0,none,-
thursday_infil,417,75706.85726312584,939333.7665822464,273,273,0.1875,57.9923107536,6.277431285522118,0.006,0.022,4699363.084,0,0.0,none,-
thursday_infil,418,78088.93015332198,1447260.0511708744,169,169,0.2692307692307692,94.60044715682001,4.31144338776355,0.0,0.082,13022686.996,0,0.0,none,-
thursday_infil,419,72199.3107661917,288797.24130110344,476,476,0.038461538461538464,4.545285714286,8.733591474486627,0.0,0.0,63670.024,0,0.0,none,-
thursday_infil,420,71783.02015988895,532389.8933183415,448,448,0.16279069767441862,18.255938968065998,8.573080354223794,0.0,0.012,712004.108,0,0.0,none,-
thursday_infil,421,29450.61119629591,724923.2323539316,49,49,0.10218978102189781,120.04211085467999,2.6141246222056704,0.002,0.026,5684260.062,0,0.0,none,-
thursday_infil,422,40699.49167254962,1099114.7145438185,65,65,0.2413793103448276,116.89533264178,2.307822573391922,0.0,0.04,10164125.564,0,0.0,none,-
thursday_infil,423,98382.70969671842,879093.9564709439,277,277,0.12037037037037036,64.131725626326,6.295885114932696,0.0,0.024,5124178.174,0,0.0,none,-
thursday_infil,424,175015.32100573348,673296.420356698,371,371,0.06521739130434782,8.7832438214,8.152334633927808,0.0,0.004,231220.338,0,0.0,none,-
thursday_infil,425,239335.95940432601,619303.9600160043,318,318,0.06666666666666667,4.31613333334,8.017044074472265,0.0,0.002,200469.97,0,0.0,none,-
thursday_infil,426,121538.19565528931,609392.5373610113,374,374,0.13636363636363635,8.287902219521998,8.290266353345785,0.0,0.01,950283.32,0,0.002,none,-
thursday_infil,427,52403.68219431862,212470.98037631725,499,499,0.5,4.673142857144,8.961784283942182,0.0,0.0,252478.848,0,0.0,none,-
thursday_infil,428,59950.134843881715,674383.0338205054,384,384,0.19767441860465115,32.389903314286,7.908909024125421,0.002,0.032,1151154.15,0,0.0,none,-
thursday_infil,429,25976.538385745047,706338.6836613761,102,102,0.05426356589147287,105.625311096106,3.325054393507367,0.0,0.012,13860015.828,0,0.0,none,-
thursday_infil,430,69651.51606698493,952649.475212655,330,330,0.11267605633802817,36.472782786394006,7.03197759865537,0.0,0.014,6129053.634,0,0.0,none,-
thursday_infil,431,78321.14191660743,310279.43133984,469,469,0.03333333333333333,5.263,8.670511611263736,0.0,0.0,22703.916,0,0.0,none,-
thursday_infil,432,186240.52250361803,468322.63059213874,307,307,0.11764705882352941,5.512666666666,8.092525507530532,0.0,0.002,147088.734,0,0.0,none,-
thursday_infil,433,265840.98590181384,611511.7597142467,265,265,1.0,2.994,8.025784284279773,0.0,0.0,42028.08,0,0.0,none,-
thursday_infil,434,271328.3581283064,618656.716917058,266,266,1.0,3.0,8.029784284278332,0.0,0.0,42039.684,0,0.0,none,-
thursday_infil,435,244589.0578179041,768416.0351075698,259,259,0.5,4.8218519230000005,8.00178428428843,0.0,0.0,77889.256,0,0.0,none,-
thursday_infil,436,118100.49895945612,938137.4747376501,105,105,0.125,52.265520427822,3.7747230361986763,0.0,0.0,837578.468,0,0.0,none,-
thursday_infil,437,37398.3601060478,929221.390193233,37,37,0.1836734693877551,108.244703146332,2.2226469155779265,0.002,0.034,7528260.658,0,0.0,none,-
thursday_infil,438,15258.998144356001,221568.66175729502,20,20,0.16,136.67046122355998,1.6052690679989456,0.0,0.014,16584211.818,0,0.0,none,-
thursday_infil,439,68722.88163237585,918033.5279581547,116,116,0.21634615384615385,94.159355874808,3.5256675570863143,0.0,0.088,14549644.298,0,0.0,none,-
thursday_infil,440,26494.53022022488,1104361.6622083308,30,30,0.38235294117647056,145.494133132688,1.5488054116929308,0.0,0.05,17302152.792,0,0.0,none,-
thursday_infil,441,29788.439924554492,1298588.5595153137,32,32,0.3548387096774194,111.948158277,1.183211177373585,0.0,0.02,7063000.262,0,0.002,none,-
thursday_infil,442,104175.95823846266,522735.2224897384,324,324,0.3,46.185544702559994,7.269853553774709,0.0,0.022,4745123.822,0,0.0,none,-
thursday_infil,443,43728.66670770082,446206.9448515637,379,379,0.3225806451612903,36.10815485112,7.590474545986153,0.0,0.018,3521375.064,0,0.0,none,-
thursday_infil,444,51233.866932135956,476946.4071774008,416,416,0.22916666666666666,26.81226544589,8.129321301454388,0.0,0.02,1938927.58,0,0.0,none,-
thursday_infil,445,17374.989807585116,869473.8470021327,35,35,0.09302325581395349,143.14518287926,1.9932303164584761,0.0,0.014,5958157.45,0,0.0,none,-
thursday_infil,446,19564.962832680518,716959.7263167555,40,40,0.16666666666666666,94.191228571576,1.951231824012026,0.0,0.032,3053079.992,0,0.0,none,-
thursday_infil,447,39632.13024322853,526680.4827598125,91,91,0.12941176470588237,92.398145580324,3.288988779790717,0.0,0.042,7077062.762,0,0.0,none,-
thursday_infil,448,23187.650452160717,622211.3437877278,47,47,0.09210526315789473,100.14210001949,2.0621095977043384,0.0,0.012,4276355.414,0,0.0,none,-
thursday_infil,449,62006.03549360826,2160273.4047569926,143,143,0.19791666666666666,83.4426129764,4.30273538719187,0.002,0.074,4958656.154,0,0.002,none,-
thursday_infil,450,119425.85051255375,2265947.6305471566,213,213,0.15845070422535212,83.484071778184,5.395482564524908,0.0,0.088,7088558.614,0,0.0,none,-
thursday_infil,451,26104.30281005398,1581666.3083299797,24,24,0.27906976744186046,86.49836030376001,1.1336546739227604,0.0,0.022,2691632.652,0,0.0,none,-
thursday_infil,452,19069.96472340008,453944.7581818416,45,45,0.08148148148148149,120.49915136002,2.3331128340011382,0.0,0.02,8266750.268,0,0.0,none,-
thursday_infil,453,26129.502003805326,1217708.6824703133,65,65,0.13636363636363635,135.25215570614,2.586814880520746,0.0,0.022,10756568.114,0,0.0,none,-
thursday_infil,454,50500.425675824976,871283.2177244849,85,85,0.22404371584699453,113.62618603595999,3.2880593141845527,0.0,0.08,8857790.988,0,0.0,none,-
thursday_infil,455,11099.740704971731,410915.9890747342,15,15,0.25925925925925924,147.14526216002,1.4263280764342492,0.0,0.012,16658320.738,0,0.0,none,-
thursday_infil,456,37253.11024862522,811840.2669387703,56,56,0.13580246913580246,113.18079111616001,2.1511566898935044,0.0,0.02,5059354.674,0,0.0,none,-
thursday_infil,457,57731.74058165921,854052.5017164416,159,159,0.08333333333333333,106.663600443044,4.751225180320058,0.0,0.04,10350135.894,0,0.0,none,-
thursday_infil,458,66468.00637240952,1822850.9615301096,109,109,0.2727272727272727,130.04457507038,3.5475405914523557,0.0,0.088,6450529.162,0,0.0,none,-
thursday_infil,459,33863.82851105007,813686.3684845371,67,67,0.0975609756097561,159.89953990845999,2.560466845468031,0.0,0.022,14273421.728,0,0.0,none,-
thursday_infil,460,47602.90197180789,1437904.6192864962,84,84,0.2867647058823529,112.29805400906,2.854825446110827,0.0,0.076,10887934.868,0,0.0,none,-
thursday_infil,461,20179.951364747747,339319.28156692674,42,42,0.2545454545454545,168.53438919158,2.1524933852252017,0.0,0.026,24828759.774,0,0.0,none,-
thursday_infil,462,121367.40336019489,2586955.274926197,119,119,0.2469879518072289,99.53615086932,3.624397158769998,0.0,0.08,10591491.772,0,0.0,none,-
thursday_infil,463,12311.528590297885,577262.6161886979,28,28,0.1016949152542373,138.560566123384,1.7577983336509142,0.0,0.01,15695165.168,0,0.0,none,-
thursday_infil,464,50441.529310265905,1291620.3541459327,83,83,0.1794871794871795,73.53041359618001,2.774616139457593,0.002,0.054,5251782.594,0,0.0,none,-
thursday_infil,465,78180.71881203118,1294522.6233361196,199,199,0.3377926421404682,64.912923703058,5.1309104240019145,0.004,0.2,8090527.652,0,0.0,none,-
thursday_infil,466,51594.94819004696,768068.3618523689,64,64,0.14423076923076922,146.913614011,2.4630671610698363,0.0,0.028,12357560.466,0,0.0,none,-
thursday_infil,467,60716.24879356786,1743274.2050168351,112,112,0.20408163265306123,122.17256072226401,3.702912687973347,0.002,0.058,15669679.456,0,0.0,none,-
thursday_infil,468,40291.25335790727,1062510.3972235515,73,73,0.18032786885245902,130.32946811562,2.6333054420052595,0.0,0.042,9062962.93,0,0.0,none,-
thursday_infil,469,66985.63976237252,2302283.6238654726,103,103,0.19117647058823528,132.35641537361198,3.4629434144014355,0.0,0.05,19969366.552,0,0.0,none,-
thursday_infil,470,8521.016045715804,530783.715847713,10,10,0.13333333333333333,117.75332900174,1.163133367134494,0.0,0.002,13056099.488,0,0.0,none,-
thursday_infil,471,9690.592015125318,425543.25154775265,22,22,0.08571428571428572,121.76894628522001,1.5932230483402687,0.0,0.004,12601804.514,0,0.0,none,-
thursday_infil,472,56349.78901968679,1199825.7958041758,128,128,0.1590909090909091,83.77075526553601,3.5872435621468655,0.0,0.054,7697725.776,0,0.0,none,-
thursday_infil,473,60900.02848577997,1591702.2376316753,133,133,0.04484304932735426,75.94716804629401,4.030719322576508,0.0,0.018,6907918.624,0,0.0,none,-
thursday_infil,474,59769.18496452223,1096313.6631545662,164,164,0.21875,96.84468704628401,4.388219087131046,0.0,0.11,12677199.356,0,0.0,none,-
thursday_infil,475,12200.986633135903,228480.9539134431,13,13,0.09615384615384616,151.41714785992,1.4993389773866976,0.0,0.008,12054816.854,0,0.0,none,-
thursday_infil,476,79016.61492538103,1039258.3320461723,94,94,0.26143790849673204,108.49834282736,3.1548464819786526,0.0,0.078,15715711.646,0,0.0,none,-
thursday_infil,477,43246.13903250039,947653.6084575407,74,74,0.11475409836065574,100.07847627606002,2.6483026953701474,0.0,0.026,6092087.198,0,0.0,none,-
thursday_infil,478,78263.5501036005,1520095.9435818247,125,125,0.20967741935483872,90.623394800632,3.9596104758760156,0.0,0.076,10472676.26,0,0.0,none,-
thursday_infil,479,85931.99818582577,1299089.4184782442,123,123,0.2391304347826087,97.081690393512,3.7839067066150474,0.0,0.086,11916917.718,0,0.0,none,-
thursday_infil,480,37250.91350192842,693996.7727431463,57,57,0.3229166666666667,124.91091158309999,2.5067537860452997,0.0,0.06,13470930.1,0,0.0,none,-
thursday_infil,481,61246.787194795565,1073216.1381848396,120,120,0.09642857142857143,60.993927682119995,3.6379293850039893,0.0,0.052,11112945.578,0,0.0,none,-
thursday_infil,482,42843.32447100685,1785715.8358546777,81,81,0.14150943396226415,108.4294894227,2.8737101908412597,0.0,0.028,11780975.392,0,0.0,none,-
thursday_infil,483,28911.44526504568,757712.359015665,37,37,0.29333333333333333,117.53583976544,1.9858371020955077,0.0,0.042,9335425.252,0,0.0,none,-
thursday_infil,484,54112.50093788921,984152.519956153,87,87,0.11486486486486487,97.04509722948,3.121369062674205,0.002,0.032,15103035.754,0,0.0,none,-
thursday_infil,485,35432.78087486931,719429.8676517507,58,58,0.09090909090909091,121.42423703542998,2.335949243704621,0.0,0.016,14362151.044,0,0.0,none,-
thursday_infil,486,74992.99472211895,2504769.2263332834,133,133,0.1276595744680851,92.340642251804,4.182460993795274,0.0,0.058,10670155.784,0,0.0,none,-
thursday_infil,487,21818.435434084386,419184.1368022653,68,68,0.16483516483516483,128.4148275306,2.56531033651843,0.0,0.028,15912558.44,0,0.0,none,-
thursday_infil,488,12988.00014568239,295864.63797639124,23,23,0.2682926829268293,143.98643976002796,1.8011132254288893,0.0,0.02,16710451.148,0,0.0,none,-
thursday_infil,489,35773.14871902271,682145.1961796011,60,60,0.19318181818181818,110.60422205430801,2.4359354021059345,0.0,0.032,11465015.454,0,0.0,none,-
thursday_infil,490,61297.14155050899,1368972.732070546,106,106,0.14507772020725387,122.98982173141998,3.515371451942965,0.0,0.054,11933860.514,0,0.0,none,-
thursday_infil,491,57201.20606891376,1212219.9316700916,179,179,0.1213235294117647,81.78619701398,4.846089627459102,0.004,0.064,6570952.18,0,0.0,none,-
thursday_infil,492,21882.568140721716,504283.9392423125,39,39,0.14893617021276595,162.6050274312,2.088724234493748,0.0,0.012,15611075.214,0,0.0,none,-
thursday_infil,493,100978.80656190414,1142320.093723068,178,178,0.2669172932330827,63.746766137838,4.6643419735088285,0.002,0.14,5293427.928,0,0.0,none,-
thursday_infil,494,41837.69090448197,968970.6844719138,96,96,0.10714285714285714,141.25629855352,3.316680517114865,0.0,0.028,12434102.444,0,0.0,none,-
thursday_infil,495,55158.47045941591,1012654.0025224336,120,120,0.1452513966480447,134.397136629204,3.6962872912889972,0.0,0.05,9797563.608,0,0.0,none,-
thursday_infil,496,51528.85807863836,1085830.7747728452,68,68,0.152,111.31950215528,2.5405396360420434,0.0,0.036,6652055.332,0,0.0,none,-
thursday_infil,497,81096.43053265917,1111340.478211549,107,107,0.17679558011049723,144.05189090825402,3.4563256555285564,0.0,0.062,8565129.45,0,0.0,none,-
thursday_infil,498,11050.886135865774,571695.191223909,38,38,0.056818181818181816,181.02524237658002,2.1380061229552703,0.0,0.008,15175514.192,0,0.0,none,-
thursday_infil,499,43836.19766779197,1235055.27095453,53,53,0.14285714285714285,123.74981900182,2.1965521701047934,0.0,0.024,11104623.754,0,0.0,none,-
thursday_infil,500,55198.956452660546,1141249.3317350717,93,93,0.08571428571428572,101.038104027824,3.355039731296583,0.0,0.028,9048565.088,0,0.0,none,-
thursday_infil,501,79367.55873430219,1208092.8728970909,188,188,0.10810810810810811,142.11051002320602,4.75775380175732,0.0,0.054,7458119.118,0,0.0,none,-
thursday_infil,502,63982.66296119999,2760880.6897574416,108,108,0.1568627450980392,117.11600272970401,3.6952761699457746,0.0,0.046,12623241.978,0,0.0,none,-
thursday_infil,503,31675.473647843104,655133.049877515,75,75,0.11864406779661017,111.89326962982001,2.8664714010836336,0.0,0.026,12042449.844,0,0.0,none,-
thursday_infil,504,5077.638216546607,339086.42642856145,12,12,0.13333333333333333,131.4422272365,1.4333869388478864,0.0,0.006,11408817.112,0,0.0,none,-
thursday_infil,505,50413.25852658778,731799.2207265118,141,141,0.13675213675213677,86.34219386023001,4.132737952628778,0.0,0.062,5950882.514,0,0.0,none,-
thursday_infil,506,48220.618348688084,1398031.4320274564,69,69,0.22377622377622378,106.43386068530201,2.855530769961027,0.0,0.062,12511480.876,0,0.0,none,-
thursday_infil,507,23942.317205889845,855684.4048017235,23,23,0.11428571428571428,163.19587830767998,1.682440578015608,0.0,0.006,19690454.316,0,0.0,none,-
thursday_infil,508,31315.58453751606,478161.3290524657,25,25,0.1111111111111111,126.53767878151999,1.8927258727648384,0.0,0.01,20803186.172,0,0.0,none,-
thursday_infil,509,71200.5612878896,1426416.5717364654,111,111,0.21341463414634146,110.54471934738599,3.3448872506220733,0.0,0.068,11870788.306,0,0.0,none,-
thursday_infil,510,24992.667780778364,720158.2329589473,65,65,0.061068702290076333,173.2036321459,2.6299860692630532,0.0,0.014,12409763.134,0,0.0,none,-
thursday_infil,511,88313.82526950311,1339336.7977731687,201,201,0.125,74.580010984818,5.0571552214118025,0.0,0.064,4973480.57,0,0.0,none,-
thursday_infil,512,93007.24825117791,1231776.5882251705,186,186,0.18505338078291814,82.88152895096002,4.783221784016622,0.0,0.102,8086109.364,0,0.0,none,-
thursday_infil,513,21016.08313500745,682198.0508982411,13,13,0.358974358974359,125.8349388583,1.3944832829025937,0.0,0.026,14933569.318,0,0.0,none,-
thursday_infil,514,34007.38064881641,684365.784748389,69,69,0.13513513513513514,139.35535464645997,2.5876769557595236,0.0,0.028,20972802.34,0,0.0,none,-
thursday_infil,515,52768.23311386834,1019825.3541537997,64,64,0.23076923076923078,122.244433340586,2.495682777146303,0.0,0.058,17473554.956,0,0.0,none,-
thursday_infil,516,33445.05012242904,1320570.2269899347,45,45,0.07692307692307693,133.48611009008002,2.23971199996857,0.0,0.008,21825806.004,0,0.0,none,-
thursday_infil,517,50357.80979064758,773244.2076258049,92,92,0.10077519379844961,123.372505249414,3.090613209458558,0.0,0.024,18662503.302,0,0.0,none,-
thursday_infil,518,37308.29203071195,558873.6350473801,33,33,0.22580645161290322,113.02027960642,1.937070113286035,0.0,0.026,13364493.136,0,0.0,none,-
thursday_infil,519,118281.44402102382,2049037.2284168678,196,196,0.16911764705882354,81.69403613649,4.996455100321101,0.0,0.09,6198623.61,0,0.0,none,-
thursday_infil,520,28946.20455833895,839033.2000464938,70,70,0.08943089430894309,130.346105130916,2.5893989138117632,0.0,0.02,14272166.138,0,0.0,none,-
thursday_infil,521,27140.44393092599,565149.4459100404,67,67,0.15942028985507245,112.69503838032,2.6297745009924176,0.0,0.042,13032831.752,0,0.0,none,-
thursday_infil,522,66707.17463396137,1542407.4370785218,67,67,0.3305084745762712,131.22337783748,2.573807512064357,0.0,0.076,12046768.736,0,0.0,none,-
thursday_infil,523,63821.79747495082,1035647.479842602,101,101,0.23648648648648649,132.70770510572,3.042333936377323,0.0,0.068,9428006.698,0,0.0,none,-
thursday_infil,524,43710.31638194964,807985.4532840464,72,72,0.19696969696969696,116.33333019946002,2.700300966429915,0.0,0.05,11388473.232,0,0.0,none,-
thursday_infil,525,24854.240197202987,586527.451408181,41,41,0.17391304347826086,136.83593697049997,1.9074655222559658,0.0,0.022,14136176.806,0,0.0,none,-
thursday_infil,526,62095.420304426625,1475057.722266008,64,64,0.2169811320754717,137.83683530932,2.499662641253521,0.0,0.044,13187477.66,0,0.0,none,-
thursday_infil,527,26165.64640790277,919330.2520413933,42,42,0.1232876712328767,127.21736824668001,2.0744261058441236,0.0,0.016,11388572.614,0,0.0,none,-
thursday_infil,528,137386.7237841506,2578277.191117966,116,116,0.47692307692307695,119.38622790695999,3.529122158343611,0.0,0.122,11633778.446,0,0.0,none,-
thursday_infil,529,67380.23557332023,646274.42417103,149,149,0.12037037037037036,72.93129304918001,4.083679533576171,0.0,0.05,7713563.766,0,0.0,none,-
thursday_infil,530,30918.818019854527,869321.9770751398,75,75,0.12878787878787878,90.62839930987398,2.715595678465229,0.0,0.032,10625278.572,0,0.0,none,-
thursday_infil,531,50147.03700420809,678300.8232822758,121,121,0.1262135922330097,131.846036999284,3.5621285736463424,0.0,0.05,10765072.352,0,0.0,none,-
thursday_infil,532,60207.59189917181,1290496.7496411873,98,98,0.1390728476821192,103.17103339632801,3.3851380581319175,0.0,0.04,14999158.314,0,0.0,none,-
thursday_infil,533,38548.75315424237,746285.9666208815,107,107,0.19411764705882353,103.74666958704998,3.3819055305799246,0.002,0.064,9706503.374,0,0.0,none,-
thursday_infil,534,66371.70172995077,862528.1996033399,125,125,0.1891891891891892,125.51136617855201,3.874950682820921,0.002,0.068,10394100.822,0,0.0,none,-
thursday_infil,535,55871.823332117274,1433723.926947104,120,120,0.1881720430107527,87.211648807292,3.9067880626541855,0.0,0.068,14667439.518,0,0.0,none,-
thursday_infil,536,41389.135742765975,1066301.413528542,50,50,0.2647058823529412,171.61569559307998,2.350813450844734,0.0,0.034,15501722.416,0,0.0,none,-
thursday_infil,537,24069.238217162303,719090.2285835318,68,68,0.032,120.248869652984,2.6639441616633386,0.0,0.006,8453667.62,0,0.0,none,-
thursday_infil,538,39580.85419335141,750914.5204728585,110,110,0.06043956043956044,90.470084667458,3.604977435422881,0.0,0.02,11315947.756,0,0.0,none,-
thursday_infil,539,43128.47371153078,1744795.7393529234,73,73,0.13,136.128806636504,2.8438153014409817,0.0,0.024,11302154.948,0,0.0,none,-
thursday_infil,540,12056.17921097546,502536.653174248,13,13,0.05,147.42646493892,1.4442133674457494,0.0,0.002,19988322.398,0,0.0,none,-
thursday_infil,541,49555.74585588967,1228309.7496449274,60,60,0.08791208791208792,93.63281438228,2.3504816538185143,0.0,0.014,11623973.458,0,0.0,none,-
thursday_infil,542,35338.14224863603,560219.027587672,60,60,0.25555555555555554,150.26518478850002,2.5543153654139754,0.0,0.044,18672388.046,0,0.0,none,-
thursday_infil,543,46831.9957022824,917275.7454312652,50,50,0.25757575757575757,120.5640129818,2.2680503102564202,0.004,0.032,14463202.004,0,0.0,none,-
thursday_infil,544,77742.25852853827,1581193.3097276136,111,111,0.11702127659574468,107.59570009528,3.60178541750577,0.0,0.042,7886416.566,0,0.0,none,-
thursday_infil,545,54946.22508886377,636834.6703248131,110,110,0.1524390243902439,103.92648240844001,3.5269403230297693,0.0,0.048,9570354.876,0,0.0,none,-
thursday_infil,546,108804.68380690923,1450181.9351131811,189,189,0.23308270676691728,72.467281588986,4.856215341451357,0.0,0.122,7907685.854,0,0.0,none,-
thursday_infil,547,70325.17173757791,1035854.8721021919,101,101,0.2392638036809816,133.00868478158398,3.2909216244222312,0.0,0.076,15179288.452,0,0.0,none,-
thursday_infil,548,37090.52922449188,848793.2988236004,53,53,0.2926829268292683,119.83470097968,2.1581225477507697,0.0,0.046,12001792.07,0,0.0,none,-
thursday_infil,549,58304.41395069214,864310.3537467897,82,82,0.17647058823529413,115.22742296408,2.8866904294818183,0.0,0.04,15345616.016,0,0.0,none,-
thursday_infil,550,37968.83109488264,650913.6629558797,61,61,0.07608695652173914,158.568621677284,2.459480331160071,0.0,0.012,16440895.582,0,0.0,none,-
thursday_infil,551,11909.707147948113,279741.4052979442,17,17,0.18333333333333332,107.8057064514,1.376269437523901,0.0,0.02,11848539.644,0,0.0,none,-
thursday_infil,552,65735.60097213049,736848.2887874494,128,128,0.11467889908256881,86.71615396636,3.7500553418741243,0.0,0.048,12014845.108,0,0.0,none,-
thursday_infil,553,50072.11368938848,753907.7808182106,96,96,0.13986013986013987,124.434999952468,3.148382728694227,0.0,0.038,12564704.874,0,0.0,none,-
thursday_infil,554,36078.31582946865,1488628.3490551133,62,62,0.36585365853658536,125.51386624292,2.3353997627094887,0.0,0.058,14511548.596,0,0.0,none,-
thursday_infil,555,84893.15463361591,1435619.0918730556,170,170,0.15350877192982457,81.75276723692001,4.527982739213315,0.0,0.068,7846130.422,0,0.0,none,-
thursday_infil,556,34502.83112635502,547263.3832425048,50,50,0.3076923076923077,132.48599341866,2.1206882028103067,0.0,0.054,15051217.514,0,0.0,none,-
thursday_infil,557,56788.631331645156,908193.5270893542,81,81,0.1393939393939394,97.05665654916,2.9353143473218135,0.002,0.044,7850868.128,0,0.0,none,-
thursday_infil,558,31219.71063427031,714166.261755146,41,41,0.17204301075268819,119.305533942254,2.2724693155016684,0.0,0.03,16723763.626,0,0.0,none,-
thursday_infil,559,90625.30655363503,1099762.6233576706,163,163,0.2863849765258216,89.489136690472,4.4244326434182195,0.0,0.12,8875953.552,0,0.0,none,-
thursday_infil,560,63343.296092497556,1514523.2335612096,81,81,0.36363636363636365,138.85463709184,2.8697655577889183,0.0,0.078,15895874.844,0,0.0,none,-
thursday_infil,561,22502.78675192097,601222.8341398938,38,38,0.1643835616438356,168.860056458534,2.1154093109903,0.0,0.022,21435739.49,0,0.0,none,-
thursday_infil,562,66630.3539385871,757872.635237077,128,128,0.18907563025210083,77.55191465937,3.7072720298461235,0.0,0.088,8185256.594,0,0.0,none,-
thursday_infil,563,124978.16958418135,1405063.0546807032,223,223,0.19014084507042253,49.429740132780005,5.4683308165419025,0.002,0.106,4111447.72,0,0.0,none,-
thursday_infil,564,95511.40311572852,1314258.719252038,151,151,0.23557692307692307,94.26301055528799,4.3328493260046645,0.0,0.096,6495513.076,0,0.0,none,-
thursday_infil,565,6682.147768300411,291549.3556374719,12,12,0.03225806451612903,115.986726756,1.228565469256187,0.0,0.0,16353800.886,0,0.0,none,-
thursday_infil,566,54456.564012798626,1480628.0626454458,73,73,0.047619047619047616,108.6375133321,2.8758506865585796,0.0,0.012,9423776.86,0,0.0,none,-
thursday_infil,567,51800.892297667626,1109475.589485356,67,67,0.16279069767441862,146.036471309744,2.619612558847348,0.0,0.026,23991319.58,0,0.0,none,-
thursday_infil,568,13178.8887086046,456703.1641692441,21,21,0.03636363636363636,142.73023000140003,1.6963217040529799,0.0,0.002,15029390.992,0,0.0,none,-
thursday_infil,569,22410.640776631335,747365.3087189926,33,33,0.08928571428571429,134.76618851062,1.812061205832832,0.0,0.008,11267897.614,0,0.0,none,-
thursday_infil,570,54369.25009805891,1205680.006091807,86,86,0.13380281690140844,98.1092442053,2.757927731379144,0.0,0.036,5776793.694,0,0.0,none,-
thursday_infil,571,169742.14183763706,2231013.1216003248,199,199,0.1906474820143885,70.03702667249999,5.109172081842666,0.0,0.104,4569983.542,0,0.0,none,-
thursday_infil,572,98519.92704650374,1354352.7180489963,168,168,0.23423423423423423,96.24509837885999,4.51060344831849,0.0,0.102,11900394.086,0,0.0,none,-
thursday_infil,573,89606.2615015699,1521773.8861386362,128,128,0.2864321608040201,181.94453833224003,4.146987485431321,0.0,0.112,6468681.078,0,0.0,none,-
thursday_infil,574,106354.89946043653,1531984.656069065,160,160,0.11688311688311688,102.491193234042,4.873814210148122,0.0,0.052,2298273.41,0,0.0,none,-
thursday_infil,575,19526.556266060044,391098.6823422755,36,36,0.06153846153846154,146.06327248032,1.9752220117162587,0.0,0.006,3039063.992,0,0.0,none,-
friday_morning,0,66594.45417059463,2403550.452530382,48,48,0.07,161.48089456406998,3.2634227754426983,0.0,0.012,6148779.54,0,0.0,none,-
friday_morning,1,45991.69966211559,1141257.5509807314,68,68,0.1111111111111111,175.21783978899998,3.4730782229378847,0.0,0.022,15171271.912,0,0.0,none,-
friday_morning,2,40847.38266313389,1511049.4750258834,90,90,0.1532258064516129,157.75634594916002,3.6428675760396607,0.0,0.036,15373275.492,0,0.0,none,-
friday_morning,3,20119.43214389322,433845.4659871032,43,43,0.14035087719298245,177.070090029866,2.0649806346751776,0.0,0.014,19115884.28,0,0.0,none,-
friday_morning,4,11350.090718494632,272086.0797623358,13,13,0.13157894736842105,135.10593791212003,1.4167769531845211,0.0,0.008,11989083.32,0,0.0,none,-
friday_morning,5,25312.22879679247,277945.17133849784,34,34,0.06451612903225806,120.67337686452001,1.8539414702961943,0.0,0.006,10224948.268,0,0.0,none,-
friday_morning,6,56283.01570877461,1032664.3974225651,160,160,0.04979253112033195,70.044631872136,4.562173923983812,0.0,0.022,10889735.716,0,0.0,none,-
friday_morning,7,72072.28945269676,1875596.6802811285,119,119,0.23529411764705882,128.26137823136997,4.003754405403838,0.0,0.062,13212260.792,0,0.0,none,-
friday_morning,8,50799.19900395104,1579383.737748263,72,72,0.23148148148148148,155.53431581823602,3.3682833355933823,0.002,0.048,15043468.768,0,0.0,none,-
friday_morning,9,47647.44417824375,1566389.87448415,84,84,0.1978021978021978,129.508383281068,3.267740806568647,0.0,0.034,20888253.586,0,0.0,none,-
friday_morning,10,18318.733705123905,614390.5079152238,39,39,0.08620689655172414,163.93877235675998,2.052013738329767,0.0,0.008,13235254.614,0,0.0,none,-
friday_morning,11,16217.197993883978,341464.0507289663,42,42,0.05357142857142857,115.02934440438,1.9580722204854446,0.0,0.004,11758616.682,0,0.0,none,-
friday_morning,12,16324.621824186082,320033.1662318834,36,36,0.04,128.39142242972,1.9750236756993416,0.0,0.004,13356999.99,0,0.0,none,-
friday_morning,13,40794.05788318158,939696.5969138746,76,76,0.08823529411764706,119.05102084454,2.92047306532919,0.0,0.022,10755336.038,0,0.0,none,-
friday_morning,14,48406.204122626084,1571694.3367961925,100,100,0.12429378531073447,93.50050712728,3.7411434923630305,0.002,0.042,8940109.91,0,0.0,none,-
friday_morning,15,57129.69405650026,1074195.2596926026,146,146,0.12716763005780346,119.31591329966,4.270054744989468,0.0,0.042,15216403.116,0,0.0,none,-
friday_morning,16,53807.823795590906,1030362.5464628059,68,68,0.25984251968503935,144.28161403925998,2.9613479903224786,0.0,0.064,13208770.152,0,0.0,none,-
friday_morning,17,63013.52142433536,1524984.6273701482,105,105,0.2638888888888889,155.931699379982,3.7554142051131993,0.0,0.074,26057371.878,0,0.0,none,-
friday_morning,18,21316.94916959712,429838.1685371727,48,48,0.14084507042253522,146.67424453382003,2.3496805805784353,0.0,0.018,16778313.648,0,0.0,none,-
friday_morning,19,31824.04895425232,1364040.2574924212,56,56,0.0989010989010989,125.76611066132001,2.2818101577094105,0.0,0.016,10827743.246,0,0.0,none,-
friday_morning,20,71453.60774115374,1588866.6586129668,101,101,0.15037593984962405,153.37533278172,3.59392967270375,0.0,0.038,16751006.582,0,0.0,none,-
friday_morning,21,24833.756373195418,546652.6489500417,59,59,0.08421052631578947,142.60615293645998,2.6033642595934126,0.0,0.014,14644051.26,0,0.0,none,-
friday_morning,22,44165.77995873136,999072.8453148406,50,50,0.2,113.84160536418,2.3462341404682387,0.0,0.03,13490168.65,0,0.0,none,-
friday_morning,23,91375.64762238425,1220333.9234187207,164,164,0.08363636363636363,108.65651597424399,4.856845043058154,0.0,0.044,12869056.738,0,0.0,none,-
friday_morning,24,99909.89269394222,2008267.8612763814,160,160,0.17040358744394618,116.66773952235,4.829482323329834,0.0,0.074,14444679.742,0,0.0,none,-
friday_morning,25,67315.73104279264,1142977.0787329837,78,78,0.3673469387755102,131.94399999832,3.2340181729915005,0.0,0.106,17598972.556,0,0.0,none,-
friday_morning,26,37378.81563415816,1068584.6736163432,60,60,0.19230769230769232,172.4812264218,2.675362873752279,0.0,0.038,20021910.778,0,0.0,none,-
friday_morning,27,52760.35916385706,1474148.3173898293,72,72,0.24545454545454545,128.3172845352,2.7331565540058635,0.0,0.052,10405862.128,0,0.0,none,-
friday_morning,28,101035.10224185645,1507287.4639687124,119,119,0.27450980392156865,104.58731405181999,4.051620239228904,0.0,0.138,10512938.128,0,0.0,none,-
friday_morning,29,52677.78332045433,1746451.094648095,68,68,0.44370860927152317,111.39132495976,3.0118357406803247,0.0,0.132,21843942.932,0,0.0,none,-
friday_morning,30,64302.982978419925,887913.5208627044,82,82,0.45390070921985815,121.96315180178,3.0647859608425763,0.0,0.126,22831149.832,0,0.0,none,-
friday_morning,31,11847.963172548236,402125.78126706934,18,18,0.12,129.43366617648002,1.6990973007804362,0.0,0.01,15761274.688,0,0.0,none,-
friday_morning,32,31426.094423710823,503990.9686145274,75,75,0.10434782608695652,125.12900256312001,2.623145894889346,0.0,0.022,12500229.276,0,0.0,none,-
friday_morning,33,16080.234021677239,653411.2783592207,32,32,0.24489795918367346,133.01237057510002,1.7612016256584564,0.0,0.022,14531837.972,0,0.0,none,-
friday_morning,34,25521.09925871017,967605.5304580429,24,24,0.17391304347826086,126.35278929606,1.5808184358407258,0.0,0.014,13374686.872,0,0.0,none,-
friday_morning,35,36959.5362612866,794713.0092294448,71,71,0.11678832116788321,140.395286590186,2.831200004047185,0.0,0.03,11709938.324,0,0.0,none,-
friday_morning,36,41021.5264166649,737828.6047055154,89,89,0.06857142857142857,84.039234076376,3.246640049889458,0.0,0.022,9669025.424,0,0.0,none,-
friday_morning,37,143957.30102388584,2326427.749560418,208,208,0.2996941896024465,67.690101813352,5.548148701607062,0.0,0.194,9872161.516,0,0.0,none,-
friday_morning,38,113344.29601521595,1464469.8002606826,134,134,0.3686635944700461,93.05874253120601,4.054505963410203,0.0,0.158,17112556.146,0,0.0,none,-
friday_morning,39,41549.75354226129,1214135.7988557105,72,72,0.34,147.36101700534002,2.7473853240984365,0.0,0.066,14853770.114,0,0.0,none,-
friday_morning,40,32250.264255984814,1272372.4930287723,74,74,0.22784810126582278,138.82962358400803,2.9759341986286145,0.0,0.07,19616042.648,0,0.0,none,-
friday_morning,41,54672.19320183092,1019371.0044999938,69,69,0.16981132075471697,119.45088091323998,2.832793045359474,0.0,0.034,16509017.978,0,0.0,none,-
friday_morning,42,10892.775924287782,449585.8930890876,19,19,0.21212121212121213,164.21513765054,1.6843761852760228,0.0,0.012,24343400.618,0,0.0,none,-
friday_morning,43,77851.06249168343,1351457.1710929337,86,86,0.16,109.11843494396,2.9963530883132394,0.0,0.038,8807328.882,0,0.0,none,-
friday_morning,44,23545.59764620503,948037.7003270548,35,35,0.12280701754385964,145.60500979518,2.0701253305991267,0.0,0.012,12364785.822,0,0.0,none,-
friday_morning,45,72051.57770562897,1250132.579797945,127,127,0.2,103.86923099636002,3.8589992882314363,0.0,0.064,11542970.004,0,0.0,none,-
friday_morning,46,50171.99261000993,908916.9868913897,92,92,0.34615384615384615,117.508084136922,3.168853797078638,0.004,0.088,10341249.468,0,0.0,none,-
friday_morning,47,86307.19722997368,1432883.951838366,113,113,0.2146341463414634,117.18931935392,3.8248439758135384,0.0,0.086,17625698.454,0,0.0,none,-
friday_morning,48,46852.91537853524,898823.0760765178,51,51,0.20833333333333334,107.82013914866,2.154586522874795,0.0,0.028,10153943.688,0,0.002,none,-
friday_morning,49,40499.953562136754,748272.2071467881,67,67,0.14563106796116504,130.94958351776,2.8135993098133723,0.0,0.028,20692164.428,0,0.002,none,-
friday_morning,50,55816.085059346435,1440188.9752740618,135,135,0.21951219512195122,126.57562210462801,4.082154974761865,0.014,0.07,18453429.46,0,0.0,none,-
friday_morning,51,7552.943374794059,184539.734947635,17,17,0.21428571428571427,145.36769719218,1.5585232605595112,0.0,0.01,21956692.458,0,0.0,none,-
friday_morning,52,55003.56044806507,1085858.121091208,92,92,0.10365853658536585,98.52195364522,3.2489990874345502,0.002,0.032,6651753.18,0,0.0,none,-
friday_morning,53,10982.668875431742,413684.9930472738,43,43,0.04285714285714286,212.95505247498,2.1451481046535767,0.002,0.01,8478391.028,0,0.0,none,-
friday_morning,54,5561.227990110044,265564.0257865152,23,23,0.07920792079207921,163.45372733178002,1.784280597427201,0.0,0.014,7847750.146,0,0.0,none,-
friday_morning,55,36042.77269964382,458840.1899088198,105,105,0.07446808510638298,163.96237441264,3.3284103518525097,0.0,0.026,10979664.83,0,0.0,none,-
friday_morning,56,69089.24765396977,1229545.022935338,139,139,0.14356435643564355,80.53876905898,3.961366966780375,0.0,0.056,6753804.74,0,0.0,none,-
friday_morning,57,33206.35190444307,524505.3750108695,53,53,0.1927710843373494,163.64347728982,2.4573899690439336,0.0,0.03,23602904.888,0,0.0,none,-
friday_morning,58,115940.47962486857,1657417.4955546083,114,114,0.41916167664670656,83.86896333537999,3.5943622850071284,0.0,0.138,9391552.232,0,0.0,none,-
friday_morning,59,47267.817526056955,1109407.0947052268,70,70,0.08018867924528301,145.23316521222,2.899629691776183,0.0,0.032,12234707.006,0,0.0,none,-
friday_morning,60,25466.946306269994,588815.5795409791,55,55,0.24285714285714285,119.51141457442,2.258768828264684,0.0,0.032,15306599.124,0,0.0,none,-
friday_morning,61,55443.028308820336,1229121.1284853073,82,82,0.2857142857142857,135.81761613063998,3.248510539143523,0.0,0.082,12640737.798,0,0.0,none,-
friday_morning,62,60044.14193330653,883096.3761850946,127,127,0.22289156626506024,134.38863360217601,3.7932197103616048,0.0,0.072,22970721.134,0,0.0,none,-
friday_morning,63,19528.00549153599,581848.6507346348,59,59,0.2875,147.39462089946,2.4638216488563773,0.0,0.044,15808206.248,0,0.0,none,-
friday_morning,64,21942.227073693466,667246.6466098276,58,58,0.15306122448979592,127.5098696384,2.4740522743533764,0.0,0.028,13072158.344,0,0.0,none,-
friday_morning,65,17962.26753684985,511597.3637549385,42,42,0.07142857142857142,131.36133054924,2.215074128781221,0.0,0.014,12514784.274,0,0.0,none,-
friday_morning,66,91709.41543469443,1431106.3218152104,114,114,0.24338624338624337,99.76275315012599,3.4941837806083247,0.0,0.09,12972354.79,0,0.0,none,-
friday_morning,67,69663.5823338796,1064167.0979497808,142,142,0.13333333333333333,94.100383403874,4.1132103721361535,0.0,0.054,7082903.412,0,0.0,none,-
friday_morning,68,103518.18990038848,1528562.8867694086,164,164,0.20164609053497942,89.645213718562,4.691968482990601,0.0,0.096,11785448.078,0,0.0,none,-
friday_morning,69,38410.56150639674,1088048.0696902708,72,72,0.21951219512195122,123.70236841828202,2.7785991417773097,0.0,0.052,15598703.1,0,0.0,none,-
friday_morning,70,94250.01595731583,1687907.1880981831,151,151,0.3305439330543933,124.773107216386,4.497062567750369,0.0,0.156,11894563.164,0,0.0,none,-
friday_morning,71,12897.264734523002,219613.60173132966,27,27,0.15217391304347827,176.43609097048,1.767834469890421,0.0,0.012,19608323.204,0,0.0,none,-
friday_morning,72,44287.143320028845,463336.171313101,41,41,0.20253164556962025,161.25337501149602,1.9683408290709425,0.0,0.03,10849328.316,0,0.0,none,-
friday_morning,73,68455.48145330767,824957.8936838496,74,74,0.2564102564102564,135.48937427735999,2.7572811179352184,0.0,0.058,16713726.582,0,0.0,none,-
friday_morning,74,37426.57197991622,676713.3374819887,39,39,0.2077922077922078,132.03259932400002,1.8645074671444568,0.0,0.03,8206730.324,0,0.0,none,-
friday_morning,75,77348.80726395363,1528147.2914021409,104,104,0.14516129032258066,115.705068585072,3.376143008386982,0.0,0.052,8202263.294,0,0.0,none,-
friday_morning,76,38588.87926916353,1114432.8869192766,63,63,0.0990990990990991,129.74294634158,2.5777033866517334,0.0,0.02,14981816.434,0,0.0,none,-
friday_morning,77,63138.881885187926,1445351.6151814328,150,150,0.13025210084033614,74.56269754303399,4.332389106636176,0.0,0.06,8639594.222,0,0.0,none,-
friday_morning,78,99389.4805987199,1283138.1458002166,207,207,0.2925170068027211,63.991189534134,5.151696082563647,0.0,0.17,12531762.954,0,0.0,none,-
friday_morning,79,67306.54250383488,1249622.5549617351,84,84,0.4295774647887324,134.7398986129,3.1390133795855695,0.0,0.12,10436958.114,0,0.0,none,-
friday_morning,80,66917.86128975092,1410734.2038247332,113,113,0.22580645161290322,101.84757856645,3.832815297097874,0.0,0.096,13609312.784,0,0.0,none,-
friday_morning,81,54264.964600493346,1333780.9182406696,83,83,0.2890625,124.02408573475998,3.316437951551951,0.006,0.072,16971843.992,0,0.0,none,-
friday_morning,82,23492.096957199643,563256.614501156,45,45,0.2898550724637681,154.17842312751398,2.1587667483208284,0.0,0.038,13974008.228,0,0.0,none,-
friday_morning,83,53783.393604879784,951011.0487064215,70,70,0.26851851851851855,119.99093769269402,2.4879847025282404,0.0,0.056,12859722.924,0,0.0,none,-
friday_morning,84,39664.920850804054,509426.15720914456,55,55,0.16666666666666666,118.73915521990799,2.5095445004185764,0.002,0.036,9342738.664,0,0.0,none,-
friday_morning,85,56012.62470747148,980275.9043814588,99,99,0.18235294117647058,144.091131748482,3.619506745442218,0.0,0.06,18915901.828,0,0.0,none,-
friday_morning,86,49928.602662796635,1382153.3757094778,105,105,0.1935483870967742,111.518339654774,3.239111390945036,0.0,0.046,9313963.744,0,0.0,none,-
friday_morning,87,35944.80458283186,996702.0573735916,64,64,0.248,111.614264431088,2.7517043245839674,0.0,0.06,9604746.934,0,0.0,none,-
friday_morning,88,62730.31387697191,997078.6274997008,104,104,0.2582781456953642,101.99074319273998,3.424441110816815,0.002,0.076,13623724.906,0,0.0,none,-
friday_morning,89,55382.392628672314,1038576.971174196,99,99,0.23577235772357724,134.29245399706002,3.460008898875612,0.0,0.056,11088499.87,0,0.0,none,-
friday_morning,90,16606.315659569264,574233.7339117543,34,34,0.11904761904761904,113.73240842349999,1.5426892610193597,0.0,0.008,12913778.688,0,0.0,none,-
friday_morning,91,90877.53901500482,2133793.596173756,122,122,0.1986754966887417,88.737572551708,3.9162392591715673,0.0,0.058,4494331.568,0,0.0,none,-
friday_morning,92,22538.171014557694,1061679.290834444,39,39,0.4,151.707085360454,2.235716562344999,0.0,0.046,23178999.134,0,0.0,none,-
friday_morning,93,34552.787891035456,595081.5246455924,56,56,0.136986301369863,110.06536064138,2.400039983340135,0.0,0.018,15487260.2,0,0.0,none,-
friday_morning,94,47736.23051203508,1027061.1753257513,95,95,0.15671641791044777,138.90064985374,3.156189249219082,0.0,0.04,12282333.758,0,0.0,none,-
friday_morning,95,50173.64104180114,988070.1082099032,73,73,0.13178294573643412,121.10854833517398,2.904939567882138,0.0,0.032,11772196.146,0,0.0,none,-
friday_morning,96,55295.810935452704,817697.8980752083,116,116,0.20276497695852536,87.10177220423401,3.841921405162955,0.0,0.086,14227597.336,0,0.0,none,-
friday_morning,97,25138.752682802155,484443.61559357116,42,42,0.09803921568627451,141.67041009044001,1.8472021590047372,0.0,0.008,13512148.41,0,0.0,none,-
friday_morning,98,13768.31748243259,384564.52446812676,31,31,0.17647058823529413,120.665134192,1.6228984665539918,0.0,0.016,11730442.684,0,0.0,none,-
friday_morning,99,70553.7893904337,1285709.7470133023,171,171,0.15019762845849802,74.425261963214,4.728840641171578,0.0,0.074,8960611.988,0,0.0,none,-
friday_morning,100,66424.28188657085,957460.657461627,136,136,0.35023041474654376,124.856529739574,4.392231372059713,0.0,0.15,9918854.686,0,0.0,none,-
friday_morning,101,37446.052710191114,376922.7474097234,78,78,0.15503875968992248,113.237592075626,2.745201371045587,0.0,0.038,20103924.548,0,0.0,none,-
friday_morning,102,39681.04777663992,600125.4481861001,80,80,0.087248322147651,110.62627861344,3.0492114247763933,0.0,0.024,14839828.174,0,0.0,none,-
friday_morning,103,22736.333350983467,457058.74289336347,54,54,0.10126582278481013,153.836053635,2.2661991576947798,0.0,0.014,17745026.57,0,0.0,none,-
friday_morning,104,35078.72192891801,1071488.4827630522,66,66,0.25806451612903225,120.20828482187402,2.5929547259180676,0.0,0.046,13400049.124,0,0.0,none,-
friday_morning,105,36535.588614013715,699394.1630689704,71,71,0.19230769230769232,122.87577908482001,2.6659369659402357,0.0,0.038,16347517.238,0,0.0,none,-
friday_morning,106,16848.952410701084,431020.40501511,35,35,0.057692307692307696,117.85669972045399,1.7797238012284495,0.0,0.004,13932554.622,0,0.0,none,-
friday_morning,107,13299.00462089162,453255.4677979483,27,27,0.06382978723404255,111.02672400584001,1.5439108139739797,0.0,0.004,14538520.07,0,0.0,none,-
friday_morning,108,13400.756307323454,365850.0270751733,40,40,0.13333333333333333,129.26457677988,2.0095668830278877,0.0,0.018,15166665.456,0,0.0,none,-
friday_morning,109,35338.058477594706,600560.9766075342,92,92,0.19753086419753085,142.15774075084,3.118101234931253,0.0,0.062,9923581.112,0,0.0,none,-
friday_morning,110,66088.7660771704,1322462.622273252,141,141,0.2904761904761905,82.611101011072,3.976668335945657,0.0,0.12,6709237.244,0,0.0,none,-
friday_morning,111,30778.090633037293,597704.3146992304,81,81,0.1643835616438356,129.3569728995,2.8918156698691826,0.0,0.046,7035634.718,0,0.0,none,-
friday_morning,112,30476.89759698744,461477.6041015973,102,102,0.2655367231638418,142.48305131432,3.1853519611726795,0.0,0.092,9182221.108,0,0.004,none,-
friday_morning,113,75079.31686223489,1504613.2965504322,104,104,0.30409356725146197,111.86506141583799,3.52126148561718,0.0,0.102,8078407.4,1,0.012,botnet,TA0011 Command and Control / T1071 Application Layer Protocol
friday_morning,114,29273.536838909426,410743.0138990202,68,68,0.20909090909090908,117.515893331634,2.453066203909281,0.0,0.044,12139861.38,0,0.004,none,-
friday_morning,115,71381.15733476567,1783082.4816834172,109,109,0.17857142857142858,113.34161470274199,3.468936513926044,0.0,0.058,8633207.314,0,0.004,none,-
friday_morning,116,39038.39637593211,1299255.4392128168,100,100,0.27638190954773867,122.208386233496,3.1719448991686177,0.0,0.108,6279781.458,0,0.008,none,-
friday_morning,117,34440.17143306467,1212824.310876612,76,76,0.323943661971831,118.288436128734,2.7307463485818264,0.0,0.09,7464128.664,0,0.008,none,-
friday_morning,118,69339.74176633742,4492834.955965309,166,166,0.3,114.66633100198999,4.30530038654956,0.0,0.154,4353316.05,1,0.012,botnet,TA0011 Command and Control / T1071 Application Layer Protocol
friday_morning,119,21245.163842303573,560145.0571697396,40,40,0.125,153.77169692235998,2.0375148743936102,0.0,0.014,15845796.108,0,0.004,none,-
friday_morning,120,42145.722859203684,1422278.8130519171,102,102,0.2980132450331126,114.46497697563998,3.3175131725970504,0.004,0.088,8139296.858,0,0.008,none,-
friday_morning,121,34931.44603930459,602936.5542596532,65,65,0.29,141.350883748626,2.5942343353919375,0.0,0.056,18031121.694,0,0.004,none,-
friday_morning,122,36875.321777226585,2422455.0269570523,61,61,0.28440366972477066,149.41531343872,2.398189853172796,0.0,0.06,10580753.558,0,0.002,none,-
friday_morning,123,61384.116091456366,1082525.531866973,81,81,0.18543046357615894,92.05160564738,2.861209095484586,0.0,0.054,9767716.06,0,0.008,none,-
friday_morning,124,42835.77349127206,2178302.0492353765,64,64,0.19,174.76426145609997,2.5240689018938127,0.0,0.036,14524293.226,1,0.012,botnet,TA0011 Command and Control / T1071 Application Layer Protocol
friday_morning,125,41026.372875308356,895582.7902825311,55,55,0.18181818181818182,125.19976919716,2.1052623190151007,0.0,0.026,11176565.192,0,0.004,none,-
friday_morning,126,60631.73848632423,2900726.6576788235,95,95,0.32061068702290074,122.1554951017,3.1910855476062387,0.002,0.082,9176581.606,1,0.016,botnet,TA0011 Command and Control / T1071 Application Layer Protocol
friday_morning,127,92473.49431230877,2389166.2217069347,170,170,0.25,81.43277032087799,4.835555661062696,0.0,0.142,9119584.786,1,0.022,botnet,TA0011 Command and Control / T1071 Application Layer Protocol
friday_morning,128,81419.64333866235,1340197.9681740224,114,114,0.3391812865497076,149.75676740308,3.5629223720833068,0.0,0.114,8280921.268,1,0.014,botnet,TA0011 Command and Control / T1071 Application Layer Protocol
friday_morning,129,52628.63505682754,702445.6237819318,86,86,0.16666666666666666,123.33689618007999,2.981743494020781,0.0,0.038,11785227.342,0,0.008,none,-
friday_morning,130,29716.6757490805,1140389.4609779464,73,73,0.3269230769230769,118.55046124664,2.300090756933675,0.0,0.066,8337304.46,0,0.008,none,-
friday_morning,131,31140.966403493076,904729.1275749311,70,70,0.10526315789473684,107.69691455156001,2.5165409807086325,0.0,0.018,8324082.202,0,0.004,none,-
friday_morning,132,28245.223014211595,1246601.7634314527,67,67,0.24175824175824176,122.3688367051,2.359487251437823,0.0,0.042,5708597.18,0,0.004,none,-
friday_morning,133,30941.147422952916,966611.980255116,50,50,0.2835820895522388,136.98039664040598,2.1828458874311387,0.0,0.036,10837063.39,0,0.0,none,-
friday_morning,134,51730.6547742212,1828734.0796922299,80,80,0.25190839694656486,123.54755063266,3.0116819035618354,0.0,0.064,10953599.194,0,0.004,none,-
friday_morning,135,69811.40092137261,2555893.874504527,154,154,0.22727272727272727,146.42062228104,4.416851997137736,0.0,0.088,10550801.44,0,0.008,none,-
friday_morning,136,61133.906078525455,1985120.8846814893,107,107,0.44385026737967914,109.09385793704001,3.3858405132888425,0.0,0.164,8020131.874,0,0.004,none,-
friday_morning,137,42201.18799912055,2231162.2392504564,99,99,0.3181818181818182,131.36924289966,3.2913247883917567,0.0,0.082,9468535.922,0,0.004,none,-
friday_morning,138,41674.97496759258,943280.5089064088,87,87,0.18620689655172415,152.364969096254,3.208499206901889,0.0,0.052,16319781.818,0,0.004,none,-
friday_morning,139,51193.73188617754,2011018.1127633385,108,108,0.2426470588235294,106.54713571437998,3.3962057922681543,0.0,0.064,9185492.032,0,0.008,none,-
friday_morning,140,55352.405766763346,3623212.5059125614,93,93,0.38345864661654133,136.50668961003998,3.0356750180024914,0.0,0.1,10710030.648,0,0.0,none,-
friday_morning,141,71675.2709887045,1868778.4116231136,86,86,0.2808219178082192,147.74956002998,2.892347301940429,0.0,0.08,10372417.874,0,0.004,none,-
friday_morning,142,34236.081836200916,637800.7703034596,50,50,0.1518987341772152,113.2649428691,2.1984630986170917,0.0,0.022,10105771.56,0,0.0,none,-
friday_morning,143,45426.000590704454,2127360.9119353704,70,70,0.2727272727272727,109.20767297718,2.6542012348238715,0.0,0.058,9984687.55,0,0.0,none,-
friday_morning,144,43660.07168580502,2837044.879778701,159,159,0.2850467289719626,144.31425498388,4.372752354039724,0.0,0.12,9243388.93,0,0.004,none,-
friday_morning,145,32993.02463293256,1499500.6981283398,56,56,0.375,142.9481210669,2.3893341086908984,0.0,0.064,10330397.576,0,0.004,none,-
friday_morning,146,104098.62852196344,4124295.2413153416,174,174,0.3368421052631579,97.3088433052,4.785904701008521,0.0,0.19,4444645.316,0,0.004,none,-
friday_morning,147,47832.44461951968,3002471.31200078,83,83,0.33884297520661155,142.85184244642,2.9460442796696866,0.0,0.08,13999530.404,0,0.004,none,-
friday_morning,148,54474.10382840575,2077684.0904495816,76,76,0.34234234234234234,129.70242171209998,2.712809266782064,0.0,0.074,7536850.594,0,0.0,none,-
friday_morning,149,127305.05556444445,6568598.6359913405,174,174,0.41568627450980394,125.53767538959201,4.595687858887523,0.0,0.21,5116432.024,0,0.008,none,-
friday_morning,150,50277.33129315331,4475801.424993443,98,98,0.5447154471544715,155.966989014506,3.148076406124325,0.0,0.132,7796064.87,0,0.0,none,-
friday_morning,151,55576.16266139752,1608225.5186446828,121,121,0.34415584415584416,137.186256901414,3.643632006814717,0.0,0.104,15506624.388,0,0.006,none,-
friday_morning,152,42750.043307620836,1845536.5020974237,86,86,0.1875,110.17310626214801,2.6574197930978865,0.002,0.04,12871436.378,0,0.006,none,-
friday_morning,153,63999.14316895598,4800818.922072929,101,101,0.31351351351351353,156.76263317384002,3.620709030948952,0.0,0.114,11440417.118,0,0.0,none,-
friday_morning,154,6434.638195974643,202144.60022723436,20,20,0.4594594594594595,137.06691194778,1.6093781813859755,0.0,0.032,21843858.056,0,0.0,none,-
friday_morning,155,8347.726495644778,204970.50580273816,38,38,0.14,113.54935590880001,1.994623170071197,0.0,0.012,16310645.644,0,0.0,none,-
friday_morning,156,10513.589883393584,282739.4106015664,35,35,0.023255813953488372,107.10898246498002,1.6022870608233704,0.0,0.0,13075592.706,0,0.002,none,-
friday_morning,157,10868.761395974949,381478.4307555679,23,23,0.11428571428571428,104.92966807100001,1.3279714723368388,0.0,0.006,8027781.542,0,0.002,none,-
friday_morning,158,62544.99468988779,1810822.1562065724,149,149,0.1782178217821782,82.16176823252,4.078079738621776,0.0,0.07,4730958.72,0,0.0,none,-
friday_morning,159,27688.984767547918,1597491.8836353563,56,56,0.1559633027522936,136.41447963821997,2.4918999412767526,0.0,0.032,19942139.938,0,0.0,none,-
friday_morning,160,19512.021062531196,1185312.9204544262,57,57,0.13,116.54307717585999,2.4543644932589768,0.0,0.024,9221374.148,0,0.0,none,-
friday_morning,161,72286.48012345338,4540386.813722154,159,159,0.2146118721461187,186.04980767462,4.441654684674371,0.0,0.092,5262036.366,0,0.006,none,-
friday_morning,162,84175.60180899072,3841383.588796778,150,150,0.3153526970954357,138.60301621653997,4.3527418152068265,0.0,0.15,2107246.238,0,0.008,none,-
friday_morning,163,63584.106905625275,3703636.6003729086,102,102,0.1784037558685446,105.58498868529999,3.48875623001533,0.0,0.074,11474504.09,1,0.016,botnet,TA0011 Command and Control / T1071 Application Layer Protocol
friday_morning,164,93047.94344762177,2834663.579469557,199,199,0.24535315985130113,84.10940769038,5.044655569277329,0.0,0.13,6852652.576,1,0.016,botnet,TA0011 Command and Control / T1071 Application Layer Protocol
friday_morning,165,32178.537518446894,776323.5306925653,80,80,0.17708333333333334,98.12717055476,2.5496801734653434,0.0,0.032,14841151.158,0,0.0,none,-
friday_morning,166,17680.156548529805,598534.4941344146,19,19,0.2916666666666667,116.74756243264,1.1267506720367613,0.0,0.012,11568695.924,0,0.004,none,-
friday_morning,167,78115.68960485628,1010923.7372746456,131,131,0.1987179487179487,80.74012863547999,3.6303091644604244,0.0,0.06,9606326.946,0,0.004,none,-
friday_morning,168,35645.45791220978,458438.1370159097,76,76,0.09565217391304348,116.351201200198,2.888042186386688,0.0,0.02,16084806.998,1,0.012,botnet,TA0011 Command and Control / T1071 Application Layer Protocol
friday_morning,169,26538.31433316689,756675.3553959145,33,33,0.375,125.39268026632001,1.7551511913664783,0.0,0.04,14712464.398,0,0.004,none,-
friday_morning,170,32289.776730205318,1521583.5542774058,79,79,0.26865671641791045,138.56013474961998,2.9082634491933317,0.0,0.07,10962107.848,0,0.008,none,-
friday_morning,171,47023.65104150656,1988035.3065456438,59,59,0.13953488372093023,121.80951830778,2.153202975641574,0.0,0.022,7448977.478,1,0.02,botnet,TA0011 Command and Control / T1071 Application Layer Protocol
friday_morning,172,51846.50618911571,784715.1443160608,146,146,0.10407239819004525,94.951238544416,4.165973687771802,0.0,0.044,12616196.1,0,0.008,none,-
friday_morning,173,16754.977893999323,712495.700992898,27,27,0.1891891891891892,110.81251366699999,1.384902069655121,0.0,0.012,9146661.802,0,0.004,none,-
friday_morning,174,28377.03961998148,1259632.3000876948,49,49,0.30434782608695654,108.8814747123,1.8199810848010578,0.0,0.04,6743840.674,1,0.012,botnet,TA0011 Command and Control / T1071 Application Layer Protocol
friday_morning,175,49442.800093335194,1022146.468461778,122,122,0.1927710843373494,140.36095235968398,3.8454700774000705,0.0,0.062,5906478.404,1,0.024,botnet,TA0011 Command and Control / T1071 Application Layer Protocol
friday_morning,176,52163.26865938972,3339463.0004340475,90,90,0.48175182481751827,156.19735197491602,3.1960985138056666,0.0,0.13,10615885.398,1,0.032,botnet,TA0011 Command and Control / T1071 Application Layer Protocol
friday_morning,177,27092.06749995302,2005516.0062374605,56,56,0.3472222222222222,116.5594678523,2.237892542754391,0.0,0.048,9277327.106,0,0.008,none,-
friday_morning,178,25411.49650242611,910888.8891667831,69,69,0.19540229885057472,123.41768040233998,2.44148710025737,0.0,0.032,7668273.934,0,0.008,none,-
friday_morning,179,31839.094087465317,1144841.5456418833,77,77,0.14388489208633093,108.5340101243,2.8900368575996698,0.0,0.038,10703889.426,1,0.026,botnet,TA0011 Command and Control / T1071 Application Layer Protocol
friday_morning,180,43763.16259109233,2061688.955696422,133,133,0.21739130434782608,96.35965169452,3.857702630714207,0.0,0.078,9644090.584,1,0.042,botnet,TA0011 Command and Control / T1071 Application Layer Protocol
friday_morning,181,16250.23784408676,1026165.33212059,26,26,0.05128205128205128,108.21544852206,1.6078423094059058,0.0,0.002,14930304.414,0,0.008,none,-
friday_morning,182,30391.011569504317,1000018.1727958597,63,63,0.25,103.73902099642001,1.9899293801595328,0.0,0.034,6631786.334,1,0.012,botnet,TA0011 Command and Control / T1071 Application Layer Protocol
friday_morning,183,74115.10423135637,2439149.7646531262,111,111,0.3645833333333333,112.60604267731401,3.447115890946504,0.0,0.138,9727807.138,1,0.024,botnet,TA0011 Command and Control / T1071 Application Layer Protocol
friday_morning,184,36265.720468733496,1973192.6169702038,96,96,0.3559322033898305,164.84367190351202,3.285295718887769,0.0,0.082,11194906.548,1,0.028,botnet,TA0011 Command and Control / T1071 Application Layer Protocol
friday_morning,185,13417.667014964049,463704.6976921696,30,30,0.25,129.7026938485,1.71884789293748,0.0,0.02,16183404.824,0,0.0,none,-
friday_morning,186,17552.4405038584,336516.1544173089,71,71,0.04854368932038835,100.54187489706,2.4984774752288494,0.0,0.008,11970409.422,0,0.004,none,-
friday_morning,187,29047.522156333103,537094.8339449856,69,69,0.10714285714285714,118.80534448406002,2.626687390597607,0.0,0.022,13262757.456,1,0.012,botnet,TA0011 Command and Control / T1071 Application Layer Protocol
friday_morning,188,21452.253443980902,389430.4539051783,77,77,0.10416666666666667,180.14394937534,2.9866085789649794,0.0,0.028,14018199.276,1,0.016,botnet,TA0011 Command and Control / T1071 Application Layer Protocol
friday_morning,189,30291.42538957382,671428.4364858943,85,85,0.23703703703703705,131.14942622408,2.9495795640786104,0.0,0.062,7234121.042,1,0.012,botnet,TA0011 Command and Control / T1071 Application Layer Protocol
friday_morning,190,23736.241440128997,1389437.7916334823,71,71,0.2,99.1390360511,2.5820866482578104,0.0,0.046,11748631.542,1,0.012,botnet,TA0011 Command and Control / T1071 Application Layer Protocol
friday_morning,191,30411.355081842754,816001.3693211591,58,58,0.1111111111111111,91.85162319241999,1.98450410536304,0.0,0.014,7957261.416,0,0.004,none,-
friday_morning,192,66275.92409006543,708085.3807441023,187,187,0.0946969696969697,57.88594351634,5.047956737485334,0.0,0.048,3740924.758,1,0.068,botnet,TA0011 Command and Control / T1071 Application Layer Protocol
friday_morning,193,11803.751052445736,496199.0682735565,28,28,0.12244897959183673,129.13124934625,1.8101735948030884,0.0,0.01,13017857.3,1,0.012,botnet,TA0011 Command and Control / T1071 Application Layer Protocol
friday_morning,194,43743.442801687095,928185.7611281014,148,148,0.08482142857142858,71.81746607090399,4.265807189251253,0.0,0.036,9192489.402,1,0.052,botnet,TA0011 Command and Control / T1071 Application Layer Protocol
friday_morning,195,67405.06935242575,1092011.928670682,144,144,0.18518518518518517,84.94520719158,4.2300583024051095,0.0,0.088,7949941.532,1,0.04,botnet,TA0011 Command and Control / T1071 Application Layer Protocol
friday_morning,196,13057.62174088011,649383.9763207356,22,22,0.2727272727272727,105.34749037938,1.5081714829114028,0.0,0.016,16339074.564,0,0.01,none,-
friday_morning,197,46370.15838939476,678583.2934910409,70,70,0.13131313131313133,84.05376898291999,2.2612991839956242,0.0,0.024,8377413.52,1,0.016,botnet,TA0011 Command and Control / T1071 Application Layer Protocol
friday_morning,198,27034.40426656112,809949.6248842513,78,78,0.13402061855670103,136.17087140659999,2.8684163205602493,0.0,0.024,16994430.016,1,0.036,botnet,TA0011 Command and Control / T1071 Application Layer Protocol
friday_morning,199,9814.59680044382,341918.62625212484,28,28,0.10204081632653061,106.7061637577,1.672506911567393,0.0,0.008,14157979.744,0,0.002,none,-
friday_morning,200,37829.13950472322,1353469.3653748455,128,128,0.11702127659574468,86.87834422463999,3.8612116533931493,0.0,0.042,6084298.54,1,0.088,botnet,TA0011 Command and Control / T1071 Application Layer Protocol
friday_morning,201,18156.83235262651,465495.6708306318,49,49,0.07228915662650602,130.12041146582402,2.0541968135862048,0.0,0.01,6582091.696,1,0.028,botnet,TA0011 Command and Control / T1071 Application Layer Protocol
friday_morning,202,15127.50938865219,499762.61222645623,27,27,0.08163265306122448,98.63901747831999,1.5092487690787721,0.0,0.006,5743281.47,0,0.0,none,-
friday_morning,203,15261.007664318711,522098.34121566213,43,43,0.04477611940298507,108.07311485310001,1.8481952764893366,0.0,0.004,5659537.618,0,0.004,none,-
friday_morning,204,13471.518327602136,474231.55113537796,42,42,0.04411764705882353,93.15977681109999,1.8248402145023408,0.0,0.004,11738956.394,0,0.004,none,-
friday_morning,205,18327.559509804134,640078.0956735179,55,55,0.05714285714285714,95.10562136136001,1.94869907178717,0.0,0.006,6426578.902,0,0.004,none,-
friday_morning,206,50340.2180074772,976865.3582324573,72,72,0.10377358490566038,102.65060029022,2.6100237664389794,0.0,0.02,9385127.636,1,0.018,botnet,TA0011 Command and Control / T1071 Application Layer Protocol
friday_morning,207,34914.24371607998,651193.0554512899,111,111,0.20261437908496732,117.721762183432,3.5454791863945045,0.0,0.06,12242383.74,1,0.022,botnet,TA0011 Command and Control / T1071 Application Layer Protocol
friday_morning,208,82079.02074041744,1068746.442178622,151,151,0.23414634146341465,73.36891926624,4.474219251084198,0.0,0.094,12032334.982,1,0.114,botnet,TA0011 Command and Control / T1071 Application Layer Protocol
friday_morning,209,28784.55481761411,879468.9079748336,41,41,0.13043478260869565,101.13712365523999,1.692982026519253,0.0,0.01,7172167.548,0,0.008,none,-
friday_morning,210,41525.28673471397,645975.5157726427,78,78,0.18627450980392157,83.01018544334799,2.584668102938627,0.0,0.036,8649964.718,1,0.056,botnet,TA0011 Command and Control / T1071 Application Layer Protocol
friday_morning,211,14957.119980035983,314875.84428367595,48,48,0.12727272727272726,153.46707595998004,2.2039832151548335,0.0,0.012,15739800.912,1,0.04,botnet,TA0011 Command and Control / T1071 Application Layer Protocol
friday_morning,212,73671.07831734225,1633934.0373988426,118,118,0.23,88.32204124693999,4.001023094290905,0.0,0.09,6608013.158,1,0.094,botnet,TA0011 Command and Control / T1071 Application Layer Protocol
friday_morning,213,40606.0710648113,1249666.6576412283,105,105,0.096,103.40961338996001,3.3116187113444155,0.002,0.022,5020784.454,1,0.092,botnet,TA0011 Command and Control / T1071 Application Layer Protocol
friday_morning,214,26363.775019647124,853725.4422312132,35,35,0.1891891891891892,104.47338393914,1.4479477046740241,0.0,0.012,2636724.612,1,0.012,botnet,TA0011 Command and Control / T1071 Application Layer Protocol
friday_morning,215,53171.74301340826,1031290.941041963,147,147,0.1282051282051282,92.69619519884,3.8485177471019165,0.002,0.038,4397853.504,1,0.062,botnet,TA0011 Command and Control / T1071 Application Layer Protocol
friday_morning,216,41878.20275493586,801804.9378255205,80,80,0.26851851851851855,128.31867572828,3.007939880047174,0.0,0.056,15340216.704,1,0.028,botnet,TA0011 Command and Control / T1071 Application Layer Protocol
friday_morning,217,16794.149140007255,466945.8077901437,42,42,0.08602150537634409,128.29019766846,2.0394898258595475,0.0,0.014,7156330.1,0,0.008,none,-
friday_morning,218,77302.2210807082,1992828.690499846,108,108,0.2275132275132275,98.50372938327999,3.8601098092353,0.006,0.084,5298057.928,1,0.016,botnet,TA0011 Command and Control / T1071 Application Layer Protocol
friday_morning,219,37490.59392534232,1273089.9866132827,53,53,0.2077922077922078,135.2116475421,2.244283939034901,0.0,0.03,10463907.192,1,0.016,botnet,TA0011 Command and Control / T1071 Application Layer Protocol
friday_morning,220,30439.744660435255,1072264.000335931,56,56,0.2,105.55717632338,2.22240969247925,0.0,0.028,10477189.384,0,0.002,none,-
friday_morning,221,56209.147860787314,848697.8382577358,117,117,0.1485148514851485,92.091622394298,3.8735791655069143,0.0,0.058,8640826.912,1,0.034,botnet,TA0011 Command and Control / T1071 Application Layer Protocol
friday_morning,222,79156.7599845675,1701631.7626072664,162,162,0.17903930131004367,79.847386256726,4.993159897324177,0.0,0.08,6576135.46,1,0.21,botnet,TA0011 Command and Control / T1071 Application Layer Protocol
friday_morning,223,14569.621458218262,408203.5280162268,73,73,0.13,168.97655467677998,3.0379032438658524,0.0,0.024,10432608.276,1,0.104,botnet,TA0011 Command and Control / T1071 Application Layer Protocol
friday_morning,224,41628.7931801923,1132099.3615564439,109,109,0.08609271523178808,101.93069536625201,3.6645790055355687,0.0,0.024,9064471.252,1,0.152,botnet,TA0011 Command and Control / T1071 Application Layer Protocol
friday_morning,225,12884.059325782833,272629.62961121823,54,54,0.09090909090909091,149.32585849025602,2.4945516153058893,0.0,0.012,16080007.092,1,0.064,botnet,TA0011 Command and Control / T1071 Application Layer Protocol
friday_morning,226,80425.5550386358,1623147.3357344544,171,171,0.1744186046511628,76.42585207210001,5.233429805399857,0.0,0.088,4870676.182,1,0.126,botnet,TA0011 Command and Control / T1071 Application Layer Protocol
friday_morning,227,42871.182245439275,1364941.5070876142,99,99,0.15555555555555556,133.34996691246,3.469859473810287,0.0,0.04,8442292.982,1,0.16,botnet,TA0011 Command and Control / T1071 Application Layer Protocol
friday_morning,228,29962.413964519055,1080989.454045802,64,64,0.13253012048192772,133.18293440746,2.701474887544589,0.0,0.02,12556832.346,1,0.13,botnet,TA0011 Command and Control / T1071 Application Layer Protocol
friday_morning,229,51494.991411253264,781507.598735229,107,107,0.14893617021276595,116.44024383109999,3.672343205316939,0.0,0.04,17527655.4,1,0.144,botnet,TA0011 Command and Control / T1071 Application Layer Protocol
friday_morning,230,29896.896229883405,760940.2216416628,54,54,0.06153846153846154,141.95347761954,2.369583455550014,0.0,0.006,19104526.108,1,0.032,botnet,TA0011 Command and Control / T1071 Application Layer Protocol
friday_morning,231,36954.00331655729,877448.0857447376,72,72,0.25555555555555554,128.02208050785998,2.6223312773316687,0.0,0.044,17312567.548,0,0.008,none,-
friday_morning,232,26082.402522475695,1016565.5855509562,83,83,0.15789473684210525,118.541519695406,2.803524796945071,0.0,0.034,11038921.736,0,0.0,none,-
friday_morning,233,24699.411250967063,863028.237227874,51,51,0.10638297872340426,129.41867663078,2.2177625275994712,0.0,0.018,7250419.664,0,0.0,none,-
friday_morning,234,47427.97576426578,883982.0420357621,127,127,0.18592964824120603,101.07633587185998,3.5562607931066363,0.0,0.072,7740599.754,1,0.02,botnet,TA0011 Command and Control / T1071 Application Layer Protocol
friday_morning,235,57064.84763450341,1037326.3757693113,102,102,0.15602836879432624,113.723001442308,3.1885997189563997,0.002,0.042,8397870.264,0,0.008,none,-
friday_morning,236,61681.61461303484,1484430.4132452323,88,88,0.26717557251908397,109.42304904844,2.5450184913495533,0.0,0.068,5328739.886,0,0.0,none,-
friday_morning,237,41405.84492921296,1245837.4732609685,82,82,0.21296296296296297,127.707841588884,2.651015795704133,0.0,0.044,5641868.592,1,0.024,botnet,TA0011 Command and Control / T1071 Application Layer Protocol
friday_morning,238,23472.87640164206,675228.2407275061,71,71,0.05813953488372093,122.04531437648,2.621594635066689,0.0,0.008,9648708.968,0,0.004,none,-
friday_morning,239,45475.40594120945,931803.0364864222,79,79,0.23333333333333334,174.2220233146,3.138498694074494,0.002,0.068,13112131.74,0,0.0,none,-
friday_morning,240,43120.7313406019,1523894.6109589562,108,108,0.10059171597633136,91.21504919808,3.8858430186589907,0.0,0.032,8167741.972,1,0.028,botnet,TA0011 Command and Control / T1071 Application Layer Protocol
friday_morning,241,39816.832373257166,845916.5285012821,71,71,0.22330097087378642,117.25214681028,2.626184941463584,0.0,0.044,11109825.326,1,0.028,botnet,TA0011 Command and Control / T1071 Application Layer Protocol
friday_morning,242,34385.26324589102,1191771.1497610605,70,70,0.25675675675675674,98.00098634286,2.9772174816460253,0.0,0.074,9672241.902,1,0.02,botnet,TA0011 Command and Control / T1071 Application Layer Protocol
friday_morning,243,9079.255081085592,353534.7915164417,18,18,0.32142857142857145,178.20401558354,1.5390247891987583,0.0,0.016,24267199.986,0,0.004,none,-
friday_morning,244,26471.436242742835,636700.9496265166,105,105,0.14285714285714285,102.97570863656001,3.1588051361980423,0.0,0.042,9444095.196,0,0.004,none,-
friday_morning,245,30390.093314491784,836572.623071836,79,79,0.14049586776859505,143.347950419376,3.2736298676040887,0.0,0.032,8053701.268,1,0.02,botnet,TA0011 Command and Control / T1071 Application Layer Protocol
friday_morning,246,28172.08081260022,595140.016675084,34,34,0.35294117647058826,183.44799663104,2.0314394976428547,0.0,0.046,12983546.962,0,0.006,none,-
friday_morning,247,38903.22953690225,622979.7788663032,69,69,0.13725490196078433,115.52180302625999,2.7335192610841528,0.0,0.026,14158495.29,0,0.002,none,-
friday_morning,248,30997.29845180768,670285.4361096091,124,124,0.06666666666666667,108.18099709570001,3.6524126758654893,0.0,0.024,11659098.972,0,0.0,none,-
friday_morning,249,50395.74155214895,887953.0165560646,97,97,0.16230366492146597,100.21305371042,3.482960289475947,0.0,0.06,10575409.63,1,0.014,botnet,TA0011 Command and Control / T1071 Application Layer Protocol
friday_morning,250,113931.63262348718,1874807.3760778038,115,115,0.38926174496644295,130.335632421234,3.5085393017103232,0.0,0.114,6343880.41,0,0.0,none,-
friday_morning,251,109513.54253191424,1990875.3584338517,177,177,0.22983870967741934,86.29820011504,5.149401245257783,0.0,0.112,6639358.422,1,0.014,botnet,TA0011 Command and Control / T1071 Application Layer Protocol
friday_morning,252,68346.07438240497,946097.7451756384,123,123,0.1686746987951807,144.326866472436,3.9252296241569558,0.0,0.054,6413317.232,0,0.0,none,-
friday_morning,253,62359.95201261607,1098200.5376835703,110,110,0.23484848484848486,108.10479508076,3.3101427264950494,0.0,0.06,9323495.092,0,0.002,none,-
friday_morning,254,11458.102920968597,510543.2129307944,25,25,0.18181818181818182,140.75603690696002,1.7524983108305803,0.0,0.014,13747935.132,0,0.008,none,-
friday_morning,255,27529.584335868218,758606.3856289296,59,59,0.15841584158415842,152.17416595955999,2.4518968577187756,0.0,0.03,17696728.972,0,0.002,none,-
friday_morning,256,20486.34877746225,823950.4844597778,26,26,0.08,129.52019370688,1.674377476546026,0.0,0.006,15145895.268,0,0.002,none,-
friday_morning,257,39656.04647269392,837789.1912754433,98,98,0.2066115702479339,125.50828397933999,3.063532768881618,0.0,0.048,11307047.642,0,0.0,none,-
friday_morning,258,44749.53884825555,1449895.9272366958,95,95,0.06206896551724138,113.23740154436001,3.209233760454831,0.0,0.016,13537133.094,0,0.0,none,-
friday_morning,259,26488.79750383427,489516.1606384481,70,70,0.1574074074074074,92.854541841,2.58514525319148,0.002,0.032,17472050.672,1,0.014,botnet,TA0011 Command and Control / T1071 Application Layer Protocol
friday_morning,260,143705.02505124285,2239866.566958615,222,222,0.20615384615384616,53.063975006575994,5.59377541259931,0.0,0.132,6617647.0,0,0.0,none,-
friday_morning,261,60392.14155122003,796066.6787001968,79,79,0.3968253968253968,116.75890499253998,3.19874984889303,0.0,0.098,20763177.908,1,0.014,botnet,TA0011 Command and Control / T1071 Application Layer Protocol
friday_morning,262,44161.84474282135,506897.68028278614,89,89,0.1388888888888889,96.476771138646,2.8415026190905324,0.0,0.028,11746404.286,0,0.0,none,-
friday_morning,263,53262.50268892455,1348272.4304067688,89,89,0.11920529801324503,99.74160629804601,3.3195279770824575,0.002,0.034,5978323.328,1,0.014,botnet,TA0011 Command and Control / T1071 Application Layer Protocol
friday_morning,264,26907.541812708645,684022.5423836112,126,126,0.2517985611510791,125.23396852689999,3.5204620370053887,0.0,0.068,12404143.196,0,0.0,none,-
friday_morning,265,42287.334279356626,957519.9808759155,77,77,0.2564102564102564,137.54579614451802,3.1505302138218174,0.0,0.078,13611118.262,1,0.012,botnet,TA0011 Command and Control / T1071 Application Layer Protocol
friday_morning,266,19861.553082177565,468178.52112088003,18,18,0.05,129.18225128641998,1.4303933352351408,0.004,0.0,12967449.08,0,0.002,none,-
friday_morning,267,41207.375156076974,812270.4706721731,46,46,0.16417910447761194,88.04064046368,1.5726786005169533,0.0,0.02,5866726.854,0,0.0,none,-
friday_morning,268,98940.36754085297,1467805.1718795046,121,121,0.17813765182186234,85.09792127954,4.129250252307438,0.0,0.086,9582566.916,1,0.014,botnet,TA0011 Command and Control / T1071 Application Layer Protocol
friday_morning,269,66138.7704594465,1060694.153877721,155,155,0.14736842105263157,138.596933426142,4.192834765320908,0.0,0.054,15724197.192,0,0.0,none,-
friday_morning,270,82895.3108674475,2269147.1542046615,100,100,0.30939226519337015,116.21884795588,3.9935017802288466,0.0,0.11,11120579.326,1,0.014,botnet,TA0011 Command and Control / T1071 Application Layer Protocol
friday_morning,271,3817.8432634930414,217737.7663828964,13,13,0.02631578947368421,145.2119708682,1.5122299916646813,0.0,0.0,21454604.886,0,0.0,none,-
friday_morning,272,9873.693277894221,361833.7130556974,36,36,0.03125,136.72391015834,1.9811607406049343,0.0,0.002,18275443.266,0,0.0,none,-
friday_morning,273,23594.475438501217,539707.3445282632,63,63,0.07865168539325842,112.09461818337999,2.3810717991679784,0.0,0.012,12175945.944,0,0.0,none,-
friday_morning,274,27086.644441015378,593034.2549046058,69,69,0.059322033898305086,134.76964595844,2.5187879073487727,0.0,0.012,12062053.54,0,0.0,none,-
friday_morning,275,38895.76721654353,584518.903841096,88,88,0.12,88.14818719514,2.8213852044713956,0.0,0.034,7480924.954,0,0.0,none,-
friday_morning,276,30224.978844290217,744722.3668261728,82,82,0.17582417582417584,157.77026130694003,3.2977256877937076,0.0,0.062,10384556.978,1,0.012,botnet,TA0011 Command and Control / T1071 Application Layer Protocol
friday_morning,277,94943.86183548823,1308767.350320795,97,97,0.20422535211267606,100.22680461338,3.3102691899053696,0.0,0.056,8579580.402,0,0.002,none,-
friday_morning,278,28207.249407980384,405995.3377990453,119,119,0.21656050955414013,101.47089809618,3.508342833388302,0.0,0.066,14508370.24,0,0.0,none,-
friday_morning,279,53801.53328167512,1025711.6556376896,128,128,0.14901960784313725,67.963705742434,3.8658946223221573,0.0,0.074,6890620.73,0,0.01,none,-
friday_morning,280,34035.282929346555,811347.8226744168,41,41,0.20634920634920634,119.8439461841,1.9997403471924713,0.0,0.024,19695790.384,0,0.006,none,-
friday_morning,281,9535.92163966026,204937.63921933586,25,25,0.14285714285714285,109.627273570408,1.5515648252140402,0.0,0.008,13678711.852,0,0.0,none,-
friday_morning,282,54399.244183791976,638586.9381124515,132,132,0.11602209944751381,102.42722404459599,3.7936139970961644,0.0,0.04,10361691.284,0,0.0,none,-
friday_morning,283,55031.831976150155,1325846.9781092056,84,84,0.2057142857142857,101.541997537424,3.3031446028392355,0.0,0.07,10793800.022,1,0.016,botnet,TA0011 Command and Control / T1071 Application Layer Protocol
friday_morning,284,31360.344345038444,1046973.9009157107,39,39,0.14,114.9845124224,1.6619899134800686,0.0,0.012,9821338.902,0,0.0,none,-
friday_morning,285,52658.422452224535,773319.7455817597,156,156,0.12264150943396226,99.58173297017998,4.513607378870698,0.0,0.05,10789552.32,0,0.004,none,-
friday_morning,286,17001.655301971452,735513.5088962506,28,28,0.1111111111111111,111.313837142,1.605832085232898,0.0,0.006,11214166.012,0,0.006,none,-
friday_morning,287,42384.43089106868,550801.3309437537,84,84,0.10967741935483871,79.5778466848,2.909869657386876,0.0,0.032,5534010.442,0,0.004,none,-
friday_morning,288,71803.51724989698,1401890.3235728214,66,66,0.30275229357798167,127.35127030674,2.3699103338444347,0.0,0.064,12588389.756,0,0.0,none,-
friday_morning,289,24426.787250307734,435572.88308860577,41,41,0.20238095238095238,133.68745540368,2.1032462239366843,0.0,0.032,15727518.638,0,0.0,none,-
friday_morning,290,8679.766577239543,513880.8681484638,15,15,0.046511627906976744,134.69293393330003,1.4326504320716944,0.0,0.002,12906126.61,0,0.0,none,-
friday_morning,291,21890.42214172082,562972.2818902293,54,54,0.0759493670886076,120.89449655911999,2.0842165538516633,0.0,0.01,8826103.904,0,0.0,none,-
friday_morning,292,10936.99110128996,515411.91289828834,18,18,0.057692307692307696,100.0195883397,1.3277026618296464,0.0,0.004,8413533.614,0,0.0,none,-
friday_morning,293,16266.807218178632,622070.824260576,46,46,0.0379746835443038,107.31613714798,1.9805267687198063,0.0,0.004,7995259.404,0,0.0,none,-
friday_morning,294,33451.08492119105,1079004.65678226,64,64,0.07920792079207921,101.5104447145,2.227746421635458,0.0,0.014,3116344.63,0,0.004,none,-
friday_morning,295,83031.70004523935,1171003.1537439332,168,168,0.16382252559726962,64.33904253344801,4.738909090216934,0.0,0.094,4017514.478,0,0.01,none,-
friday_morning,296,76182.2558231851,1407005.095093963,160,160,0.14173228346456693,72.559593754508,4.672132098562417,0.0,0.07,8194280.352,1,0.014,botnet,TA0011 Command and Control / T1071 Application Layer Protocol
friday_morning,297,46692.01564457917,1703285.6991234496,56,56,0.39080459770114945,126.92055793542,2.665350759825461,0.0,0.066,14247166.464,0,0.0,none,-
friday_morning,298,7925.82425208562,271940.7804370849,21,21,0.047619047619047616,124.03215326856,1.6406197081182303,0.0,0.002,16539607.53,0,0.0,none,-
friday_morning,299,40515.495903464944,1010468.8105321175,103,103,0.10144927536231885,119.57219160605999,3.2970113404736527,0.0,0.026,11721088.78,1,0.014,botnet,TA0011 Command and Control / T1071 Application Layer Protocol
friday_morning,300,57186.73747278537,1183125.5554880206,95,95,0.18471337579617833,139.08505522186002,3.3162981081242093,0.0,0.056,9913763.88,0,0.0,none,-
friday_morning,301,33379.22146568493,881827.0932704629,70,70,0.16393442622950818,138.51836622984,2.5957467612913607,0.0,0.038,16153819.7,0,0.0,none,-
friday_morning,302,30328.75427104788,942406.9336281851,52,52,0.24324324324324326,107.98020550082,2.1007150271703563,0.0,0.034,11772715.954,0,0.0,none,-
friday_morning,303,28763.34189746441,471636.68643662136,86,86,0.0625,83.6554704307,2.6908839261822024,0.0,0.014,7442345.114,0,0.002,none,-
friday_morning,304,35656.837806383475,726356.2816295937,107,107,0.13815789473684212,121.75497442101,3.4818989796446855,0.0,0.04,16336473.898,1,0.012,botnet,TA0011 Command and Control / T1071 Application Layer Protocol
friday_morning,305,7345.73136962189,470658.36179527757,17,17,0.08108108108108109,108.19806637161999,1.3079942508102405,0.0,0.004,14538783.362,0,0.0,none,-
friday_morning,306,37970.17144041237,1080272.7588160478,79,79,0.075,115.12677518470001,2.739975963443638,0.0,0.016,5321675.716,0,0.0,none,-
friday_morning,307,61319.51626757347,927424.5865102806,116,116,0.12571428571428572,82.274345766966,3.4581314585975047,0.0,0.042,7533978.586,0,0.0,none,-
friday_morning,308,127773.15862436024,2278611.0093760304,199,199,0.24295774647887325,87.98428674182401,5.294068929245939,0.0,0.136,5598392.198,1,0.014,botnet,TA0011 Command and Control / T1071 Application Layer Protocol
friday_morning,309,28423.377498482412,571846.5594432721,24,24,0.2982456140350877,164.0758881552,1.8900285984687608,0.0,0.032,20411952.474,0,0.0,none,-
friday_morning,310,71466.26663605795,1710720.0138811036,116,116,0.16167664670658682,100.33273689632,3.5864851019542945,0.002,0.052,4446071.308,0,0.01,none,-
friday_morning,311,38224.54883729589,931958.6541851904,107,107,0.12837837837837837,130.8593146622,3.3486404021457243,0.0,0.036,15795511.698,0,0.004,none,-
friday_morning,312,68883.21333773392,1299328.1116030833,72,72,0.22033898305084745,107.315917297174,2.758051140837337,0.0,0.05,11351492.454,0,0.0,none,-
friday_morning,313,51606.55576032936,1747447.5098321564,78,78,0.3076923076923077,121.07328281728,2.9155797645632924,0.0,0.078,13428430.446,1,0.014,botnet,TA0011 Command and Control / T1071 Application Layer Protocol
friday_morning,314,47722.77424094498,951597.4719899097,76,76,0.5617283950617284,127.963058908766,3.0481369336117132,0.0,0.18,13547602.226,0,0.0,none,-
friday_morning,315,50479.45751120001,1105808.825025137,121,121,0.27218934911242604,109.36720851456002,3.690040049696289,0.0,0.09,10218670.368,1,0.014,botnet,TA0011 Command and Control / T1071 Application Layer Protocol
friday_morning,316,33264.61217761463,252414.27496418892,63,63,0.1590909090909091,143.09702977932,2.5268685583435166,0.0,0.04,18790561.59,0,0.0,none,-
friday_morning,317,53633.221687051104,975450.3079252668,84,84,0.20588235294117646,118.0786993667,3.1348298085235706,0.002,0.068,15892539.506,0,0.004,none,-
friday_morning,318,46050.00637566473,1519818.0746218232,76,76,0.24347826086956523,118.0819138905,2.9093901468469143,0.0,0.054,13572464.454,0,0.01,none,-
friday_morning,319,72992.79382181603,1634176.7664110549,191,191,0.2440944881889764,82.039196032378,5.004413158442527,0.0,0.122,8764530.124,0,0.004,none,-
friday_morning,320,57422.37914742146,1381230.2595464622,105,105,0.3167701863354037,107.137473409276,3.851666070518311,0.0,0.1,11573896.29,1,0.014,botnet,TA0011 Command and Control / T1071 Application Layer Protocol
friday_morning,321,6749.912722101455,268782.0640104586,11,11,0.21052631578947367,151.5322568194,1.4719244132877596,0.0,0.006,22689795.314,0,0.006,none,-
friday_morning,322,38955.65669090954,543372.0673192191,99,99,0.18461538461538463,115.66572304895998,3.133745310233001,0.0,0.046,14387458.014,0,0.004,none,-
friday_morning,323,30602.372179179874,678100.2597471897,99,99,0.35766423357664234,113.153950443464,3.289616889444469,0.0,0.096,10113831.328,0,0.0,none,-
friday_morning,324,47439.7744022492,1386076.8976007374,131,131,0.13114754098360656,110.854462581048,4.017204808530232,0.0,0.046,16719957.522,1,0.014,botnet,TA0011 Command and Control / T1071 Application Layer Protocol
friday_morning,325,30439.96288148603,555091.5414425061,65,65,0.07874015748031496,99.7058853683,2.5182765735388757,0.0,0.018,12026300.006,0,0.0,none,-
friday_morning,326,14950.056564489745,312076.60751620034,30,30,0.3695652173913043,221.06957380554,1.707804849467341,0.0,0.032,26956556.602,0,0.0,none,-
friday_morning,327,30744.832806852908,617450.5774412592,83,83,0.2112676056338028,103.92130641945998,3.009458037232035,0.0,0.058,9677730.508,0,0.004,none,-
friday_morning,328,33049.72078352349,912352.0521173525,41,41,0.18840579710144928,106.01880258627999,1.887033102360075,0.0,0.024,11490244.13,0,0.006,none,-
friday_morning,329,123870.81959981486,2349244.6813771054,139,139,0.2572614107883817,87.79358657370601,4.161751106158045,0.0,0.122,9712335.26,0,0.004,none,-
friday_morning,330,16477.229866383368,567465.2736674933,46,46,0.0410958904109589,158.59421988616003,2.03432153558952,0.0,0.004,17170116.638,0,0.0,none,-
friday_morning,331,46255.80399747877,866389.7922738739,60,60,0.20388349514563106,127.88868600382,2.3654019001214457,0.0,0.04,9601430.826,0,0.0,none,-
friday_morning,332,85486.89943624506,521865.35155461536,82,82,0.13815789473684212,124.85310519374,2.737484542159774,0.0,0.04,9961410.194,0,0.0,none,-
friday_morning,333,60481.192258887066,1249335.2015914393,136,136,0.1940928270042194,90.49005656174002,4.023963886558257,0.002,0.09,8046090.18,0,0.01,none,-
friday_morning,334,57093.44610344313,583207.8692693592,117,117,0.3081081081081081,107.83602551707399,3.592033661553816,0.002,0.112,18168844.136,0,0.004,none,-
friday_morning,335,100751.91669081668,1516377.063549287,169,169,0.18110236220472442,83.95637329814001,4.743237631067422,0.0,0.09,6929384.024,0,0.01,none,-
friday_morning,336,71870.92087913734,1196789.2734956278,134,134,0.2978723404255319,94.11580195984,4.10445112524708,0.0,0.11,11902256.926,0,0.004,none,-
friday_morning,337,42924.14130470507,901166.2024426522,62,62,0.21428571428571427,104.06687131306,2.369162420211646,0.0,0.034,11821751.09,0,0.01,none,-
friday_morning,338,68676.12816592977,1158201.70861887,139,139,0.15306122448979592,146.17974472517997,4.029688647326645,0.0,0.058,4302678.75,0,0.004,none,-
friday_morning,339,46403.091965225954,1178519.485196138,111,111,0.17419354838709677,107.82409394862,3.5688225760047394,0.0,0.052,11436723.562,0,0.01,none,-
friday_morning,340,29145.91241577769,965638.007293854,49,49,0.13978494623655913,153.42763800092,2.4379116405328682,0.0,0.024,11308073.18,0,0.004,none,-
friday_morning,341,48447.18220096612,839423.9628741693,96,96,0.28662420382165604,103.74937286164,3.2299375481719137,0.002,0.088,9922748.832,0,0.0,none,-
friday_morning,342,10185.680700233723,218275.9967186569,21,21,0.13636363636363635,157.92212445753998,1.6927335497213458,0.0,0.01,14469775.884,0,0.01,none,-
friday_morning,343,72856.74748167787,2198467.8634447125,142,142,0.13157894736842105,96.391394385014,4.0893344910110105,0.0,0.048,10778024.52,0,0.008,none,-
friday_morning,344,10715.014882806314,723380.2989350946,6,6,0.3333333333333333,118.6786060605,0.942105489009086,0.0,0.012,12084768.274,0,0.006,none,-
friday_morning,345,91424.71320229128,2117426.270864072,115,115,0.25,88.41942391436,3.6498943283569907,0.002,0.084,3899645.312,0,0.004,none,-
friday_morning,346,104072.5676075332,1938854.9870401009,135,135,0.4114285714285714,114.711467130806,4.022531607371764,0.0,0.142,10713045.67,1,0.014,botnet,TA0011 Command and Control / T1071 Application Layer Protocol
friday_morning,347,34380.093089307426,1253639.667930818,49,49,0.24675324675324675,168.87415538566,2.298355994365966,0.0,0.036,18102948.562,0,0.0,none,-
friday_morning,348,10489.208810191614,359217.13850585173,27,27,0.2631578947368421,185.66951034541998,1.6413404858453018,0.0,0.018,18741546.164,0,0.0,none,-
friday_morning,349,25389.193036973335,698784.9391256521,34,34,0.10309278350515463,176.03089835560002,1.8322157026308856,0.0,0.018,10100808.886,0,0.0,none,-
friday_morning,350,31575.02473493009,441490.84155898343,55,55,0.07881773399014778,202.29937048932,2.1333453100186253,0.0,0.03,3920324.398,0,0.0,none,-
friday_morning,351,31336.796243467357,725880.5045756173,41,41,0.1917808219178082,103.82092006492,1.8523076445371895,0.0,0.026,13003664.104,0,0.0,none,-
friday_morning,352,54252.30507699154,1824336.5544908072,84,84,0.16153846153846155,99.51764329428399,2.930700827364605,0.0,0.04,5697977.0,1,0.012,botnet,TA0011 Command and Control / T1071 Application Layer Protocol
friday_morning,353,109739.05391368206,2258223.07499212,128,128,0.3532608695652174,117.051806497056,3.69548093169725,0.0,0.128,13280501.746,0,0.002,none,-
friday_morning,354,37807.185589675886,984911.1352648777,62,62,0.22321428571428573,128.34758690349202,2.701844117256362,0.0,0.048,13538204.886,0,0.004,none,-
friday_morning,355,66431.61051861955,1837165.3949404068,153,153,0.11219512195121951,67.131402629966,4.268494217940641,0.0,0.044,6013476.852,0,0.01,none,-
friday_morning,356,13206.438764580867,408588.0496197112,43,43,0.14545454545454545,172.60680399594003,2.178133242374137,0.0,0.014,16834793.588,0,0.0,none,-
friday_morning,357,55220.705684148925,1348567.1502775722,100,100,0.1878453038674033,87.33646486506801,3.4884808541373524,0.0,0.066,10359941.87,0,0.0,none,-
friday_morning,358,77030.58063778515,1448797.0635584192,200,200,0.2064516129032258,59.186553272472004,5.481748747487941,0.0,0.126,6540853.78,1,0.026,botnet,TA0011 Command and Control / T1071 Application Layer Protocol
friday_morning,359,62432.995706584785,3443535.425689992,75,75,0.20168067226890757,106.36089590643999,3.972088448011844,0.002,0.046,9582684.712,1,0.046,botnet,TA0011 Command and Control / T1071 Application Layer Protocol
friday_morning,360,48532.067339727924,1130049.9139164865,88,88,0.20512820512820512,100.88821435482,3.41107955214498,0.0,0.046,9640085.616,1,0.024,botnet,TA0011 Command and Control / T1071 Application Layer Protocol
friday_morning,361,15871.759859075299,714979.2657025254,44,44,0.21875,157.00947911322,2.2789554503610847,0.0,0.026,16981127.462,0,0.002,none,-
friday_morning,362,27557.999272818357,961883.7948855141,53,53,0.2318840579710145,141.35679889827998,2.0526012529568574,0.0,0.03,15339123.58,0,0.004,none,-
friday_morning,363,14192.671846972116,454359.9684777197,30,30,0.08333333333333333,125.2259303083,1.4653004465603017,0.0,0.006,9885611.528,0,0.002,none,-
friday_morning,364,22179.453462610432,581579.1865860813,58,58,0.078125,112.631165228886,2.4839211088775386,0.0,0.018,8149427.374,0,0.004,none,-
friday_morning,365,44622.1752488695,1876454.6559182154,78,78,0.10273972602739725,116.71060662568,2.837733645309627,0.0,0.028,9030008.634,0,0.004,none,-
friday_morning,366,36858.89162397999,1138423.5688212882,113,113,0.08648648648648649,114.63897938439999,3.5218339384184953,0.0,0.03,8219120.464,0,0.0,none,-
friday_morning,367,44206.51004657881,974360.0283619607,78,78,0.14393939393939395,133.17479940861801,2.7726993178933492,0.0,0.036,11740064.208,0,0.01,none,-
friday_morning,368,65527.513435437875,1885335.5906677824,149,149,0.16666666666666666,86.766370080694,4.189368189062154,0.0,0.09,12956308.166,0,0.004,none,-
friday_morning,369,57468.56367408298,1254836.3779851198,139,139,0.17370892018779344,99.651108070512,4.087544355729371,0.0,0.072,8335901.464,1,0.014,botnet,TA0011 Command and Control / T1071 Application Layer Protocol
friday_morning,370,63539.377965583844,1641995.8169290095,92,92,0.17647058823529413,110.16332180212801,3.3642533456651704,0.0,0.07,14001510.238,1,0.014,botnet,TA0011 Command and Control / T1071 Application Layer Protocol
friday_morning,371,47728.96479566745,1646781.0829409785,78,78,0.10227272727272728,124.72962639898599,3.044115226561451,0.004,0.034,12341118.186,0,0.01,none,-
friday_morning,372,67129.82293316403,2393985.167170701,96,96,0.1657754010695187,108.73156584013199,3.275133442453059,0.0,0.06,9648499.326,1,0.018,botnet,TA0011 Command and Control / T1071 Application Layer Protocol
friday_morning,373,65099.155397308896,2181890.5648898007,91,91,0.12408759124087591,107.98013146174,4.05988402510882,0.002,0.032,8511541.018,1,0.032,botnet,TA0011 Command and Control / T1071 Application Layer Protocol
friday_morning,374,46662.631491367516,1735162.0574423058,63,63,0.11702127659574468,118.6883589629,2.8463957636864907,0.0,0.02,13229287.578,1,0.014,botnet,TA0011 Command and Control / T1071 Application Layer Protocol
friday_morning,375,73158.8566412201,2155663.4032891355,112,112,0.21428571428571427,87.801010903518,4.060329268543229,0.0,0.076,6451720.014,1,0.034,botnet,TA0011 Command and Control / T1071 Application Layer Protocol
friday_morning,376,60218.715339269045,2183288.005014797,74,74,0.20161290322580644,125.50702002605999,3.8258609925213136,0.0,0.048,9670971.202,1,0.036,botnet,TA0011 Command and Control / T1071 Application Layer Protocol
friday_morning,377,63889.97233100908,2440694.77037623,83,83,0.14184397163120568,105.96325462623399,3.672413070736352,0.002,0.038,8012674.102,1,0.036,botnet,TA0011 Command and Control / T1071 Application Layer Protocol
friday_morning,378,80746.0149022781,4183716.115830555,95,95,0.19047619047619047,81.71841058186,4.425374547618162,0.0,0.062,5988648.46,1,0.072,botnet,TA0011 Command and Control / T1071 Application Layer Protocol
friday_morning,379,20606.761924928585,1221446.2832523389,47,47,0.12698412698412698,119.57882842004001,2.757931035696231,0.002,0.014,11910408.046,1,0.028,botnet,TA0011 Command and Control / T1071 Application Layer Protocol
friday_morning,380,63035.03282846729,1945064.2508611146,99,99,0.16279069767441862,133.739379116004,3.6946558273426966,0.004,0.04,4166281.01,1,0.014,botnet,TA0011 Command and Control / T1071 Application Layer Protocol
friday_portscan,0,40685.81569329747,2310689.6192488223,52,52,0.2361111111111111,128.01626781746,3.332451026320759,0.0,0.032,11021073.39,0,0.0,none,-
friday_portscan,1,6977.797935268088,302848.6027759018,23,23,0.1111111111111111,119.33407076396001,1.473044431874965,0.0,0.004,17306778.434,0,0.0,none,-
friday_portscan,2,21574.013033916686,555489.5827526291,59,59,0.049586776859504134,73.82240708724001,2.1176832499856943,0.0,0.01,1752682.746,0,0.008,none,-
friday_portscan,3,53125.15293385067,1346728.8252728814,125,125,0.2261904761904762,125.55837600763199,4.0099380164549325,0.0,0.074,11377417.2,0,0.006,none,-
friday_portscan,4,20091.449604004356,533769.6591551538,64,64,0.10752688172043011,142.72453390523998,2.5441925914379437,0.0,0.018,14630470.342,0,0.0,none,-
friday_portscan,5,17840.997273663983,351219.36231461825,48,48,0.1038961038961039,133.05658582494002,2.1495769573770724,0.002,0.014,12602194.152,0,0.0,none,-
friday_portscan,6,65640.84459670268,2420810.7276821462,119,119,0.1459227467811159,81.486275839516,4.166874017617334,0.0,0.066,7878861.854,0,0.0,none,-
friday_portscan,7,25425.281935086943,533595.331168043,40,40,0.27941176470588236,125.49419789136,2.1237361085583863,0.0,0.036,12265985.924,0,0.0,none,-
friday_portscan,8,48415.911938818645,623774.9183601574,116,116,0.22916666666666666,101.844340882956,3.6014824096484626,0.0,0.086,8824819.778,0,0.0,none,-
friday_portscan,9,50051.1338315574,1247962.2846165414,78,78,0.14388489208633093,89.76363195337,3.017440322544711,0.0,0.038,10579623.078,0,0.0,none,-
friday_portscan,10,60631.9851325466,1410682.171618806,102,102,0.25675675675675674,114.92820500717801,3.3618495992663275,0.0,0.074,12567567.01,0,0.0,none,-
friday_portscan,11,61682.137573045315,2257684.5199884498,110,110,0.22297297297297297,98.50144472346001,3.639538451261468,0.0,0.064,10227129.146,0,0.0,none,-
friday_portscan,12,16917.097804626726,487991.24845457915,39,39,0.3125,141.27880614832003,2.035063026604622,0.0,0.038,15707303.052,0,0.0,none,-
friday_portscan,13,44635.54068436481,667763.825461989,80,80,0.0967741935483871,97.35165313431399,2.7753444904775506,0.0,0.022,11659472.944,0,0.0,none,-
friday_portscan,14,31408.71035455235,776793.3377971831,68,68,0.14893617021276595,157.026836641834,2.7139413067446814,0.0,0.026,20783205.008,0,0.0,none,-
friday_portscan,15,82673.5004706507,1372762.6428370858,140,140,0.16037735849056603,66.051472115596,4.130272055986349,0.0,0.066,5539173.652,0,0.0,none,-
friday_portscan,16,108908.00213675863,1870072.9627311025,179,179,0.27972027972027974,71.066146782484,4.865175617220048,0.0,0.158,7558275.292,0,0.0,none,-
friday_portscan,17,25513.34626835138,783112.2529139416,43,43,0.11666666666666667,134.11217114348,2.185052241456299,0.0,0.012,14129975.38,0,0.0,none,-
friday_portscan,18,67424.0704593942,951258.342008993,64,64,0.1836734693877551,126.11978645526001,2.619044016143926,0.0,0.034,10892225.392,0,0.0,none,-
friday_portscan,19,93322.45610854325,1466034.5661370996,172,172,0.15151515151515152,131.317090757584,4.632388854888956,0.0,0.068,8925118.736,0,0.0,none,-
friday_portscan,20,32602.67486632671,902829.670546809,77,77,0.13,143.75003502522003,2.6969624721076166,0.0,0.024,16146703.386,0,0.0,none,-
friday_portscan,21,57417.774564786334,1672737.159024506,61,61,0.17037037037037037,116.187589235418,2.796793508251994,0.002,0.044,11024684.172,0,0.0,none,-
friday_portscan,22,70304.43634690392,1262592.6693284125,177,177,0.14622641509433962,113.119585708826,4.753503746516411,0.002,0.06,7902843.488,0,0.0,none,-
friday_portscan,23,24356.714663199193,998452.7156573965,51,51,0.2459016393442623,136.13983487276,2.2483538648629797,0.002,0.028,16616200.754,0,0.0,none,-
friday_portscan,24,42491.390168935926,553466.054480279,70,70,0.12871287128712872,141.714351640924,2.883537123575511,0.0,0.024,13821347.986,0,0.0,none,-
friday_portscan,25,108981.38388666036,1979658.6043241452,190,190,0.17870722433460076,77.910959024038,5.383557338465142,0.0,0.092,7334693.046,0,0.0,none,-
friday_portscan,26,25451.210915731488,665606.9720828036,56,56,0.2916666666666667,125.45336401954002,2.3746733167943797,0.0,0.04,19229102.308,0,0.0,none,-
friday_portscan,27,48010.58151724539,1039906.0397360534,94,94,0.23275862068965517,95.7303687721,3.0350536854233745,0.0,0.052,10129767.736,0,0.0,none,-
friday_portscan,28,54204.54739256284,1744844.655997991,140,140,0.1457286432160804,119.3746870405,4.337638295525554,0.0,0.056,17938799.484,0,0.0,none,-
friday_portscan,29,18871.80607000181,839879.5979533147,34,34,0.08888888888888889,107.39655294736001,1.6683356278054666,0.0,0.006,16656773.22,0,0.0,none,-
friday_portscan,30,22275.562619945085,512265.395733219,63,63,0.15384615384615385,156.05601473488002,2.4979304298076803,0.0,0.022,21848129.556,0,0.0,none,-
friday_portscan,31,9590.744936537421,400421.18188131676,24,24,0.1,113.48586651324001,1.4886782800243912,0.0,0.006,9793468.272,0,0.0,none,-
friday_portscan,32,71403.78864457512,968346.9267741101,129,129,0.22077922077922077,95.91151344366,3.7751608639497922,0.0,0.066,7817237.246,0,0.0,none,-
friday_portscan,33,35443.501146966475,591417.9489164534,103,103,0.125,100.66432553925401,3.2988461555984854,0.0,0.036,10393158.846,0,0.0,none,-
friday_portscan,34,43229.84815593857,602710.1915836947,70,70,0.08333333333333333,113.27118102963999,2.603109897111733,0.0,0.018,16818405.762,0,0.0,none,-
friday_portscan,35,29114.204660937798,930063.8331960032,71,71,0.07758620689655173,110.56239656560001,2.6560261935911518,0.0,0.016,13342157.208,0,0.0,none,-
friday_portscan,36,35336.63831799878,1019207.9966068523,78,78,0.08588957055214724,93.86521835060002,2.785546105941396,0.0,0.026,9119005.33,0,0.0,none,-
friday_portscan,37,24437.52080534093,805229.6826422149,38,38,0.13432835820895522,151.5806323523,2.0527095924549648,0.0,0.016,18292582.4,0,0.0,none,-
friday_portscan,38,41750.544833900036,1146872.2534604731,88,88,0.1347517730496454,113.08342224856,3.0534277171636157,0.0,0.036,11375140.018,0,0.0,none,-
friday_portscan,39,22679.84453593028,741856.7518126984,80,80,0.11842105263157894,110.76401598596,2.8925956837715123,0.0,0.034,11603776.154,0,0.0,none,-
friday_portscan,40,38288.393869872365,553991.0602549562,109,109,0.0867579908675799,103.79009323118,3.5111570920242716,0.0,0.036,6267707.66,0,0.0,none,-
friday_portscan,41,16481.74081287027,830272.1713618516,27,27,0.11688311688311688,180.55897865409997,1.7476440437221725,0.0,0.016,18655300.802,0,0.0,none,-
friday_portscan,42,11484.672058133448,217485.46388555394,48,48,0.018633540372670808,133.45952491596,2.159466031711779,0.0,0.004,11978360.376,0,0.0,none,-
friday_portscan,43,16431.75183359162,144575.2046327294,67,67,0.00816326530612245,138.64295200768004,1.9967084647443616,0.0,0.002,4300465.078,0,0.0,none,-
friday_portscan,44,25044.329910072203,464689.1270541879,103,103,0.05314009661835749,94.655962862052,3.2488156780326616,0.0,0.02,9608827.254,0,0.0,none,-
friday_portscan,45,29100.329235532634,1028028.4114546416,71,71,0.06422018348623854,136.656928721116,2.6733643708253396,0.0,0.026,8907571.826,0,0.0,none,-
friday_portscan,46,4422.689569592332,104837.71634308972,21,21,0.016853932584269662,155.580290786534,1.4613414615539893,0.0,0.004,6908537.38,0,0.0,none,-
friday_portscan,47,28234.141992015313,482091.18703528546,61,61,0.08053691275167785,126.95880148944401,2.560955375955721,0.0,0.022,11296569.418,0,0.0,none,-
friday_portscan,48,28008.7835928357,694588.9029514153,73,73,0.05847953216374269,87.51599084729199,2.709392953846957,0.0,0.018,10303691.824,0,0.0,none,-
friday_portscan,49,62283.08352970713,1032899.7084448624,113,113,0.13392857142857142,86.32732187431,3.5867565131392865,0.0,0.058,14213544.974,0,0.0,none,-
friday_portscan,50,62921.210354402625,818197.9714591899,179,179,0.13725490196078433,71.44109839161399,4.769866652402151,0.0,0.082,7866059.876,0,0.0,none,-
friday_portscan,51,19044.864489112973,348312.7944703664,33,33,0.25,133.25316549101998,1.954617712683668,0.0,0.032,15414517.786,0,0.0,none,-
friday_portscan,52,88150.26100565413,1345288.5864929128,197,197,0.1423487544483986,73.01071980719199,5.017004342879738,0.002,0.078,9954427.966,0,0.0,none,-
friday_portscan,53,33705.33944904588,678034.3326036441,71,71,0.31896551724137934,135.84334103822,2.7124752200878337,0.0,0.072,16189099.464,0,0.0,none,-
friday_portscan,54,82704.22300379827,1031825.4588353424,102,102,0.182648401826484,87.90864906851999,3.548979265826522,0.0,0.078,5911241.884,0,0.0,none,-
friday_portscan,55,52858.313197996904,1596310.9478070638,77,77,0.24427480916030533,149.69001182646002,2.744621207980482,0.0,0.062,9904308.888,0,0.0,none,-
friday_portscan,56,44962.33838546131,1183089.1267060456,80,80,0.13821138211382114,116.24385447468,2.7093755388260226,0.0,0.032,10425907.766,0,0.0,none,-
friday_portscan,57,94038.49797207958,1789839.854269288,152,152,0.25396825396825395,104.93909394702601,4.592714851588821,0.0,0.126,11758394.828,0,0.0,none,-
friday_portscan,58,36629.874278011914,846332.0372986462,51,51,0.24175824175824176,115.318011729046,2.1365978365329363,0.0,0.042,14864006.462,0,0.0,none,-
friday_portscan,59,27578.577947084912,978911.8457354747,34,34,0.1282051282051282,143.39822929798,1.9902378610080174,0.0,0.018,9031872.766,0,0.0,none,-
friday_portscan,60,60797.682694341805,1364635.4641378515,128,128,0.17647058823529413,95.18395806866,3.870216199603801,0.0,0.064,9126983.994,0,0.0,none,-
friday_portscan,61,17894.324709229706,432761.53016436956,46,46,0.041666666666666664,108.3582135163,2.2145948640406794,0.0,0.004,13918031.9,0,0.0,none,-
friday_portscan,62,40992.368000431044,1170591.6545480557,69,69,0.2047244094488189,82.07652362434001,2.3091930054395235,0.0,0.05,5724721.518,0,0.0,none,-
friday_portscan,63,15644.86166968739,1121732.2616668062,28,28,0.15873015873015872,143.89762175344,1.8421005057519655,0.0,0.018,6523670.468,0,0.0,none,-
friday_portscan,64,37945.48282312373,1334022.661706318,70,70,0.057971014492753624,80.18926213896,2.4566578930278724,0.0,0.014,2837023.632,0,0.0,none,-
friday_portscan,65,36886.598797447725,1093000.4474897562,64,64,0.14285714285714285,121.33928422764001,2.44902417897859,0.0,0.026,6945077.582,0,0.0,none,-
friday_portscan,66,12139.921346860923,547335.0613967365,28,28,0.08163265306122448,149.08505273170002,1.7545998794137803,0.0,0.006,14002923.714,0,0.0,none,-
friday_portscan,67,53912.55781127617,1335021.0012434837,82,82,0.20300751879699247,113.90217005566,2.9935666605730327,0.0,0.052,12227707.262,0,0.0,none,-
friday_portscan,68,29884.01398003971,690598.442565885,67,67,0.16964285714285715,137.64673996772,2.832396407018067,0.0,0.036,17199720.698,0,0.0,none,-
friday_portscan,69,35238.697140681805,1069916.008108678,74,74,0.12871287128712872,111.47819247112001,2.6918732524301854,0.0,0.024,7186020.116,0,0.0,none,-
friday_portscan,70,40313.605573089,868813.3224050694,119,119,0.21666666666666667,99.31528671684599,3.68051126381306,0.0,0.076,13946193.14,0,0.0,none,-
friday_portscan,71,76706.12252163643,1849042.296007067,140,140,0.2170212765957447,104.54093559933,4.213850634804659,0.0,0.1,9708838.026,0,0.0,none,-
friday_portscan,72,71072.50683471042,1732396.1443025102,84,84,0.25925925925925924,114.177884651132,3.4642880701659364,0.0,0.068,13342584.268,0,0.002,none,-
friday_portscan,73,13895.661175611423,360731.05448303773,21,21,0.21818181818181817,111.78184260572002,1.4075059036975568,0.0,0.022,7612466.81,0,0.0,none,-
friday_portscan,74,58015.688138197664,1579538.3521542961,126,126,0.15760869565217392,112.13286667350002,4.163642055542003,0.002,0.056,10967873.348,0,0.0,none,-
friday_portscan,75,53955.76634930461,1367143.9784987005,104,104,0.18181818181818182,130.73068545531999,3.34607862629283,0.0,0.046,14443744.058,0,0.0,none,-
friday_portscan,76,46551.97677591592,927579.1074797004,71,71,0.07563025210084033,102.547295228786,2.6487963330891597,0.0,0.016,9240891.956,0,0.0,none,-
friday_portscan,77,30886.90934970327,691032.6919296315,55,55,0.18055555555555555,131.498071476674,2.537695261651062,0.0,0.024,13422572.542,1,0.042,port_scan,TA0043 Reconnaissance / T1595 Active Scanning
friday_portscan,78,41619.087085364656,811618.1293286817,64,64,0.17647058823529413,125.610027406234,2.631858835911147,0.0,0.052,10135658.246,1,0.018,port_scan,TA0043 Reconnaissance / T1595 Active Scanning
friday_portscan,79,74981.29124571811,1303948.6104331622,112,112,0.1282051282051282,101.345014152204,3.7927527240251084,0.002,0.048,8126265.156,1,0.088,port_scan,TA0043 Reconnaissance / T1595 Active Scanning
friday_portscan,80,34693.165895690305,942882.1342100451,63,63,0.1839080459770115,125.024580589356,2.470114842071898,0.0,0.03,9274351.312,1,0.034,port_scan,TA0043 Reconnaissance / T1595 Active Scanning
friday_portscan,81,75453.96622926895,1823452.9151368428,127,127,0.2925764192139738,89.57334119848001,4.133525637862865,0.0,0.132,9404315.256,1,0.026,port_scan,TA0043 Reconnaissance / T1595 Active Scanning
friday_portscan,82,16705.18357408004,533876.5986507193,26,26,0.42857142857142855,138.28545911018202,1.5746473818830267,0.0,0.034,14858578.354,0,0.0,none,-
friday_portscan,83,52843.87394637583,679933.987191029,100,100,0.2138364779874214,115.14356595609999,3.439502448547786,0.0,0.066,12875553.596,1,0.054,port_scan,TA0043 Reconnaissance / T1595 Active Scanning
friday_portscan,84,10676.171025856194,251616.84947950815,28,28,0.2,171.07118196945999,1.785899150293382,0.0,0.014,16333553.102,0,0.002,none,-
friday_portscan,85,41159.0318656491,654475.2160905788,90,90,0.11612903225806452,93.402708279922,3.249575163443246,0.0,0.034,8799265.328,1,0.088,port_scan,TA0043 Reconnaissance / T1595 Active Scanning
friday_portscan,86,50610.25730069575,1237773.3906440306,84,84,0.18902439024390244,102.88058569863801,3.41196418081308,0.002,0.06,9317294.122,1,0.1,port_scan,TA0043 Reconnaissance / T1595 Active Scanning
friday_portscan,87,60913.23758984825,981852.548745162,138,138,0.18775510204081633,94.241799727992,4.0617393600129015,0.0,0.09,5603229.158,0,0.0,none,-
friday_portscan,88,61252.608614652934,1444302.1966543358,107,107,0.26842105263157895,130.2687588764,3.6264336774831016,0.004,0.1,9491191.948,0,0.0,none,-
friday_portscan,89,71223.69618241169,1537851.2946078635,91,91,0.2875816993464052,116.133607579608,3.2323515930977234,0.0,0.086,10869526.174,0,0.0,none,-
friday_portscan,90,39083.04935121767,1604845.5160339277,56,56,0.32,103.60075143852,2.0955467251430244,0.0,0.046,7910883.686,0,0.0,none,-
friday_portscan,91,16839.31608949636,588718.8116134065,44,44,0.3055555555555556,132.37527608906,2.2606906284783475,0.0,0.042,17871667.97,0,0.0,none,-
friday_portscan,92,62075.77758467072,1476849.574528175,89,89,0.22857142857142856,134.88068227168,2.925389479992856,0.0,0.062,10755136.594,0,0.0,none,-
friday_portscan,93,52047.6257563492,1332636.017285702,73,73,0.17647058823529413,138.946515789,2.8337605150299674,0.0,0.034,15785835.916,0,0.0,none,-
friday_portscan,94,6758.693837862799,400120.06548580347,22,22,0.08108108108108109,120.60721598048,1.6238398561365426,0.0,0.004,17250418.274,0,0.0,none,-
friday_portscan,95,72437.52761004,1626424.865066131,127,127,0.1415525114155251,58.83273652766,3.6565964936972892,0.0,0.06,6222305.084,0,0.0,none,-
friday_portscan,96,20950.146529792455,350539.1125722308,33,33,0.13333333333333333,153.8498384357,1.9395931921344216,0.0,0.014,22505707.582,0,0.0,none,-
friday_portscan,97,14160.788666365599,846112.1672328081,26,26,0.19047619047619047,129.52284881335999,1.6318773125872585,0.0,0.014,11321749.774,0,0.0,none,-
friday_portscan,98,86786.06987393362,1949537.2745582543,128,128,0.3277777777777778,104.73523136784,3.6663515147675874,0.002,0.116,15515457.544,0,0.0,none,-
friday_portscan,99,21330.376821287828,605498.7035253064,59,59,0.07058823529411765,131.85291080218002,2.228019624703716,0.0,0.01,17057283.686,0,0.0,none,-
friday_portscan,100,61535.13052814764,1632810.590950929,130,130,0.2131979695431472,118.56101677737999,3.9440732807514545,0.0,0.082,10524752.258,0,0.0,none,-
friday_portscan,101,50220.91354566878,1131142.5851475461,113,113,0.10738255033557047,100.80750849388001,3.3110613848627386,0.0,0.03,6827818.012,0,0.0,none,-
friday_portscan,102,66003.43997505946,1260472.3952353837,65,65,0.36046511627906974,149.58192971786602,2.5364946787923537,0.0,0.06,14774390.006,0,0.0,none,-
friday_portscan,103,13570.971195876584,302838.25233756,36,36,0.046511627906976744,103.36644789264001,1.9678051210567438,0.0,0.006,9016827.532,0,0.0,none,-
friday_portscan,104,67439.75928896587,1248689.666084651,122,122,0.18385650224215247,111.86143043538002,3.724408020672791,0.0,0.08,7379072.718,0,0.0,none,-
friday_portscan,105,49843.49377597678,1368055.4602532983,97,97,0.14634146341463414,95.066522538712,3.405964834053618,0.002,0.046,8740229.194,0,0.0,none,-
friday_portscan,106,75918.27572134366,1319426.7166184175,145,145,0.22325581395348837,143.88453791704,4.167644191559629,0.0,0.094,12328425.512,0,0.0,none,-
friday_portscan,107,20719.63280733103,554966.8785792582,31,31,0.3,156.74987818414002,1.9304819305444418,0.0,0.028,17609959.438,0,0.0,none,-
friday_portscan,108,8258.243442006155,464828.96827396593,10,10,0.20833333333333334,104.89728047688,1.1826282948605675,0.0,0.008,12111725.988,0,0.0,none,-
friday_portscan,109,25363.949836878237,686153.7690783169,59,59,0.09615384615384616,95.30159953566,2.36758248638185,0.0,0.018,9353627.752,0,0.0,none,-
friday_portscan,110,41309.724071277094,590203.4242088306,144,144,0.07860262008733625,90.665119943188,4.214183104412271,0.0,0.034,5254933.816,1,0.098,port_scan,TA0043 Reconnaissance / T1595 Active Scanning
friday_portscan,111,8091.475808390983,411692.3201817503,23,23,0.10256410256410256,144.81439957868,1.5739848276700967,0.0,0.006,16133769.942,1,0.012,port_scan,TA0043 Reconnaissance / T1595 Active Scanning
friday_portscan,112,71505.32100333465,1473050.37787236,137,137,0.13545816733067728,91.68984429731601,4.178731892601254,0.0,0.066,5540391.89,1,0.066,port_scan,TA0043 Reconnaissance / T1595 Active Scanning
friday_portscan,113,59887.646169348074,1750059.290228872,133,133,0.12643678160919541,132.325080276836,4.0785052708459295,0.0,0.042,8318195.338,1,0.086,port_scan,TA0043 Reconnaissance / T1595 Active Scanning
friday_portscan,114,10143.195381439153,408259.89127152285,53,53,0.06666666666666667,136.185987730172,2.310068592381882,0.0,0.008,13419860.85,1,0.014,port_scan,TA0043 Reconnaissance / T1595 Active Scanning
friday_portscan,115,33764.64912449485,662000.7329413914,60,60,0.12941176470588237,115.14836744004002,2.2333729208128736,0.0,0.02,12391292.064,0,0.0,none,-
friday_portscan,116,89289.58207358119,2526811.070209117,156,156,0.20233463035019456,68.51661731698,4.677122989076125,0.0,0.102,5857260.752,0,0.0,none,-
friday_portscan,117,35056.41191996987,823957.6068220953,77,77,0.11320754716981132,145.35634875787997,2.792007165240553,0.0,0.022,19334279.98,0,0.0,none,-
friday_portscan,118,62164.939447473436,863512.4723477253,107,107,0.19736842105263158,96.98917722944,3.470848996974288,0.0,0.058,14312325.012,0,0.0,none,-
friday_portscan,119,7808.366344065647,220765.01260267393,35,35,0.14814814814814814,164.14652260447997,2.038543921936416,0.0,0.014,17926028.414,0,0.0,none,-
friday_portscan,120,49204.613335956594,1530430.5945863875,88,88,0.20610687022900764,144.36441882244202,3.14256863449305,0.0,0.052,13051534.208,0,0.0,none,-
friday_portscan,121,82819.58569641145,1966605.9065416893,78,78,0.43243243243243246,106.18175208816,2.7503567619681637,0.0,0.094,11072189.71,0,0.0,none,-
friday_portscan,122,42539.646151343586,746117.1211984945,105,105,0.05263157894736842,96.31641123664001,3.408873210036208,0.0,0.018,8111522.924,0,0.0,none,-
friday_portscan,123,47395.21447521691,1545404.2220407655,112,112,0.18686868686868688,112.155693615036,3.7515924533287337,0.0,0.072,10542204.242,0,0.0,none,-
friday_portscan,124,40426.218197361915,583352.0689671175,66,66,0.033707865168539325,93.18437246706,2.285255705110695,0.0,0.004,7844344.326,0,0.0,none,-
friday_portscan,125,64157.369054991774,980400.0328618757,123,123,0.26,128.144647206228,3.928442808082682,0.0,0.102,11878324.564,0,0.0,none,-
friday_portscan,126,27881.699815814085,492683.6556083065,86,86,0.08035714285714286,118.10859043920001,2.8676953491080956,0.0,0.016,14243945.694,0,0.0,none,-
friday_portscan,127,46617.30330587813,715003.6007038221,109,109,0.19727891156462585,110.856445801208,3.408738059850399,0.0,0.056,17564647.946,0,0.0,none,-
friday_portscan,128,5192.962847008155,175746.6001055736,14,14,0.3125,151.50954349536,1.4217560787090773,0.0,0.008,23846585.566,0,0.0,none,-
friday_portscan,129,36185.61611012925,668986.0665072154,76,76,0.18446601941747573,153.25708704336,2.6976459542154134,0.0,0.036,10241053.474,0,0.0,none,-
friday_portscan,130,35919.994438062175,1302369.7771575078,55,55,0.1,139.18585021666001,2.401234092909273,0.0,0.014,11057388.018,0,0.0,none,-
friday_portscan,131,25851.818046285607,787429.7142816092,35,35,0.15217391304347827,116.34044426744,1.6528622478960644,0.0,0.012,12557909.534,0,0.0,none,-
friday_portscan,132,28944.357640380764,784622.2208056183,48,48,0.047058823529411764,90.139012468,2.0013971975274623,0.0,0.006,7459869.964,0,0.0,none,-
friday_portscan,133,71706.08220772547,1684311.086002721,126,126,0.18487394957983194,84.56181327867999,3.874939270264394,0.0,0.086,7513896.776,0,0.0,none,-
friday_portscan,134,76896.56619217686,1184873.5459918166,206,206,0.19844357976653695,78.271719816276,5.230386167325282,0.0,0.1,8817018.812,0,0.0,none,-
friday_portscan,135,56365.91951455099,966023.8558395538,109,109,0.2,115.62698452334,3.422188824097847,0.0,0.056,15425353.478,0,0.0,none,-
friday_portscan,136,6114.405960189034,191877.6974905603,27,27,0.2153846153846154,162.76815378014,1.8684360519140784,0.0,0.026,18674388.05,0,0.0,none,-
friday_portscan,137,22997.20163931072,535276.5914228724,29,29,0.05357142857142857,132.1290442889,1.6874016833567251,0.0,0.004,12180066.7,0,0.0,none,-
friday_portscan,138,72913.60604762036,1760260.8315614108,132,132,0.17391304347826086,69.03162791599999,3.7593678040401626,0.0,0.07,3298888.95,0,0.0,none,-
friday_portscan,139,40161.497369703706,994178.4067866664,111,111,0.10967741935483871,137.5571364781,3.6433209826102013,0.0,0.032,15156099.108,0,0.0,none,-
friday_portscan,140,25496.61722155493,754332.5875921855,42,42,0.265625,138.815085872604,1.9385319634025504,0.0,0.032,16026177.156,0,0.0,none,-
friday_portscan,141,62237.781573830856,1490570.4577150599,135,135,0.1188118811881188,112.51873386138,4.059657665836932,0.0,0.046,9792758.826,0,0.0,none,-
friday_portscan,142,35965.0526818771,924051.1753229671,57,57,0.125,117.14132799982,2.1784708379035544,0.0,0.018,13117929.108,0,0.0,none,-
friday_portscan,143,59447.72999088574,1321560.299660027,114,114,0.16939890710382513,90.48897831085999,3.5037568919477424,0.0,0.06,7319357.098,0,0.0,none,-
friday_portscan,144,120615.09884916253,2475440.0828809557,177,177,0.24516129032258063,92.409867710476,5.019463756608925,0.0,0.15,10772792.43,0,0.0,none,-
friday_portscan,145,24872.464877627343,753414.7809870985,27,27,0.13043478260869565,135.103137451486,1.8041511233541616,0.0,0.01,13431556.362,0,0.0,none,-
friday_portscan,146,65590.12170989111,1611312.7803657746,112,112,0.1794871794871795,116.668642165886,3.8083876402526897,0.0,0.068,8923852.724,0,0.0,none,-
friday_portscan,147,19152.31577720358,791926.7478711924,27,27,0.1,137.41848878672,1.5557702323157783,0.004,0.004,13397194.94,0,0.0,none,-
friday_portscan,148,45654.46246308442,887015.5065103831,103,103,0.07246376811594203,106.49306569678001,3.3019103780099828,0.0,0.018,11474189.484,0,0.0,none,-
friday_portscan,149,32104.46209556822,1122601.1703047946,36,36,0.27419354838709675,157.79230077108002,1.9446707246208026,0.0,0.032,18156988.5,0,0.0,none,-
friday_portscan,150,41916.9211111519,1066262.002150836,81,81,0.17105263157894737,134.88307135824002,2.956900865236127,0.0,0.05,10977595.436,0,0.0,none,-
friday_portscan,151,41477.78819784939,759109.1817297661,83,83,0.07575757575757576,109.48041327367599,3.0153107683621867,0.0,0.018,16228091.504,0,0.0,none,-
friday_portscan,152,48088.59097563178,581812.8349266229,92,92,0.14619883040935672,103.612660923544,3.047216451646991,0.0,0.048,13802487.57,0,0.0,none,-
friday_portscan,153,69814.86513134756,1546458.6728515562,132,132,0.2696078431372549,164.503538464266,4.015840688364393,0.002,0.108,10982548.394,0,0.0,none,-
friday_portscan,154,27715.115929576772,496367.19060882856,47,47,0.24324324324324326,128.118495908386,2.0763523183478556,0.0,0.034,16258310.302,0,0.0,none,-
friday_portscan,155,76714.68120874015,1695979.3014128678,84,84,0.24603174603174602,120.41050748713398,2.91712655768691,0.0,0.06,13876422.376,0,0.0,none,-
friday_portscan,156,58922.08677793937,1534433.174122213,123,123,0.24550898203592814,116.8695826168,3.991946964818761,0.0,0.08,11869100.802,0,0.0,none,-
friday_portscan,157,27307.25278928952,829605.3595938551,41,41,0.12727272727272726,91.1005669987,1.8068645894501474,0.0,0.012,11754562.542,0,0.0,none,-
friday_portscan,158,65220.90328581993,1097416.0155848435,123,123,0.125,124.394221403276,3.864546556559714,0.0,0.044,11781751.168,0,0.0,none,-
friday_portscan,159,31629.320511761754,656899.1338164401,40,40,0.24242424242424243,149.31446998586,1.8824398892748886,0.0,0.03,18070666.852,0,0.0,none,-
friday_portscan,160,84332.23924890479,648239.2242918253,98,98,0.25365853658536586,83.94080201032001,3.291135457072557,0.0,0.102,6821130.394,0,0.0,none,-
friday_portscan,161,59475.6938793857,1547579.9111190066,119,119,0.1,127.084493018416,3.8253587074080073,0.0,0.038,9454394.604,0,0.0,none,-
friday_portscan,162,79625.84654236944,1790348.5598834516,172,172,0.2693877551020408,98.27017662801201,4.83636826578027,0.0,0.13,7487041.378,0,0.0,none,-
friday_portscan,163,43521.929616312926,1234573.507995483,73,73,0.09433962264150944,139.98877073955998,2.8539798447580487,0.0,0.018,9183942.632,0,0.0,none,-
friday_portscan,164,9663.226772213771,647560.2983081775,3,3,0.1,150.56307125734003,1.1271693809602126,0.0,0.0,5507249.894,0,0.0,none,-
friday_portscan,165,72466.40064646026,891428.9743953139,116,116,0.11864406779661017,101.61806563350999,3.678079706440213,0.0,0.04,10740700.324,0,0.0,none,-
friday_portscan,166,20168.579436303866,420260.21391044924,32,32,0.1267605633802817,142.2796697693,1.8241491525544147,0.0,0.016,10676633.356,0,0.0,none,-
friday_portscan,167,40049.43980885753,1185300.8831838118,80,80,0.15702479338842976,121.26527766832,2.787726268699211,0.0,0.036,12689687.852,0,0.0,none,-
friday_portscan,168,123835.64771319374,2176770.731847643,154,154,0.18025751072961374,88.627491428964,4.722172593486745,0.0,0.082,10524141.914,0,0.0,none,-
friday_portscan,169,38444.80754586926,1554006.149338859,53,53,0.43209876543209874,133.764188746016,2.0027199962616304,0.0,0.068,8114291.482,0,0.0,none,-
friday_portscan,170,38423.32795437586,850024.9483915477,29,29,0.3333333333333333,132.12956789258,1.6077978560355215,0.0,0.034,7868090.332,0,0.0,none,-
friday_portscan,171,86141.9042461414,1760353.2000874118,102,102,0.28125,120.41303998834599,3.3330532302188796,0.0,0.088,10613538.754,0,0.0,none,-
friday_portscan,172,9062.656881430426,371118.777857502,31,31,0.06666666666666667,108.44183453038,1.6698155349895882,0.0,0.004,11645078.596,0,0.0,none,-
friday_portscan,173,12815.12499966669,508829.8230533652,73,73,0.0673076923076923,146.42538708428,2.666402771840938,0.0,0.012,11748415.064,0,0.0,none,-
friday_portscan,174,56595.375290664415,918264.6843448166,126,126,0.09883720930232558,132.10760419264,3.8299161352395252,0.0,0.032,10226133.436,0,0.0,none,-
friday_portscan,175,57644.87305541368,862903.5575725375,300,300,0.06832298136645963,30.336881739379997,6.66178288921598,0.0,0.02,3020616.552,1,0.514,port_scan,TA0043 Reconnaissance / T1595 Active Scanning
friday_portscan,176,67420.668543072,285666.79359528003,498,498,0.2,4.998,8.956274508939297,0.0,0.0,51.46,1,0.992,port_scan,TA0043 Reconnaissance / T1595 Active Scanning
friday_portscan,177,63659.98418651399,270624.27391082,453,453,0.3333333333333333,5.004,8.777784284008547,0.0,0.0,50.654,1,0.996,port_scan,TA0043 Reconnaissance / T1595 Active Scanning
friday_portscan,178,63250.405455402004,276994.77250715997,500,500,0.5,5.002,8.965784283940739,0.0,0.0,52.078,1,0.998,port_scan,TA0043 Reconnaissance / T1595 Active Scanning
friday_portscan,179,62016.71324921722,467453.67785890604,334,334,0.3333333333333333,11.53259634742,8.241668571358288,0.0,0.002,723983.854,1,0.952,port_scan,TA0043 Reconnaissance / T1595 Active Scanning
friday_portscan,180,52370.517406520004,213236.94879157998,500,500,0.3333333333333333,5.2925,8.965784283940739,0.0,0.0,51.026,1,0.994,port_scan,TA0043 Reconnaissance / T1595 Active Scanning
friday_portscan,181,53426.67255108999,225166.35251179998,441,441,0.2,5.2665,8.729784284025857,0.0,0.0,54.708,1,0.99,port_scan,TA0043 Reconnaissance / T1595 Active Scanning
friday_portscan,182,66189.974979692,296753.28835096,500,500,1.0,4.998,8.965784283940739,0.0,0.0,51.742,1,1.0,port_scan,TA0043 Reconnaissance / T1595 Active Scanning
friday_portscan,183,63135.9302376,286540.79964774003,481,481,0.5,5.11,8.889784283968151,0.0,0.0,52.004,1,0.996,port_scan,TA0043 Reconnaissance / T1595 Active Scanning
friday_portscan,184,59563.794058119995,262234.80609792,499,499,0.3333333333333333,5.002,8.961784283942182,0.0,0.0,53.214,1,0.996,port_scan,TA0043 Reconnaissance / T1595 Active Scanning
friday_portscan,185,69063.88385581998,350837.65027012,441,441,0.25,5.0453333333199994,8.729784284025857,0.0,0.0,49.716,1,0.994,port_scan,TA0043 Reconnaissance / T1595 Active Scanning
friday_portscan,186,54257.56179141768,225021.63188566,500,500,0.3333333333333333,4.992,8.965784283940739,0.0,0.0,356.184,1,0.996,port_scan,TA0043 Reconnaissance / T1595 Active Scanning
friday_portscan,187,58283.36651681679,249116.00291714596,351,351,0.3333333333333333,5.134,8.3697842841557,0.0,0.0,87.12,1,0.994,port_scan,TA0043 Reconnaissance / T1595 Active Scanning
friday_portscan,188,59489.402476044,245952.98562834001,500,500,1.0,4.998,8.965784283940739,0.0,0.0,51.342,1,1.0,port_scan,TA0043 Reconnaissance / T1595 Active Scanning
friday_portscan,189,58067.230797586,240248.39671626,456,456,0.5,4.998,8.789784284004217,0.0,0.0,53.766,1,0.998,port_scan,TA0043 Reconnaissance / T1595 Active Scanning
friday_portscan,190,67042.938246306,292164.55874249997,497,497,0.2,5.014,8.949784283945066,0.0,0.0,50.324,1,0.992,port_scan,TA0043 Reconnaissance / T1595 Active Scanning
friday_portscan,191,64546.625909575996,266128.37905642,361,361,0.3333333333333333,4.994,8.409784284141274,0.0,0.0,54.874,1,0.996,port_scan,TA0043 Reconnaissance / T1595 Active Scanning
friday_portscan,192,62693.08290292,266994.55383968004,497,497,0.16666666666666666,5.024,8.949784283945066,0.0,0.0,50.664,1,0.99,port_scan,TA0043 Reconnaissance / T1595 Active Scanning
friday_portscan,193,61354.937189758006,253565.31460778,476,476,0.3333333333333333,5.008,8.869784283975363,0.0,0.0,51.514,1,0.996,port_scan,TA0043 Reconnaissance / T1595 Active Scanning
friday_portscan,194,60509.34771726999,250030.87621381998,500,500,0.5,5.002,8.965784283940739,0.0,0.0,50.086,1,0.998,port_scan,TA0043 Reconnaissance / T1595 Active Scanning
friday_portscan,195,71333.35432796908,337864.58193398203,486,486,0.14285714285714285,5.9823333334,8.901055228007735,0.0,0.0,10346.376,1,0.98,port_scan,TA0043 Reconnaissance / T1595 Active Scanning
friday_portscan,196,60577.85755769799,266306.85880176,500,500,0.5,5.002,8.965784283940739,0.0,0.0,50.016,1,0.998,port_scan,TA0043 Reconnaissance / T1595 Active Scanning
friday_portscan,197,52221.67824048799,224862.44021832,372,372,0.5,4.998,8.453784284125405,0.0,0.0,51.398,1,0.998,port_scan,TA0043 Reconnaissance / T1595 Active Scanning
friday_portscan,198,80029.834895264,368092.53106668004,496,496,0.16666666666666666,5.012,8.942565002997636,0.0,0.0,54.204,1,0.99,port_scan,TA0043 Reconnaissance / T1595 Active Scanning
friday_portscan,199,58236.351006558,240937.98287852,500,500,0.5,5.002,8.965784283940739,0.0,0.0,51.236,1,0.998,port_scan,TA0043 Reconnaissance / T1595 Active Scanning
friday_portscan,200,70257.051899728,304998.93776904,497,497,0.2,5.008,8.949784283945066,0.0,0.0,51.058,1,0.992,port_scan,TA0043 Reconnaissance / T1595 Active Scanning
friday_portscan,201,53359.66726784,229438.6690733,479,479,0.16666666666666666,5.02,8.880274508966707,0.0,0.0,49.678,1,0.99,port_scan,TA0043 Reconnaissance / T1595 Active Scanning
friday_portscan,202,55619.890342128005,230445.6527177,499,499,0.3333333333333333,4.998,8.961784283942182,0.0,0.0,54.622,1,0.996,port_scan,TA0043 Reconnaissance / T1595 Active Scanning
friday_portscan,203,64031.8538598232,280126.676218974,499,499,0.5,5.0206666666599995,8.961784283942182,0.0,0.0,71.562,1,0.998,port_scan,TA0043 Reconnaissance / T1595 Active Scanning
friday_portscan,204,58112.564586003995,248419.55006858,500,500,0.5,4.996,8.965784283940739,0.0,0.0,54.984,1,0.998,port_scan,TA0043 Reconnaissance / T1595 Active Scanning
friday_portscan,205,59483.439135363995,245927.01118005996,483,483,0.3333333333333333,5.006,8.897784283965265,0.0,0.0,52.474,1,0.996,port_scan,TA0043 Reconnaissance / T1595 Active Scanning
friday_portscan,206,57449.018945624004,261774.37599232,497,497,0.2,5.01,8.949784283945066,0.0,0.0,54.754,1,0.992,port_scan,TA0043 Reconnaissance / T1595 Active Scanning
friday_portscan,207,58973.031719508006,243872.34644255997,466,466,1.0,4.994,8.82978428398979,0.0,0.0,52.55,1,1.0,port_scan,TA0043 Reconnaissance / T1595 Active Scanning
friday_portscan,208,59176.462193728,252683.30433558,499,499,0.3333333333333333,5.002,8.961784283942182,0.0,0.0,52.67,1,0.996,port_scan,TA0043 Reconnaissance / T1595 Active Scanning
friday_portscan,209,72360.383121016,324441.43508174,487,487,0.25,5.167,8.912274508955168,0.0,0.0,48.89,1,0.992,port_scan,TA0043 Reconnaissance / T1595 Active Scanning
friday_portscan,210,61261.068811892,245020.24821734,498,498,0.25,5.006,8.956274508939297,0.0,0.0,52.904,1,0.994,port_scan,TA0043 Reconnaissance / T1595 Active Scanning
friday_portscan,211,63990.002345639994,266692.32103305997,407,407,0.3333333333333333,5.618,8.59378428407491,0.0,0.0,53.732,1,0.992,port_scan,TA0043 Reconnaissance / T1595 Active Scanning
friday_portscan,212,65543.87959732,294175.51839181996,498,498,0.25,5.012,8.956274508939297,0.0,0.0,47.506,1,0.994,port_scan,TA0043 Reconnaissance / T1595 Active Scanning
friday_portscan,213,55986.01174000648,238447.225106735,404,404,0.2,13.1858327384,8.50805951785487,0.0,0.0,525231.674,1,0.948,port_scan,TA0043 Reconnaissance / T1595 Active Scanning
friday_portscan,214,66759.96343799964,279940.33073101996,497,497,0.3333333333333333,5.406,8.95227450894074,0.0,0.0,407.888,1,0.99,port_scan,TA0043 Reconnaissance / T1595 Active Scanning
friday_portscan,215,71465.36876927703,303914.64627962094,464,464,0.2857142857142857,8.65176470586,8.80203567803082,0.0,0.002,423067.722,1,0.972,port_scan,TA0043 Reconnaissance / T1595 Active Scanning
friday_portscan,216,59034.67115849808,238400.44173602998,499,499,0.5,5.242,8.961784283942182,0.0,0.0,387.304,1,0.994,port_scan,TA0043 Reconnaissance / T1595 Active Scanning
friday_portscan,217,55951.60522121693,234668.84580601798,435,435,0.42857142857142855,5.7103746654,8.701784284034513,0.0,0.004,482354.394,1,0.986,port_scan,TA0043 Reconnaissance / T1595 Active Scanning
friday_portscan,218,55333.52552848655,237310.73072403565,497,497,0.3333333333333333,4.994,8.95227450894074,0.0,0.0,4043.526,1,0.992,port_scan,TA0043 Reconnaissance / T1595 Active Scanning
friday_portscan,219,71118.57236985743,300531.322220608,407,407,0.16666666666666666,5.2275903614,8.59378428407491,0.0,0.0,2679.138,1,0.988,port_scan,TA0043 Reconnaissance / T1595 Active Scanning
friday_portscan,220,66457.93449375799,297586.75571179995,496,496,0.14285714285714285,5.004,8.942565002997636,0.0,0.0,52.212,1,0.988,port_scan,TA0043 Reconnaissance / T1595 Active Scanning
friday_portscan,221,60070.449314190344,256345.95337234144,442,442,0.09090909090909091,5.041551282044,8.732274509020087,0.0,0.0,110233.096,1,0.98,port_scan,TA0043 Reconnaissance / T1595 Active Scanning
friday_portscan,222,72990.43124122,333527.35635264,499,499,0.125,5.048,8.961784283942182,0.0,0.0,49.78,1,0.986,port_scan,TA0043 Reconnaissance / T1595 Active Scanning
friday_portscan,223,59829.531153690696,259421.384600335,391,391,0.125,5.046,8.528274509093666,0.0,0.0,208.858,1,0.986,port_scan,TA0043 Reconnaissance / T1595 Active Scanning
friday_portscan,224,64253.250481152,289005.9097278,498,498,0.25,5.01,8.956274508939297,0.0,0.0,49.372,1,0.994,port_scan,TA0043 Reconnaissance / T1595 Active Scanning
friday_portscan,225,68966.089234884,315830.40269076003,440,440,0.3333333333333333,4.998,8.725784284027299,0.0,0.0,52.946,1,0.996,port_scan,TA0043 Reconnaissance / T1595 Active Scanning
friday_portscan,226,67484.78116104001,293924.3582424,500,500,0.5,5.0,8.965784283940739,0.0,0.0,48.948,1,0.998,port_scan,TA0043 Reconnaissance / T1595 Active Scanning
friday_portscan,227,65510.71281702734,304457.6491791035,408,408,0.13636363636363635,5.46144444444,8.59627450906914,0.0,0.004,251038.582,1,0.956,port_scan,TA0043 Reconnaissance / T1595 Active Scanning
friday_portscan,228,61670.42656440446,278675.02790417336,497,497,0.25,5.006,8.95227450894074,0.0,0.0,2103.388,1,0.992,port_scan,TA0043 Reconnaissance / T1595 Active Scanning
friday_portscan,229,62290.08560301281,259419.9167016775,429,429,0.25,5.286,8.680274509038842,0.0,0.0,2909.434,1,0.988,port_scan,TA0043 Reconnaissance / T1595 Active Scanning
friday_portscan,230,53789.87994151,215146.9929501,500,500,1.0,4.996,8.965784283940739,0.0,0.0,52.192,1,1.0,port_scan,TA0043 Reconnaissance / T1595 Active Scanning
friday_portscan,231,65583.34661887994,994722.8786705785,323,323,0.4444444444444444,12.702339548,8.25227450919177,0.0,0.006,252697.646,1,0.962,port_scan,TA0043 Reconnaissance / T1595 Active Scanning
friday_portscan,232,68639.0492958639,339055.04703063593,489,489,0.25,5.556,8.895215858926319,0.0,0.0,235194.774,1,0.974,port_scan,TA0043 Reconnaissance / T1595 Active Scanning
friday_portscan,233,65242.53438192721,354617.08711685764,411,411,0.16666666666666666,6.3551923077,8.594481315160332,0.0,0.0,20439.056,1,0.972,port_scan,TA0043 Reconnaissance / T1595 Active Scanning
friday_portscan,234,64539.87095569,258138.63979728,500,500,1.0,4.994,8.965784283940739,0.0,0.0,53.11,1,1.0,port_scan,TA0043 Reconnaissance / T1595 Active Scanning
friday_portscan,235,68228.39919914473,288888.0409642881,460,460,0.14285714285714285,5.004136363636,8.802764733989793,0.0,0.0,312113.704,1,0.988,port_scan,TA0043 Reconnaissance / T1595 Active Scanning
friday_portscan,236,55072.80118578233,220284.51490861742,495,495,0.16666666666666666,5.142666666659999,8.938565002999079,0.0,0.0,6284.808,1,0.988,port_scan,TA0043 Reconnaissance / T1595 Active Scanning
friday_portscan,237,64809.355946457996,283202.04787424003,426,426,0.3333333333333333,4.998,8.669784284047498,0.0,0.0,54.984,1,0.996,port_scan,TA0043 Reconnaissance / T1595 Active Scanning
friday_portscan,238,51111.92002172364,212438.56843022478,500,500,1.0,4.996,8.965784283940739,0.0,0.0,225037.132,1,1.0,port_scan,TA0043 Reconnaissance / T1595 Active Scanning
friday_portscan,239,55672.898413159994,229919.22399161998,479,479,0.2,4.9875,8.881784283971037,0.0,0.0,49.608,1,0.992,port_scan,TA0043 Reconnaissance / T1595 Active Scanning
friday_portscan,240,65783.42671612898,270707.5564812254,498,498,0.2,4.992,8.956274508939297,0.0,0.0,235302.178,1,0.992,port_scan,TA0043 Reconnaissance / T1595 Active Scanning
friday_portscan,241,67106.479437284,308497.64226284006,495,495,0.25,5.008,8.945784283947953,0.0,0.0,53.712,1,0.994,port_scan,TA0043 Reconnaissance / T1595 Active Scanning
friday_portscan,242,60537.48880325883,242143.34360776388,500,500,1.0,4.996,8.965784283940739,0.0,0.0,219449.476,1,1.0,port_scan,TA0043 Reconnaissance / T1595 Active Scanning
friday_portscan,243,56057.35671320284,223646.75278389995,488,488,0.1111111111111111,5.4357894736,8.91378428395805,0.0,0.0,1973.242,1,0.982,port_scan,TA0043 Reconnaissance / T1595 Active Scanning
friday_portscan,244,62221.51167389199,264588.04540414,498,498,0.2,5.0,8.956274508939297,0.0,0.0,50.28,1,0.992,port_scan,TA0043 Reconnaissance / T1595 Active Scanning
friday_portscan,245,65167.352243428424,305894.9321877984,432,432,0.13333333333333333,6.0114375,8.692274509034515,0.0,0.002,690827.674,1,0.972,port_scan,TA0043 Reconnaissance / T1595 Active Scanning
friday_portscan,246,59746.9653141,252037.48021789998,500,500,0.09090909090909091,4.908,8.965784283940739,0.0,0.0,52.114,1,0.98,port_scan,TA0043 Reconnaissance / T1595 Active Scanning
friday_portscan,247,64134.30432020421,263415.6193120653,452,452,0.14285714285714285,5.6758666666,8.773784284009988,0.0,0.0,521604.904,1,0.986,port_scan,TA0043 Reconnaissance / T1595 Active Scanning
friday_portscan,248,61444.473370944004,261771.12529255997,500,500,0.5,5.002,8.965784283940739,0.0,0.0,49.67,1,0.998,port_scan,TA0043 Reconnaissance / T1595 Active Scanning
friday_portscan,249,58033.76390763102,234605.2825555971,371,371,0.5,6.509777777839999,8.434764734118193,0.0,0.002,144710.498,1,0.98,port_scan,TA0043 Reconnaissance / T1595 Active Scanning
friday_portscan,250,56904.21526404335,255467.50698595893,497,497,0.25,5.9004952380599995,8.95227450894074,0.0,0.0,236631.462,1,0.986,port_scan,TA0043 Reconnaissance / T1595 Active Scanning
friday_portscan,251,65017.01107978242,268161.2836355638,482,482,0.25,6.57825604398,8.888274508962379,0.0,0.0,2996.252,1,0.984,port_scan,TA0043 Reconnaissance / T1595 Active Scanning
friday_portscan,252,74908.39847809444,355552.0604626102,493,493,0.1,5.2765,8.917784283950837,0.0,0.0,1219.518,1,0.98,port_scan,TA0043 Reconnaissance / T1595 Active Scanning
friday_portscan,253,59996.15410139157,450202.97362674,451,451,0.5,13.0784,8.766764734002777,0.0,0.004,638441.842,1,0.984,port_scan,TA0043 Reconnaissance / T1595 Active Scanning
friday_portscan,254,58004.38188664502,248204.24693251774,496,496,0.16666666666666666,5.0135,8.949784283946508,0.0,0.0,11141.808,1,0.988,port_scan,TA0043 Reconnaissance / T1595 Active Scanning
friday_portscan,255,63040.227403518635,276152.61530443165,427,427,1.0,5.123,8.673784284046056,0.0,0.0,234353.938,1,0.994,port_scan,TA0043 Reconnaissance / T1595 Active Scanning
friday_portscan,256,58964.688728392946,251836.77975825028,500,500,0.5,4.99,8.965784283940739,0.0,0.0,895387.514,1,0.998,port_scan,TA0043 Reconnaissance / T1595 Active Scanning
friday_portscan,257,65921.76627823399,312760.45576690196,468,468,0.25,5.130333333319999,8.837784283986904,0.0,0.0,671420.414,1,0.992,port_scan,TA0043 Reconnaissance / T1595 Active Scanning
friday_portscan,258,62572.747325674,274316.72516123997,500,500,0.3333333333333333,5.01,8.965784283940739,0.0,0.0,50.688,1,0.996,port_scan,TA0043 Reconnaissance / T1595 Active Scanning
friday_portscan,259,63021.76538144143,268130.919516051,405,405,0.3333333333333333,5.004,8.585784284077794,0.0,0.0,197590.902,1,0.996,port_scan,TA0043 Reconnaissance / T1595 Active Scanning
friday_portscan,260,67163.333456938,284624.4026884,500,500,1.0,4.992,8.965784283940739,0.0,0.0,52.296,1,1.0,port_scan,TA0043 Reconnaissance / T1595 Active Scanning
friday_portscan,261,61013.813758845994,276041.09290772,495,495,0.3333333333333333,5.004,8.945784283947953,0.0,0.0,51.042,1,0.996,port_scan,TA0043 Reconnaissance / T1595 Active Scanning
friday_portscan,262,67243.3278942,292953.14256406,499,499,0.3333333333333333,5.002,8.961784283942182,0.0,0.0,51.756,1,0.996,port_scan,TA0043 Reconnaissance / T1595 Active Scanning
friday_portscan,263,77665.33804772023,341589.96094715287,344,344,0.16666666666666666,4.986,8.341784284165799,0.0,0.0,220945.874,1,0.99,port_scan,TA0043 Reconnaissance / T1595 Active Scanning
friday_portscan,264,58178.695632588,240708.94312014003,500,500,1.0,4.998,8.965784283940739,0.0,0.0,49.982,1,1.0,port_scan,TA0043 Reconnaissance / T1595 Active Scanning
friday_portscan,265,57177.555034575314,236693.399212806,413,413,0.25,5.09856410256,8.617784284066254,0.0,0.0,3221.706,1,0.992,port_scan,TA0043 Reconnaissance / T1595 Active Scanning
friday_portscan,266,64850.20817982239,283379.8844853073,498,498,0.25,5.002,8.956274508939297,0.0,0.0,381003.886,1,0.994,port_scan,TA0043 Reconnaissance / T1595 Active Scanning
friday_portscan,267,72425.40590103231,618652.6935133248,386,386,0.25,6.0573846154,8.505784284105205,0.0,0.0,10202.92,1,0.982,port_scan,TA0043 Reconnaissance / T1595 Active Scanning
friday_portscan,268,67504.03426751192,290323.32103264483,498,498,0.5,5.5595,8.956274508939297,0.0,0.0,191811.4,1,0.994,port_scan,TA0043 Reconnaissance / T1595 Active Scanning
friday_portscan,269,64810.243939188,291231.60807392,498,498,0.5,5.002,8.957784283943624,0.0,0.0,49.248,1,0.998,port_scan,TA0043 Reconnaissance / T1595 Active Scanning
friday_portscan,270,61345.636624918,269365.85088978,500,500,0.5,5.0,8.965784283940739,0.0,0.0,50.58,1,0.998,port_scan,TA0043 Reconnaissance / T1595 Active Scanning
friday_portscan,271,64350.44231323999,281361.64816372003,480,480,0.3333333333333333,4.998,8.885784283969592,0.0,0.0,53.41,1,0.996,port_scan,TA0043 Reconnaissance / T1595 Active Scanning
friday_portscan,272,65934.308102642,279726.09034889995,499,499,0.3333333333333333,5.006,8.961784283942182,0.0,0.0,48.3,1,0.996,port_scan,TA0043 Reconnaissance / T1595 Active Scanning
friday_portscan,273,61526.033289614,278086.5453026199,439,439,0.3333333333333333,5.004,8.721784284028743,0.0,0.0,51.184,1,0.996,port_scan,TA0043 Reconnaissance / T1595 Active Scanning
friday_portscan,274,61969.564094182,255858.17045235998,498,498,0.25,5.006,8.956274508939297,0.0,0.0,52.836,1,0.994,port_scan,TA0043 Reconnaissance / T1595 Active Scanning
friday_portscan,275,62973.392135933995,268106.13888686,483,483,0.2,5.0286666666599995,8.897784283965265,0.0,0.0,52.886,1,0.992,port_scan,TA0043 Reconnaissance / T1595 Active Scanning
friday_portscan,276,67591.813090856,302343.1634328801,500,500,0.5,4.998,8.965784283940739,0.0,0.0,52.274,1,0.998,port_scan,TA0043 Reconnaissance / T1595 Active Scanning
friday_portscan,277,68448.81700917,305784.1310459,434,434,1.0,4.996,8.701784284035956,0.0,0.0,52.58,1,1.0,port_scan,TA0043 Reconnaissance / T1595 Active Scanning
friday_portscan,278,65141.19411756,268564.77647174,498,498,0.25,5.012,8.956274508939297,0.0,0.0,49.552,1,0.994,port_scan,TA0043 Reconnaissance / T1595 Active Scanning
friday_portscan,279,59961.37674911619,251225.1963367874,376,376,0.5,5.97318181818,8.458764734110979,0.0,0.0,382749.896,1,0.988,port_scan,TA0043 Reconnaissance / T1595 Active Scanning
friday_portscan,280,60986.401450542195,271038.88394996,499,499,0.5,5.442,8.961784283942182,0.0,0.0,101.078,1,0.994,port_scan,TA0043 Reconnaissance / T1595 Active Scanning
friday_portscan,281,60883.85190183013,251550.57251016956,478,478,0.5,6.917328671400001,8.870565003023604,0.0,0.0,746545.07,1,0.988,port_scan,TA0043 Reconnaissance / T1595 Active Scanning
friday_portscan,282,69791.4813477749,311158.7952311811,495,495,0.14285714285714285,5.02,8.934764733939298,0.0,0.0,209284.704,1,0.988,port_scan,TA0043 Reconnaissance / T1595 Active Scanning
friday_portscan,283,54723.77461005598,240118.60771986228,423,423,0.6666666666666666,23.12349354864,8.486170020989585,0.0,0.002,3719176.178,1,0.92,port_scan,TA0043 Reconnaissance / T1595 Active Scanning
friday_portscan,284,56173.84591891584,242949.25420185042,490,490,0.5,6.938,8.889676788345145,0.0,0.0,2095.228,1,0.976,port_scan,TA0043 Reconnaissance / T1595 Active Scanning
friday_portscan,285,63992.414965236065,278465.6942084457,457,457,0.2,13.95407378568,8.719004426300817,0.0,0.0,1326793.772,1,0.944,port_scan,TA0043 Reconnaissance / T1595 Active Scanning
friday_portscan,286,69534.77545155543,296549.3805590039,496,496,0.3333333333333333,5.4215,8.945784283946509,0.0,0.0,418260.63,1,0.99,port_scan,TA0043 Reconnaissance / T1595 Active Scanning
friday_portscan,287,63996.94734912283,279984.2504990309,464,464,0.16666666666666666,14.82390408512,8.662686533949406,0.0,0.0,2117797.524,1,0.916,port_scan,TA0043 Reconnaissance / T1595 Active Scanning
friday_portscan,288,65255.64534139165,276668.556760656,494,494,0.14285714285714285,6.254,8.926481315040588,0.0,0.0,400.32,1,0.974,port_scan,TA0043 Reconnaissance / T1595 Active Scanning
friday_portscan,289,68979.20783375636,312101.45055464696,464,464,0.125,19.85200154,8.689908263477433,0.0,0.0,3498560.088,1,0.92,port_scan,TA0043 Reconnaissance / T1595 Active Scanning
friday_portscan,290,59622.10934279536,265736.647124796,491,491,0.3333333333333333,6.297,8.904725633927761,0.0,0.0,409.814,1,0.98,port_scan,TA0043 Reconnaissance / T1595 Active Scanning
friday_portscan,291,53922.71345380079,242553.03216811278,403,403,0.0625,25.113227443,8.073372372357914,0.0,0.0,1793441.804,1,0.82,port_scan,TA0043 Reconnaissance / T1595 Active Scanning
friday_portscan,292,64284.766960792316,272974.547412012,495,495,0.3333333333333333,5.5165,8.938565002999079,0.0,0.0,267.718,1,0.986,port_scan,TA0043 Reconnaissance / T1595 Active Scanning
friday_portscan,293,63904.5587091339,283490.6375078683,479,479,0.07692307692307693,9.106326192640001,8.81184851014958,0.0,0.0,898682.968,1,0.93,port_scan,TA0043 Reconnaissance / T1595 Active Scanning
friday_portscan,294,83890.06817486581,1300385.1279275015,118,118,0.3684210526315789,123.41331346875998,3.5093989678541453,0.002,0.124,11275538.236,0,0.0,none,-
friday_portscan,295,67538.499254957,741989.8955668021,223,223,0.25,97.88921500129999,5.238804779306706,0.0,0.022,5705548.214,1,0.376,port_scan,TA0043 Reconnaissance / T1595 Active Scanning
friday_portscan,296,54977.72081028259,177144.95405055778,500,500,0.5,3.0,8.965784283940739,0.0,0.0,740958.064,1,0.998,port_scan,TA0043 Reconnaissance / T1595 Active Scanning
friday_portscan,297,57537.24189798895,329165.404593728,420,420,0.26666666666666666,13.798746160979999,8.472880953482317,0.0,0.006,1074890.28,1,0.912,port_scan,TA0043 Reconnaissance / T1595 Active Scanning
friday_portscan,298,52929.80109951183,167787.04999773877,492,492,0.3333333333333333,4.3375,8.908725633926318,0.0,0.0,486517.77,1,0.98,port_scan,TA0043 Reconnaissance / T1595 Active Scanning
friday_portscan,299,53926.97066084117,612413.1759770939,399,399,0.6363636363636364,33.80590835466,8.035436862876566,0.0,0.012,3838799.216,1,0.818,port_scan,TA0043 Reconnaissance / T1595 Active Scanning
friday_portscan,300,59810.05086507106,213560.84751239026,479,479,0.14285714285714285,6.217466666660001,8.769569292750994,0.0,0.0,600427.082,1,0.946,port_scan,TA0043 Reconnaissance / T1595 Active Scanning
friday_portscan,301,53582.953024727176,191557.09304966728,464,464,0.0625,13.105809187179998,8.663081941430693,0.0,0.0,446412.69,1,0.9,port_scan,TA0043 Reconnaissance / T1595 Active Scanning
friday_portscan,302,55866.396873584716,269801.5418446338,398,398,0.13333333333333333,31.6828085203,7.783572826477419,0.0,0.002,4042782.186,1,0.774,port_scan,TA0043 Reconnaissance / T1595 Active Scanning
friday_portscan,303,59258.32312701436,195428.74511325377,496,496,0.25,3.9813421052,8.948274508942182,0.0,0.0,299453.852,1,0.984,port_scan,TA0043 Reconnaissance / T1595 Active Scanning
friday_portscan,304,62472.4734624491,193342.35787479221,456,456,0.25,4.8631111112,8.78827450899989,0.0,0.0,126446.162,1,0.988,port_scan,TA0043 Reconnaissance / T1595 Active Scanning
friday_portscan,305,63671.991623147,212946.78473768497,499,499,1.0,3.42,8.961784283942182,0.0,0.0,149405.164,1,0.994,port_scan,TA0043 Reconnaissance / T1595 Active Scanning
friday_portscan,306,59412.02174967887,381136.42323062074,443,443,0.18181818181818182,10.34516899778,8.702481315114166,0.0,0.002,1079027.37,1,0.95,port_scan,TA0043 Reconnaissance / T1595 Active Scanning
friday_portscan,307,64937.64711504993,223516.98766699625,496,496,0.3333333333333333,3.6975,8.942565002997636,0.0,0.0,481211.976,1,0.988,port_scan,TA0043 Reconnaissance / T1595 Active Scanning
friday_portscan,308,65204.626491937546,658095.2258065904,448,448,0.15,4.69533333326,8.71174518399845,0.0,0.004,331678.618,1,0.954,port_scan,TA0043 Reconnaissance / T1595 Active Scanning
friday_portscan,309,60673.750150193395,206575.46238936821,500,500,0.2,3.018,8.965784283940739,0.0,0.0,110504.786,1,0.992,port_scan,TA0043 Reconnaissance / T1595 Active Scanning
friday_portscan,310,61742.61736834668,416762.472222996,443,443,0.23076923076923078,4.17499999992,8.736274509018646,0.0,0.004,225902.374,1,0.976,port_scan,TA0043 Reconnaissance / T1595 Active Scanning
friday_portscan,311,53279.19636133698,166255.34992712495,500,500,0.3333333333333333,3.012,8.965784283940739,0.0,0.0,407345.69,1,0.996,port_scan,TA0043 Reconnaissance / T1595 Active Scanning
friday_portscan,312,55344.045163063216,185223.41384210569,451,451,0.4,3.8311515152,8.769784284011429,0.0,0.002,258673.624,1,0.986,port_scan,TA0043 Reconnaissance / T1595 Active Scanning
friday_portscan,313,60613.13107411586,187773.41168353957,500,500,0.3333333333333333,2.994,8.965784283940739,0.0,0.0,260222.356,1,0.996,port_scan,TA0043 Reconnaissance / T1595 Active Scanning
friday_portscan,314,57070.99774026412,209632.04659549857,436,436,0.1111111111111111,3.8426290909999996,8.689784284033072,0.0,0.002,436440.826,1,0.958,port_scan,TA0043 Reconnaissance / T1595 Active Scanning
friday_portscan,315,64574.01175955211,211655.89224982433,500,500,0.5,2.994,8.965784283940739,0.0,0.0,257561.052,1,0.998,port_scan,TA0043 Reconnaissance / T1595 Active Scanning
friday_portscan,316,50048.21013043362,156255.30842533475,440,440,0.125,3.2747733333999998,8.724274509022973,0.0,0.0,520800.598,1,0.984,port_scan,TA0043 Reconnaissance / T1595 Active Scanning
friday_portscan,317,53509.9299667046,178497.66139070183,500,500,0.3333333333333333,3.006,8.965784283940739,0.0,0.0,554354.202,1,0.996,port_scan,TA0043 Reconnaissance / T1595 Active Scanning
friday_portscan,318,62075.88023407541,198560.19217115987,453,453,0.2,3.022,8.777784284008547,0.0,0.0,446551.59,1,0.992,port_scan,TA0043 Reconnaissance / T1595 Active Scanning
friday_portscan,319,59353.432634585064,189988.1093419252,500,500,0.3333333333333333,2.988,8.965784283940739,0.0,0.0,73656.204,1,0.996,port_scan,TA0043 Reconnaissance / T1595 Active Scanning
friday_portscan,320,59208.480075408406,190187.36828943723,450,450,0.2,3.0346666666599997,8.765784284012874,0.0,0.0,112961.488,1,0.992,port_scan,TA0043 Reconnaissance / T1595 Active Scanning
friday_portscan,321,56576.49236989328,175703.91801010986,500,500,0.3333333333333333,3.006,8.965784283940739,0.0,0.0,149803.446,1,0.996,port_scan,TA0043 Reconnaissance / T1595 Active Scanning
friday_portscan,322,62189.435323383346,446663.7276003437,413,413,0.25,35.47165513612,8.405081787800455,0.0,0.002,2912606.602,1,0.894,port_scan,TA0043 Reconnaissance / T1595 Active Scanning
friday_portscan,323,53614.17785063162,184945.71557797998,498,498,0.3333333333333333,3.6055,8.956274508939297,0.0,0.0,186.95,1,0.99,port_scan,TA0043 Reconnaissance / T1595 Active Scanning
friday_portscan,324,64852.1125118892,234869.01318711173,427,427,0.08333333333333333,14.270181723379999,8.565450520559125,0.0,0.0,1751027.522,1,0.92,port_scan,TA0043 Reconnaissance / T1595 Active Scanning
friday_portscan,325,62088.22567855526,198230.4747867756,497,497,0.1,3.4485,8.95227450894074,0.0,0.0,187202.042,1,0.978,port_scan,TA0043 Reconnaissance / T1595 Active Scanning
friday_portscan,326,58430.108533664294,205076.98854271637,410,410,0.25,15.912053480340001,8.421971628384712,0.0,0.004,3139317.95,1,0.892,port_scan,TA0043 Reconnaissance / T1595 Active Scanning
friday_portscan,327,60477.659836448955,199922.15916922223,492,492,0.5,4.465,8.908725633926318,0.0,0.0,76727.35,1,0.982,port_scan,TA0043 Reconnaissance / T1595 Active Scanning
friday_portscan,328,52911.65353998049,224837.7598662447,373,373,0.17391304347826086,27.816123081900002,7.796437488059334,0.0,0.006,4809937.454,1,0.766,port_scan,TA0043 Reconnaissance / T1595 Active Scanning
friday_portscan,329,56074.971522551365,180476.02171888162,492,492,0.3333333333333333,4.436,8.908725633926318,0.0,0.0,224358.998,1,0.978,port_scan,TA0043 Reconnaissance / T1595 Active Scanning
friday_portscan,330,61291.97642797398,210603.16157770465,454,454,0.3333333333333333,5.282436508,8.75672563398114,0.0,0.0,384401.8,1,0.978,port_scan,TA0043 Reconnaissance / T1595 Active Scanning
friday_portscan,331,65874.98890059676,215755.40149123024,500,500,0.25,3.024,8.965784283940739,0.0,0.0,110396.038,1,0.994,port_scan,TA0043 Reconnaissance / T1595 Active Scanning
friday_portscan,332,65858.55054705657,227429.24542303628,455,455,0.3333333333333333,3.301,8.785784284005661,0.0,0.0,195792.372,1,0.992,port_scan,TA0043 Reconnaissance / T1595 Active Scanning
friday_portscan,333,56920.172805045,187368.78099444616,499,499,0.2,3.5183333333999998,8.961784283942182,0.0,0.0,257700.794,1,0.988,port_scan,TA0043 Reconnaissance / T1595 Active Scanning
friday_portscan,334,57497.94698645938,183603.90269851885,433,433,0.08333333333333333,12.485153378360001,8.35280384016702,0.0,0.0,1242015.264,1,0.878,port_scan,TA0043 Reconnaissance / T1595 Active Scanning
friday_portscan,335,57117.4405723895,177257.46761390453,500,500,0.3333333333333333,2.994,8.965784283940739,0.0,0.0,183898.964,1,0.996,port_scan,TA0043 Reconnaissance / T1595 Active Scanning
friday_portscan,336,57311.4455470177,173552.30986080074,476,476,0.4,3.4345,8.868274508971037,0.0,0.002,184789.764,1,0.988,port_scan,TA0043 Reconnaissance / T1595 Active Scanning
friday_portscan,337,59868.290381418126,191212.57875383235,500,500,0.2,2.988,8.965784283940739,0.0,0.0,296833.372,1,0.992,port_scan,TA0043 Reconnaissance / T1595 Active Scanning
friday_portscan,338,61080.60144777477,227704.7468494667,470,470,0.42857142857142855,3.226,8.84578428398402,0.0,0.004,853882.51,1,0.986,port_scan,TA0043 Reconnaissance / T1595 Active Scanning
friday_portscan,339,67156.07300029793,229162.71246172,499,499,0.25,3.0,8.961784283942182,0.0,0.0,238.764,1,0.992,port_scan,TA0043 Reconnaissance / T1595 Active Scanning
friday_portscan,340,66766.35652199676,260196.3495376504,473,473,0.5555555555555556,3.3893333333199998,8.853784283979692,0.0,0.008,16574.34,1,0.98,port_scan,TA0043 Reconnaissance / T1595 Active Scanning
friday_portscan,341,53933.68818950806,167730.0082775622,500,500,1.0,2.988,8.965784283940739,0.0,0.0,147280.57,1,1.0,port_scan,TA0043 Reconnaissance / T1595 Active Scanning
friday_portscan,342,63406.73338844478,202110.80442752037,480,480,0.25,3.0,8.885784283969592,0.0,0.0,73578.778,1,0.994,port_scan,TA0043 Reconnaissance / T1595 Active Scanning
friday_portscan,343,79089.78905079722,261167.25902229967,500,500,0.16666666666666666,3.012,8.965784283940739,0.0,0.0,296935.428,1,0.99,port_scan,TA0043 Reconnaissance / T1595 Active Scanning
friday_portscan,344,63452.54606502478,203250.11490864994,470,470,0.2857142857142857,3.91407843146,8.844274508979693,0.0,0.002,73977.438,1,0.982,port_scan,TA0043 Reconnaissance / T1595 Active Scanning
friday_portscan,345,66103.87546627995,217311.36362272696,499,499,0.3333333333333333,3.103,8.961784283942182,0.0,0.0,73574.334,1,0.994,port_scan,TA0043 Reconnaissance / T1595 Active Scanning
friday_portscan,346,62473.06780350222,200359.8067689547,469,469,0.16666666666666666,3.03,8.841784283985461,0.0,0.0,296671.956,1,0.99,port_scan,TA0043 Reconnaissance / T1595 Active Scanning
friday_portscan,347,57987.615936703995,179888.60583138,500,500,0.3333333333333333,2.994,8.965784283940739,0.0,0.0,54.768,1,0.996,port_scan,TA0043 Reconnaissance / T1595 Active Scanning
friday_portscan,348,62123.75937941134,204324.16258812643,473,473,0.3333333333333333,3.5293333334,8.85778428397969,0.0,0.0,37629.178,1,0.992,port_scan,TA0043 Reconnaissance / T1595 Active Scanning
friday_portscan,349,63181.50455804721,207524.44001623665,500,500,0.5,3.171,8.965784283940739,0.0,0.0,220957.81,1,0.996,port_scan,TA0043 Reconnaissance / T1595 Active Scanning
friday_portscan,350,59974.034151809275,185769.29148474504,469,469,0.2,3.0,8.841784283985461,0.0,0.0,73610.688,1,0.992,port_scan,TA0043 Reconnaissance / T1595 Active Scanning
friday_portscan,351,69806.57133737497,245419.7140165249,500,500,0.16666666666666666,3.03,8.965784283940739,0.0,0.0,147213.412,1,0.99,port_scan,TA0043 Reconnaissance / T1595 Active Scanning
friday_portscan,352,65413.71690616974,215918.73410902475,459,459,0.5,4.590375,8.798764733991236,0.0,0.0,94238.884,1,0.99,port_scan,TA0043 Reconnaissance / T1595 Active Scanning
friday_portscan,353,59858.09165387108,179452.94631973124,500,500,0.3333333333333333,2.988,8.965784283940739,0.0,0.0,36786.724,1,0.996,port_scan,TA0043 Reconnaissance / T1595 Active Scanning
friday_portscan,354,66751.32407142683,224087.26463955312,457,457,0.2,3.1695,8.793784284002774,0.0,0.0,110436.57,1,0.99,port_scan,TA0043 Reconnaissance / T1595 Active Scanning
friday_portscan,355,60298.79291747003,198834.8845877321,500,500,0.5,2.994,8.965784283940739,0.0,0.0,36781.566,1,0.998,port_scan,TA0043 Reconnaissance / T1595 Active Scanning
friday_portscan,356,55014.7385326709,170965.39956482,466,466,1.0,2.976,8.82978428398979,0.0,0.0,235769.572,1,0.998,port_scan,TA0043 Reconnaissance / T1595 Active Scanning
friday_portscan,357,77353.5951439212,255990.64565271963,500,500,0.2,3.012,8.965784283940739,0.0,0.0,73471.788,1,0.992,port_scan,TA0043 Reconnaissance / T1595 Active Scanning
friday_portscan,358,59698.869961387994,184948.7597923,467,467,0.5,2.988,8.833784283988347,0.0,0.0,52.092,1,0.998,port_scan,TA0043 Reconnaissance / T1595 Active Scanning
friday_portscan,359,59364.906663434136,184027.18752630643,500,500,0.5,2.994,8.965784283940739,0.0,0.0,73636.33,1,0.998,port_scan,TA0043 Reconnaissance / T1595 Active Scanning
friday_portscan,360,59991.737727348984,213729.18470797717,456,456,0.6666666666666666,4.972943089259999,8.782565003055343,0.0,0.002,180901.1,1,0.982,port_scan,TA0043 Reconnaissance / T1595 Active Scanning
friday_portscan,361,57488.46020600943,191225.1031224843,499,499,0.14285714285714285,3.138,8.961784283942182,0.0,0.0,36809.27,1,0.986,port_scan,TA0043 Reconnaissance / T1595 Active Scanning
friday_portscan,362,68583.23708499971,233931.51250135404,458,458,0.2,3.226,8.796274508997005,0.0,0.002,168.258,1,0.98,port_scan,TA0043 Reconnaissance / T1595 Active Scanning
friday_portscan,363,57943.17172502992,173277.98835947973,500,500,0.09090909090909091,2.962,8.965784283940739,0.0,0.0,591538.656,1,0.98,port_scan,TA0043 Reconnaissance / T1595 Active Scanning
friday_portscan,364,59644.501777963735,223820.07644013318,464,464,0.35714285714285715,3.26,8.820274508988348,0.0,0.008,110525.748,1,0.974,port_scan,TA0043 Reconnaissance / T1595 Active Scanning
friday_portscan,365,63028.947781560244,213720.05972236674,500,500,0.2,3.024,8.965784283940739,0.0,0.0,189236.836,1,0.992,port_scan,TA0043 Reconnaissance / T1595 Active Scanning
friday_portscan,366,49634.3676631698,150776.44903460928,464,464,0.3333333333333333,3.2542222222199997,8.817784283992676,0.0,0.004,435276.718,1,0.982,port_scan,TA0043 Reconnaissance / T1595 Active Scanning
friday_portscan,367,63646.312027244,208848.31171148003,500,500,0.3333333333333333,2.994,8.965784283940739,0.0,0.0,53.046,1,0.996,port_scan,TA0043 Reconnaissance / T1595 Active Scanning
friday_portscan,368,52307.71355318105,162855.42104862025,468,468,0.6666666666666666,3.0562222222199997,8.837784283986904,0.0,0.002,345315.61,1,0.996,port_scan,TA0043 Reconnaissance / T1595 Active Scanning
friday_portscan,369,56921.99778479925,176658.4777636598,500,500,0.3333333333333333,2.994,8.965784283940739,0.0,0.0,260297.002,1,0.996,port_scan,TA0043 Reconnaissance / T1595 Active Scanning
friday_portscan,370,61191.357918620466,201484.6933423507,460,460,0.4,4.07009722222,8.805784283998447,0.0,0.002,547104.35,1,0.986,port_scan,TA0043 Reconnaissance / T1595 Active Scanning
friday_portscan,371,64051.64453937711,210113.18933684932,499,499,0.3333333333333333,3.1695,8.961784283942182,0.0,0.0,110608.876,1,0.994,port_scan,TA0043 Reconnaissance / T1595 Active Scanning
friday_portscan,372,61838.453244545875,192640.24630068804,458,458,0.125,4.828450628180001,8.793784284001331,0.0,0.0,245670.406,1,0.974,port_scan,TA0043 Reconnaissance / T1595 Active Scanning
friday_portscan,373,61369.134926142215,190070.31049905065,500,500,0.5,3.0,8.965784283940739,0.0,0.0,110568.46,1,0.998,port_scan,TA0043 Reconnaissance / T1595 Active Scanning
friday_portscan,374,68141.79900842259,251255.71043694514,455,455,0.5,5.76472222226,8.753506353030826,0.0,0.006,689086.972,1,0.966,port_scan,TA0043 Reconnaissance / T1595 Active Scanning
friday_portscan,375,59098.61574483836,183217.05412295109,500,500,0.5,3.247,8.965784283940739,0.0,0.0,147462.466,1,0.996,port_scan,TA0043 Reconnaissance / T1595 Active Scanning
friday_portscan,376,54909.201061397,164464.42227033884,463,463,0.6666666666666666,3.0442222222199997,8.817784283994119,0.0,0.002,200134.314,1,0.996,port_scan,TA0043 Reconnaissance / T1595 Active Scanning
friday_portscan,377,64094.178945936,222178.66796411996,500,500,0.25,3.0,8.965784283940739,0.0,0.0,51.658,1,0.994,port_scan,TA0043 Reconnaissance / T1595 Active Scanning
friday_portscan,378,56197.74919387974,205291.0696613983,456,456,0.5,8.15528569458,8.737306622089163,0.0,0.006,1575044.664,1,0.956,port_scan,TA0043 Reconnaissance / T1595 Active Scanning
friday_portscan,379,62105.667030646095,202431.45194067608,497,497,1.0,3.5645,8.949784283945066,0.0,0.0,74021.972,1,0.992,port_scan,TA0043 Reconnaissance / T1595 Active Scanning
friday_portscan,380,59074.30231173984,204423.66136952228,442,442,0.4,16.05709086294,8.496302768655116,0.0,0.002,3021339.236,1,0.9,port_scan,TA0043 Reconnaissance / T1595 Active Scanning
friday_portscan,381,59244.58347953026,232462.37451919002,487,487,0.3333333333333333,5.696166666659999,8.859178346141881,0.0,0.0,610.184,1,0.968,port_scan,TA0043 Reconnaissance / T1595 Active Scanning
friday_portscan,382,53376.453290081336,196843.23429320325,482,482,1.0,6.632700000000001,8.811666983914783,0.0,0.0,133795.202,1,0.958,port_scan,TA0043 Reconnaissance / T1595 Active Scanning
friday_portscan,383,58655.274397740395,206126.95062020648,474,474,0.14285714285714285,14.085474838460001,8.758157208921997,0.0,0.0,1413169.51,1,0.936,port_scan,TA0043 Reconnaissance / T1595 Active Scanning
friday_portscan,384,68278.92310825206,285083.8854818107,495,495,0.125,4.10366666666,8.934764733939298,0.0,0.0,74272.478,1,0.974,port_scan,TA0043 Reconnaissance / T1595 Active Scanning
friday_portscan,385,62401.294311241996,217476.92711969998,485,485,0.3333333333333333,3.3755,8.90578428396238,0.0,0.002,53.718,1,0.988,port_scan,TA0043 Reconnaissance / T1595 Active Scanning
friday_portscan,386,65924.57238286242,203700.45921087122,500,500,0.3333333333333333,3.012,8.965784283940739,0.0,0.0,110648.626,1,0.994,port_scan,TA0043 Reconnaissance / T1595 Active Scanning
friday_portscan,387,59544.60767244385,197068.13413698244,474,474,0.4,7.92511765998,8.812042753171696,0.0,0.002,1262518.162,1,0.958,port_scan,TA0043 Reconnaissance / T1595 Active Scanning
friday_portscan,388,60547.8356003538,181610.01477041858,500,500,0.5,3.10033333334,8.965784283940739,0.0,0.0,110697.838,1,0.996,port_scan,TA0043 Reconnaissance / T1595 Active Scanning
friday_portscan,389,72880.64221806105,238266.63087071848,457,457,0.3333333333333333,11.49737950596,8.67306901659371,0.0,0.004,1491582.498,1,0.924,port_scan,TA0043 Reconnaissance / T1595 Active Scanning
friday_portscan,390,56322.05163266067,189932.721540442,495,495,0.25,3.8995,8.934764733939298,0.0,0.0,477.954,1,0.982,port_scan,TA0043 Reconnaissance / T1595 Active Scanning
friday_portscan,391,62180.637381717315,322759.0960329779,425,425,0.4666666666666667,20.2190567949,8.409599936220152,0.0,0.012,1983935.306,1,0.866,port_scan,TA0043 Reconnaissance / T1595 Active Scanning
friday_portscan,392,55409.09185527207,218449.658356506,479,479,0.2,8.919333333340001,8.783397385171213,0.0,0.0,490.69,1,0.948,port_scan,TA0043 Reconnaissance / T1595 Active Scanning
friday_portscan,393,62854.50618445265,208768.3279631736,438,438,0.25,4.768928571599999,8.690565003081312,0.0,0.002,43680.926,1,0.966,port_scan,TA0043 Reconnaissance / T1595 Active Scanning
friday_portscan,394,72605.77093521,241654.61590318,500,500,0.2,2.994,8.965784283940739,0.0,0.0,56.156,1,0.992,port_scan,TA0043 Reconnaissance / T1595 Active Scanning
friday_portscan,395,63611.677442385204,208900.0898566162,445,445,0.14285714285714285,3.054,8.741784284020088,0.0,0.0,140.964,1,0.988,port_scan,TA0043 Reconnaissance / T1595 Active Scanning
friday_portscan,396,60310.544267198,192795.3646939216,497,497,0.16666666666666666,3.03,8.949784283945066,0.0,0.0,37014.498,1,0.99,port_scan,TA0043 Reconnaissance / T1595 Active Scanning
friday_portscan,397,67848.80789738942,239197.6106633627,450,450,0.2222222222222222,3.116,8.765784284012874,0.0,0.002,38880.978,1,0.984,port_scan,TA0043 Reconnaissance / T1595 Active Scanning
friday_portscan,398,65676.34406932408,208929.70524769547,500,500,0.2,3.012,8.965784283940739,0.0,0.0,73785.322,1,0.992,port_scan,TA0043 Reconnaissance / T1595 Active Scanning
friday_portscan,399,69470.19060740495,535232.8780211282,433,433,0.2608695652173913,5.180058947699999,8.627666983985476,0.0,0.01,158727.81,1,0.928,port_scan,TA0043 Reconnaissance / T1595 Active Scanning
friday_portscan,400,62635.828739648,318382.32373117993,492,492,0.25,3.8056923077,8.908725633926318,0.0,0.0,53.618,1,0.974,port_scan,TA0043 Reconnaissance / T1595 Active Scanning
friday_portscan,401,63239.24671831514,201628.3134601595,448,448,0.5,2.988,8.75778428401576,0.0,0.0,36893.288,1,0.998,port_scan,TA0043 Reconnaissance / T1595 Active Scanning
friday_portscan,402,70635.39023117401,253831.64839466,500,500,0.3333333333333333,2.994,8.965784283940739,0.0,0.0,54.728,1,0.994,port_scan,TA0043 Reconnaissance / T1595 Active Scanning
friday_portscan,403,60274.6083788782,192718.2240329297,435,435,1.0,3.23088888888,8.701784284034513,0.0,0.008,505610.078,1,0.992,port_scan,TA0043 Reconnaissance / T1595 Active Scanning
friday_portscan,404,64286.779281179995,192860.33784732,500,500,0.5,3.006,8.965784283940739,0.0,0.0,49.954,1,0.998,port_scan,TA0043 Reconnaissance / T1595 Active Scanning
friday_portscan,405,75525.65707135499,274447.95640997496,454,454,0.3333333333333333,2.982,8.781784284007102,0.0,0.0,73750.41,1,0.996,port_scan,TA0043 Reconnaissance / T1595 Active Scanning
friday_portscan,406,58827.9859974902,182440.24215057658,500,500,1.0,2.994,8.965784283940739,0.0,0.0,36896.698,1,1.0,port_scan,TA0043 Reconnaissance / T1595 Active Scanning
friday_portscan,407,53026.609011878136,164952.91644190002,448,448,0.5,3.307,8.75778428401576,0.0,0.0,196.596,1,0.996,port_scan,TA0043 Reconnaissance / T1595 Active Scanning
friday_portscan,408,58061.88830589624,190874.56158516192,498,498,0.5,3.5003333334,8.956274508939297,0.0,0.0,39604.486,1,0.994,port_scan,TA0043 Reconnaissance / T1595 Active Scanning
friday_portscan,409,65790.8869580237,349821.17349147587,452,452,0.25,4.01133974366,8.772274509005662,0.0,0.0,203181.186,1,0.982,port_scan,TA0043 Reconnaissance / T1595 Active Scanning
friday_portscan,410,59354.992364374775,194209.41991965176,497,497,0.3333333333333333,3.4045,8.949784283945066,0.0,0.0,73796.356,1,0.99,port_scan,TA0043 Reconnaissance / T1595 Active Scanning
friday_portscan,411,65456.03665891542,208284.088582732,442,442,0.3333333333333333,3.356,8.732274509020087,0.0,0.0,983.804,1,0.992,port_scan,TA0043 Reconnaissance / T1595 Active Scanning
friday_portscan,412,59219.568502450886,183591.18257665265,500,500,0.3333333333333333,3.0,8.965784283940739,0.0,0.0,36892.54,1,0.996,port_scan,TA0043 Reconnaissance / T1595 Active Scanning
friday_portscan,413,58904.470377033664,193644.29950167943,446,446,0.3333333333333333,4.2921538462,8.742565003069771,0.0,0.0,121372.48,1,0.986,port_scan,TA0043 Reconnaissance / T1595 Active Scanning
friday_portscan,414,72330.67002594689,244471.41952764065,499,499,0.2,3.224,8.961784283942182,0.0,0.0,36922.094,1,0.99,port_scan,TA0043 Reconnaissance / T1595 Active Scanning
friday_portscan,415,56071.03543020727,314204.2933509118,456,456,0.3333333333333333,3.2816923077,8.789784284004217,0.0,0.0,39480.66,1,0.992,port_scan,TA0043 Reconnaissance / T1595 Active Scanning
friday_portscan,416,66882.424529376,224596.00128254,500,500,0.25,3.006,8.965784283940739,0.0,0.0,50.874,1,0.994,port_scan,TA0043 Reconnaissance / T1595 Active Scanning
friday_portscan,417,56486.46770380661,211780.43561855683,448,448,0.3333333333333333,4.18551175204,8.753784284015758,0.0,0.002,101565.908,1,0.978,port_scan,TA0043 Reconnaissance / T1595 Active Scanning
friday_portscan,418,62611.88210074507,209542.24465467822,497,497,0.3333333333333333,3.378,8.95227450894074,0.0,0.0,37066.796,1,0.99,port_scan,TA0043 Reconnaissance / T1595 Active Scanning
friday_portscan,419,66686.97769936245,226432.11922532402,449,449,0.25,3.75795614026,8.760274509009989,0.0,0.0,1495.634,1,0.988,port_scan,TA0043 Reconnaissance / T1595 Active Scanning
friday_portscan,420,59070.048294817,189089.35655193098,500,500,0.3333333333333333,2.988,8.965784283940739,0.0,0.0,76359.974,1,0.996,port_scan,TA0043 Reconnaissance / T1595 Active Scanning
friday_portscan,421,73558.70755332455,263876.95738051593,455,455,0.3333333333333333,3.056,8.785784284005661,0.0,0.002,2410.172,1,0.988,port_scan,TA0043 Reconnaissance / T1595 Active Scanning
friday_portscan,422,66505.20220324885,229405.81822614258,499,499,0.16666666666666666,3.012,8.961784283942182,0.0,0.0,75814.614,1,0.988,port_scan,TA0043 Reconnaissance / T1595 Active Scanning
friday_portscan,423,60449.5921597498,193305.93820032722,452,452,0.3333333333333333,3.938016356,8.772274509005662,0.0,0.002,490161.952,1,0.988,port_scan,TA0043 Reconnaissance / T1595 Active Scanning
friday_portscan,424,70976.78152420909,230463.72918645327,500,500,0.16666666666666666,2.994,8.965784283940739,0.0,0.0,36924.354,1,0.99,port_scan,TA0043 Reconnaissance / T1595 Active Scanning
friday_portscan,425,62288.797032186405,233023.4849684549,421,421,0.09090909090909091,25.0189409641,8.46357057925842,0.0,0.0,1949122.806,1,0.902,port_scan,TA0043 Reconnaissance / T1595 Active Scanning
friday_portscan,426,55282.515943659615,183050.38399941399,489,489,0.5,4.643833333340001,8.879745183939301,0.0,0.0,435.082,1,0.976,port_scan,TA0043 Reconnaissance / T1595 Active Scanning
friday_portscan,427,56579.679678623615,203557.2307093666,413,413,0.25,16.311020421720002,8.3631330645126,0.0,0.0,2087312.194,1,0.902,port_scan,TA0043 Reconnaissance / T1595 Active Scanning
friday_portscan,428,51510.617267605856,184546.648443196,487,487,0.3333333333333333,5.517499999940001,8.859178346141881,0.0,0.0,1465.588,1,0.968,port_scan,TA0043 Reconnaissance / T1595 Active Scanning
friday_portscan,429,56193.52578550989,214199.23360832734,389,389,0.1111111111111111,23.16935337386,8.204785758880204,0.0,0.0,2596783.734,1,0.87,port_scan,TA0043 Reconnaissance / T1595 Active Scanning
friday_portscan,430,63059.75931326481,219459.075271518,489,489,0.2,4.7068333333400005,8.879745183939301,0.0,0.0,451.86,1,0.968,port_scan,TA0043 Reconnaissance / T1595 Active Scanning
friday_portscan,431,43622.8646920286,348495.6518836557,311,311,0.14285714285714285,65.86601294552,6.744366316720523,0.0,0.002,10761712.81,1,0.63,port_scan,TA0043 Reconnaissance / T1595 Active Scanning
friday_portscan,432,63438.983324912486,205352.8992910311,489,489,0.5,4.983833333340001,8.885676788346588,0.0,0.0,2844.384,1,0.974,port_scan,TA0043 Reconnaissance / T1595 Active Scanning
friday_portscan,433,64266.93854467161,268867.272713179,457,457,0.1111111111111111,12.51188095252,8.579292648231647,0.0,0.0,76910.51,1,0.902,port_scan,TA0043 Reconnaissance / T1595 Active Scanning
friday_portscan,434,52824.1969420978,187720.6624476692,474,474,0.25,14.792022127000001,8.746287402212886,0.0,0.0,940237.516,1,0.938,port_scan,TA0043 Reconnaissance / T1595 Active Scanning
friday_portscan,435,58760.004984338804,207586.02512375,490,490,0.25,4.5495,8.889676788345145,0.0,0.0,425.3,1,0.974,port_scan,TA0043 Reconnaissance / T1595 Active Scanning
friday_portscan,436,49257.45650172446,182982.14069985625,421,421,0.15384615384615385,23.095530446,8.18756908201839,0.0,0.002,3391175.112,1,0.838,port_scan,TA0043 Reconnaissance / T1595 Active Scanning
friday_portscan,437,61664.713540053235,241094.33086291308,478,478,0.125,6.25325,8.765569292752438,0.0,0.0,3333.726,1,0.942,port_scan,TA0043 Reconnaissance / T1595 Active Scanning
friday_portscan,438,50697.8800320392,364241.3333756025,353,353,0.15151515151515152,41.523233933739995,7.5235984548922055,0.0,0.008,2862219.196,1,0.726,port_scan,TA0043 Reconnaissance / T1595 Active Scanning
friday_portscan,439,69101.42386532598,213874.70388334,499,499,0.16666666666666666,3.311,8.961784283942182,0.0,0.0,100.004,1,0.988,port_scan,TA0043 Reconnaissance / T1595 Active Scanning
friday_portscan,440,48867.665338211256,342617.5479188444,380,380,0.07142857142857142,28.369577837879998,8.03629468604573,0.0,0.002,2328720.838,1,0.818,port_scan,TA0043 Reconnaissance / T1595 Active Scanning
friday_portscan,441,59165.188532174354,219235.70080546002,484,484,0.125,8.5195,8.833784283963823,0.0,0.0,560.448,1,0.95,port_scan,TA0043 Reconnaissance / T1595 Active Scanning
friday_portscan,442,56564.28545283561,295901.0186973939,426,426,0.13333333333333333,13.371561156659999,8.458769413553693,0.0,0.002,1613194.846,1,0.896,port_scan,TA0043 Reconnaissance / T1595 Active Scanning
friday_portscan,443,68731.40589894065,225676.99158762,495,495,0.16666666666666666,3.6605,8.934764733939298,0.0,0.0,720.032,1,0.98,port_scan,TA0043 Reconnaissance / T1595 Active Scanning
friday_portscan,444,54306.02279895783,200692.3102205352,415,415,0.09523809523809523,30.84487247046,8.099787601968377,0.0,0.002,3585268.424,1,0.808,port_scan,TA0043 Reconnaissance / T1595 Active Scanning
friday_portscan,445,64103.36988037799,231163.26855920203,488,488,0.3333333333333333,4.767666666659999,8.869572851286382,0.0,0.0,310.366,1,0.972,port_scan,TA0043 Reconnaissance / T1595 Active Scanning
friday_portscan,446,57560.85712560262,183721.940151294,489,489,0.5,5.3737222223400005,8.879745183939301,0.0,0.0,1868.562,1,0.972,port_scan,TA0043 Reconnaissance / T1595 Active Scanning
friday_portscan,447,60529.41618969569,228526.6826829251,486,486,0.375,6.3285727424,8.89154545300341,0.0,0.004,267837.264,1,0.968,port_scan,TA0043 Reconnaissance / T1595 Active Scanning
friday_portscan,448,59325.96608139519,200355.934895338,496,496,0.25,3.814,8.942565002997636,0.0,0.0,291.176,1,0.986,port_scan,TA0043 Reconnaissance / T1595 Active Scanning
friday_portscan,449,66067.05623282489,232634.86733197962,480,480,0.2,4.911727272799999,8.844326172063191,0.0,0.002,23345.998,1,0.964,port_scan,TA0043 Reconnaissance / T1595 Active Scanning
friday_portscan,450,62322.977192255334,190613.863677918,496,496,0.25,3.59766666666,8.945784283946509,0.0,0.0,287.238,1,0.986,port_scan,TA0043 Reconnaissance / T1595 Active Scanning
friday_portscan,451,61014.5905386928,268341.583753902,483,483,0.25,3.55973333334,8.88676473395661,0.0,0.008,69.676,1,0.96,port_scan,TA0043 Reconnaissance / T1595 Active Scanning
friday_portscan,452,64854.068374734,206813.81007525997,500,500,0.25,3.012,8.965784283940739,0.0,0.0,52.516,1,0.994,port_scan,TA0043 Reconnaissance / T1595 Active Scanning
friday_portscan,453,73431.28080593562,269044.6445066148,478,478,0.375,3.1516666666599997,8.876274508968152,0.0,0.004,8460.006,1,0.986,port_scan,TA0043 Reconnaissance / T1595 Active Scanning
friday_portscan,454,63524.13591876599,202512.8152743,500,500,0.3333333333333333,3.0,8.965784283940739,0.0,0.0,52.146,1,0.996,port_scan,TA0043 Reconnaissance / T1595 Active Scanning
friday_portscan,455,66597.22913412201,276138.4936986998,479,479,0.3333333333333333,3.40833333334,8.873055228017837,0.0,0.01,6927.054,1,0.966,port_scan,TA0043 Reconnaissance / T1595 Active Scanning
friday_portscan,456,57894.719141008005,187124.12803328002,500,500,0.14285714285714285,3.048,8.965784283940739,0.0,0.0,52.062,1,0.988,port_scan,TA0043 Reconnaissance / T1595 Active Scanning
friday_portscan,457,76238.42862805235,577792.6220355107,470,470,0.4,9.323448837179999,8.842764733975367,0.0,0.01,8791.896,1,0.968,port_scan,TA0043 Reconnaissance / T1595 Active Scanning
friday_portscan,458,61930.919218769995,185749.51264700003,500,500,0.5,3.0,8.965784283940739,0.0,0.0,53.358,1,0.998,port_scan,TA0043 Reconnaissance / T1595 Active Scanning
friday_portscan,459,61693.93123459674,207983.97742924697,474,474,0.36363636363636365,3.2149999999800003,8.857784283978248,0.0,0.006,25316.656,1,0.978,port_scan,TA0043 Reconnaissance / T1595 Active Scanning
friday_portscan,460,61351.046019258,189915.91871914,500,500,1.0,2.976,8.965784283940739,0.0,0.0,54.68,1,1.0,port_scan,TA0043 Reconnaissance / T1595 Active Scanning
friday_portscan,461,82271.80849842158,1439069.2278832505,181,181,0.14102564102564102,75.772624338736,4.810029345371495,0.002,0.064,6855257.076,1,0.086,port_scan,TA0043 Reconnaissance / T1595 Active Scanning
friday_portscan,462,20634.788381474802,541203.1210480282,57,57,0.17708333333333334,144.91070484608002,2.2968535407317368,0.0,0.032,18946188.036,0,0.0,none,-
friday_portscan,463,34973.634169192606,562650.3486004834,53,53,0.15789473684210525,125.54056803626601,2.303935101920559,0.0,0.028,18878310.756,0,0.0,none,-
friday_portscan,464,26841.977602261206,464613.6794017235,39,39,0.17894736842105263,126.58490643994001,2.0567842935998373,0.0,0.032,12701850.55,0,0.0,none,-
friday_portscan,465,107804.28658643783,1549283.6188315155,155,155,0.17120622568093385,63.517586989887995,4.448534966027529,0.0,0.086,8486602.544,0,0.0,none,-
friday_portscan,466,9744.949955121892,351354.27689526393,26,26,0.12962962962962962,152.15667339202,1.7422548615527649,0.0,0.012,19787309.46,0,0.0,none,-
friday_portscan,467,75517.17116704515,1277644.7388146212,137,137,0.21395348837209302,88.59146896742,4.022100610058911,0.0,0.09,8079840.104,0,0.0,none,-
friday_portscan,468,94839.21235378215,1509974.712928592,246,246,0.2591549295774648,53.546220841582,5.988660117765081,0.0,0.182,6576221.922,0,0.0,none,-
friday_portscan,469,47052.59707913622,1148803.3814872622,74,74,0.1919191919191919,142.83147479168,2.7968121241369595,0.0,0.036,21087243.394,0,0.0,none,-
friday_portscan,470,14245.321185114422,332549.00470895245,21,21,0.21428571428571427,135.22009774671997,1.577595787739551,0.0,0.01,18658373.868,0,0.0,none,-
friday_portscan,471,89274.54314804173,1402997.829240376,107,107,0.2897727272727273,101.56808402663799,3.510759579622801,0.0,0.1,12042089.846,0,0.0,none,-
friday_portscan,472,81938.7132705845,1536418.9282762266,129,129,0.14754098360655737,96.658740817162,4.037556376517548,0.0,0.052,9688915.79,0,0.0,none,-
friday_portscan,473,96686.67437535757,1639133.9075912621,173,173,0.2425531914893617,70.41308984250598,4.778680105421164,0.0,0.112,8801432.542,0,0.004,none,-
friday_portscan,474,23124.13503703576,838900.2160777178,43,43,0.24193548387096775,119.85598240521999,2.105305880660828,0.0,0.028,15486877.272,0,0.0,none,-
friday_portscan,475,63947.21710965844,1383659.7741201564,86,86,0.1610738255033557,134.81790750262002,3.0692676667773786,0.0,0.046,12844274.092,0,0.0,none,-
friday_portscan,476,23922.072594609148,749169.3812103141,52,52,0.1206896551724138,134.45503785982,2.2439083348167235,0.0,0.026,15629892.912,0,0.0,none,-
friday_portscan,477,29618.28921833731,602233.0928025327,40,40,0.17721518987341772,150.49467275286,1.9776047861691304,0.0,0.026,12096103.052,0,0.0,none,-
friday_portscan,478,60254.433143892646,1667505.193307919,118,118,0.18592964824120603,115.87717996437999,3.6823607935804086,0.0,0.072,13816737.856,0,0.0,none,-
friday_portscan,479,55896.80869309497,1382956.4260413514,83,83,0.2605042016806723,124.9915640259,2.9643572074525606,0.0,0.06,11434687.154,0,0.0,none,-
friday_portscan,480,28791.4064069588,524349.3351901512,70,70,0.11965811965811966,111.284727490206,2.6409730672257075,0.0,0.026,15987840.714,0,0.0,none,-
friday_portscan,481,96664.10103753467,1304339.698922692,274,274,0.24183006535947713,55.1586111429,6.178135166089572,0.0,0.072,6790080.768,1,0.332,port_scan,TA0043 Reconnaissance / T1595 Active Scanning
friday_portscan,482,63975.377199646,278016.7418767199,499,499,0.16666666666666666,4.972,8.961784283942182,0.0,0.0,52.08,1,0.99,port_scan,TA0043 Reconnaissance / T1595 Active Scanning
friday_portscan,483,65273.004000287634,460465.8437308164,376,376,0.18181818181818182,24.820781939270002,8.042652160391636,0.0,0.01,3368906.05,1,0.836,port_scan,TA0043 Reconnaissance / T1595 Active Scanning
friday_portscan,484,60474.433072997315,265878.93104443996,498,498,0.3333333333333333,4.994,8.957784283943624,0.0,0.0,18039.758,1,0.994,port_scan,TA0043 Reconnaissance / T1595 Active Scanning
friday_portscan,485,68438.112465772,711590.9076607855,447,447,0.3333333333333333,33.739715698792004,8.519851643669538,0.0,0.024,1563501.138,1,0.86,port_scan,TA0043 Reconnaissance / T1595 Active Scanning
friday_portscan,486,52703.53713162489,313684.6658562828,398,398,0.2,34.77498987418,7.873461797257832,0.0,0.01,3187802.092,1,0.77,port_scan,TA0043 Reconnaissance / T1595 Active Scanning
friday_portscan,487,69842.87997743001,339326.844083978,481,481,0.09090909090909091,7.011166666659999,8.82157285129648,0.0,0.0,979.694,1,0.956,port_scan,TA0043 Reconnaissance / T1595 Active Scanning
friday_portscan,488,32344.22155206731,434380.2041354101,158,158,0.19402985074626866,112.312326793232,4.132399551195331,0.0,0.024,11571286.726,1,0.24,port_scan,TA0043 Reconnaissance / T1595 Active Scanning
friday_portscan,489,86428.07891688337,941202.7968734737,454,454,0.4406779661016949,18.55809444372,8.572499366104232,0.002,0.05,989351.628,1,0.834,port_scan,TA0043 Reconnaissance / T1595 Active Scanning
friday_portscan,490,69573.44551688,334293.78207008,499,499,0.3333333333333333,5.008,8.961784283942182,0.0,0.0,48.222,1,0.996,port_scan,TA0043 Reconnaissance / T1595 Active Scanning
friday_portscan,491,31088.957923539005,740135.7127023758,137,137,0.32456140350877194,102.218761558172,3.7972748107029526,0.004,0.072,6242966.538,1,0.184,port_scan,TA0043 Reconnaissance / T1595 Active Scanning
friday_portscan,492,57849.91048743141,273859.2067544431,464,464,0.1875,16.4419618763,8.663081941430693,0.0,0.004,1432977.148,1,0.908,port_scan,TA0043 Reconnaissance / T1595 Active Scanning
friday_portscan,493,61947.308666618,258157.42115745996,500,500,0.5,5.2,8.965784283940739,0.0,0.0,52.04,1,0.996,port_scan,TA0043 Reconnaissance / T1595 Active Scanning
friday_portscan,494,93190.13829411952,1123187.6858309445,435,435,0.18181818181818182,23.512340500952,8.465731870477828,0.0,0.03,1416559.388,1,0.766,port_scan,TA0043 Reconnaissance / T1595 Active Scanning
friday_portscan,495,63179.558556444535,260686.7641672136,500,500,1.0,4.988,8.965784283940739,0.0,0.0,2059.322,1,0.998,port_scan,TA0043 Reconnaissance / T1595 Active Scanning
friday_portscan,496,68834.95823290753,339226.3344005307,473,473,0.06329113924050633,14.404839302132,8.77660992113179,0.0,0.008,814944.624,1,0.828,port_scan,TA0043 Reconnaissance / T1595 Active Scanning
friday_portscan,497,59929.198866779996,247011.33375636,500,500,0.25,4.976,8.965784283940739,0.0,0.0,49.592,1,0.994,port_scan,TA0043 Reconnaissance / T1595 Active Scanning
friday_portscan,498,48584.20152925865,245110.1436922335,429,429,0.12195121951219512,17.328459676016003,8.523848840380062,0.0,0.008,981916.718,1,0.874,port_scan,TA0043 Reconnaissance / T1595 Active Scanning
friday_portscan,499,62061.405566568,256240.57813096003,500,500,0.5,5.002,8.965784283940739,0.0,0.0,51.526,1,0.998,port_scan,TA0043 Reconnaissance / T1595 Active Scanning
friday_portscan,500,60603.500144080936,726540.613267067,453,453,0.28125,23.521276013051995,8.692785844450775,0.0,0.016,799978.542,1,0.91,port_scan,TA0043 Reconnaissance / T1595 Active Scanning
friday_portscan,501,61960.740847575995,271815.49954443995,500,500,0.5,4.996,8.965784283940739,0.0,0.0,53.33,1,0.998,port_scan,TA0043 Reconnaissance / T1595 Active Scanning
friday_portscan,502,49134.14333986077,248029.93739351456,414,414,0.2727272727272727,27.770132219832,8.115222222744848,0.0,0.016,2325881.288,1,0.778,port_scan,TA0043 Reconnaissance / T1595 Active Scanning
friday_portscan,503,29362.60416073209,469514.9748265195,39,39,0.125,142.72028583616,1.9426772227129152,0.0,0.008,18702932.178,1,0.03,port_scan,TA0043 Reconnaissance / T1595 Active Scanning
friday_portscan,504,62523.964514045576,308691.2568819568,484,484,0.16666666666666666,7.28796666668,8.850553301283501,0.0,0.0,270582.196,1,0.96,port_scan,TA0043 Reconnaissance / T1595 Active Scanning
friday_portscan,505,63025.306050967825,271704.59989850357,488,488,0.2,6.47131666666,8.880167013343703,0.0,0.0,138659.148,1,0.97,port_scan,TA0043 Reconnaissance / T1595 Active Scanning
friday_portscan,506,53267.95493988974,910247.5373221756,226,226,0.30434782608695654,73.02134010973201,5.249868966198457,0.0,0.04,4920109.572,1,0.368,port_scan,TA0043 Reconnaissance / T1595 Active Scanning
friday_portscan,507,59655.12959729212,260491.00350633817,493,493,0.3333333333333333,6.359,8.917784283950837,0.0,0.0,1050.624,1,0.98,port_scan,TA0043 Reconnaissance / T1595 Active Scanning
friday_portscan,508,37823.95275696237,215148.44342486464,358,358,0.13636363636363635,53.76789898425199,7.363069348061966,0.0,0.004,4774956.732,1,0.702,port_scan,TA0043 Reconnaissance / T1595 Active Scanning
friday_portscan,509,15644.82580155969,580349.3990739759,25,25,0.2,140.6163402757,1.5991851711774578,0.0,0.014,17295725.436,0,0.0,none,-
friday_portscan,510,49578.27096185738,1125345.8795235443,68,68,0.23529411764705882,107.56594931186,2.5560362711669677,0.0,0.062,8914472.116,0,0.0,none,-
friday_portscan,511,82132.16088730005,1061498.4278744957,139,139,0.07777777777777778,54.878689300779996,3.7777529911327816,0.0,0.04,3779213.474,0,0.0,none,-
friday_portscan,512,54305.10572203783,542494.1912228065,108,108,0.1111111111111111,71.44927898186,3.326462556721104,0.0,0.05,6923379.686,0,0.0,none,-
friday_portscan,513,58566.06158540237,1043656.79449262,112,112,0.19727891156462585,130.80685487114002,3.3726800230483502,0.0,0.056,13703672.482,0,0.0,none,-
friday_portscan,514,13928.303793735757,542683.2833885665,24,24,0.08333333333333333,115.80162135438,1.4535235140222003,0.0,0.004,12692468.398,0,0.0,none,-
friday_portscan,515,72796.92564095935,1589750.0161673725,131,131,0.12060301507537688,81.83024827428,3.6745130113711735,0.0,0.046,10383079.382,0,0.002,none,-
friday_portscan,516,7808.612019666467,306504.37470112334,20,20,0.16216216216216217,175.88059168939398,1.6892177041110248,0.0,0.01,22421754.144,0,0.0,none,-
friday_portscan,517,105170.32186355261,1873942.457895576,162,162,0.24125874125874125,56.8883988433,4.412553038388457,0.0,0.136,7677189.788,0,0.002,none,-
friday_portscan,518,43040.00496265786,986968.1612913819,108,108,0.08695652173913043,118.92428363047401,3.4629891500277106,0.0,0.026,12698752.348,0,0.0,none,-
friday_portscan,519,23412.76761643649,793217.9212606957,39,39,0.21818181818181817,164.25230312748,2.1364563281347606,0.0,0.022,18859352.786,0,0.0,none,-
friday_portscan,520,23202.216647839283,466958.73967429734,30,30,0.2413793103448276,102.77953291656002,1.5485133658508936,0.0,0.026,8772762.456,0,0.0,none,-
friday_portscan,521,52317.140546275674,1208999.5174433407,89,89,0.09090909090909091,114.63210917853999,3.2219557605753772,0.0,0.034,8545326.1,0,0.0,none,-
friday_portscan,522,22597.16008605426,871481.0338056271,25,25,0.07575757575757576,127.81427565628,1.7132440068907764,0.0,0.008,12268467.192,0,0.0,none,-
friday_portscan,523,49093.94753239994,774781.0153706431,86,86,0.1702127659574468,89.6208460872,2.912568157695876,0.0,0.046,7266549.46,0,0.0,none,-
friday_portscan,524,52401.518606688616,1575806.3162903986,114,114,0.1910828025477707,116.60642445201401,3.319414018142014,0.0,0.058,13409299.286,0,0.0,none,-
friday_portscan,525,96394.39525709998,1499462.315812115,135,135,0.3263157894736842,120.120490369998,3.945769567451414,0.0,0.122,13444797.95,0,0.0,none,-
friday_portscan,526,65537.63487683148,994174.8967561147,88,88,0.1810344827586207,102.53913042212,2.88948964594352,0.0,0.04,6790708.15,0,0.0,none,-
friday_portscan,527,65586.06002786495,1102146.0170452106,106,106,0.17297297297297298,106.56584321798,3.487160349128181,0.0,0.062,9898965.592,0,0.0,none,-
friday_portscan,528,10653.305064845123,312518.166850289,33,33,0.05,194.652886037,1.9408403356747315,0.0,0.002,17820800.142,0,0.0,none,-
friday_portscan,529,35133.768161382584,542916.1141136582,118,118,0.10303030303030303,134.00267244846,3.530685486405715,0.0,0.032,14632726.328,0,0.0,none,-
friday_portscan,530,128835.59842038553,2666810.335867756,119,119,0.33516483516483514,113.929200842994,3.6040923172800996,0.0,0.12,12932989.022,0,0.0,none,-
friday_portscan,531,36322.41539421306,846047.2770242341,81,81,0.211864406779661,148.78077733024,3.0742560783246717,0.0,0.048,22732548.714,0,0.002,none,-
friday_portscan,532,74184.82792174249,1359505.7270214048,78,78,0.205607476635514,147.17854745548001,2.880507317671904,0.0,0.042,17806021.47,0,0.0,none,-
friday_portscan,533,37901.14337828149,277213.8364254481,257,257,0.23076923076923078,70.5770580784,5.67833854181146,0.0,0.004,11569563.858,1,0.492,port_scan,TA0043 Reconnaissance / T1595 Active Scanning
friday_portscan,534,54138.96482815364,268563.62211625796,474,474,0.25,9.041499999920001,8.717361418634912,0.0,0.0,1432.234,1,0.942,port_scan,TA0043 Reconnaissance / T1595 Active Scanning
friday_portscan,535,45593.515932017115,327741.9919382429,305,305,0.15,52.285315064592005,6.5199668126259045,0.0,0.01,3977546.836,1,0.562,port_scan,TA0043 Reconnaissance / T1595 Active Scanning
friday_portscan,536,62753.86174107866,892344.9804430113,366,366,0.19540229885057472,34.8482100414,7.422855649312218,0.0,0.032,2761792.648,1,0.608,port_scan,TA0043 Reconnaissance / T1595 Active Scanning
friday_portscan,537,52300.11902751671,235152.29692780584,465,465,0.5,31.543236688540002,8.657489001340942,0.0,0.0,3518331.836,1,0.922,port_scan,TA0043 Reconnaissance / T1595 Active Scanning
friday_portscan,538,42181.565929788776,750276.6350122148,256,256,0.16666666666666666,83.44658701071599,5.675604740973569,0.0,0.006,11416522.276,1,0.486,port_scan,TA0043 Reconnaissance / T1595 Active Scanning
friday_portscan,539,72891.63375731207,515802.73617408203,470,470,0.08,14.326016666,8.759545453026492,0.0,0.002,51190.848,1,0.912,port_scan,TA0043 Reconnaissance / T1595 Active Scanning
friday_portscan,540,69771.082397956,311078.16626622004,499,499,0.3333333333333333,5.006,8.961784283942182,0.0,0.0,49.222,1,0.996,port_scan,TA0043 Reconnaissance / T1595 Active Scanning
friday_portscan,541,37173.742461762915,453312.08041024575,154,154,0.16,140.91148449043203,4.0986018440185825,0.0,0.022,11404184.046,1,0.222,port_scan,TA0043 Reconnaissance / T1595 Active Scanning
friday_portscan,542,68236.787826798,317892.65532028803,489,489,0.16666666666666666,6.1595,8.899262034098928,0.0,0.0,114.062,1,0.974,port_scan,TA0043 Reconnaissance / T1595 Active Scanning
friday_portscan,543,61442.05872163306,301406.39359860966,459,459,0.05555555555555555,26.924876848592,8.626852799907265,0.0,0.0,2655041.378,1,0.898,port_scan,TA0043 Reconnaissance / T1595 Active Scanning
friday_portscan,544,42694.669314327664,987442.3029898126,57,57,0.16883116883116883,130.38641296334,2.325481786967866,0.0,0.024,13328758.536,0,0.006,none,-
friday_portscan,545,57824.80872619854,256526.55758029598,478,478,0.06060606060606061,11.42866330634,8.801055228019276,0.0,0.002,393055.428,1,0.896,port_scan,TA0043 Reconnaissance / T1595 Active Scanning
friday_portscan,546,61354.596982014,244800.47846113998,499,499,0.16666666666666666,4.992,8.961784283942182,0.0,0.0,50.09,1,0.99,port_scan,TA0043 Reconnaissance / T1595 Active Scanning
friday_portscan,547,62787.80263741383,454042.0329141717,393,393,0.12195121951219512,30.136816484372,8.068939863546733,0.0,0.018,1457894.928,1,0.746,port_scan,TA0043 Reconnaissance / T1595 Active Scanning
friday_portscan,548,60612.55094056799,250450.20376444,498,498,0.25,5.012,8.956274508939297,0.0,0.0,49.082,1,0.994,port_scan,TA0043 Reconnaissance / T1595 Active Scanning
friday_portscan,549,73787.4513090033,786818.4830267465,435,435,0.09803921568627451,23.475141527452,8.611996578055352,0.0,0.008,70587.358,1,0.87,port_scan,TA0043 Reconnaissance / T1595 Active Scanning
friday_portscan,550,60772.276997135996,243072.58329142001,498,498,0.25,5.008,8.956274508939297,0.0,0.0,50.048,1,0.994,port_scan,TA0043 Reconnaissance / T1595 Active Scanning
friday_portscan,551,43649.43893448684,324819.5942688329,304,304,0.4426229508196721,87.759571972372,6.541450637651007,0.0,0.052,10391020.204,1,0.518,port_scan,TA0043 Reconnaissance / T1595 Active Scanning
friday_portscan,552,23929.035655105614,299615.9796854806,143,143,0.3582089552238806,105.25530533329598,3.8536396499806287,0.0,0.046,15827837.808,1,0.226,port_scan,TA0043 Reconnaissance / T1595 Active Scanning
friday_portscan,553,63535.840961811526,272212.712184296,479,479,0.08333333333333333,7.925083333340001,8.79579099735987,0.0,0.0,1532.052,1,0.944,port_scan,TA0043 Reconnaissance / T1595 Active Scanning
friday_portscan,554,67472.10064536017,403300.6463125355,437,437,0.09615384615384616,15.721496506812,8.387292648260502,0.0,0.008,1169568.248,1,0.822,port_scan,TA0043 Reconnaissance / T1595 Active Scanning
friday_portscan,555,79436.7010277157,1074894.878766012,443,443,0.2545454545454545,17.14438333266,8.44681498633679,0.0,0.026,1491107.332,1,0.826,port_scan,TA0043 Reconnaissance / T1595 Active Scanning
friday_portscan,556,62369.639288057,260180.18680979998,498,498,0.14285714285714285,4.998666666659999,8.956274508939297,0.0,0.0,381.29,1,0.986,port_scan,TA0043 Reconnaissance / T1595 Active Scanning
friday_portscan,557,96859.50694215485,1286369.9430677907,308,308,0.2013888888888889,40.087932197278,6.893158918887886,0.0,0.114,3617071.74,1,0.2,port_scan,TA0043 Reconnaissance / T1595 Active Scanning
friday_portscan,558,38986.22032833803,636312.7568486653,74,74,0.21238938053097345,118.11791515501399,2.627168045081718,0.0,0.046,13084046.032,0,0.0,none,-
friday_portscan,559,68356.9390902191,1072347.4681415362,99,99,0.33986928104575165,119.68337246625998,3.243436991543086,0.0,0.102,10009673.276,0,0.0,none,-
friday_portscan,560,55940.700895366324,924198.2312861031,112,112,0.31016042780748665,106.073725980438,3.4662855600331532,0.002,0.114,9829131.84,0,0.0,none,-
friday_portscan,561,41425.60100327372,937319.5292088113,90,90,0.0784313725490196,120.997675728272,3.1346572292333352,0.0,0.022,11894576.756,0,0.0,none,-
friday_portscan,562,22168.93838546521,694391.6156872582,36,36,0.1643835616438356,127.22531175878,1.8816162505033587,0.0,0.022,12906795.61,0,0.0,none,-
friday_portscan,563,96017.34394473332,2079192.6326568616,102,102,0.29914529914529914,149.68764432066,3.015536715236698,0.0,0.068,5036149.616,0,0.0,none,-
friday_portscan,564,84350.55280988869,1407264.7205560918,52,52,0.6862745098039216,233.33359956936,2.0283913117715806,0.0,0.068,37015041.644,0,0.0,none,-
friday_portscan,565,92012.99132640113,1886785.1388451671,106,106,0.23870967741935484,98.91463581343999,3.3358701204367005,0.0,0.072,13431050.846,0,0.0,none,-
friday_portscan,566,29435.551098689117,643292.0201804208,52,52,0.27472527472527475,139.689461293752,2.2440950987837565,0.0,0.048,13127551.966,0,0.0,none,-
friday_portscan,567,110637.84167302158,2692141.981436138,98,98,0.2857142857142857,200.15131826552,3.208774276588136,0.0,0.074,12559537.556,0,0.0,none,-
friday_portscan,568,25936.87198668008,753994.1282660356,90,90,0.06993006993006994,134.268634718774,2.969107765105846,0.0,0.018,11281505.13,0,0.0,none,-
friday_portscan,569,8657.938833361308,276546.8696234815,38,38,0.15384615384615385,131.170080809,1.977003729591214,0.0,0.022,15415059.85,0,0.0,none,-
friday_portscan,570,61582.94407930329,477972.7912611145,107,107,0.07865168539325842,95.6181379073,3.539818313078192,0.0,0.026,13996849.426,0,0.0,none,-
friday_portscan,571,325432.5629782613,5233215.89161446,208,208,0.43103448275862066,149.83559313528602,4.811574704473273,0.0,0.248,2751620.118,0,0.0,none,-
friday_ddos,0,62669.94103470395,1583002.1015229977,78,78,0.23076923076923078,581.3165838108999,2.6506117798563293,0.0,0.058,2616619.334,0,0.0,none,-
friday_ddos,1,3362.307448153212,203682.36143727624,3,3,0.29411764705882354,122.65606085102,0.9722286472546223,0.0,0.018,13725582.674,0,0.0,none,-
friday_ddos,2,5558.435315072432,362505.7798310116,4,4,0.15384615384615385,136.67023790358002,1.3692484346683091,0.0,0.014,12600539.334,0,0.0,none,-
friday_ddos,3,99039.3094854411,1475983.6598085323,227,227,0.16776315789473684,124.24518723718799,5.4644259318712685,0.0,0.1,8331545.478,0,0.0,none,-
friday_ddos,4,9796.195147292376,397303.9246501428,5,5,0.13157894736842105,145.65024103822,1.5529310799435745,0.0,0.018,15061869.164,0,0.0,none,-
friday_ddos,5,8916.94907761668,356262.2410591364,4,4,0.17708333333333334,283.18883096159004,1.5396858104909978,0.0,0.032,11677172.97,0,0.0,none,-
friday_ddos,6,23589.770751761436,554907.8329578674,83,83,0.2421875,137.74205320092,2.7113180055941037,0.0,0.06,7701989.822,0,0.0,none,-
friday_ddos,7,96364.73474861895,2660622.55543626,207,207,0.16666666666666666,72.84182838769999,5.593966292534947,0.0,0.11,6887269.982,0,0.0,none,-
friday_ddos,8,50239.94218863684,864756.4777510023,78,78,0.24475524475524477,104.87843461252999,2.9878412254373603,0.0,0.068,18073209.292,0,0.0,none,-
friday_ddos,9,13916.870278729115,620018.402129076,15,15,0.4166666666666667,142.779533198286,1.441092891215278,0.0,0.048,13992984.772,0,0.0,none,-
friday_ddos,10,88226.54618196662,1138917.0587434615,176,176,0.20465116279069767,103.37858044485999,4.4878244318663905,0.0,0.086,8900708.94,0,0.0,none,-
friday_ddos,11,11864.423448412272,758193.862555732,13,13,0.27884615384615385,177.35035757008,1.839226952705888,0.0,0.056,13224014.106,0,0.0,none,-
friday_ddos,12,55294.362724842766,1404134.1017734008,142,142,0.1574074074074074,85.8450190849,3.812468602376085,0.0,0.066,9948697.132,0,0.0,none,-
friday_ddos,13,68632.13355344467,1626235.5203128573,114,114,0.2346368715083799,105.58449512074199,3.5727261916248225,0.0,0.082,10759052.428,0,0.0,none,-
friday_ddos,14,16913.18865036373,598415.3330509171,31,31,0.36036036036036034,126.98263313025201,1.914986320600821,0.0,0.078,14974235.766,0,0.0,none,-
friday_ddos,15,52316.91247294535,1169990.2819843616,68,68,0.35802469135802467,155.72276153126,2.67439168401925,0.0,0.056,13890086.732,0,0.0,none,-
friday_ddos,16,24596.185946831396,725540.2943436293,80,80,0.18095238095238095,143.02931520005998,2.869599864794929,0.0,0.036,19129535.416,0,0.0,none,-
friday_ddos,17,32134.685946739748,660506.5314676317,62,62,0.13793103448275862,99.09985611873999,2.4937730365849333,0.002,0.03,9702949.044,0,0.0,none,-
friday_ddos,18,27388.078541262556,819554.9537470764,67,67,0.2727272727272727,136.244521702044,2.549513639658751,0.0,0.064,13886037.18,0,0.0,none,-
friday_ddos,19,51148.28091646677,942415.0302926518,106,106,0.13548387096774195,106.99010565947401,3.2153814746870673,0.0,0.04,14373231.492,0,0.0,none,-
friday_ddos,20,67168.31456768136,1603965.1924838792,144,144,0.18274111675126903,112.97626966224,3.972485146041203,0.0,0.07,12889960.978,0,0.0,none,-
friday_ddos,21,15890.213356143504,693063.5315897294,9,9,0.3181818181818182,149.61462009474002,1.1079034571224406,0.0,0.026,12100375.634,0,0.0,none,-
friday_ddos,22,24816.29682704742,630288.7016816809,74,74,0.13043478260869565,174.72217991728002,2.8853853976550945,0.0,0.028,20300775.344,0,0.0,none,-
friday_ddos,23,95914.72178278242,1575112.2921809794,98,98,0.3090909090909091,118.209263812734,3.094700546348799,0.0,0.1,4058935.716,0,0.0,none,-
friday_ddos,24,45998.406410797805,1533891.4474659676,113,113,0.17333333333333334,128.33625105069999,3.4976040729239593,0.0,0.05,6349918.884,0,0.0,none,-
friday_ddos,25,13506.446773848675,682685.1419808521,13,13,0.09090909090909091,133.1854900935,1.7798149986433958,0.0,0.008,9033139.716,0,0.0,none,-
friday_ddos,26,102450.9582475913,2333519.206291373,157,157,0.16019417475728157,90.73287749627201,4.315724562068412,0.004,0.064,3425715.67,0,0.0,none,-
friday_ddos,27,43322.582502198165,1345792.6045482846,75,75,0.2671232876712329,127.30154659584002,3.1163721634163526,0.0,0.076,11328272.578,0,0.0,none,-
friday_ddos,28,20849.61094346702,558901.8291040377,39,39,0.06896551724137931,95.50145166931601,1.8612896669324202,0.0,0.006,4680451.888,0,0.0,none,-
friday_ddos,29,67820.15324238261,1534490.0160886887,100,100,0.1347517730496454,107.168426492384,3.523928850227583,0.0,0.036,4767699.278,0,0.0,none,-
friday_ddos,30,37516.49784850657,1281359.6990400252,45,45,0.20388349514563106,160.40790071666,2.6973175044989035,0.0,0.04,12674441.228,0,0.0,none,-
friday_ddos,31,47353.72274706571,1255765.4168350438,107,107,0.1910828025477707,125.07104624792001,3.504829441869872,0.0,0.058,7438121.136,0,0.0,none,-
friday_ddos,32,6192.49870564254,332663.89576045773,5,5,0.013333333333333334,124.42126136242,1.5676078620727631,0.0,0.0,13467090.878,0,0.0,none,-
friday_ddos,33,42015.11923413833,1696618.4735488314,83,83,0.15492957746478872,136.49060913843002,3.1476945418561324,0.0,0.042,7844996.788,0,0.0,none,-
friday_ddos,34,30635.568491764956,1148337.8207092595,57,57,0.10752688172043011,76.368283499296,1.9736485715213705,0.0,0.018,2157106.47,0,0.0,none,-
friday_ddos,35,26790.846847852707,953387.376275856,36,36,0.18421052631578946,152.066759311962,2.4539694999061252,0.002,0.04,6711060.142,0,0.0,none,-
friday_ddos,36,76746.53014688974,1563379.6912731638,126,126,0.3397129186602871,65.59906547008,3.711490236828169,0.0,0.14,2999280.156,0,0.0,none,-
friday_ddos,37,30219.928075959728,1390236.7973152874,42,42,0.06097560975609756,257.73701361918,2.197201117978968,0.0,0.018,3599789.888,1,0.258,dos,TA0040 Impact / T1498 Network Denial of Service
friday_ddos,38,1545.7703778194177,69806.92332627632,1,1,0.0044444444444444444,797.60505881,-1.4428232973175175e-12,0.0,0.0,2992568.112,1,1.0,dos,TA0040 Impact / T1498 Network Denial of Service
friday_ddos,39,30.537410079512004,41713.90118732248,1,1,0.00411522633744856,718.7376477319999,-1.4428232973175175e-12,0.0,0.0,3313123.576,1,1.0,dos,TA0040 Impact / T1498 Network Denial of Service
friday_ddos,40,139.2376965055,30685.583856286474,1,1,0.0047169811320754715,940.5549283572,-1.4428232973175175e-12,0.0,0.0,13287607.294,1,1.0,dos,TA0040 Impact / T1498 Network Denial of Service
friday_ddos,41,70.19695585049,99244.53903599242,1,1,0.00423728813559322,1154.8336686257999,-1.4428232973175175e-12,0.0,0.0,34040144.74,1,1.0,dos,TA0040 Impact / T1498 Network Denial of Service
friday_ddos,42,7039.932554179533,129910.66036031826,16,16,0.02702702702702703,812.5948068003999,1.5190981443003735,0.0,0.006,29754207.002,1,0.618,dos,TA0040 Impact / T1498 Network Denial of Service
friday_ddos,43,8096.16208130672,753175.391335957,10,10,0.13513513513513514,150.84875152733997,1.5506729595329563,0.0,0.008,17678533.146,0,0.0,none,-
friday_ddos,44,39549.29851372653,694377.4207103234,269,269,0.10309278350515463,230.469640559764,5.878940501030496,0.002,0.058,17900911.028,0,0.0,none,-
friday_ddos,45,16642.347238408533,285568.6851141038,36,36,0.04819277108433735,744.6119357513201,0.758176161711171,0.0,0.022,2852632.072,1,0.926,dos,TA0040 Impact / T1498 Network Denial of Service
friday_ddos,46,48.909217029682,66004.11559976415,1,1,0.004629629629629629,835.369192112,-1.4428232973175175e-12,0.0,0.0,2753033.264,1,1.0,dos,TA0040 Impact / T1498 Network Denial of Service
friday_ddos,47,550.330987766494,248452.37641830117,1,1,0.0049504950495049506,892.501285394,-1.4428232973175175e-12,0.0,0.0,4559900.49,1,1.0,dos,TA0040 Impact / T1498 Network Denial of Service
friday_ddos,48,185.30228441184,27243.349961725435,1,1,0.0049261083743842365,883.121001644,-1.4428232973175175e-12,0.0,0.0,3832121.99,1,1.0,dos,TA0040 Impact / T1498 Network Denial of Service
friday_ddos,49,12.379202681904001,15194.68155492864,1,1,0.004524886877828055,815.869664344,-1.4428232973175175e-12,0.0,0.0,3611118.798,1,1.0,dos,TA0040 Impact / T1498 Network Denial of Service
friday_ddos,50,19.07100983944,26196.781059629844,1,1,0.004784688995215311,847.645667536,-1.4428232973175175e-12,0.0,0.0,3298800.902,1,1.0,dos,TA0040 Impact / T1498 Network Denial of Service
friday_ddos,51,49.76791124645399,63462.55087058366,1,1,0.005,871.564561164,-1.4428232973175175e-12,0.0,0.0,3142296.796,1,1.0,dos,TA0040 Impact / T1498 Network Denial of Service
friday_ddos,52,59.10037742713799,81599.60389920317,1,1,0.004651162790697674,842.483077816,-1.4428232973175175e-12,0.0,0.0,3128034.694,1,1.0,dos,TA0040 Impact / T1498 Network Denial of Service
friday_ddos,53,487.21437455431,76684.85127100149,1,1,0.004761904761904762,847.8525810000001,-1.4428232973175175e-12,0.0,0.0,2609152.012,1,1.0,dos,TA0040 Impact / T1498 Network Denial of Service
friday_ddos,54,18.852191683388003,25504.96128206651,1,1,0.004608294930875576,830.819979426,-1.4428232973175175e-12,0.0,0.0,2633559.724,1,1.0,dos,TA0040 Impact / T1498 Network Denial of Service
friday_ddos,55,11.292165831314,14782.625488098425,1,1,0.0037593984962406013,682.4722234879999,-1.4428232973175175e-12,0.0,0.0,3607572.4,1,1.0,dos,TA0040 Impact / T1498 Network Denial of Service
friday_ddos,56,26.843827384917997,38027.662919978306,1,1,0.00423728813559322,1136.0565052294,-1.4428232973175175e-12,0.0,0.0,31408160.982,1,1.0,dos,TA0040 Impact / T1498 Network Denial of Service
friday_ddos,57,43.242944609076005,62672.61120755281,1,1,0.004484304932735426,1198.5788645848,-1.4428232973175175e-12,0.0,0.0,32177517.262,1,1.0,dos,TA0040 Impact / T1498 Network Denial of Service
friday_ddos,58,46.964580950594,68525.3447472038,1,1,0.004784688995215311,1218.0742674596,-1.4428232973175175e-12,0.0,0.0,30160266.278,1,1.0,dos,TA0040 Impact / T1498 Network Denial of Service
friday_ddos,59,18.095750370473997,26529.514632116803,1,1,0.004975124378109453,1228.3532689569997,-1.4428232973175175e-12,0.0,0.0,28808781.268,1,1.0,dos,TA0040 Impact / T1498 Network Denial of Service
friday_ddos,60,9.378786012888,13721.357220454998,1,1,0.004739336492890996,1226.373966043,-1.4428232973175175e-12,0.0,0.0,30187123.614,1,1.0,dos,TA0040 Impact / T1498 Network Denial of Service
friday_ddos,61,14916.12643786956,669551.8578993205,17,17,0.03164556962025317,718.19683354882,1.178460047648538,0.0,0.008,17017710.582,1,0.562,dos,TA0040 Impact / T1498 Network Denial of Service
friday_ddos,62,14436.014518096928,935087.2293454054,7,7,0.028985507246376812,94.13067344647999,1.262088596390308,0.0,0.002,2273346.5,0,0.0,none,-
friday_ddos,63,4890.914523842127,256970.03042910056,233,233,0.08856088560885608,259.09206353376004,5.422358316229736,0.0,0.046,22647633.786,0,0.0,none,-
friday_ddos,64,7.064105829348,5394.394969781568,498,498,0.16766467065868262,366.730514394546,8.957784283943624,0.0,0.166,26421421.246,0,0.0,none,-
friday_ddos,65,3.273987740644,2396.116402951164,493,493,0.17165668662674652,382.551475035718,8.937784283950837,0.0,0.17,28835015.508,0,0.0,none,-
friday_ddos,66,22068.635942050867,257002.3781066326,317,317,0.09390862944162437,435.920761511344,6.357639433582904,0.0,0.072,12609906.444,1,0.344,dos,TA0040 Impact / T1498 Network Denial of Service
friday_ddos,67,822.8964132078942,231736.21996191927,1,1,0.004761904761904762,853.696868312,-1.4428232973175175e-12,0.0,0.0,2710449.266,1,1.0,dos,TA0040 Impact / T1498 Network Denial of Service
friday_ddos,68,47.62120856153,65751.76575604628,1,1,0.004761904761904762,854.600388148,-1.4428232973175175e-12,0.0,0.0,2915853.516,1,1.0,dos,TA0040 Impact / T1498 Network Denial of Service
friday_ddos,69,27.825905618382,35371.09116057907,1,1,0.004629629629629629,833.47109608,-1.4428232973175175e-12,0.0,0.0,2873708.894,1,1.0,dos,TA0040 Impact / T1498 Network Denial of Service
friday_ddos,70,12.066856323863998,16180.02970776501,1,1,0.004878048780487805,869.35149688,-1.4428232973175175e-12,0.0,0.0,2865379.546,1,1.0,dos,TA0040 Impact / T1498 Network Denial of Service
friday_ddos,71,8.84655651648,11732.002870697155,1,1,0.004219409282700422,762.815476686,-1.4428232973175175e-12,0.0,0.0,3552237.714,1,1.0,dos,TA0040 Impact / T1498 Network Denial of Service
friday_ddos,72,73.530752592486,441.18451559470606,1,1,0.001996007984031936,7.3456,-1.4428232973175175e-12,0.0,0.0,5819909.72,1,1.0,dos,TA0040 Impact / T1498 Network Denial of Service
friday_ddos,73,119.535041296068,80650.49084455485,1,1,0.001996007984031936,29.2942025642,-1.4428232973175175e-12,0.0,0.0,6022547.376,1,1.0,dos,TA0040 Impact / T1498 Network Denial of Service
friday_ddos,74,8.078177652456,11070.022477831842,1,1,0.00303951367781155,788.5176946252,-1.4428232973175175e-12,0.0,0.0,22189128.638,1,1.0,dos,TA0040 Impact / T1498 Network Denial of Service
friday_ddos,75,44.94403941902,64303.867634801194,1,1,0.00510204081632653,1236.0938467544001,-1.4428232973175175e-12,0.0,0.0,28231976.2,1,1.0,dos,TA0040 Impact / T1498 Network Denial of Service
friday_ddos,76,45.817269605076,65516.4038100896,1,1,0.004784688995215311,1201.8354896264002,-1.4428232973175175e-12,0.0,0.0,30422173.55,1,1.0,dos,TA0040 Impact / T1498 Network Denial of Service
friday_ddos,77,232.73903399910395,75248.974995784,1,1,0.005,1213.6757974102,-1.4428232973175175e-12,0.0,0.0,29068987.002,1,1.0,dos,TA0040 Impact / T1498 Network Denial of Service
friday_ddos,78,12.360260722245998,17552.250943525003,1,1,0.005050505050505051,1210.8757391808,-1.4428232973175175e-12,0.0,0.0,29066717.658,1,1.0,dos,TA0040 Impact / T1498 Network Denial of Service
friday_ddos,79,10923.911973489276,246524.85724082202,31,31,0.04854368932038835,1009.5330710928599,1.3102451864457663,0.0,0.018,26325799.236,1,0.808,dos,TA0040 Impact / T1498 Network Denial of Service
friday_ddos,80,12182.490521103051,357009.57947264204,6,6,0.2441860465116279,140.93622096254,1.5285022443589769,0.0,0.04,19125097.032,0,0.0,none,-
friday_ddos,81,10502.602505285411,142034.65699916985,3,3,0.012195121951219513,125.47763595482,1.4759285234928852,0.0,0.0,15350781.71,0,0.0,none,-
friday_ddos,82,3881.4825835432816,351393.42330653826,133,133,0.18840579710144928,180.56901070405002,3.1453507050386267,0.0,0.05,12438851.696,0,0.0,none,-
friday_ddos,83,7.921879201444,4062.5443731726223,493,493,0.22355289421157684,412.131099522576,8.937784283950837,0.0,0.222,29964955.95,0,0.0,none,-
friday_ddos,84,5.718059026314,6169.83906730979,491,491,0.1656686626746507,388.76736081820803,8.929784283953722,0.0,0.164,30043889.618,0,0.0,none,-
friday_ddos,85,33581.88435418812,572714.9185990882,464,464,0.13052631578947368,287.71439813171594,8.7425650030438,0.0,0.122,22712824.64,0,0.0,none,-
friday_ddos,86,19714.825761553995,228569.75825280554,40,40,0.013043478260869565,786.10791673066,0.8570736147075784,0.0,0.004,2716070.312,1,0.916,dos,TA0040 Impact / T1498 Network Denial of Service
friday_ddos,87,1074.72407199984,70183.03340801127,1,1,0.004761904761904762,850.5452913360001,-1.4428232973175175e-12,0.0,0.0,2333690.27,1,1.0,dos,TA0040 Impact / T1498 Network Denial of Service
friday_ddos,88,41.020433903422,55504.35398582052,1,1,0.004524886877828055,817.406484186,-1.4428232973175175e-12,0.0,0.0,3106761.116,1,1.0,dos,TA0040 Impact / T1498 Network Denial of Service
friday_ddos,89,42.06959644728,56572.488501753214,1,1,0.004694835680751174,843.8428571919999,-1.4428232973175175e-12,0.0,0.0,3411923.704,1,1.0,dos,TA0040 Impact / T1498 Network Denial of Service
friday_ddos,90,2038.7310029247801,75246.45989998561,1,1,0.004464285714285714,811.328281806,-1.4428232973175175e-12,0.0,0.0,3186476.746,1,1.0,dos,TA0040 Impact / T1498 Network Denial of Service
friday_ddos,91,261.843414317274,1737.499921573404,1,1,0.001996007984031936,109.72409793879999,-1.4428232973175175e-12,0.0,0.0,6965294.136,1,1.0,dos,TA0040 Impact / T1498 Network Denial of Service
friday_ddos,92,46.892317146016,423.0253050055159,1,1,0.001996007984031936,98.59108418299999,-1.4428232973175175e-12,0.0,0.0,6621600.864,1,1.0,dos,TA0040 Impact / T1498 Network Denial of Service
friday_ddos,93,512.8803652126021,9074.671449675732,1,1,0.0026666666666666666,564.8417537217999,-1.4428232973175175e-12,0.0,0.0,17264891.302,1,1.0,dos,TA0040 Impact / T1498 Network Denial of Service
friday_ddos,94,29.562933500954,43350.0160144748,1,1,0.004830917874396135,1217.8665615629998,-1.4428232973175175e-12,0.0,0.0,30720988.272,1,1.0,dos,TA0040 Impact / T1498 Network Denial of Service
friday_ddos,95,125.43379348907199,50100.68545830139,1,1,0.004484304932735426,1203.7577503312,-1.4428232973175175e-12,0.0,0.0,33070599.876,1,1.0,dos,TA0040 Impact / T1498 Network Denial of Service
friday_ddos,96,39.635037483118,57164.276878707,1,1,0.004629629629629629,1199.7095348767998,-1.4428232973175175e-12,0.0,0.0,32226724.808,1,1.0,dos,TA0040 Impact / T1498 Network Denial of Service
friday_ddos,97,54.929931617390004,81585.83879191199,1,1,0.004975124378109453,1241.4925253634,-1.4428232973175175e-12,0.0,0.0,29965891.478,1,1.0,dos,TA0040 Impact / T1498 Network Denial of Service
friday_ddos,98,34.475869035138,49594.630187812,1,1,0.004739336492890996,1203.4420490197997,-1.4428232973175175e-12,0.0,0.0,31866445.34,1,1.0,dos,TA0040 Impact / T1498 Network Denial of Service
friday_ddos,99,25180.520131533147,700199.4538551335,46,46,0.029197080291970802,415.6189239433599,1.8484162050200235,0.0,0.006,9888831.948,1,0.298,dos,TA0040 Impact / T1498 Network Denial of Service
friday_ddos,100,10372.996822724484,607129.853196939,4,4,0.16216216216216217,107.68187769346001,1.301109412021912,0.0,0.022,8774704.382,0,0.0,none,-
friday_ddos,101,11972.035119607139,386594.09673544025,176,176,0.08171206225680934,182.848535741808,4.595782412507257,0.0,0.04,17709510.51,0,0.0,none,-
friday_ddos,102,2.137803372428,2019.0646466456606,492,492,0.1596806387225549,400.313141957406,8.93378428395228,0.0,0.158,30466259.524,0,0.0,none,-
friday_ddos,103,4.133246564416,2381.3678184301566,496,496,0.08982035928143713,353.465290014232,8.949784283946508,0.0,0.088,31878232.364,0,0.0,none,-
friday_ddos,104,38563.139811426314,847520.9294178333,306,306,0.18862275449101795,254.37861967632003,6.5857984898310065,0.0,0.124,16166691.392,0,0.0,none,-
friday_ddos,105,26508.487055698806,578777.4047421627,44,44,0.08823529411764706,756.34362227334,0.9227365956702949,0.0,0.04,2481634.498,1,0.91,dos,TA0040 Impact / T1498 Network Denial of Service
friday_ddos,106,16.11765628811,22020.87324755943,1,1,0.005235602094240838,904.077468324,-1.4428232973175175e-12,0.0,0.0,2606962.656,1,1.0,dos,TA0040 Impact / T1498 Network Denial of Service
friday_ddos,107,275.6949345304539,85360.7142715341,1,1,0.005,872.171372724,-1.4428232973175175e-12,0.0,0.0,2875356.966,1,1.0,dos,TA0040 Impact / T1498 Network Denial of Service
friday_ddos,108,49.939965360074,61733.32505823451,1,1,0.0045045045045045045,830.416671476,-1.4428232973175175e-12,0.0,0.0,2806732.69,1,1.0,dos,TA0040 Impact / T1498 Network Denial of Service
friday_ddos,109,44.592221903550005,64077.17779564862,1,1,0.004651162790697674,832.3262540239999,-1.4428232973175175e-12,0.0,0.0,3217089.06,1,1.0,dos,TA0040 Impact / T1498 Network Denial of Service
friday_ddos,110,2.7231348921059997,2324.1453117776978,1,1,0.002183406113537118,200.2900590438,-1.4428232973175175e-12,0.0,0.0,6418389.818,1,1.0,dos,TA0040 Impact / T1498 Network Denial of Service
friday_ddos,111,67.628874962974,30463.133772727084,1,1,0.001996007984031936,38.0027896198,-1.4428232973175175e-12,0.0,0.0,5851539.634,1,1.0,dos,TA0040 Impact / T1498 Network Denial of Service
friday_ddos,112,26.631703799613998,31185.90546185533,1,1,0.002631578947368421,547.079758051,-1.4428232973175175e-12,0.0,0.0,18658594.744,1,1.0,dos,TA0040 Impact / T1498 Network Denial of Service
friday_ddos,113,51.291133979014006,74510.7284954776,1,1,0.0045662100456621,1203.0420296338,-1.4428232973175175e-12,0.0,0.0,33510219.632,1,1.0,dos,TA0040 Impact / T1498 Network Denial of Service
friday_ddos,114,881.1031685082058,39442.8729888566,1,1,0.004878048780487805,1213.8639142597997,-1.4428232973175175e-12,0.0,0.0,31625834.476,1,1.0,dos,TA0040 Impact / T1498 Network Denial of Service
friday_ddos,115,13.760441014418,19805.1764250302,1,1,0.005076142131979695,1221.1059894155999,-1.4428232973175175e-12,0.0,0.0,30671442.404,1,1.0,dos,TA0040 Impact / T1498 Network Denial of Service
friday_ddos,116,51.00362486236,73833.6463723158,1,1,0.004524886877828055,1192.3772134003998,-1.4428232973175175e-12,0.0,0.0,34318907.658,1,1.0,dos,TA0040 Impact / T1498 Network Denial of Service
friday_ddos,117,50.98340618084,74160.6018612862,1,1,0.0053475935828877,1251.3053306868,-1.4428232973175175e-12,0.0,0.0,29422744.906,1,1.0,dos,TA0040 Impact / T1498 Network Denial of Service
friday_ddos,118,11661.386889876954,251301.5264435456,39,39,0.12844036697247707,311.29230794636,2.1997546428551873,0.0,0.026,14269396.038,1,0.154,dos,TA0040 Impact / T1498 Network Denial of Service
friday_ddos,119,37968.252545066694,860726.0996336471,50,50,0.23148148148148148,162.31556527968797,2.4937373345350937,0.0,0.048,16626570.736,0,0.0,none,-
friday_ddos,120,3.337083996712,2990.5212368097204,486,486,0.19560878243512975,376.30403876509007,8.909784283960935,0.0,0.194,26767149.092,0,0.0,none,-
friday_ddos,121,2.0174605500719998,1577.015499155262,487,487,0.1377245508982036,404.030088308614,8.913784283959494,0.0,0.136,32000633.706,0,0.0,none,-
friday_ddos,122,3.2165273298519996,2477.613478253336,495,495,0.1936127744510978,422.837946626406,8.945784283947953,0.0,0.192,34337873.526,0,0.0,none,-
friday_ddos,123,44324.64427844578,484734.3485749397,145,145,0.06557377049180328,556.5008916274801,3.2964627480290227,0.0,0.038,2816452.126,1,0.654,dos,TA0040 Impact / T1498 Network Denial of Service
friday_ddos,124,38.284883882234006,54391.14015567838,1,1,0.004366812227074236,796.1544857659999,-1.4428232973175175e-12,0.0,0.0,3308399.198,1,1.0,dos,TA0040 Impact / T1498 Network Denial of Service
friday_ddos,125,69.493092245394,94272.6307560085,1,1,0.00423728813559322,766.4716746500001,-1.4428232973175175e-12,0.0,0.0,3868633.158,1,1.0,dos,TA0040 Impact / T1498 Network Denial of Service
friday_ddos,126,145.95513783293404,150186.74370592143,1,1,0.004694835680751174,844.221374654,-1.4428232973175175e-12,0.0,0.0,3445037.812,1,1.0,dos,TA0040 Impact / T1498 Network Denial of Service
friday_ddos,127,60.550357761546,89486.16789104995,1,1,0.0045871559633027525,839.652766694,-1.4428232973175175e-12,0.0,0.0,3471124.578,1,1.0,dos,TA0040 Impact / T1498 Network Denial of Service
friday_ddos,128,122.15503122923798,130137.31092937979,1,1,0.0047169811320754715,860.5703795198001,-1.4428232973175175e-12,0.0,0.0,2901374.64,1,1.0,dos,TA0040 Impact / T1498 Network Denial of Service
friday_ddos,129,43.997592503990006,263.985554943708,1,1,0.001996007984031936,7.344200000000001,-1.4428232973175175e-12,0.0,0.0,6361995.944,1,1.0,dos,TA0040 Impact / T1498 Network Denial of Service
friday_ddos,130,92.15760486934799,58865.02292479069,1,1,0.001996007984031936,19.605058974600002,-1.4428232973175175e-12,0.0,0.0,5946086.89,1,1.0,dos,TA0040 Impact / T1498 Network Denial of Service
friday_ddos,131,30.934133023972002,43434.31975217343,1,1,0.003134796238244514,754.8465554092,-1.4428232973175175e-12,0.0,0.0,22050454.542,1,1.0,dos,TA0040 Impact / T1498 Network Denial of Service
friday_ddos,132,48.759127742214,69978.1628649984,1,1,0.004629629629629629,1201.494879208,-1.4428232973175175e-12,0.0,0.0,34210892.34,1,1.0,dos,TA0040 Impact / T1498 Network Denial of Service
friday_ddos,133,61.732696020082,89935.5465545036,1,1,0.0043859649122807015,1191.3103818666,-1.4428232973175175e-12,0.0,0.0,36070681.902,1,1.0,dos,TA0040 Impact / T1498 Network Denial of Service
friday_ddos,134,118.27647638735598,135949.2104432132,1,1,0.004310344827586207,1182.7759514997997,-1.4428232973175175e-12,0.0,0.0,36509262.096,1,1.0,dos,TA0040 Impact / T1498 Network Denial of Service
friday_ddos,135,290.77827313926,183958.8508793742,1,1,0.0044444444444444444,1207.7654305122,-1.4428232973175175e-12,0.0,0.0,35492915.746,1,1.0,dos,TA0040 Impact / T1498 Network Denial of Service
friday_ddos,136,97.398050341146,143646.2809305278,1,1,0.004975124378109453,1239.317301143,-1.4428232973175175e-12,0.0,0.0,32088948.056,1,1.0,dos,TA0040 Impact / T1498 Network Denial of Service
friday_ddos,137,20625.930061280436,667648.173978486,17,17,0.009708737864077669,420.72292805648,1.3110405672965262,0.0,0.0,10022204.206,1,0.3,dos,TA0040 Impact / T1498 Network Denial of Service
friday_ddos,138,17736.82096862305,817073.1905009195,9,9,0.3235294117647059,107.22372287422,1.6768019646408323,0.0,0.064,8069432.764,0,0.0,none,-
friday_ddos,139,32.764376194292,5565.9842655065395,453,453,0.07472527472527472,337.869334338784,8.459517505338876,0.0,0.066,29284032.19,0,0.0,none,-
friday_ddos,140,9.382202004526,8265.531732729125,498,498,0.3013972055888224,403.230434980202,8.957784283943624,0.0,0.3,26921390.084,0,0.0,none,-
friday_ddos,141,31614.44792092722,585800.2475908148,413,413,0.18262806236080179,300.87341544177804,8.146951712126103,0.0,0.162,20628651.68,1,0.098,dos,TA0040 Impact / T1498 Network Denial of Service
friday_ddos,142,225.718553877476,95777.560145307,1,1,0.0045871559633027525,831.03646196,-1.4428232973175175e-12,0.0,0.0,2929069.57,1,1.0,dos,TA0040 Impact / T1498 Network Denial of Service
friday_ddos,143,88.96742069654,79971.90751736458,1,1,0.004608294930875576,819.332689746,-1.4428232973175175e-12,0.0,0.0,2904087.492,1,1.0,dos,TA0040 Impact / T1498 Network Denial of Service
friday_ddos,144,80.92202647201199,108490.00050598162,1,1,0.004219409282700422,772.42108972,-1.4428232973175175e-12,0.0,0.0,3316075.952,1,1.0,dos,TA0040 Impact / T1498 Network Denial of Service
friday_ddos,145,66.37835636825999,89326.13019136485,1,1,0.004524886877828055,810.3675461,-1.4428232973175175e-12,0.0,0.0,2699034.896,1,1.0,dos,TA0040 Impact / T1498 Network Denial of Service
friday_ddos,146,353.10525182517995,51137.30922349861,1,1,0.004524886877828055,807.1473722939999,-1.4428232973175175e-12,0.0,0.0,3394766.752,1,1.0,dos,TA0040 Impact / T1498 Network Denial of Service
friday_ddos,147,15.97622505251,19062.789451775338,1,1,0.0026246719160104987,367.0340145602,-1.4428232973175175e-12,0.0,0.0,5631509.826,1,1.0,dos,TA0040 Impact / T1498 Network Denial of Service
friday_ddos,148,2.25503296786,122.85477272132199,1,1,0.001996007984031936,60.0122190814,-1.4428232973175175e-12,0.0,0.0,6148042.086,1,1.0,dos,TA0040 Impact / T1498 Network Denial of Service
friday_ddos,149,65.658881286642,7904.950755134287,1,1,0.0020491803278688526,166.5918651774,-1.4428232973175175e-12,0.0,0.0,10538889.0,1,1.0,dos,TA0040 Impact / T1498 Network Denial of Service
friday_ddos,150,131.28990842373202,132636.3121507294,1,1,0.004739336492890996,1211.0064167199998,-1.4428232973175175e-12,0.0,0.0,33676116.784,1,1.0,dos,TA0040 Impact / T1498 Network Denial of Service
friday_ddos,151,57.868954497228,82206.10848880542,1,1,0.004761904761904762,1206.2119262864,-1.4428232973175175e-12,0.0,0.0,33587131.174,1,1.0,dos,TA0040 Impact / T1498 Network Denial of Service
friday_ddos,152,88.532862523024,127093.51603142399,1,1,0.004424778761061947,1185.9009664086002,-1.4428232973175175e-12,0.0,0.0,36464657.856,1,1.0,dos,TA0040 Impact / T1498 Network Denial of Service
friday_ddos,153,58.821940203802,83321.0007920252,1,1,0.004761904761904762,1206.6476489314,-1.4428232973175175e-12,0.0,0.0,34166905.936,1,1.0,dos,TA0040 Impact / T1498 Network Denial of Service
friday_ddos,154,44.50714111094601,64028.731612305404,1,1,0.004739336492890996,1214.2489647776001,-1.4428232973175175e-12,0.0,0.0,34342669.104,1,1.0,dos,TA0040 Impact / T1498 Network Denial of Service
friday_ddos,155,32399.665970611655,496806.4684287791,71,71,0.1076923076923077,859.2549117058679,2.2501300389812506,0.0,0.054,26817866.604,1,0.68,dos,TA0040 Impact / T1498 Network Denial of Service
friday_ddos,156,7.332477833094001,4422.741635275793,499,499,0.2275449101796407,401.11339707515003,8.961784283942182,0.0,0.226,33485596.516,0,0.0,none,-
friday_ddos,157,3.065052988944,2651.570552394344,498,498,0.19760479041916168,388.88900874865595,8.957784283943624,0.0,0.196,33332987.864,0,0.0,none,-
friday_ddos,158,31385.649370824292,276623.7829546825,266,266,0.10610079575596817,434.24838909372795,5.801971730019893,0.0,0.078,14695844.052,1,0.378,dos,TA0040 Impact / T1498 Network Denial of Service
friday_ddos,159,42.480884315324005,54768.53788747862,1,1,0.004608294930875576,815.7720358539999,-1.4428232973175175e-12,0.0,0.0,2980009.512,1,1.0,dos,TA0040 Impact / T1498 Network Denial of Service
friday_ddos,160,72.01406631977999,102754.01513935711,1,1,0.004629629629629629,840.4186183179999,-1.4428232973175175e-12,0.0,0.0,3372393.548,1,1.0,dos,TA0040 Impact / T1498 Network Denial of Service
friday_ddos,161,46.93906807994,63142.08050362219,1,1,0.004366812227074236,804.061950058,-1.4428232973175175e-12,0.0,0.0,3218240.8,1,1.0,dos,TA0040 Impact / T1498 Network Denial of Service
friday_ddos,162,49.562346303772,69846.68470456354,1,1,0.004901960784313725,860.670519112,-1.4428232973175175e-12,0.0,0.0,3453310.742,1,1.0,dos,TA0040 Impact / T1498 Network Denial of Service
friday_ddos,163,13.466467691332,18910.64008333744,1,1,0.0030303030303030303,504.28255241399995,-1.4428232973175175e-12,0.0,0.0,5170973.45,1,1.0,dos,TA0040 Impact / T1498 Network Denial of Service
friday_ddos,164,2200.5386959691414,13347.523185850958,1,1,0.001996007984031936,100.6957805932,-1.4428232973175175e-12,0.0,0.0,6459373.318,1,1.0,dos,TA0040 Impact / T1498 Network Denial of Service
friday_ddos,165,1.2307992644380001,214.851385795804,1,1,0.001996007984031936,140.0154449916,-1.4428232973175175e-12,0.0,0.0,6184616.5,1,1.0,dos,TA0040 Impact / T1498 Network Denial of Service
friday_ddos,166,172.308067190862,54699.049887177454,1,1,0.002967359050445104,781.6909185267999,-1.4428232973175175e-12,0.0,0.0,25272798.868,1,1.0,dos,TA0040 Impact / T1498 Network Denial of Service
friday_ddos,167,54.788688844326,79283.30414427,1,1,0.004524886877828055,1199.4569102981998,-1.4428232973175175e-12,0.0,0.0,36075500.072,1,1.0,dos,TA0040 Impact / T1498 Network Denial of Service
friday_ddos,168,205.86888842317794,153748.69614603996,1,1,0.004273504273504274,1188.9055577317997,-1.4428232973175175e-12,0.0,0.0,37876951.106,1,1.0,dos,TA0040 Impact / T1498 Network Denial of Service
friday_ddos,169,42.49631131787599,61637.9970630286,1,1,0.004761904761904762,1217.6180466355997,-1.4428232973175175e-12,0.0,0.0,34380779.674,1,1.0,dos,TA0040 Impact / T1498 Network Denial of Service
friday_ddos,170,50.819024684826005,74199.7009313172,1,1,0.004830917874396135,1230.1469394328,-1.4428232973175175e-12,0.0,0.0,34127047.136,1,1.0,dos,TA0040 Impact / T1498 Network Denial of Service
friday_ddos,171,51.81818485506201,73634.851321474,1,1,0.004629629629629629,1209.8790941686,-1.4428232973175175e-12,0.0,0.0,35612825.78,1,1.0,dos,TA0040 Impact / T1498 Network Denial of Service
friday_ddos,172,32373.210374640443,879493.3181774497,27,27,0.1590909090909091,285.27052117912,1.4803142158444162,0.0,0.026,5764613.892,1,0.178,dos,TA0040 Impact / T1498 Network Denial of Service
friday_ddos,173,9745.56058097862,537367.3596350139,198,198,0.24822695035460993,210.10695575748,4.8778736444252795,0.0,0.138,14630357.07,0,0.0,none,-
friday_ddos,174,9.575140624002001,7223.6656426833015,486,486,0.16966067864271456,419.628425470406,8.909784283960935,0.0,0.168,32391363.032,0,0.0,none,-
friday_ddos,175,1.8153875827460002,1338.55651769381,491,491,0.1277445109780439,375.144621394518,8.929784283953722,0.0,0.126,31491319.784,0,0.0,none,-
friday_ddos,176,23489.965588730232,670985.8699244644,91,91,0.10830324909747292,675.3010859957279,2.018139769472169,0.0,0.058,6403729.506,1,0.798,dos,TA0040 Impact / T1498 Network Denial of Service
friday_ddos,177,31.714533631426,44823.45767007457,1,1,0.0045662100456621,812.9733730800001,-1.4428232973175175e-12,0.0,0.0,3585664.932,1,1.0,dos,TA0040 Impact / T1498 Network Denial of Service
friday_ddos,178,1217.925762981032,49848.23976711015,1,1,0.004629629629629629,830.8173246619999,-1.4428232973175175e-12,0.0,0.0,3757705.342,1,1.0,dos,TA0040 Impact / T1498 Network Denial of Service
friday_ddos,179,24.051111334206,33646.578778357834,1,1,0.004629629629629629,827.935139756,-1.4428232973175175e-12,0.0,0.0,3476116.966,1,1.0,dos,TA0040 Impact / T1498 Network Denial of Service
friday_ddos,180,16.683377681044,23677.59916161096,1,1,0.00392156862745098,720.915102436,-1.4428232973175175e-12,0.0,0.0,3769312.688,1,1.0,dos,TA0040 Impact / T1498 Network Denial of Service
friday_ddos,181,1.272156222438,202.239540330118,1,1,0.001996007984031936,141.92728085679997,-1.4428232973175175e-12,0.0,0.0,6505100.98,1,1.0,dos,TA0040 Impact / T1498 Network Denial of Service
friday_ddos,182,2.1273892993200003,249.955237624306,1,1,0.001996007984031936,183.91914352779997,-1.4428232973175175e-12,0.0,0.0,6265768.828,1,1.0,dos,TA0040 Impact / T1498 Network Denial of Service
friday_ddos,183,28.174327318122003,39548.934137444565,1,1,0.0028169014084507044,715.0268043561999,-1.4428232973175175e-12,0.0,0.0,22336103.06,1,1.0,dos,TA0040 Impact / T1498 Network Denial of Service
friday_ddos,184,41.27072749724201,59138.366617146596,1,1,0.004830917874396135,1213.1830683596,-1.4428232973175175e-12,0.0,0.0,34231230.004,1,1.0,dos,TA0040 Impact / T1498 Network Denial of Service
friday_ddos,185,25.949053854747994,37264.0780526022,1,1,0.004739336492890996,1207.0631229904,-1.4428232973175175e-12,0.0,0.0,34799981.17,1,1.0,dos,TA0040 Impact / T1498 Network Denial of Service
friday_ddos,186,27.731094082800002,39869.5710843236,1,1,0.004807692307692308,1209.5020163244,-1.4428232973175175e-12,0.0,0.0,34400397.738,1,1.0,dos,TA0040 Impact / T1498 Network Denial of Service
friday_ddos,187,27.973301787837997,41167.5547748848,1,1,0.005263157894736842,1235.4476434446,-1.4428232973175175e-12,0.0,0.0,31487519.138,1,1.0,dos,TA0040 Impact / T1498 Network Denial of Service
friday_ddos,188,5599.160366283844,260528.6672568221,15,15,0.004975124378109453,1147.4998110105998,0.5611318151423351,0.0,0.0,32272102.272,1,0.93,dos,TA0040 Impact / T1498 Network Denial of Service
friday_ddos,189,12072.766278665109,757134.2754392358,311,311,0.20743034055727555,300.80137994456805,6.657253889782286,0.0,0.132,26533519.614,0,0.0,none,-
friday_ddos,190,4.406578001224,5146.880595361072,489,489,0.14770459081836326,376.176082776498,8.921784283956608,0.0,0.146,32075612.08,0,0.0,none,-
friday_ddos,191,4.117133812164,670.96970904219,487,487,0.1317365269461078,421.42589436438203,8.913784283959494,0.0,0.13,34599203.708,0,0.0,none,-
friday_ddos,192,13812.718375080472,339929.40448820114,154,154,0.07692307692307693,824.159647189004,3.5190124825981792,0.0,0.04,28191085.12,1,0.608,dos,TA0040 Impact / T1498 Network Denial of Service
friday_ddos,193,121.780678805612,105093.44468763679,1,1,0.004901960784313725,1235.1167007138,-1.4428232973175175e-12,0.0,0.0,33262115.354,1,1.0,dos,TA0040 Impact / T1498 Network Denial of Service
friday_ddos,194,69.340088102348,101969.7433987754,1,1,0.0045871559633027525,1219.3748001492,-1.4428232973175175e-12,0.0,0.0,34833083.73,1,1.0,dos,TA0040 Impact / T1498 Network Denial of Service
friday_ddos,195,75.479102543656,107459.75701344058,1,1,0.0036231884057971015,1137.0633255704,-1.4428232973175175e-12,0.0,0.0,44731756.654,1,1.0,dos,TA0040 Impact / T1498 Network Denial of Service
friday_ddos,196,60.92244880604,88840.92922574839,1,1,0.0035460992907801418,1136.9495177322,-1.4428232973175175e-12,0.0,0.0,45310494.166,1,1.0,dos,TA0040 Impact / T1498 Network Denial of Service
friday_ddos,197,293.64474570268203,23722.11704845621,1,1,0.0024937655860349127,544.3317871639998,-1.4428232973175175e-12,0.0,0.0,18587731.476,1,1.0,dos,TA0040 Impact / T1498 Network Denial of Service
friday_ddos,198,1208.427419425798,7479.999037011581,1,1,0.001996007984031936,173.97200556299998,-1.4428232973175175e-12,0.0,0.0,6471335.35,1,1.0,dos,TA0040 Impact / T1498 Network Denial of Service
friday_ddos,199,6.07907922463,384.976193712072,1,1,0.001996007984031936,237.459602967,-1.4428232973175175e-12,0.0,0.0,8321024.326,1,1.0,dos,TA0040 Impact / T1498 Network Denial of Service
friday_ddos,200,5.959117522242,7831.687578087288,1,1,0.0027100271002710027,617.2452691752001,-1.4428232973175175e-12,0.0,0.0,14203942.642,1,1.0,dos,TA0040 Impact / T1498 Network Denial of Service
friday_ddos,201,133.179603714754,82122.2149241535,1,1,0.0047169811320754715,861.5008429000001,-1.4428232973175175e-12,0.0,0.0,3450276.176,1,1.0,dos,TA0040 Impact / T1498 Network Denial of Service
friday_ddos,202,64.090214696062,91817.80279030747,1,1,0.0045662100456621,818.57636831,-1.4428232973175175e-12,0.0,0.0,3373789.612,1,1.0,dos,TA0040 Impact / T1498 Network Denial of Service
friday_ddos,203,99.09543044960802,96888.21601410277,1,1,0.00423728813559322,762.7942055999999,-1.4428232973175175e-12,0.0,0.0,3411897.81,1,1.0,dos,TA0040 Impact / T1498 Network Denial of Service
friday_ddos,204,131.484495523638,95171.67404032097,4,4,0.00510204081632653,846.91254989842,0.062424855343403834,0.0,0.0,3534135.626,1,0.938,dos,TA0040 Impact / T1498 Network Denial of Service
friday_ddos,205,15277.446372796285,970129.2435347888,4,4,0.10714285714285714,77.14728448514,0.5287059584627707,0.0,0.004,903986.854,0,0.0,none,-
friday_ddos,206,9986.921928263468,224766.22483659873,294,294,0.1887905604719764,322.20954706392797,6.586314654203207,0.0,0.126,25784432.85,0,0.0,none,-
friday_ddos,207,12.228813596225999,15355.393016906632,498,498,0.1788793103448276,487.447201689668,8.957784283943624,0.0,0.164,30033591.63,0,0.0,none,-
friday_ddos,208,33.01208759376,46142.353726715584,472,472,0.39184952978056425,810.249035178646,8.853784283981135,0.0,0.248,17855886.864,0,0.0,none,-
friday_ddos,209,16500.619431873034,486352.74548417924,223,223,0.10762331838565023,396.7476535210761,4.707914190608042,0.0,0.094,15047597.436,1,0.518,dos,TA0040 Impact / T1498 Network Denial of Service
friday_ddos,210,1.0973643836440001,227.76868203876597,1,1,0.001996007984031936,185.4356865156,-1.4428232973175175e-12,0.0,0.0,7268542.332,1,1.0,dos,TA0040 Impact / T1498 Network Denial of Service
friday_ddos,211,32.455645342118,47589.138831190925,1,1,0.003278688524590164,1095.5766190632,-1.4428232973175175e-12,0.0,0.0,39106179.55,1,1.0,dos,TA0040 Impact / T1498 Network Denial of Service
friday_ddos,212,11.566586402876,16610.325495468598,1,1,0.003861003861003861,1160.8648164524,-1.4428232973175175e-12,0.0,0.0,41842893.436,1,1.0,dos,TA0040 Impact / T1498 Network Denial of Service
friday_ddos,213,18.052474706250003,26259.3536538752,1,1,0.004310344827586207,1189.4930017916001,-1.4428232973175175e-12,0.0,0.0,37794798.708,1,1.0,dos,TA0040 Impact / T1498 Network Denial of Service
friday_ddos,214,34.915340199835995,50772.7964747444,1,1,0.004201680672268907,1189.0474480762,-1.4428232973175175e-12,0.0,0.0,39513436.396,1,1.0,dos,TA0040 Impact / T1498 Network Denial of Service
friday_ddos,215,145.39641150719004,21158.302233108603,1,1,0.004291845493562232,1194.7311506366,-1.4428232973175175e-12,0.0,0.0,38954368.57,1,1.0,dos,TA0040 Impact / T1498 Network Denial of Service
friday_ddos,216,9.161891757299998,7460.252309322896,1,1,0.002053388090349076,231.35996818339999,-1.4428232973175175e-12,0.0,0.0,6823132.044,1,1.0,dos,TA0040 Impact / T1498 Network Denial of Service
friday_ddos,217,17.186158233240004,23753.011109528292,1,1,0.0025974025974025974,492.0286366808,-1.4428232973175175e-12,0.0,0.0,5728559.122,1,1.0,dos,TA0040 Impact / T1498 Network Denial of Service
friday_ddos,218,16.796282023182002,23289.540825834174,1,1,0.0048543689320388345,849.610007206,-1.4428232973175175e-12,0.0,0.0,2441005.106,1,1.0,dos,TA0040 Impact / T1498 Network Denial of Service
friday_ddos,219,38.678626054854,52655.7138001412,1,1,0.004784688995215311,850.808992116,-1.4428232973175175e-12,0.0,0.0,3183685.382,1,1.0,dos,TA0040 Impact / T1498 Network Denial of Service
friday_ddos,220,26.262514820674,36162.251393242484,1,1,0.0048543689320388345,854.822392118,-1.4428232973175175e-12,0.0,0.0,3573587.096,1,1.0,dos,TA0040 Impact / T1498 Network Denial of Service
friday_ddos,221,4592.64985952266,217259.06657012718,77,77,0.0916030534351145,535.4992215314161,2.829680866157892,0.0,0.022,12091923.188,1,0.396,dos,TA0040 Impact / T1498 Network Denial of Service
friday_ddos,222,15.278468511405999,20695.772471473025,451,451,0.16483516483516483,689.8958822441899,8.769784284011429,0.0,0.118,22215489.674,0,0.0,none,-
friday_ddos,223,6.048181488626,7071.535155880514,462,462,0.0775,597.93985317735,8.813784283995561,0.0,0.06,27917790.48,0,0.0,none,-
friday_ddos,224,17.900836205404,20025.42340185801,465,465,0.2004950495049505,638.021246452986,8.825784283991233,0.0,0.16,26167694.628,0,0.0,none,-
friday_ddos,225,14543.342593518875,326913.21216441947,415,415,0.215,532.897504973412,8.386786135975147,0.0,0.17,25290444.172,1,0.07,dos,TA0040 Impact / T1498 Network Denial of Service
friday_ddos,226,1.473526974284,205.818765457946,1,1,0.001996007984031936,155.19343916319997,-1.4428232973175175e-12,0.0,0.0,6229352.702,1,1.0,dos,TA0040 Impact / T1498 Network Denial of Service
friday_ddos,227,2229.618645251904,25660.71416015265,1,1,0.002004008016032064,142.8106292258,-1.4428232973175175e-12,0.0,0.0,6580878.348,1,1.0,dos,TA0040 Impact / T1498 Network Denial of Service
friday_ddos,228,5.838585203459999,7275.348380377324,1,1,0.002173913043478261,372.21639624359995,-1.4428232973175175e-12,0.0,0.0,17652635.824,1,1.0,dos,TA0040 Impact / T1498 Network Denial of Service
friday_ddos,229,41.732348833648004,60734.27646090339,1,1,0.004032258064516129,1174.6865037422,-1.4428232973175175e-12,0.0,0.0,42287585.862,1,1.0,dos,TA0040 Impact / T1498 Network Denial of Service
friday_ddos,230,25.57211864108,37268.9741205356,1,1,0.003937007874015748,1165.7632578456,-1.4428232973175175e-12,0.0,0.0,43745378.642,1,1.0,dos,TA0040 Impact / T1498 Network Denial of Service
friday_ddos,231,9.715296960785999,14242.745636852202,1,1,0.004219409282700422,1195.3430223372,-1.4428232973175175e-12,0.0,0.0,41486789.036,1,1.0,dos,TA0040 Impact / T1498 Network Denial of Service
friday_ddos,232,25.689398766714003,37562.470958714395,1,1,0.004016064257028112,1164.7858099824002,-1.4428232973175175e-12,0.0,0.0,43973528.704,1,1.0,dos,TA0040 Impact / T1498 Network Denial of Service
friday_ddos,233,37.03766779213,52824.62585659946,1,1,0.004,1039.7998806736002,-1.4428232973175175e-12,0.0,0.0,32589477.05,1,1.0,dos,TA0040 Impact / T1498 Network Denial of Service
friday_ddos,234,42.345669434582,58146.97178965861,1,1,0.005076142131979695,874.291867532,-1.4428232973175175e-12,0.0,0.0,2742258.888,1,1.0,dos,TA0040 Impact / T1498 Network Denial of Service
friday_ddos,235,38.10356804137,51245.74753018024,1,1,0.005154639175257732,898.744215934,-1.4428232973175175e-12,0.0,0.0,3212217.698,1,1.0,dos,TA0040 Impact / T1498 Network Denial of Service
friday_ddos,236,37.907391307172,46419.74147853622,1,1,0.0045871559633027525,831.6040659299999,-1.4428232973175175e-12,0.0,0.0,2977668.17,1,1.0,dos,TA0040 Impact / T1498 Network Denial of Service
friday_ddos,237,46.85330096374,66280.26070129221,1,1,0.0044444444444444444,786.5650691239999,-1.4428232973175175e-12,0.0,0.0,3832355.432,1,1.0,dos,TA0040 Impact / T1498 Network Denial of Service
friday_ddos,238,21192.895366195145,993755.2194512392,10,10,0.05555555555555555,123.65214988365999,0.7674329521149577,0.0,0.002,829982.624,1,0.036,dos,TA0040 Impact / T1498 Network Denial of Service
friday_ddos,239,10600.490175927886,435304.8746537851,125,125,0.25268817204301075,255.29185839734396,3.8136314101855415,0.0,0.092,13700367.336,0,0.0,none,-
friday_ddos,240,20.594029091343998,28529.128922025306,478,478,0.17073170731707318,676.2908987840399,8.877784283972478,0.0,0.124,22074244.12,0,0.0,none,-
friday_ddos,241,16.130170514644,17036.605934845647,479,479,0.11302211302211303,568.184593500332,8.881784283971037,0.0,0.09,28395550.764,0,0.0,none,-
friday_ddos,242,16.532538710938,19738.558465788097,474,474,0.09536082474226804,627.208944223444,8.861784283978249,0.0,0.072,25028629.428,0,0.0,none,-
friday_ddos,243,40581.38618226972,833383.009610204,250,250,0.11737089201877934,348.104760090232,5.319553864637639,0.0,0.098,13382538.932,1,0.444,dos,TA0040 Impact / T1498 Network Denial of Service
friday_ddos,244,0.8217992939579999,144.1195269258,1,1,0.001996007984031936,98.82089890319997,-1.4428232973175175e-12,0.0,0.0,7533045.842,1,1.0,dos,TA0040 Impact / T1498 Network Denial of Service
friday_ddos,245,1.7686068473999998,117.05790236588402,1,1,0.001996007984031936,64.71895461239998,-1.4428232973175175e-12,0.0,0.0,6055944.116,1,1.0,dos,TA0040 Impact / T1498 Network Denial of Service
friday_ddos,246,587.956222096522,173858.9879207196,1,1,0.002881844380403458,820.6823383120001,-1.4428232973175175e-12,0.0,0.0,39745752.66,1,1.0,dos,TA0040 Impact / T1498 Network Denial of Service
friday_ddos,247,59.374259862745994,85077.2367185912,1,1,0.003787878787878788,1150.9423291703997,-1.4428232973175175e-12,0.0,0.0,46064779.814,1,1.0,dos,TA0040 Impact / T1498 Network Denial of Service
friday_ddos,248,48.323148896473995,69510.4220831366,1,1,0.004032258064516129,1182.2763299417998,-1.4428232973175175e-12,0.0,0.0,44280452.55,1,1.0,dos,TA0040 Impact / T1498 Network Denial of Service
friday_ddos,249,23.941214641556,34344.551052795796,1,1,0.003703703703703704,1140.9309928786001,-1.4428232973175175e-12,0.0,0.0,48361495.38,1,1.0,dos,TA0040 Impact / T1498 Network Denial of Service
friday_ddos,250,23.68864576472,34167.9198840376,1,1,0.003663003663003663,1144.6470896533997,-1.4428232973175175e-12,0.0,0.0,49101724.78,1,1.0,dos,TA0040 Impact / T1498 Network Denial of Service
friday_ddos,251,71.083950092468,97279.41514780573,1,1,0.004166666666666667,829.089570999,-1.4428232973175175e-12,0.0,0.0,10437510.064,1,1.0,dos,TA0040 Impact / T1498 Network Denial of Service
friday_ddos,252,64.202513256694,88460.43725427831,1,1,0.004672897196261682,850.6680881359999,-1.4428232973175175e-12,0.0,0.0,3330363.964,1,1.0,dos,TA0040 Impact / T1498 Network Denial of Service
friday_ddos,253,44.32831844275601,63042.71125605156,1,1,0.004608294930875576,832.834284974,-1.4428232973175175e-12,0.0,0.0,3002607.736,1,1.0,dos,TA0040 Impact / T1498 Network Denial of Service
friday_ddos,254,25.42936345281,34337.429437217055,1,1,0.004761904761904762,835.330426264,-1.4428232973175175e-12,0.0,0.0,3058364.802,1,1.0,dos,TA0040 Impact / T1498 Network Denial of Service
friday_ddos,255,35.403967489977994,45993.8755595756,1,1,0.0047169811320754715,838.5773191100001,-1.4428232973175175e-12,0.0,0.0,2987221.612,1,1.0,dos,TA0040 Impact / T1498 Network Denial of Service
friday_ddos,256,29529.9942392865,1385134.5718221231,212,212,0.1925133689839572,497.312270621448,5.313373522741788,0.002,0.07,9047321.318,1,0.166,dos,TA0040 Impact / T1498 Network Denial of Service
friday_ddos,257,31.502753083808003,42882.18590173403,477,477,0.22788203753351208,681.96479379241,8.873784283973922,0.0,0.168,29844513.616,0,0.0,none,-
friday_ddos,258,22.508508258065998,31624.506569286474,469,469,0.1184573002754821,613.8620515684619,8.841784283985461,0.0,0.084,21337145.602,0,0.0,none,-
friday_ddos,259,2744.124026353484,168613.53686107096,460,460,0.12222222222222222,592.54648890227,8.80427450899412,0.0,0.086,21916124.014,0,0.0,none,-
friday_ddos,260,13637.760188755195,563725.0559117327,13,13,0.038461538461538464,149.00981227123998,1.6869422649231083,0.0,0.002,18124154.548,0,0.0,none,-
friday_ddos,261,36974.8154072378,839296.4795722004,76,76,0.04155844155844156,42.6553528706,2.4276140094781824,0.0,0.03,8635021.83,1,0.61,dos,TA0040 Impact / T1498 Network Denial of Service
friday_ddos,262,2.7795393724859996,16.677236235804,1,1,0.001996007984031936,7.3386000000000005,-1.4428232973175175e-12,0.0,0.0,6380695.602,1,1.0,dos,TA0040 Impact / T1498 Network Denial of Service
friday_ddos,263,124.52420277575398,6967.089760103677,1,1,0.0022371364653243847,292.4053438508,-1.4428232973175175e-12,0.0,0.0,17970877.122,1,1.0,dos,TA0040 Impact / T1498 Network Denial of Service
friday_ddos,264,644.3169872753219,158825.91344614138,1,1,0.0037735849056603774,1156.7824508130002,-1.4428232973175175e-12,0.0,0.0,47186937.468,1,1.0,dos,TA0040 Impact / T1498 Network Denial of Service
friday_ddos,265,19.982414733678002,28883.135417123398,1,1,0.003968253968253968,1166.6842730436,-1.4428232973175175e-12,0.0,0.0,45492428.348,1,1.0,dos,TA0040 Impact / T1498 Network Denial of Service
friday_ddos,266,18.38894244458,25539.5080046134,1,1,0.004098360655737705,1164.9867721638,-1.4428232973175175e-12,0.0,0.0,44907726.588,1,1.0,dos,TA0040 Impact / T1498 Network Denial of Service
friday_ddos,267,1025.729513584412,43611.069319334805,1,1,0.00392156862745098,1150.1329134518,-1.4428232973175175e-12,0.0,0.0,46822959.53,1,1.0,dos,TA0040 Impact / T1498 Network Denial of Service
friday_ddos,268,24.313669360696,34670.09033864715,1,1,0.004273504273504274,1037.1740121788,-1.4428232973175175e-12,0.0,0.0,27388840.438,1,1.0,dos,TA0040 Impact / T1498 Network Denial of Service
friday_ddos,269,47.528371843205996,66633.1083798044,1,1,0.004608294930875576,832.9208936999999,-1.4428232973175175e-12,0.0,0.0,3677732.156,1,1.0,dos,TA0040 Impact / T1498 Network Denial of Service
friday_ddos,270,34.750762938583996,41759.497905804245,1,1,0.004672897196261682,836.3028976799999,-1.4428232973175175e-12,0.0,0.0,2941485.114,1,1.0,dos,TA0040 Impact / T1498 Network Denial of Service
friday_ddos,271,26.304919881834,33925.45040266838,1,1,0.004629629629629629,824.2916381539999,-1.4428232973175175e-12,0.0,0.0,3293523.944,1,1.0,dos,TA0040 Impact / T1498 Network Denial of Service
friday_ddos,272,15.421706664572,22114.836291100284,1,1,0.004424778761061947,812.86406195,-1.4428232973175175e-12,0.0,0.0,3142933.438,1,1.0,dos,TA0040 Impact / T1498 Network Denial of Service
friday_ddos,273,21.286713188228,29390.40515088454,1,1,0.0045871559633027525,820.4308500660001,-1.4428232973175175e-12,0.0,0.0,3355571.26,1,1.0,dos,TA0040 Impact / T1498 Network Denial of Service
friday_ddos,274,17595.061688978392,666050.4162644766,23,23,0.028846153846153848,357.96866407284,1.3877573969423778,0.0,0.004,1503743.318,1,0.322,dos,TA0040 Impact / T1498 Network Denial of Service
friday_ddos,275,10100.464000374095,646976.2099685194,8,8,0.225,98.80814356167998,1.4393332373552927,0.0,0.034,10392619.496,0,0.0,none,-
friday_ddos,276,2213.16955870695,270221.5038174973,417,417,0.16129032258064516,571.806719515502,8.117784284060482,0.0,0.098,20908715.63,0,0.0,none,-
friday_ddos,277,18.462847709557998,24724.272586509047,471,471,0.12894736842105264,619.134396804092,8.849784283982578,0.0,0.096,28045505.918,0,0.0,none,-
friday_ddos,278,18.061822762364,22398.11973690343,449,449,0.06199460916442048,618.34018224375,8.761784284014315,0.0,0.044,27305705.642,0,0.0,none,-
friday_ddos,279,19305.300497579934,387059.63056860736,292,292,0.09669811320754718,285.524937087044,6.473010198244193,0.0,0.08,19327416.688,1,0.284,dos,TA0040 Impact / T1498 Network Denial of Service
friday_ddos,280,163.36262025595803,106257.09760740104,1,1,0.001996007984031936,8.709800000000003,-1.4428232973175175e-12,0.0,0.0,6112484.664,1,1.0,dos,TA0040 Impact / T1498 Network Denial of Service
friday_ddos,281,3.8726272672259996,699.6582284477581,1,1,0.0020833333333333333,137.2461377036,-1.4428232973175175e-12,0.0,0.0,12132302.558,1,1.0,dos,TA0040 Impact / T1498 Network Denial of Service
friday_ddos,282,16.958175765886,25082.3498465908,1,1,0.004081632653061225,1180.7713416996003,-1.4428232973175175e-12,0.0,0.0,45107996.09,1,1.0,dos,TA0040 Impact / T1498 Network Denial of Service
friday_ddos,283,17.128887990322,23874.591941260598,1,1,0.0037735849056603774,1153.2301353126002,-1.4428232973175175e-12,0.0,0.0,49768856.92,1,1.0,dos,TA0040 Impact / T1498 Network Denial of Service
friday_ddos,284,24.456006752196,35320.8670967002,1,1,0.004545454545454545,1196.880466359,-1.4428232973175175e-12,0.0,0.0,41945028.044,1,1.0,dos,TA0040 Impact / T1498 Network Denial of Service
friday_ddos,285,41.031387190846,58837.4926223618,1,1,0.004098360655737705,1185.4531702452,-1.4428232973175175e-12,0.0,0.0,46232217.74,1,1.0,dos,TA0040 Impact / T1498 Network Denial of Service
friday_ddos,286,3634.6800054169976,493687.9977771855,1,1,0.0044444444444444444,1043.29649751,-1.4428232973175175e-12,0.0,0.0,27492738.168,1,1.0,dos,TA0040 Impact / T1498 Network Denial of Service
friday_ddos,287,22.466673498250003,29413.348526079244,1,1,0.004901960784313725,867.3911195320001,-1.4428232973175175e-12,0.0,0.0,2518519.3,1,1.0,dos,TA0040 Impact / T1498 Network Denial of Service
friday_ddos,288,317.45702924870596,177421.1606460184,1,1,0.004975124378109453,887.3638560286,-1.4428232973175175e-12,0.0,0.0,2652321.604,1,1.0,dos,TA0040 Impact / T1498 Network Denial of Service
friday_ddos,289,26.341284318282,33885.09422026057,1,1,0.005,882.545480222,-1.4428232973175175e-12,0.0,0.0,2808901.78,1,1.0,dos,TA0040 Impact / T1498 Network Denial of Service
friday_ddos,290,45.202535368762,57400.93623622221,1,1,0.0047169811320754715,850.15123814,-1.4428232973175175e-12,0.0,0.0,3360667.784,1,1.0,dos,TA0040 Impact / T1498 Network Denial of Service
friday_ddos,291,196.85710885647,74664.25561968228,1,1,0.004807692307692308,858.255166712,-1.4428232973175175e-12,0.0,0.0,2839256.872,1,1.0,dos,TA0040 Impact / T1498 Network Denial of Service
friday_ddos,292,31448.135689767787,902749.198290016,270,270,0.11392405063291139,511.15915486493,6.3137621730069835,0.0,0.07,17314672.148,1,0.244,dos,TA0040 Impact / T1498 Network Denial of Service
friday_ddos,293,12.87586265113,16710.43979619526,453,453,0.08072916666666667,563.660094692292,8.777784284008547,0.0,0.06,25801460.874,0,0.0,none,-
friday_ddos,294,25.795523328860003,30664.465330885418,477,477,0.11538461538461539,572.1445981954399,8.873784283973922,0.0,0.088,27808594.088,0,0.0,none,-
friday_ddos,295,10.544566612124001,9979.553755035504,481,481,0.19487179487179487,614.621142759214,8.889784283968151,0.0,0.15,31098084.388,0,0.0,none,-
friday_ddos,296,16757.137796123927,236326.32606697932,319,319,0.095,314.07543694691003,7.005178873390923,0.0,0.074,19656897.442,1,0.194,dos,TA0040 Impact / T1498 Network Denial of Service
friday_ddos,297,4.739241227172,28.435447362912004,1,1,0.001996007984031936,7.367400000000001,-1.4428232973175175e-12,0.0,0.0,5761227.888,1,1.0,dos,TA0040 Impact / T1498 Network Denial of Service
friday_ddos,298,5.469073236490001,32.814439421166,1,1,0.001996007984031936,7.351400000000002,-1.4428232973175175e-12,0.0,0.0,6880620.184,1,1.0,dos,TA0040 Impact / T1498 Network Denial of Service
friday_ddos,299,139.95420028969397,70123.45359238244,1,1,0.0037174721189591076,1110.050173727,-1.4428232973175175e-12,0.0,0.0,47854178.414,1,1.0,dos,TA0040 Impact / T1498 Network Denial of Service
friday_ddos,300,55.493513107566,79977.63140649439,1,1,0.004201680672268907,1181.8633725299999,-1.4428232973175175e-12,0.0,0.0,45083123.086,1,1.0,dos,TA0040 Impact / T1498 Network Denial of Service
friday_ddos,301,24.489020346314003,35872.578612666606,1,1,0.004032258064516129,1182.1604280381998,-1.4428232973175175e-12,0.0,0.0,48145420.778,1,1.0,dos,TA0040 Impact / T1498 Network Denial of Service
friday_ddos,302,81.74003529700599,24059.8123858584,1,1,0.004098360655737705,1156.8628850886,-1.4428232973175175e-12,0.0,0.0,47079314.936,1,1.0,dos,TA0040 Impact / T1498 Network Denial of Service
friday_ddos,303,31.750500922888,43897.63676322395,1,1,0.004329004329004329,1127.5046834050002,-1.4428232973175175e-12,0.0,0.0,38821711.994,1,1.0,dos,TA0040 Impact / T1498 Network Denial of Service
friday_ddos,304,48.09860614559,69589.11744418638,1,1,0.004975124378109453,882.54792783,-1.4428232973175175e-12,0.0,0.0,2921791.906,1,1.0,dos,TA0040 Impact / T1498 Network Denial of Service
friday_ddos,305,49.563984311367996,70527.90518620607,1,1,0.004807692307692308,851.585508782,-1.4428232973175175e-12,0.0,0.0,2952558.534,1,1.0,dos,TA0040 Impact / T1498 Network Denial of Service
friday_ddos,306,39.309721113352,57720.739633066965,1,1,0.004901960784313725,878.270707986,-1.4428232973175175e-12,0.0,0.0,3329189.04,1,1.0,dos,TA0040 Impact / T1498 Network Denial of Service
friday_ddos,307,269.2765139277441,113115.60634832253,1,1,0.004878048780487805,867.8114659299999,-1.4428232973175175e-12,0.0,0.0,3175464.838,1,1.0,dos,TA0040 Impact / T1498 Network Denial of Service
friday_ddos,308,30.774314470502002,40875.0706202224,1,1,0.004672897196261682,824.0051369920001,-1.4428232973175175e-12,0.0,0.0,3393156.46,1,1.0,dos,TA0040 Impact / T1498 Network Denial of Service
friday_ddos,309,21023.3950888074,620318.4420849679,31,31,0.007142857142857143,397.66210478142,1.5650944741759578,0.0,0.0,1669834.148,1,0.406,dos,TA0040 Impact / T1498 Network Denial of Service
friday_ddos,310,13760.168219276626,866013.5004001842,7,7,0.03333333333333333,95.519493957256,1.2018376827453514,0.0,0.002,7061712.43,0,0.0,none,-
friday_ddos,311,4061.9409075572785,215011.0978564088,160,160,0.18831168831168832,272.092140178274,4.110914914205475,0.0,0.056,21160986.802,0,0.0,none,-
friday_ddos,312,11.314504367616,13728.90627841313,458,458,0.13984168865435356,624.576643202018,8.797784284001331,0.0,0.104,30552273.952,0,0.0,none,-
friday_ddos,313,15.225169750484,17111.112135621705,460,460,0.2544987146529563,598.5726864994981,8.805784283998447,0.0,0.196,27915583.064,0,0.0,none,-
friday_ddos,314,13.366633035168,15514.96706334639,472,472,0.095,524.433151146176,8.853784283981135,0.0,0.074,29501147.174,0,0.0,none,-
friday_ddos,315,30622.854281508444,568599.4845980833,289,289,0.2047930283224401,255.540378643226,6.18923455400869,0.0,0.186,17086019.348,1,0.328,dos,TA0040 Impact / T1498 Network Denial of Service
friday_ddos,316,6.514588544888001,39.08753126753199,1,1,0.001996007984031936,7.341600000000001,-1.4428232973175175e-12,0.0,0.0,6321468.89,1,1.0,dos,TA0040 Impact / T1498 Network Denial of Service
friday_ddos,317,76.745495845,45267.02915881674,1,1,0.001996007984031936,8.717400000000001,-1.4428232973175175e-12,0.0,0.0,5593234.792,1,1.0,dos,TA0040 Impact / T1498 Network Denial of Service
friday_ddos,318,51.723278954912,73108.58972420884,1,1,0.0038461538461538464,1065.8939054749999,-1.4428232973175175e-12,0.0,0.0,41033679.882,1,1.0,dos,TA0040 Impact / T1498 Network Denial of Service
friday_ddos,319,57.303940600876004,67084.2503723258,1,1,0.0038022813688212928,1147.3850707898,-1.4428232973175175e-12,0.0,0.0,50971573.578,1,1.0,dos,TA0040 Impact / T1498 Network Denial of Service
friday_ddos,320,61.160663837521994,88173.9470109158,1,1,0.003484320557491289,1135.2760153978002,-1.4428232973175175e-12,0.0,0.0,54545788.846,1,1.0,dos,TA0040 Impact / T1498 Network Denial of Service
friday_ddos,321,1381.674709718176,78532.8604975066,1,1,0.003875968992248062,1171.8888700861999,-1.4428232973175175e-12,0.0,0.0,49114849.174,1,1.0,dos,TA0040 Impact / T1498 Network Denial of Service
friday_ddos,322,79.87867998995401,91169.8975798879,1,1,0.00392156862745098,1154.486789945,-1.4428232973175175e-12,0.0,0.0,48991243.432,1,1.0,dos,TA0040 Impact / T1498 Network Denial of Service
friday_ddos,323,479.59040254161994,312055.02547968255,1,1,0.004975124378109453,888.4453611560001,-1.4428232973175175e-12,0.0,0.0,3084819.02,1,1.0,dos,TA0040 Impact / T1498 Network Denial of Service
friday_ddos,324,93.831913780738,91926.37921236316,1,1,0.0045871559633027525,819.3763667205999,-1.4428232973175175e-12,0.0,0.0,3829813.108,1,1.0,dos,TA0040 Impact / T1498 Network Denial of Service
friday_ddos,325,71.121405741296,93981.8159314092,1,1,0.004273504273504274,772.632846074,-1.4428232973175175e-12,0.0,0.0,3814893.148,1,1.0,dos,TA0040 Impact / T1498 Network Denial of Service
friday_ddos,326,72.739058303712,99251.40403692148,1,1,0.004651162790697674,842.978782586,-1.4428232973175175e-12,0.0,0.0,3021251.78,1,1.0,dos,TA0040 Impact / T1498 Network Denial of Service
friday_ddos,327,128.76493642652397,89802.74947582046,1,1,0.0045662100456621,821.071950838,-1.4428232973175175e-12,0.0,0.0,3278095.182,1,1.0,dos,TA0040 Impact / T1498 Network Denial of Service
friday_ddos,328,8091.4561353818435,176979.22431215076,14,14,0.06565656565656566,664.2667034445999,1.178413516352781,0.0,0.024,4705462.06,1,0.776,dos,TA0040 Impact / T1498 Network Denial of Service
friday_ddos,329,6934.426138925614,356434.41493546136,176,176,0.18181818181818182,326.77567980609405,4.732938150708394,0.0,0.066,20866752.738,0,0.0,none,-
friday_ddos,330,25.695173057484002,32057.261961906323,461,461,0.2125,577.199810229836,8.809784283997004,0.0,0.168,28894733.09,0,0.0,none,-
friday_ddos,331,39.507894092114,53006.01146029147,481,481,0.2,710.971400481526,8.889784283968151,0.0,0.132,23812419.946,0,0.0,none,-
friday_ddos,332,29.67818608002,39531.01384692472,473,473,0.2664835164835165,671.2815341056441,8.85778428397969,0.0,0.192,29272392.946,0,0.0,none,-
friday_ddos,333,65570.1664120815,1206072.6010161825,173,173,0.06153846153846154,81.77884427019,3.9010508299034505,0.0,0.054,7798676.402,1,0.578,dos,TA0040 Impact / T1498 Network Denial of Service
friday_ddos,334,241.92982281779007,37697.79687773977,1,1,0.002008032128514056,16.7303555566,-1.4428232973175175e-12,0.0,0.0,5983159.758,1,1.0,dos,TA0040 Impact / T1498 Network Denial of Service
friday_ddos,335,190.194431144186,68456.25219580806,1,1,0.0020408163265306124,114.35703724439999,-1.4428232973175175e-12,0.0,0.0,13587186.594,1,1.0,dos,TA0040 Impact / T1498 Network Denial of Service
friday_ddos,336,18.134612874564,26103.5918326078,1,1,0.003861003861003861,1153.3610813316,-1.4428232973175175e-12,0.0,0.0,51965361.51,1,1.0,dos,TA0040 Impact / T1498 Network Denial of Service
friday_ddos,337,225.54995167648204,57115.406026137,1,1,0.0037593984962406013,1153.1203985666,-1.4428232973175175e-12,0.0,0.0,52037903.822,1,1.0,dos,TA0040 Impact / T1498 Network Denial of Service
friday_ddos,338,11.391732175384,16497.9257046712,1,1,0.00423728813559322,1188.8255110374,-1.4428232973175175e-12,0.0,0.0,46526738.596,1,1.0,dos,TA0040 Impact / T1498 Network Denial of Service
friday_ddos,339,8.291796245843999,11967.0977247768,1,1,0.004048582995951417,1192.3674207227998,-1.4428232973175175e-12,0.0,0.0,47765472.392,1,1.0,dos,TA0040 Impact / T1498 Network Denial of Service
friday_ddos,340,347.6521101098581,33680.66688674569,1,1,0.0043859649122807015,1054.3327874458,-1.4428232973175175e-12,0.0,0.0,29932096.556,1,1.0,dos,TA0040 Impact / T1498 Network Denial of Service
friday_ddos,341,17.258382981272,23354.961299806335,1,1,0.004651162790697674,833.597916738,-1.4428232973175175e-12,0.0,0.0,2918148.022,1,1.0,dos,TA0040 Impact / T1498 Network Denial of Service
friday_ddos,342,76.299962788542,38671.985766822036,1,1,0.004545454545454545,802.430753238,-1.4428232973175175e-12,0.0,0.0,2765613.458,1,1.0,dos,TA0040 Impact / T1498 Network Denial of Service
friday_ddos,343,13.702831723102001,18273.979919169677,1,1,0.004545454545454545,812.367262766,-1.4428232973175175e-12,0.0,0.0,3085188.168,1,1.0,dos,TA0040 Impact / T1498 Network Denial of Service
friday_ddos,344,15.801598962894,14109.989598342423,1,1,0.0047169811320754715,846.5956460919999,-1.4428232973175175e-12,0.0,0.0,2740348.134,1,1.0,dos,TA0040 Impact / T1498 Network Denial of Service
friday_ddos,345,22.128289976201998,27699.174858527913,1,1,0.004694835680751174,834.76455085,-1.4428232973175175e-12,0.0,0.0,2684158.028,1,1.0,dos,TA0040 Impact / T1498 Network Denial of Service
friday_ddos,346,26478.64723937195,1084038.3931589767,72,72,0.1732283464566929,275.4805644059,2.3443793124476153,0.0,0.042,1135094.95,1,0.228,dos,TA0040 Impact / T1498 Network Denial of Service
friday_ddos,347,10575.873339237645,612627.5979872007,6,6,0.015384615384615385,102.42225851278002,1.3535148893538802,0.0,0.0,7369078.216,0,0.0,none,-
friday_ddos,348,31245.241019520385,622838.8253361168,5,5,0.047619047619047616,172.713603873882,1.606098121083826,0.0,0.004,9118704.322,0,0.0,none,-
friday_ddos,349,45225.007569830384,516310.65336711454,4,4,0.15625,167.13899154798,1.3448338784071363,0.0,0.008,12917757.04,0,0.0,none,-
friday_ddos,350,15733.618936253932,599213.2367805719,9,9,0.22727272727272727,123.29281769542,1.2559883711966453,0.0,0.008,14362845.106,0,0.0,none,-
friday_ddos,351,194.929285915362,23251.674044543543,226,226,0.06329113924050633,433.93075692992403,4.897703322166134,0.0,0.018,14576621.066,0,0.0,none,-
friday_ddos,352,11.197890721868,13983.763678501342,463,463,0.13387978142076504,644.64858790473,8.817784283994119,0.0,0.096,28619710.714,0,0.0,none,-
friday_ddos,353,6.0338123215640005,7154.984088705169,460,460,0.06036745406824147,612.424433025096,8.805784283998447,0.0,0.044,34147056.162,0,0.0,none,-
friday_ddos,354,8.338146365710001,9820.288621418247,458,458,0.17661691542288557,593.4610665471479,8.797784284001331,0.0,0.14,34272438.664,0,0.0,none,-
friday_ddos,355,89601.15334114137,1694612.8991946676,333,333,0.15443037974683543,246.762250781208,7.024067707666386,0.0,0.12,5624887.036,1,0.226,dos,TA0040 Impact / T1498 Network Denial of Service
friday_ddos,356,30.466688185412,30399.998259744036,1,1,0.002688172043010753,395.38909526,-1.4428232973175175e-12,0.0,0.0,4222468.258,1,1.0,dos,TA0040 Impact / T1498 Network Denial of Service
friday_ddos,357,239.35790625847397,19811.984858368036,1,1,0.001996007984031936,8.705,-1.4428232973175175e-12,0.0,0.0,6077788.846,1,1.0,dos,TA0040 Impact / T1498 Network Denial of Service
friday_ddos,358,5.937674903734,851.4422680707358,1,1,0.002044989775051125,72.6056414236,-1.4428232973175175e-12,0.0,0.0,9517642.008,1,1.0,dos,TA0040 Impact / T1498 Network Denial of Service
friday_ddos,359,30.125765558900007,43133.46660231201,1,1,0.004329004329004329,1188.4821422851999,-1.4428232973175175e-12,0.0,0.0,46929734.97,1,1.0,dos,TA0040 Impact / T1498 Network Denial of Service
friday_ddos,360,48.688379321953995,70899.23057903381,1,1,0.003952569169960474,1168.9239942943998,-1.4428232973175175e-12,0.0,0.0,51307614.482,1,1.0,dos,TA0040 Impact / T1498 Network Denial of Service
friday_ddos,361,37.07895222153601,54604.2230986892,1,1,0.004273504273504274,1177.83958324887,-1.4428232973175175e-12,0.0,0.0,46036739.98,1,1.0,dos,TA0040 Impact / T1498 Network Denial of Service
friday_ddos,362,96.21046547759,94992.34063277818,1,1,0.0038022813688212928,705.3201040006,-1.4428232973175175e-12,0.0,0.0,3545996.336,1,1.0,dos,TA0040 Impact / T1498 Network Denial of Service
friday_ddos,363,37.447660823196,48623.18915195382,1,1,0.004273504273504274,782.545138154,-1.4428232973175175e-12,0.0,0.0,3079571.17,1,1.0,dos,TA0040 Impact / T1498 Network Denial of Service
friday_ddos,364,29.993433580642,40209.97681444462,1,1,0.004739336492890996,832.93097468,-1.4428232973175175e-12,0.0,0.0,2804911.858,1,1.0,dos,TA0040 Impact / T1498 Network Denial of Service
friday_ddos,365,42.472206336238,59708.73860325012,1,1,0.004672897196261682,823.65097784,-1.4428232973175175e-12,0.0,0.0,2861514.32,1,1.0,dos,TA0040 Impact / T1498 Network Denial of Service
friday_ddos,366,36.606789047566004,51495.84858642911,1,1,0.004878048780487805,850.2611532399999,-1.4428232973175175e-12,0.0,0.0,2549905.018,1,1.0,dos,TA0040 Impact / T1498 Network Denial of Service
friday_ddos,367,46.826530379928,64678.454854337106,1,1,0.004608294930875576,825.765409576,-1.4428232973175175e-12,0.0,0.0,2666886.578,1,1.0,dos,TA0040 Impact / T1498 Network Denial of Service
friday_ddos,368,17561.130689512993,345086.8224700712,36,36,0.02617801047120419,585.3426078525999,1.486814728444107,0.0,0.008,2567141.182,1,0.644,dos,TA0040 Impact / T1498 Network Denial of Service
friday_ddos,369,6415.193861033032,411472.6205116135,8,8,0.4461538461538462,109.11126384238,1.588804542754547,0.0,0.056,13193311.998,0,0.0,none,-
friday_ddos,370,3365.780087543775,159938.61498857985,297,297,0.24642857142857144,377.753746489166,6.440557815924116,0.0,0.136,28419744.884,0,0.0,none,-
friday_ddos,371,17.039107372932,19386.05687772288,487,487,0.11688311688311688,586.395195989528,8.913784283959494,0.0,0.088,27940993.44,0,0.0,none,-
friday_ddos,372,45.871374547942,62373.13197821568,467,467,0.19121447028423771,526.710739602204,8.833784283988347,0.0,0.146,19290828.008,0,0.0,none,-
friday_ddos,373,13482.434143084567,323869.6322751615,438,438,0.14121037463976946,482.25842221664203,8.712274509025859,0.0,0.096,4708957.172,0,0.0,none,-
friday_ddos,374,61884.86298619253,765750.044066035,161,161,0.05389221556886228,9.555633333319998,3.2630983724233715,0.0,0.052,3172221.568,1,0.678,dos,TA0040 Impact / T1498 Network Denial of Service
friday_ddos,375,142.293352646136,48026.17126895723,1,1,0.001996007984031936,8.0153,-1.4428232973175175e-12,0.0,0.0,7246801.07,1,1.0,dos,TA0040 Impact / T1498 Network Denial of Service
friday_ddos,376,23.419734385616,29386.281782169768,1,1,0.002347417840375587,220.490463502,-1.4428232973175175e-12,0.0,0.0,6122935.902,1,1.0,dos,TA0040 Impact / T1498 Network Denial of Service
friday_ddos,377,507.04314887206795,126200.39721051419,1,1,0.003968253968253968,736.9070131679999,-1.4428232973175175e-12,0.0,0.0,3103768.674,1,1.0,dos,TA0040 Impact / T1498 Network Denial of Service
friday_ddos,378,34.224601141095995,47660.21888195577,1,1,0.003703703703703704,674.212664338,-1.4428232973175175e-12,0.0,0.0,3421946.198,1,1.0,dos,TA0040 Impact / T1498 Network Denial of Service
friday_ddos,379,20.014585134052,27852.70929801976,1,1,0.0040650406504065045,763.455281788,-1.4428232973175175e-12,0.0,0.0,3485332.044,1,1.0,dos,TA0040 Impact / T1498 Network Denial of Service
friday_ddos,380,43.057858307611994,55780.12562322736,1,1,0.00398406374501992,740.8529762240001,-1.4428232973175175e-12,0.0,0.0,2970343.774,1,1.0,dos,TA0040 Impact / T1498 Network Denial of Service
friday_ddos,381,416.31947085516595,70626.51599606672,1,1,0.0043859649122807015,792.6637905279999,-1.4428232973175175e-12,0.0,0.0,3780922.816,1,1.0,dos,TA0040 Impact / T1498 Network Denial of Service
friday_ddos,382,49.187812661712,72398.03481683631,1,1,0.004629629629629629,841.70156636,-1.4428232973175175e-12,0.0,0.0,3166973.444,1,1.0,dos,TA0040 Impact / T1498 Network Denial of Service
friday_ddos,383,22.481858027226,29762.41979705408,1,1,0.0044444444444444444,802.877651648,-1.4428232973175175e-12,0.0,0.0,3242635.884,1,1.0,dos,TA0040 Impact / T1498 Network Denial of Service
friday_ddos,384,27.981589769874002,34960.36323415902,1,1,0.004784688995215311,861.9532778199999,-1.4428232973175175e-12,0.0,0.0,2771202.97,1,1.0,dos,TA0040 Impact / T1498 Network Denial of Service
friday_ddos,385,38.929673825494,55724.59281429431,1,1,0.004878048780487805,876.820581806,-1.4428232973175175e-12,0.0,0.0,2880877.084,1,1.0,dos,TA0040 Impact / T1498 Network Denial of Service
friday_ddos,386,5455.962997426499,50735.76233740502,36,36,0.009345794392523364,761.1674571739401,0.8039334377413246,0.0,0.002,2278492.1,1,0.85,dos,TA0040 Impact / T1498 Network Denial of Service
friday_ddos,387,17876.17462324056,1106068.6068025697,5,5,0.07692307692307693,81.39435886666,0.5777867823854278,0.0,0.002,106990.868,0,0.0,none,-
friday_ddos,388,33782.53601676647,485674.2856281719,283,283,0.2900763358778626,420.26720680197997,6.538573075136798,0.004,0.15,6067387.83,0,0.0,none,-
friday_ddos,389,21.560442859544,24129.45011671455,487,487,0.14324324324324325,455.722300457392,8.913784283959494,0.0,0.104,4394811.404,0,0.0,none,-
friday_ddos,390,8.754147662736,8073.985525436443,465,465,0.2755102040816326,429.29565318427797,8.825784283991233,0.0,0.214,5132595.644,0,0.0,none,-
friday_ddos,391,22.27523777494,29176.168245699635,456,456,0.22343324250681199,476.310013506622,8.789784284004217,0.0,0.162,4935438.386,0,0.0,none,-
friday_ddos,392,20815.50527517261,558730.220693598,165,165,0.08722741433021806,514.203735353562,3.4628262605482965,0.0,0.054,2820431.556,1,0.654,dos,TA0040 Impact / T1498 Network Denial of Service
friday_ddos,393,53.47265836790599,9037.376398845843,1,1,0.0021645021645021645,73.83381984465599,-1.4428232973175175e-12,0.0,0.0,1816147.94,1,1.0,dos,TA0040 Impact / T1498 Network Denial of Service
friday_ddos,394,113.561650586988,157083.58967047776,1,1,0.004807692307692308,853.4255504960001,-1.4428232973175175e-12,0.0,0.0,2278598.768,1,1.0,dos,TA0040 Impact / T1498 Network Denial of Service
friday_ddos,395,19376.978708422794,740643.4036266728,57,57,0.24528301886792453,142.59755854726,2.5000754685100826,0.0,0.05,9343692.792,1,0.042,dos,TA0040 Impact / T1498 Network Denial of Service
friday_ddos,396,7246.771341604452,330846.2297274737,299,299,0.15845070422535212,265.746665275206,6.6597525803221505,0.0,0.088,8066066.494,0,0.0,none,-
friday_ddos,397,63278.41053170186,1065444.6105284737,106,106,0.16546762589928057,131.62386278678,3.300556421569664,0.0,0.044,13371481.108,0,0.0,none,-
friday_ddos,398,22742.49515189806,559406.8149390994,74,74,0.2079207920792079,105.971299480386,2.7367817582094616,0.0,0.04,11769326.284,0,0.0,none,-
friday_ddos,399,56331.93922619409,970449.9042892422,126,126,0.19895287958115182,135.22073663784,3.9303371083925667,0.0,0.074,10677071.502,0,0.0,none,-
friday_ddos,400,42933.44881216789,1222152.7706037052,127,127,0.2681564245810056,124.91054871607601,3.896220710277224,0.0,0.094,8176117.654,0,0.0,none,-
friday_ddos,401,3862.97180001102,491586.61030067434,5,5,0.02040816326530612,149.22482709039997,1.3743315666324667,0.0,0.0,11836940.212,0,0.0,none,-
friday_ddos,402,61316.796285438235,1910465.9014856804,91,91,0.22941176470588234,119.581328676572,3.1741884392870636,0.0,0.076,9644025.864,0,0.0,none,-
friday_ddos,403,32028.672785600527,761240.7921719295,82,82,0.1956521739130435,129.681118387184,3.108282903665656,0.0,0.052,15392829.406,0,0.0,none,-
friday_ddos,404,84205.46869836727,1516127.8382935887,131,131,0.14917127071823205,81.1290824602,3.8377865369184763,0.0,0.052,8024562.97,0,0.0,none,-
friday_ddos,405,10625.370487917344,369537.1896494364,8,8,0.35555555555555557,119.31390060861999,1.2362337484029404,0.0,0.03,8475567.218,0,0.0,none,-
friday_ddos,406,14702.54499266928,787168.2880626735,10,10,0.06521739130434782,127.29976012543999,1.4523131789733026,0.0,0.004,10690740.502,0,0.0,none,-
friday_ddos,407,61670.81617495602,1414868.519285224,129,129,0.2222222222222222,111.390237012,4.020051449285147,0.016,0.078,12023508.854,0,0.0,none,-
friday_ddos,408,121385.85666437991,1908784.271185502,202,202,0.19391634980988592,81.4847848312,5.388017095211865,0.0,0.1,7068668.856,0,0.0,none,-
friday_ddos,409,29562.17199098719,1127201.5692085696,64,64,0.33043478260869563,116.19482779054,2.8178878637640095,0.0,0.074,12985784.17,0,0.0,none,-
friday_ddos,410,27535.065524814585,1577925.8524899934,58,58,0.08333333333333333,111.82898610446,2.682443430873449,0.0,0.012,15726887.04,0,0.0,none,-
friday_ddos,411,40994.98134257977,931594.411641794,101,101,0.06626506024096386,119.05090155022,3.3243270463492753,0.0,0.02,7930158.934,0,0.0,none,-
friday_ddos,412,6994.325779370108,381395.3518744071,3,3,0.027777777777777776,120.95840361148,0.8280835106443815,0.0,0.0,2035793.496,0,0.0,none,-
friday_ddos,413,609.2386706680061,9277.168590040133,7,7,0.014184397163120567,231.33034718281402,1.1474815318699731,0.0,0.002,15256979.684,0,0.0,none,-
friday_ddos,414,75586.2469147614,814654.1497922245,192,192,0.1409090909090909,69.76021592646,4.4955286024306265,0.0,0.06,6324640.234,0,0.0,none,-
friday_ddos,415,42052.54230706483,729323.1869312618,97,97,0.1642512077294686,102.62980984572,3.1402580414752888,0.0,0.066,10212832.52,0,0.0,none,-
friday_ddos,416,20554.92673668406,764637.3094712425,18,18,0.297029702970297,108.25611824826399,1.696333787095422,0.0,0.058,12936086.198,0,0.0,none,-
friday_ddos,417,27279.423062844602,745345.6999357357,65,65,0.05555555555555555,133.9666435411,2.6214071665794902,0.0,0.016,9707481.948,0,0.0,none,-
friday_ddos,418,78110.22690621704,1226488.3369582135,137,137,0.20388349514563106,122.50626115569399,4.08844614277899,0.0,0.082,14234573.53,0,0.0,none,-
friday_ddos,419,79703.12032955262,2256448.0928643188,151,151,0.3118811881188119,81.57376312841198,4.296024626605428,0.0,0.124,5882576.262,0,0.0,none,-
friday_ddos,420,38467.0782520967,1029802.5476737431,68,68,0.13043478260869565,138.2187133088,2.6720082690462625,0.0,0.022,18015151.478,0,0.0,none,-
friday_ddos,421,36948.17944951732,1103143.2893445534,71,71,0.07142857142857142,118.01382452051999,3.0081972719480286,0.0,0.018,9134914.094,0,0.0,none,-
friday_ddos,422,55262.8893753044,1641123.3863703725,102,102,0.3333333333333333,95.4697505821,3.58267688016366,0.002,0.096,10812946.41,0,0.0,none,-
friday_ddos,423,10333.371211955855,664509.2429122142,4,4,0.16666666666666666,141.50525978392,0.9475947202141599,0.0,0.0,12063728.702,0,0.0,none,-
friday_ddos,424,25591.32486809302,839203.3636883543,49,49,0.21666666666666667,147.19611395394,2.1799679028083316,0.002,0.024,15402669.138,0,0.0,none,-
friday_ddos,425,27705.295805749505,665632.5166302525,46,46,0.13186813186813187,112.94826549038,2.0248899114154972,0.0,0.022,14835019.534,0,0.0,none,-
friday_ddos,426,13004.254094439932,599461.8564251459,7,7,0.03333333333333333,144.030617435284,1.4764669430404198,0.0,0.002,9892439.126,0,0.0,none,-
friday_ddos,427,71400.49308707188,1357053.1534421444,156,156,0.27488151658767773,95.29707290671799,4.286294610296824,0.0,0.114,7628505.554,0,0.0,none,-
friday_ddos,428,67279.64979221488,829572.2756560695,150,150,0.1724137931034483,113.161159810076,4.1843356211149825,0.0,0.068,10547187.734,0,0.0,none,-
friday_ddos,429,59869.637177915196,1305440.4993779238,73,73,0.23387096774193547,128.95940683565198,2.9520702786611146,0.0,0.056,4082052.504,0,0.0,none,-
friday_ddos,430,47895.414248095956,1236628.8518932902,97,97,0.21374045801526717,113.42658929301999,3.30448081713571,0.0,0.054,12472128.574,0,0.0,none,-
friday_ddos,431,11259.736053660014,932317.4931919276,13,13,0.16666666666666666,157.71876917554002,1.5190049165802892,0.0,0.004,13151592.486,0,0.0,none,-
friday_ddos,432,76176.49212730925,1986577.12840462,132,132,0.1262135922330097,97.050297360784,4.357340408613826,0.0,0.05,7028983.536,0,0.0,none,-
friday_ddos,433,42562.55998154655,707012.4907324624,106,106,0.1342281879194631,124.84765182163001,3.4185506936017873,0.0,0.038,8072619.978,0,0.0,none,-
friday_ddos,434,52298.99078697942,1224800.7109998057,99,99,0.22758620689655173,97.50303808992001,3.4218581642604904,0.004,0.064,9726792.216,0,0.0,none,-
friday_ddos,435,5347.0648621501405,225658.30020671475,6,6,0.13829787234042554,155.362957399322,1.642303338856038,0.0,0.024,12362156.782,0,0.0,none,-
friday_ddos,436,61808.176095975105,871263.1012269497,129,129,0.18867924528301888,114.56371176144,3.962554490168361,0.0,0.078,8210613.332,0,0.0,none,-
friday_ddos,437,19415.451588387714,913456.1270776376,52,52,0.06666666666666667,139.04191045989998,2.4463220293246977,0.0,0.016,9149117.068,0,0.0,none,-
friday_ddos,438,23874.350617734995,763695.1767540559,40,40,0.12149532710280374,144.04533441956002,2.153299852136639,0.0,0.024,11935114.76,0,0.0,none,-
friday_ddos,439,11888.723850651017,544864.1866609377,9,9,0.10526315789473684,129.07039923974,1.4068691591712124,0.002,0.01,12592133.296,0,0.0,none,-
friday_ddos,440,53694.163623069646,664481.1438747924,130,130,0.10480349344978165,116.50340799634,3.9217428520427733,0.0,0.046,12996311.674,0,0.0,none,-
friday_ddos,441,54853.09372541655,2618100.971121536,97,97,0.3443708609271523,127.27237094344001,3.1712687727600137,0.0,0.102,14015781.222,0,0.0,none,-
friday_ddos,442,13440.60743154919,402975.665015337,6,6,0.046153846153846156,185.8538844801,1.3900121297315224,0.0,0.004,8685083.414,0,0.0,none,-
friday_ddos,443,72889.42578736223,1019682.3315744402,151,151,0.1297709923664122,75.73241528928399,4.274649940332098,0.0,0.066,9672820.842,0,0.0,none,-
friday_ddos,444,52185.8526351918,1376661.1886367502,89,89,0.27906976744186046,94.00286905712,3.182665714294594,0.002,0.094,8418011.376,0,0.0,none,-
friday_ddos,445,43477.33080234163,1034951.9533688703,102,102,0.375,158.70021747142002,3.3404269025577724,0.0,0.082,25122214.614,0,0.0,none,-
friday_ddos,446,22269.78936958407,1089566.127882155,17,17,0.1565217391304348,138.61725689472,1.9618714481768191,0.0,0.034,11712824.806,0,0.0,none,-
friday_ddos,447,40588.40926484703,711780.3024340917,78,78,0.13740458015267176,127.73632629056,2.776131484004379,0.0,0.034,12950922.724,0,0.0,none,-
friday_ddos,448,73361.45576487752,1456259.4868076895,147,147,0.16842105263157894,69.12616948588,3.918644965362187,0.0,0.062,7074380.738,0,0.0,none,-
friday_ddos,449,5935.624360797317,180248.20304659894,12,12,0.01694915254237288,151.63511060348,1.7684646040214769,0.0,0.002,13903820.962,0,0.0,none,-
friday_ddos,450,88103.75458754315,1220373.8557835931,159,159,0.21323529411764705,74.15896689554,4.840652612820807,0.01,0.114,3264659.408,0,0.0,none,-
