window_id,packet_rate,byte_rate,unique_dst_ips,unique_dst_ports,syn_ack_ratio,avg_pkt_size,dst_port_entropy,failed_conn_rate,src_ip_flag,attack_type,label_attack_now,attack_fraction,packet_rate_ma3,packet_rate_std3,byte_rate_ma3,byte_rate_std3,unique_dst_ips_ma3,unique_dst_ips_std3,unique_dst_ports_ma3,unique_dst_ports_std3,syn_ack_ratio_ma3,syn_ack_ratio_std3,avg_pkt_size_ma3,avg_pkt_size_std3,dst_port_entropy_ma3,dst_port_entropy_std3,failed_conn_rate_ma3,failed_conn_rate_std3,portcount_slope3,entropy_slope3,packet_rate_ma6,packet_rate_std6,byte_rate_ma6,byte_rate_std6,unique_dst_ips_ma6,unique_dst_ips_std6,unique_dst_ports_ma6,unique_dst_ports_std6,syn_ack_ratio_ma6,syn_ack_ratio_std6,avg_pkt_size_ma6,avg_pkt_size_std6,dst_port_entropy_ma6,dst_port_entropy_std6,failed_conn_rate_ma6,failed_conn_rate_std6,portcount_slope6,entropy_slope6,packet_rate_ma12,packet_rate_std12,byte_rate_ma12,byte_rate_std12,unique_dst_ips_ma12,unique_dst_ips_std12,unique_dst_ports_ma12,unique_dst_ports_std12,syn_ack_ratio_ma12,syn_ack_ratio_std12,avg_pkt_size_ma12,avg_pkt_size_std12,dst_port_entropy_ma12,dst_port_entropy_std12,failed_conn_rate_ma12,failed_conn_rate_std12,portcount_slope12,entropy_slope12,y_forecast,windows_to_attack,intel_match,intel_confidence
0,62669.94103470395,1583002.1015229975,78,78,0.2307692307692307,581.3165838108999,2.6506117798563293,0.0,,none,0,0.0,62669.94103470395,0.0,1583002.1015229975,0.0,78.0,0.0,78.0,0.0,0.2307692307692307,0.0,581.3165838108999,0.0,2.6506117798563293,0.0,0.0,0.0,0.0,0.0,62669.94103470395,0.0,1583002.1015229975,0.0,78.0,0.0,78.0,0.0,0.2307692307692307,0.0,581.3165838108999,0.0,2.6506117798563293,0.0,0.0,0.0,0.0,0.0,62669.94103470395,0.0,1583002.1015229975,0.0,78.0,0.0,78.0,0.0,0.2307692307692307,0.0,581.3165838108999,0.0,2.6506117798563293,0.0,0.0,0.0,0.0,0.0,0,-1,0,0.0
1,3362.307448153212,203682.36143727624,3,3,0.2941176470588235,122.65606085102,0.9722286472546224,0.0,,none,0,0.0,33016.12424142858,41936.829885177074,893342.2314801369,975326.3416390797,40.5,53.033008588991066,40.5,53.033008588991066,0.2624434389140271,0.0447940947357994,351.98632233096,324.32196604749925,1.811420213555476,1.1867960944917875,0.0,0.0,0.0,0.0,33016.12424142858,41936.829885177074,893342.2314801369,975326.3416390797,40.5,53.033008588991066,40.5,53.033008588991066,0.2624434389140271,0.0447940947357994,351.98632233096,324.32196604749925,1.811420213555476,1.1867960944917875,0.0,0.0,0.0,0.0,33016.12424142858,41936.829885177074,893342.2314801369,975326.3416390797,40.5,53.033008588991066,40.5,53.033008588991066,0.2624434389140271,0.0447940947357994,351.98632233096,324.32196604749925,1.811420213555476,1.1867960944917875,0.0,0.0,0.0,0.0,0,-1,0,0.0
2,5558.435315072432,362505.7798310116,4,4,0.1538461538461538,136.67023790358002,1.3692484346683091,0.0,,none,0,0.0,23863.561265976532,33625.244645474144,716396.7475970951,754691.8902090752,28.333333333333332,43.015501081974314,28.333333333333332,43.015501081974314,0.22624434389140266,0.0702451343722173,280.2142941885,260.8563606690545,1.6640296205930871,0.877162724716397,0.0,0.0,0.0,0.0,23863.561265976532,33625.244645474144,716396.7475970951,754691.8902090752,28.333333333333332,43.015501081974314,28.333333333333332,43.015501081974314,0.22624434389140266,0.0702451343722173,280.2142941885,260.8563606690545,1.6640296205930871,0.877162724716397,0.0,0.0,0.0,0.0,23863.561265976532,33625.244645474144,716396.7475970951,754691.8902090752,28.333333333333332,43.015501081974314,28.333333333333332,43.015501081974314,0.22624434389140266,0.0702451343722173,280.2142941885,260.8563606690545,1.6640296205930871,0.877162724716397,0.0,0.0,0.0,0.0,0,-1,0,0.0
3,99039.3094854411,1475983.6598085323,227,227,0.1677631578947368,124.245187237188,5.4644259318712685,0.0,,none,0,0.0,35986.68408288892,54616.21482689818,680723.9336922733,693278.2583814729,78.0,129.0387538687506,78.0,129.0387538687506,0.2052423195999047,0.07728220120842574,127.85716199726268,7.673595041810039,2.6019676712647333,2.486896991872692,0.0,0.0,149.0,2.813814152014939,42657.49832084267,46546.96193166361,906293.4756499544,723843.6539743631,78.0,105.35970134100924,78.0,105.35970134100924,0.2116240473922362,0.06437855399283263,241.22201745067198,226.8162645148418,2.6141286984126326,2.0306885518091633,0.0,0.0,0.0,0.0,42657.49832084267,46546.96193166361,906293.4756499544,723843.6539743631,78.0,105.35970134100924,78.0,105.35970134100924,0.2116240473922362,0.06437855399283263,241.22201745067198,226.8162645148418,2.6141286984126326,2.0306885518091633,0.0,0.0,0.0,0.0,0,-1,0,0.0
4,9796.195147292376,397303.9246501428,5,5,0.131578947368421,145.65024103822,1.5529310799435745,0.0,,none,0,0.0,38131.31331593531,52790.41248311377,745264.4547632289,633060.5383272942,78.66666666666667,128.46140795325783,78.66666666666667,128.46140795325783,0.1510627530364372,0.018251979698208957,135.52188872632934,10.748633002895861,2.7955351488277174,2.313151170460967,0.0,0.0,2.0,0.580702432688952,36085.23768613262,42906.151051493805,804495.5654499921,666915.511256573,63.4,96.90871993788794,63.4,96.90871993788794,0.19561502738747316,0.06625626210571017,222.1076621681816,201.02488969198905,2.4018891747188205,1.821537831867754,0.0,0.0,0.0,0.0,36085.23768613262,42906.151051493805,804495.5654499921,666915.511256573,63.4,96.90871993788794,63.4,96.90871993788794,0.19561502738747316,0.06625626210571017,222.1076621681816,201.02488969198905,2.4018891747188205,1.821537831867754,0.0,0.0,0.0,0.0,0,-1,0,0.0
5,8916.94907761668,356262.2410591364,4,4,0.1770833333333333,283.18883096159004,1.5396858104909978,0.0,,none,0,0.0,39250.81790345006,51780.21883547926,743183.2751726038,634955.4376016633,78.66666666666667,128.46140795325783,78.66666666666667,128.46140795325783,0.1588084795321637,0.024037512016508198,184.361419745666,86.25362014308317,2.8523476074352803,2.26213587987812,0.0,0.0,0.0,0.1704373758226887,31557.189584713295,39947.08445050133,729790.0113848494,623944.3550291745,53.5,90.0061109036492,53.5,90.0061109036492,0.1925264117117832,0.05974237269584428,232.287856967083,181.52306524902713,2.2581886140141836,1.6668230755606142,0.0,0.0,0.0,0.0,31557.189584713295,39947.08445050133,729790.0113848494,623944.3550291745,53.5,90.0061109036492,53.5,90.0061109036492,0.1925264117117832,0.05974237269584428,232.287856967083,181.52306524902713,2.2581886140141836,1.6668230755606142,0.0,0.0,0.0,0.0,0,-1,0,0.0
6,23589.77075176144,554907.8329578674,83,83,0.2421875,137.74205320092,2.711318005594104,0.0,,none,0,0.0,14100.971658890165,8229.292167702844,436157.99955571553,104867.76028778042,30.666666666666668,45.32475409015839,30.666666666666668,45.32475409015839,0.18361659356725143,0.05559294555765387,188.86037506691,81.78647841986752,1.9346449653428923,0.6726511858909583,0.0,0.0,-144.0,-2.7531079262771643,25043.827870889538,36931.777524667224,558440.9666239944,463245.66389650694,54.333333333333336,90.30097821544717,54.333333333333336,90.30097821544717,0.19442945658357805,0.061364055404529466,158.35876853208634,61.770401056832256,2.268306318303813,1.6698629837738297,0.0,0.0,5.0,0.060706225737774844,30418.9868942916,36590.66139009087,704806.8430381378,573403.2112877681,57.714285714285715,82.91705551476183,57.714285714285715,82.91705551476183,0.19962085289581416,0.05767677391668756,218.78131357191685,169.51648793721318,2.3229213842398866,1.5312026727833177,0.0,0.0,0.0,0.0,0,-1,0,0.0
7,96364.73474861895,2660622.55543626,207,207,0.1666666666666666,72.84182838769999,5.593966292534947,0.0,,none,0,0.0,42957.15152599902,46830.549678934134,1190597.5431510878,1276947.5989065545,98.0,102.32790430767162,98.0,102.32790430767162,0.19531249999999997,0.040927691785160744,164.59090418340335,107.71309563959588,3.28165670287335,2.086447274431172,0.0,0.0,202.0,4.041035212591373,40544.232420967164,44709.70619089639,967930.9989571584,933831.2449795754,88.33333333333333,104.410088912263,88.33333333333333,104.410088912263,0.1731876265182186,0.03729204096060955,150.05639645486633,70.2891167348926,3.0385959258505335,1.9880811040163346,0.0,0.0,204.0,4.621737645280325,38662.20537608252,41124.36792105473,949283.807087903,871764.2759326139,76.375,93.16028813670708,76.375,93.16028813670708,0.1955015796171707,0.054654620230645136,200.53887792388974,165.2059665838197,2.731801997776769,1.8295103831316384,0.0,0.0,0.0,0.0,0,-1,0,0.0
8,50239.94218863684,864756.4777510023,78,78,0.2447552447552447,104.87843461253,2.9878412254373603,0.0,,none,0,0.0,56731.48256300574,36819.20583757916,1360095.6220483764,1136894.5747168048,122.66666666666667,73.07758434248723,122.66666666666667,73.07758434248723,0.21786980380730378,0.04436179964861882,105.15410540038333,32.45099060104454,3.764375174522138,1.5904933250761035,0.0,0.0,74.0,1.4481554149463625,47991.1502332279,41308.716798588765,1051639.4486104902,890198.4755224544,100.66666666666667,96.52909751296065,100.66666666666667,96.52909751296065,0.18833914166973376,0.045439855945449095,144.75776257302468,72.65838633804279,3.3083613909787086,1.818875858159471,0.0,0.0,74.0,1.6185927907690512,39948.62057747744,38661.42404162591,939891.8816060252,815947.429723012,76.55555555555556,87.14515349563496,76.55555555555556,87.14515349563496,0.20097420907695673,0.05369621618255422,189.90993977818312,157.79148869783725,2.760250800850168,1.7134770851414811,0.0,0.0,0.0,0.0,0,-1,0,0.0
9,13916.870278729117,620018.402129076,15,15,0.4166666666666667,142.779533198286,1.441092891215278,0.0,,none,0,0.0,53507.1824053283,41320.9236693289,1381799.145105446,1114233.4439076853,100.0,97.87236586493657,100.0,97.87236586493657,0.276029526029526,0.12790058835641518,106.83326539950532,35.0098080699887,3.3409668030625284,2.0988360171835554,0.0,0.0,-68.0,-1.2702251143788261,33804.077032109235,34291.556199813655,908978.5723305809,877084.1001380908,65.33333333333333,78.07346967226873,65.33333333333333,78.07346967226873,0.2298230597983887,0.10169414666026973,147.8468202332077,72.00291592348813,2.63780588420271,1.592592613111438,0.0,0.0,-212.0,-4.023333040655991,37345.44554760261,37368.33551531449,907904.5336583303,775904.4044180628,70.4,84.43564281615778,70.4,84.43564281615778,0.2225434548359277,0.08494258302168899,185.1968991201934,149.51193893085943,2.628335009886679,1.6684720089529899,0.0,0.0,0.0,0.0,0,-1,0,0.0
10,88226.54618196662,1138917.0587434615,176,176,0.2046511627906976,103.37858044486,4.487824431866391,0.0,,none,0,0.0,50794.45288311087,37157.941207684846,874563.9795411797,259588.3169127159,89.66666666666667,81.13158036999731,89.66666666666667,81.13158036999731,0.28869102473753633,0.11262951674820651,117.012182751892,22.327777596561866,2.9722528495063436,1.5234255867280495,0.0,0.0,-31.0,-1.106141860668556,46875.80220455494,38051.96682142212,1032580.761346134,842113.8105094286,93.83333333333333,82.7173903521301,93.83333333333333,82.7173903521301,0.24200176236876814,0.09143335421915716,140.8015434676477,74.29250749425356,3.1269547761898466,1.6426668323963611,0.0,0.0,171.0,2.934893351922817,41971.00015072661,38627.79515475742,928905.672302433,739375.6869032488,80.0,86.19860787738976,80.0,86.19860787738976,0.22091688283181588,0.08076398498518407,177.75887014970854,143.96876369269145,2.797379502793926,1.679212734169978,0.0,0.0,0.0,0.0,0,-1,0,0.0
11,11864.423448412272,758193.862555732,13,13,0.2788461538461538,177.35035757008,1.839226952705888,0.0,,none,0,0.0,38002.61330303601,43507.306396378015,839043.107809423,268731.1003635827,68.0,93.53608929178084,68.0,93.53608929178084,0.3000546611011727,0.1075871463323334,141.16949040440866,37.01216193515846,2.5893814252625194,1.656107505484507,0.0,0.0,-65.0,-1.1486142727314723,47367.04793302087,37478.620765423686,1099569.3649289,792052.3897493595,95.33333333333333,80.82243912841697,95.33333333333333,80.82243912841697,0.2589622324542382,0.08627566609492925,123.161797902396,36.855381641462536,3.176878299892328,1.588435559905801,0.0,0.0,9.0,0.29954114221489014,39462.11875886708,37841.70104269328,914679.6881568747,706687.4095077545,74.41666666666667,84.43228414570227,74.41666666666667,84.43228414570227,0.22574432208301073,0.07880030174748137,177.7248274347395,137.268880856538,2.7175334569532557,1.6247826619075623,0.0,0.0,0.0,0.0,0,-1,0,0.0
12,55294.362724842766,1404134.1017734008,142,142,0.1574074074074074,85.8450190849,3.812468602376085,0.0,,none,0,0.0,51795.11078507389,38301.136017056815,1100415.0076908646,324686.77846747503,110.33333333333333,85.99030953155905,110.33333333333333,85.99030953155905,0.21363490801475293,0.06121579079650596,122.19131903328001,48.56692385481102,3.379839995649455,1.376278600128808,0.0,0.0,127.0,2.371375711160807,52651.146595201084,35646.00479721818,1241107.0763981554,750018.7854248397,105.16666666666667,82.59156534820409,105.16666666666667,82.59156534820409,0.24483221702213945,0.09597030751782727,114.51229221639267,38.78832356459822,3.3604033993559916,1.5874997645386748,0.0,0.0,59.0,1.1011505967819808,38847.487233045314,37488.73938460024,899774.021511075,693064.5168936884,79.75,86.67087693735948,79.75,86.67087693735948,0.21963083680285875,0.08118472252342661,136.4355303742395,54.24533739014504,2.8143548588299026,1.654773193419844,0.0,0.0,64.0,1.1618568225197556,0,-1,0,0.0
13,68632.13355344467,1626235.520312857,114,114,0.2346368715083799,105.584495120742,3.5727261916248225,0.0,,none,0,0.0,45263.6399088999,29683.40913372244,1262854.4948806632,450936.83082363004,89.66666666666667,67.85523806850384,89.66666666666667,67.85523806850384,0.22363014425398034,0.06146302398835488,122.92662392524068,48.154634423134276,3.0748072489022653,1.0767372507440023,0.0,0.0,-62.0,-0.9150982402415688,48029.046396005375,30230.843797092377,1068709.2372109217,391819.99075993407,89.66666666666667,66.89294930459162,89.66666666666667,66.89294930459162,0.25616058449575835,0.08862911482735068,119.96940333856634,33.72615560434969,3.0235300492043042,1.181198828151137,0.0,0.0,-93.0,-2.021240100910125,44286.63940848628,36596.54236340959,1018320.11808404,684788.4382130328,89.0,83.60404513919386,89.0,83.60404513919386,0.21467410550698848,0.07797588020842505,135.01289989671633,54.85994480198199,3.0310629875274184,1.5591129961026935,0.0,0.0,111.0,2.6004975443702003,0,-1,0,0.0
14,16913.18865036373,598415.3330509171,31,31,0.3603603603603603,126.982633130252,1.914986320600821,0.0,,none,0,0.0,46946.561642883724,26851.008410299008,1209594.9850457248,540821.3062451223,95.66666666666667,57.72636601530823,95.66666666666667,57.72636601530823,0.25080154642538255,0.1024375312786293,106.137382445298,20.574379349844968,3.10006037153391,1.0332809325272712,0.0,0.0,18.0,0.0757593678949331,42474.587472959865,32703.871461633793,1024319.046427574,432520.80175816413,81.83333333333333,71.14890488733235,81.83333333333333,71.14890488733235,0.2754281037632776,0.09775038383422333,123.65343642485333,32.946269335327415,2.8447208983982146,1.265852486646084,0.0,0.0,-47.0,-1.0728549048365392,45232.86885309388,35638.41626759898,1037979.2475190321,667415.4397924228,91.25,81.44392940154373,91.25,81.44392940154373,0.23188362271650567,0.08573375923382485,134.205599498939,54.90460039371282,3.0765411446884614,1.5135252962356693,0.0,0.0,27.0,0.5457378859325119,0,-1,0,0.0
15,52316.91247294535,1169990.2819843616,68,68,0.3580246913580246,155.72276153126,2.67439168401925,0.0,,none,0,0.0,45954.078225584584,26440.055979829558,1131547.0451160453,514987.37477871956,71.0,41.58124577258357,71.0,41.58124577258357,0.3176739744089216,0.07192172259483562,129.42996326075135,25.158567293046655,2.720701398748298,0.829839630443367,0.0,0.0,-74.0,-1.1380769183568349,48874.59450532923,29608.38953022855,1115981.026403455,385414.2722363804,90.66666666666667,64.13631316708707,90.66666666666667,64.13631316708707,0.2656544412118373,0.08255471573684389,125.81064114701566,34.819523710968404,3.0502706971988762,1.0786332768592881,0.0,0.0,53.0,1.233298792803972,41339.33576871923,31542.466722911126,1012479.7993670179,654887.4606837765,78.0,69.39347624564247,78.0,69.39347624564247,0.247738750505113,0.09027058639987275,136.82873069011166,55.13691654819933,2.844038290700793,1.3145820819597696,0.0,0.0,-159.0,-2.7900342478520184,0,-1,0,0.0
16,24596.1859468314,725540.2943436293,80,80,0.1809523809523809,143.02931520005998,2.869599864794929,0.0,,none,0,0.0,31275.429023380162,18622.97321007381,831315.3031263025,300109.5548700479,59.666666666666664,25.540817005987332,59.666666666666664,25.540817005987332,0.2997791442235886,0.10291362198249486,141.91156995385734,14.40263034841771,2.4863259564716667,0.5043295481113638,0.0,0.0,-34.0,-0.7031263268298935,38269.53446614003,23449.28520715644,1047084.8990034829,416211.1607501954,74.66666666666667,48.710026346396745,74.66666666666667,48.710026346396745,0.2617046442387845,0.08652842204646399,132.419096939549,33.44622973766112,2.780566602686966,0.8181550156036578,0.0,0.0,-96.0,-1.6182245670714623,42572.66833534749,30468.029908684934,1039832.8301748084,633358.1573964023,84.25,65.48854861729644,84.25,65.48854861729644,0.2518532033037763,0.08549361543947208,136.61032020359832,55.1039769201906,2.953760689438406,1.2504040822975646,0.0,0.0,75.0,1.3166687848513545,0,-1,0,0.0
17,32134.685946739748,660506.5314676317,62,62,0.1379310344827586,99.09985611874,2.4937730365849333,0.002,,none,0,0.0,36349.261455505504,14332.887176811777,852012.3692652074,277290.1229964299,70.0,9.165151389911626,70.0,9.165151389911626,0.22563603559772136,0.11665237328717269,132.61731095002,29.712719981784474,2.6792548617997043,0.1879606051123244,0.0006666666666666666,0.0011547005383792516,31.0,0.5787867159841122,41647.91154919461,20106.072574416114,1030803.6771554662,431405.374529054,82.83333333333333,39.54954698434187,82.83333333333333,39.54954698434187,0.23821879101155197,0.09914877953742628,119.37734669765901,27.070580153064206,2.8896576166668066,0.703080829596602,0.0003333333333333333,0.0008164965809277261,49.0,0.6545460838790453,44507.47974110774,28829.642900006882,1065186.521042183,609133.0714328941,89.08333333333333,61.01483922834352,89.08333333333333,61.01483922834352,0.24859051173289512,0.08927013463134488,121.2695723000275,30.89372331304044,3.0332679582795676,1.1807061857293524,0.00016666666666666666,0.0005773502691896257,58.0,0.9540872260939355,0,-1,0,0.0
18,27388.07854126256,819554.9537470764,67,67,0.2727272727272727,136.244521702044,2.549513639658751,0.0,,none,0,0.0,28039.650144944575,3811.2536950717813,735200.5931861122,79963.0613951816,69.66666666666667,9.291573243177513,69.66666666666667,9.291573243177513,0.19720356272080405,0.06885188554332192,126.12456434028134,23.64866796560141,2.6376288470128713,0.20281683491735278,0.0006666666666666666,0.0011547005383792516,-1.0,-0.1248780443604991,36996.864185264574,19537.627952615312,933373.8191510789,394676.56116736965,70.33333333333333,26.9567554922076,70.33333333333333,26.9567554922076,0.25743876856486286,0.09120999154282952,127.77726380051634,21.9126196635969,2.6791651228805846,0.5421971108071859,0.0003333333333333333,0.0008164965809277261,-75.0,-1.262954962717334,44824.005390232836,28599.03446145234,1087240.4477746172,593570.7130251435,87.75,61.33384798861808,87.75,61.33384798861808,0.25113549279350117,0.08950601190420107,121.14477800845451,30.824080227743224,3.019784261118288,1.1856307417993173,0.00016666666666666666,0.0005773502691896257,-16.0,-0.1618043659353532,0,-1,0,0.0
19,51148.28091646677,942415.0302926518,106,106,0.1354838709677419,106.990105659474,3.2153814746870677,0.0,,none,0,0.0,36890.348468156364,12573.744420055225,807492.1718357865,141340.84143666146,78.33333333333333,24.090108620206195,78.33333333333333,24.090108620206195,0.1820473927259244,0.07854061134286838,114.11149449341934,19.569547248647655,2.752889383643584,0.40149838656723147,0.0006666666666666666,0.0011547005383792516,26.0,0.3457816098921387,34082.88874576826,14540.421867366747,819403.7374810446,210208.12027196726,69.0,24.445858544955993,69.0,24.445858544955993,0.2409132684747565,0.1042217159764666,128.01153222363834,21.633641276260292,2.619607670057625,0.433054866289955,0.0003333333333333333,0.0008164965809277261,-8.0,-0.3573447169377548,41055.96757088682,23760.404158335234,944056.4873459833,326832.10751416226,79.33333333333333,49.21443493590682,79.33333333333333,49.21443493590682,0.2485369264852574,0.09258110563094385,123.99046778110234,27.338563413420697,2.8215688596309647,0.8740343143535192,0.00016666666666666666,0.0005773502691896257,-101.0,-2.3785848178478797,0,-1,0,0.0
20,67168.31456768136,1603965.1924838792,144,144,0.182741116751269,112.97626966224,3.972485146041203,0.0,,none,0,0.0,48568.2246751369,20015.227009347553,1121978.3921745357,421908.8839506999,105.66666666666667,38.50108223587143,105.66666666666667,38.50108223587143,0.19698408681542787,0.06972147788750889,118.73696567458599,15.454592469810988,3.2457934201290075,0.7119730625615399,0.0,0.0,82.0,1.4787121094562696,42458.7430653212,16947.191669193584,986995.3807198716,351885.29881881113,87.83333333333333,31.751640377572077,87.83333333333333,31.751640377572077,0.2113100612065746,0.08737176042432858,125.677138312303,22.505005184161607,2.9625241409643555,0.5596281924431019,0.0003333333333333333,0.0008164965809277261,113.0,2.0574988254403817,42466.66526914053,24833.54279157894,1005657.2135737228,376426.58410822216,84.83333333333333,52.621864334709834,84.83333333333333,52.621864334709834,0.24336908248492609,0.09452184953795352,124.66528736857816,26.920667483388904,2.903622519681285,0.9351452959787647,0.00016666666666666666,0.0005773502691896257,66.0,0.9846439206038426,0,-1,0,0.0
21,15890.213356143504,693063.5315897294,9,9,0.3181818181818182,149.61462009474002,1.1079034571224406,0.0,,none,0,0.0,44735.60294676388,26233.618603282972,1079814.5847887534,470738.1832151769,86.33333333333333,69.61561127601577,86.33333333333333,69.61561127601577,0.21213560196694303,0.09482964620771403,123.193665138818,23.07614971034266,2.7652566926169038,1.4843908860867654,0.0,0.0,-58.0,-1.4416101825363103,36387.626545854226,19097.58654617015,907507.5889874329,356122.24346740445,78.0,45.347546791419695,78.0,45.347546791419695,0.20466958234387356,0.07456666356968673,124.65911473954968,20.95911075974642,2.7014427698148875,0.9501089666882401,0.0003333333333333333,0.0008164965809277261,-59.0,-1.5664882268968094,42631.11052559173,24633.02627621908,1011744.3076954439,370162.0762956949,84.33333333333333,53.36892751632193,84.33333333333333,53.36892751632193,0.23516201177785542,0.08148329503365932,125.23487794328268,27.406694297845714,2.875856733506882,0.9860770180788956,0.00016666666666666666,0.0005773502691896257,-6.0,-0.3331894340928374,0,-1,0,0.0
22,24816.29682704742,630288.7016816809,74,74,0.1304347826086956,174.72217991728002,2.8853853976550945,0.0,,none,0,0.0,35958.27491695743,27394.683294066494,975772.475251763,544935.5349994145,75.66666666666667,67.51543033509698,75.66666666666667,67.51543033509698,0.2104525725139276,0.09689262576165525,145.77102322475335,31.051880554647447,2.6552580002729127,1.4460899098574718,0.0,0.0,-32.0,-0.3299960770319732,36424.3116925569,19070.598232375523,891632.3235437749,367788.34465026244,77.0,45.36077600747146,77.0,45.36077600747146,0.19624998261992602,0.08040385372901301,129.94125885908633,28.975374269298396,2.704073691958248,0.9506894123891002,0.0003333333333333333,0.0008164965809277261,-6.0,0.015785532860165485,37346.92307934846,20400.530317502435,969358.611273629,383168.1916029705,75.83333333333333,44.8914515720134,75.83333333333333,44.8914515720134,0.22897731342935526,0.08666165963863842,131.18017789931767,29.86261273537157,2.742320147322607,0.8465702697626478,0.00016666666666666666,0.0005773502691896257,-102.0,-1.6024390342112969,0,-1,0,0.0
23,95914.72178278242,1575112.2921809794,98,98,0.3090909090909091,118.209263812734,3.094700546348799,0.0,,none,0,0.0,45540.41065532444,43853.13167502223,966154.8418174632,528305.8319595022,60.333333333333336,46.04707735929971,60.333333333333336,46.04707735929971,0.2525691699604743,0.10586910591560947,147.51535460825133,28.3148831596907,2.3626631337087782,1.0916820014814097,0.0,0.0,-46.0,-0.8777845996924039,47054.31766523068,30532.489012502632,1044066.6169959996,436038.93980852637,83.0,45.36077600747146,83.0,45.36077600747146,0.2247766283879511,0.08575926344686091,133.12616014141867,25.781573179058633,2.804228276918893,0.9557435976800935,0.0,0.0,36.0,0.6009275097638658,44351.114607212636,24808.5815057575,1037435.1470757328,413601.750450086,82.91666666666667,40.574193171462476,82.91666666666667,40.574193171462476,0.23149770969975147,0.08866060617553385,126.25175341953884,26.20655494057477,2.84694294679285,0.8011773667849407,0.00016666666666666666,0.0005773502691896257,85.0,1.2554735936429111,0,-1,0,0.0
24,45998.406410797805,1533891.4474659676,113,113,0.1733333333333333,128.3362510507,3.4976040729239597,0.0,,none,0,0.0,55576.47500687588,36504.12382621932,1246430.8137762093,533992.6181437196,95.0,19.67231557290602,95.0,19.67231557290602,0.204286341677646,0.09326344099688517,140.42256492690467,30.132816977432885,3.159230005642618,0.3111687081384554,0.0,0.0,104.0,2.389700615801519,50156.03897681987,29044.08498548547,1163122.6992824813,459374.9140691993,90.66666666666667,45.99855070180653,90.66666666666667,45.99855070180653,0.2082109718222945,0.08423049184654349,131.80811503286134,25.7924142753686,2.9622433491297606,0.9831894011134074,0.0,0.0,46.0,0.9480904332652087,43576.45158104223,24579.88929792125,1048248.2592167802,425582.8240958964,80.5,37.48090422892946,80.5,37.48090422892946,0.23282487019357867,0.08756313020597359,129.79268941668883,22.914467360045077,2.8207042360051724,0.7712796553117625,0.00016666666666666666,0.0005773502691896257,-29.0,-0.3148645294521253,0,-1,0,0.0
25,13506.446773848676,682685.1419808521,13,13,0.0909090909090909,133.1854900935,1.7798149986433958,0.0,,none,0,0.0,51806.52498914296,41510.01841184971,1263896.293875933,503765.4134864357,74.66666666666667,53.92896562454478,74.66666666666667,53.92896562454478,0.1911111111111111,0.11017197231291644,126.57700165231132,7.6415350053164115,2.790706539305385,0.8983368483860347,0.0,0.0,-61.0,-1.1055703990116987,43882.3999530502,32630.81717700129,1119834.3845638481,495175.0519863407,75.16666666666667,54.65314873515217,75.16666666666667,54.65314873515217,0.20078184181251935,0.09339510374147827,136.17401243853234,22.794035985846154,2.722982269789149,1.0792487851471997,0.0,0.0,-93.0,-1.435566476043672,38982.64434940923,24622.720011301324,969619.0610224465,395164.4825327946,72.08333333333333,40.49345251975554,72.08333333333333,40.49345251975554,0.22084755514363794,0.09665103660152534,132.09277233108534,21.611846092416656,2.671294969923387,0.7858771133930281,0.00016666666666666666,0.0005773502691896257,-101.0,-1.7929111929814268,0,-1,0,0.0
26,102450.9582475913,2333519.206291373,157,157,0.1601941747572815,90.732877496272,4.315724562068412,0.004,,none,0,0.0,53985.270477412596,45006.9331163502,1516698.5985793974,825551.3142813261,94.33333333333333,73.79250187744914,94.33333333333333,73.79250187744914,0.14147886633323523,0.04428471532998653,117.41820621349068,23.23701479069692,3.197714544545256,1.2942795777539775,0.0013333333333333333,0.002309401076758503,59.0,1.2210240157196126,49762.84056636852,40011.03812353535,1241426.7201984304,689337.6083389635,77.33333333333333,58.0781083254841,77.33333333333333,58.0781083254841,0.19702401814685477,0.09471049629100808,132.466780410871,28.432869857629324,2.780188839127017,1.1644590781653883,0.0006666666666666666,0.0016329931618554521,13.0,0.34323941602720875,46110.79181584486,29542.730080791196,1114211.050459151,538453.5033950971,82.58333333333333,44.96151553037196,82.58333333333333,44.96151553037196,0.20416703967671468,0.08719455060932789,129.071959361587,24.70335724861559,2.8713564900456863,0.8762254680463208,0.0005,0.001243163121016122,126.0,2.4007382414675904,0,-1,0,0.0
27,43322.582502198165,1345792.6045482846,75,75,0.2671232876712329,127.30154659584002,3.1163721634163526,0.0,,none,0,0.0,53093.32917454605,45270.1021450922,1453998.9842735028,830719.4125767896,81.66666666666667,72.23111056416988,81.66666666666667,72.23111056416988,0.17274218444586845,0.08877471596964065,117.07330472853734,23.00040821060824,3.0706372413760534,1.2685732500680196,0.0013333333333333333,0.002309401076758503,-38.0,-0.3812319095076071,54334.902090710966,36805.204601879326,1350214.8990248563,634840.5367386703,88.33333333333333,47.90685406772883,88.33333333333333,47.90685406772883,0.1885142630617572,0.08324733032035858,128.747934827721,27.172754006235042,3.1149336235093354,0.8275241541182929,0.0006666666666666666,0.0016329931618554521,66.0,2.008468706293912,45361.2643182826,29485.001714002952,1128861.2440061446,542485.6163971887,83.16666666666667,44.800229977764694,83.16666666666667,44.800229977764694,0.19659192270281536,0.07581946837433219,126.70352478363533,23.234711042970407,2.9081881966621115,0.8764826622472266,0.0005,0.001243163121016122,7.0,0.4419804793971025,0,-1,0,0.0
28,20849.61094346702,558901.8291040377,39,39,0.0689655172413793,95.501451669316,1.86128966693242,0.0,,none,0,0.0,55541.05056441883,42150.48269952205,1412737.8799812316,889200.7429601646,90.33333333333333,60.47589051294188,90.33333333333333,60.47589051294188,0.16542765988996455,0.09918249603840461,104.51195858714267,19.879859559754944,3.0977954641390615,1.2273228931020295,0.0013333333333333333,0.002309401076758503,26.0,0.08147466828902417,53673.7877767809,37471.08128308604,1338317.0869285825,651482.2841557014,82.5,51.96056196770777,82.5,51.96056196770777,0.17826938550053784,0.09480455844250948,115.544480119727,18.096977288529647,2.944251001722223,0.9765363859922719,0.0006666666666666666,0.0016329931618554521,-35.0,-1.0240957307226746,45049.04973466889,29743.57306111734,1114974.7052361786,555719.7624920951,79.75,46.59130820228168,79.75,46.59130820228168,0.18725968406023194,0.08433338905153205,122.74286948940669,24.228394722923262,2.824162346840236,0.9273728180557002,0.0005,0.001243163121016122,-41.0,-1.008310197862509,0,-1,0,0.0
29,67820.15324238261,1534490.0160886887,100,100,0.1347517730496454,107.168426492384,3.523928850227583,0.0,,none,0,0.0,43997.448896015936,23492.542315609084,1146394.8165803368,517457.90749671817,71.33333333333333,30.66485501895179,71.33333333333333,30.66485501895179,0.15694685932075253,0.10092617047311885,109.99047491918002,16.0867795822027,2.833863560192119,0.8665740572097016,0.0,0.0,-57.0,-0.7917957118408285,48991.35968671427,32572.01871512826,1331546.7075798672,648734.5610539381,82.83333333333333,52.08614659068826,82.83333333333333,52.08614659068826,0.1492128628269939,0.07021872116045261,113.70434056633535,18.331630891383675,3.015789052368687,1.0050673362777163,0.0006666666666666666,0.0016329931618554521,2.0,0.4292283038787841,48022.838675972474,30116.595904712613,1187806.6622879335,547960.4204454479,82.91666666666667,46.56658640803479,82.91666666666667,46.56658640803479,0.18699474560747245,0.0845072607633866,123.41525035387701,23.61685118809458,2.91000866464379,0.9415801399736661,0.0003333333333333333,0.0011547005383792516,38.0,1.0301558136426499,0,-1,0,0.0
30,37516.49784850657,1281359.6990400252,45,45,0.203883495145631,160.40790071666,2.6973175044989035,0.0,,none,0,0.0,42062.0873447854,23812.911389938552,1124917.181410917,506259.5911561573,61.333333333333336,33.62043029667128,61.333333333333336,33.62043029667128,0.13586692847888523,0.06746590152933961,121.02592629278666,34.60107668154978,2.6941786738863023,0.8313240358911282,0.0,0.0,-30.0,-0.4190546589174491,47577.70825966573,32910.19975218712,1289458.08284221,641128.580177485,71.5,51.60523229285959,71.5,51.60523229285959,0.1543045564623768,0.07335512645106652,119.04961551066201,26.366423331955794,2.882407957631178,0.981156161518803,0.0006666666666666666,0.0016329931618554521,-68.0,-0.8002865684250562,48866.873618242804,29623.61461237219,1226290.3910623458,535828.8165755214,81.08333333333333,47.67018952864536,81.08333333333333,47.67018952864536,0.18125776414233566,0.08039474005729522,125.42886527176167,25.74441245208635,2.922325653380469,0.937393151629825,0.0003333333333333333,0.0011547005383792516,-22.0,0.1478038648401525,0,-1,0,0.0
31,47353.72274706571,1255765.4168350438,107,107,0.1910828025477707,125.07104624792,3.504829441869872,0.0,,none,0,0.0,50896.791279318306,15459.394668805018,1357205.0439879189,154065.6931960337,84.0,33.95585369269929,84.0,33.95585369269929,0.17657269024768238,0.03677915536292292,130.882457818988,27.091323006741398,3.2420252655321193,0.4718274107629472,0.0,0.0,68.0,1.6435397749374523,53218.920921868565,28508.475466492535,1384971.4619845755,571568.7608699341,87.16666666666667,44.00189389863424,87.16666666666667,44.00189389863424,0.17100017506882348,0.0671804512216882,117.69720820306533,25.695922016333796,3.1699103648355904,0.8353548386612765,0.0006666666666666666,0.0016329931618554521,94.0,1.7250144432264765,48550.66043745938,29617.299746042165,1252402.9232742118,528319.7131240229,81.16666666666667,47.71855620259907,81.16666666666667,47.71855620259907,0.18589100844067138,0.07910874860724845,126.93561032079884,25.087880645724034,2.9464463173123696,0.9492682540686557,0.0003333333333333333,0.0011547005383792516,1.0,0.2894479671828045,0,-1,0,0.0
32,6192.49870564254,332663.89576045773,5,5,0.0133333333333333,124.42126136242,1.5676078620727631,0.0,,none,0,0.0,30354.239767071605,21495.00050630074,956596.3372118421,540492.8634515083,52.333333333333336,51.3939036592214,52.333333333333336,51.3939036592214,0.13609987700891166,0.106511420126116,136.63340277566667,20.591882365609006,2.589918269480513,0.9730661894597945,0.0,0.0,-95.0,-1.95632098815482,37175.84433154377,21480.572224395102,1051495.5768960896,484525.672612231,61.833333333333336,39.25514828231662,61.833333333333336,39.25514828231662,0.1465233681648321,0.0935023465102,123.31193884742333,22.04717034233596,2.711890914836316,0.8348509769639044,0.0,0.0,-152.0,-2.7481166999956486,43469.34244895615,31314.806542445618,1146461.14854726,576665.8750597335,69.58333333333333,47.949705342413125,69.58333333333333,47.949705342413125,0.17177369315584345,0.09352431939381185,127.88935962914718,24.723861154725792,2.746039876981666,0.9666577523369381,0.0003333333333333333,0.0011547005383792516,-139.0,-2.40487728396844,1,6,0,0.0
33,42015.11923413833,1696618.4735488314,83,83,0.1549295774647887,136.49060913843002,3.1476945418561324,0.0,,none,0,0.0,31853.78022894886,22383.05606772336,1095015.9287147776,696041.1776724567,65.0,53.32916650389352,65.0,53.32916650389352,0.1197819044486309,0.09394273596367952,128.66097224959,6.788443522463058,2.7400439485995896,1.0309418591485706,0.0,0.0,38.0,0.4503770373572289,36957.93378686713,21412.26843119937,1109966.5550628474,544588.8938778897,63.166666666666664,39.92200729756289,63.166666666666664,39.92200729756289,0.12782441646375806,0.07367749047856788,124.84344927118833,22.68953871767393,2.7171113112429452,0.8379781589429208,0.0,0.0,8.0,0.03132237843977981,45646.41793878904,30108.015707204588,1230090.727043852,577703.5770608878,75.75,44.04981683998656,75.75,44.04981683998656,0.15816933976275763,0.08137579799005334,126.79569204945467,23.953750247099077,2.916022467376141,0.8207427832587073,0.0003333333333333333,0.0011547005383792516,74.0,2.0397910847336918,1,5,0,0.0
34,30635.56849176496,1148337.8207092597,57,57,0.1075268817204301,76.368283499296,1.9736485715213703,0.0,,none,0,0.0,26281.06214384861,18303.997638021196,1059206.7300061828,686331.7609326447,48.333333333333336,39.71565602295059,48.333333333333336,39.71565602295059,0.09192993083951735,0.07207511876937746,112.42671800004867,31.805271778722087,2.2296503251500885,0.8205614859978164,0.0,0.0,-50.0,-1.531180870348502,38588.92671158346,20282.798660063378,1208205.8869970513,473873.30384264025,66.16666666666667,38.38966874911355,66.16666666666667,38.38966874911355,0.13425131054359987,0.06905310001730947,121.65458790951834,28.291170667699745,2.7358377953411037,0.8159949810594062,0.0,0.0,18.0,0.11235890458895037,46131.357244182174,29787.16680675891,1273261.4869628167,547366.6002997041,74.33333333333333,44.38331654888791,74.33333333333333,44.38331654888791,0.15626034802206887,0.08234845441290786,118.59953401462268,22.866121973667234,2.840044398531664,0.8648522630109678,0.0003333333333333333,0.0011547005383792516,-17.0,-0.9117368261337242,1,4,0,0.0
35,26790.846847852707,953387.376275856,36,36,0.1842105263157894,152.066759311962,2.453969499906125,0.002,,none,0,0.0,33147.178191251995,7916.802061746472,1266114.556844649,385359.09963231185,58.666666666666664,23.5442845152137,58.666666666666664,23.5442845152137,0.14888899516700274,0.038697051734971746,121.64188398322933,39.97409522604876,2.5251042044278758,0.5902466389191663,0.0006666666666666666,0.0011547005383792516,31.0,0.8863616378333616,31750.708979161802,14567.926145223155,1111355.4470282458,452762.77113955986,55.5,35.92074609470129,55.5,35.92074609470129,0.1424944360879572,0.07201337539015198,129.137643379448,29.600764417685724,2.5575112369541944,0.7206662337300561,0.0003333333333333333,0.0008164965809277261,-64.0,-1.0699593503214584,40371.034332938034,25686.08482005949,1221451.0773040564,545619.4029681924,69.16666666666667,44.98248817511368,69.16666666666667,44.98248817511368,0.14585364945747556,0.06790259531524484,121.42099197289167,24.81903637681428,2.7866501446614405,0.8674757802622963,0.0005,0.001243163121016122,-62.0,-0.6407310464426743,1,3,0,0.0
36,76746.53014688974,1563379.6912731638,126,126,0.3397129186602871,65.59906547008,3.711490236828169,0.0,,none,0,0.0,44724.315162169136,27798.59997419907,1221701.6294194262,311543.48397982836,73.0,47.0850294679742,73.0,47.0850294679742,0.21048344223216886,0.11830168435200326,98.01136942711268,47.122000126719,2.713036102751888,0.8974185433517693,0.0006666666666666666,0.0011547005383792516,43.0,0.5637956949720366,38289.04769555899,23647.42152165281,1158358.7790671021,487265.68255858996,69.0,45.206194265830405,69.0,45.206194265830405,0.16513267334039988,0.10768584471152487,113.33617083835134,34.473842119972126,2.726540025675739,0.8645804130789272,0.0003333333333333333,0.0008164965809277261,81.0,1.0141727323292655,42933.37797761236,27749.27780711927,1223908.430954656,547218.552894328,70.25,46.27216913397984,70.25,46.27216913397984,0.15971861490138836,0.08802779673840906,116.19289317450666,29.412583422180404,2.804473991653458,0.885423265833219,0.0005,0.001243163121016122,13.0,0.21388616390420934,1,2,0,0.0
37,30219.928075959728,1390236.7973152874,42,42,0.0609756097560975,257.73701361918,2.197201117978968,0.0,,none,0,0.258,44585.76835690072,27904.759427408655,1302334.6216214355,314352.90750640054,68.0,50.31898250163649,68.0,50.31898250163649,0.1949663515773913,0.1396795893342366,158.46761280040732,96.22876895072474,2.787553618237754,0.8103867329050934,0.0006666666666666666,0.0011547005383792516,-15.0,0.2235525464575978,35433.415250374666,23366.71676033114,1180770.6758138093,495662.1491635575,58.166666666666664,41.94957290207691,58.166666666666664,41.94957290207691,0.14344814120845434,0.11431113405273359,135.447165400228,68.88069187284239,2.508601971693921,0.7908197955286849,0.0003333333333333333,0.0008164965809277261,-65.0,-1.307628323890904,44326.168086121615,26530.695368123655,1282871.0688991924,521096.1310543051,72.66666666666667,43.69591895513051,72.66666666666667,43.69591895513051,0.1572241581386389,0.09054310158120422,126.57218680164668,50.424861785773594,2.8392561682647557,0.8489595048642586,0.0005,0.001243163121016122,29.0,0.41738611933557235,1,1,0,0.0
38,1545.7703778194175,69806.92332627632,1,1,0.0044444444444444,797.60505881,-1.4428232973175177e-12,0.0,,ddos,1,1.0,36170.742866889625,37951.91319246395,1007807.8039715756,816932.5887125235,56.333333333333336,63.720744921362396,56.333333333333336,63.720744921362396,0.135044324286943,0.17948779430630846,373.64704596641997,379.5188338810663,1.9695637849352314,1.8661870246754035,0.0,0.0,-35.0,-2.4539694999075676,34658.96052907081,24575.43429820939,1136961.1804081125,588531.1458554575,57.5,42.982554600674895,57.5,42.982554600674895,0.14196665972697284,0.11637368482909827,247.64446497482467,278.0377131320255,2.247333994681554,1.2747570708318894,0.0003333333333333333,0.0008164965809277261,-4.0,-1.567607862074206,35917.402430307295,22045.075480583273,1094228.3786521011,515891.39920075046,59.666666666666664,39.310727967481505,59.666666666666664,39.310727967481505,0.14424501394590247,0.10067495282679072,185.478201911124,198.93602657835308,2.4796124547589344,1.0556061642082266,0.00016666666666666666,0.0005773502691896257,-156.0,-4.315724562069854,1,1,0,0.0
39,30.537410079512004,41713.90118732248,1,1,0.0041152263374485,718.7376477319999,-1.4428232973175177e-12,0.0,,ddos,1,1.0,10598.745287952885,17009.323714860475,500585.8739429619,770588.3327472254,14.666666666666666,23.67136103677457,14.666666666666666,23.67136103677457,0.0231784268459968,0.032733734481344874,591.3599067203933,291.60451511157066,0.7324003726586942,1.2685546569297408,0.0,0.0,-125.0,-3.711490236829612,27661.530225061008,27824.41476971236,861143.7516811943,657532.2564175023,43.833333333333336,46.17105875618043,43.833333333333336,46.17105875618043,0.11683093453908283,0.12865327432323967,344.68563807375295,328.51073685130075,1.7227182377052912,1.4638004482935612,0.0003333333333333333,0.0008164965809277261,-82.0,-3.1476945418575752,32309.732005964073,24163.619989159328,985555.1533720208,590097.6051985188,53.5,42.371731571457346,53.5,42.371731571457346,0.12232767550142043,0.10011936417961562,234.76454367247064,249.93860353395414,2.2199147744741183,1.2501290293604965,0.00016666666666666666,0.0005773502691896257,-74.0,-3.1163721634177954,1,1,0,0.0
40,139.2376965055,30685.583856286477,1,1,0.0047169811320754,940.5549283572,-1.4428232973175177e-12,0.0,,ddos,1,1.0,571.8484948014765,845.1904008772342,47402.136123294935,20171.435571066475,1.0,0.0,1.0,0.0,0.004425550637989433,0.00030132198748331713,818.9658782997334,112.44082867421605,-1.4428232973175177e-12,0.0,0.0,0.0,-41.0,-2.197201117980411,22578.808425851097,29881.825926377114,674868.3788723653,715644.1279405924,34.5,48.574684764803145,34.5,48.574684764803145,0.09969595110769038,0.13673306270027422,488.7167455500703,373.68242397652585,1.3937768091181557,1.6105363128830608,0.0003333333333333333,0.0008164965809277261,-56.0,-1.9736485715228131,30583.867568717276,25744.459021601808,941537.1329347081,642216.2495092432,50.333333333333336,44.89853881674532,50.333333333333336,44.89853881674532,0.11697363082564512,0.10483906449420591,305.1856667297943,317.1461670971886,2.06480730222963,1.404594998029056,0.00016666666666666666,0.0005773502691896257,-38.0,-1.8612896669338628,1,1,0,0.0
41,70.19695585049,99244.53903599242,1,1,0.0042372881355932,1154.8336686258,-1.4428232973175177e-12,0.0,,ddos,1,1.0,79.99068747850066,55.0079626375039,57214.67469320031,36814.237304263705,1.0,0.0,1.0,0.0,0.004356498535039033,0.0003180967583945941,938.0420815716667,218.0588697097119,-1.4428232973175177e-12,0.0,0.0,0.0,0.0,0.0,18125.366777184066,31095.064145301425,532511.239332388,733881.3570713662,28.666666666666668,50.42486159293514,28.666666666666668,50.42486159293514,0.06970041141099101,0.13420201241458565,655.8445637690434,414.9653157030873,0.9847818924668944,1.599004707718821,0.0,0.0,-35.0,-2.4539694999075676,24938.037878172934,24219.802720892392,821933.3431803168,655262.7312268484,42.083333333333336,44.029862455824066,42.083333333333336,44.029862455824066,0.10609742374947412,0.10949364528760644,392.4911035742457,392.84771886736854,1.7711465647105442,1.4397383648604813,0.00016666666666666666,0.0005773502691896257,-99.0,-3.523928850229026,1,1,0,0.0
42,7039.932554179533,129910.66036031826,16,16,0.027027027027027,812.5948068003999,1.5190981443003737,0.0,,ddos,1,0.618,2416.455735511841,4004.197182399671,86613.59441753222,50804.128998287815,6.0,8.660254037844387,6.0,8.660254037844387,0.011993765431565198,0.01302139554697937,969.3278012611332,172.92416921080107,0.5063660480991626,0.8770517225381148,0.0,0.0,15.0,1.5190981443018166,6507.600511732363,11925.822152831948,293599.73418024724,538485.7376945192,10.333333333333334,16.63329993316615,10.333333333333334,16.63329993316615,0.017586096138781,0.02310737201243618,780.3438539907634,298.04748514850445,0.6193832103789284,0.9832129532373944,0.0,0.0,-110.0,-2.192392092527795,22398.32410364568,24378.287747527243,725979.2566236746,666087.5108107983,39.666666666666664,44.64676173400856,39.666666666666664,44.64676173400856,0.09135938473959043,0.10700931832598788,446.84001241455735,402.808492070177,1.6729616180273335,1.4107175654197808,0.00016666666666666666,0.0005773502691896257,-29.0,-1.1782193601985298,1,3,0,0.0
43,8096.16208130672,753175.391335957,10,10,0.1351351351351351,150.84875152733997,1.5506729595329565,0.0,,none,0,0.0,5068.763863778914,4360.981375020233,327443.530244089,369013.3004524759,9.0,7.54983443527075,9.0,7.54983443527075,0.05546648343258509,0.0699297046880765,706.0924089845133,510.3954339487184,1.0232570346106291,0.886307204868358,0.0,0.0,9.0,1.5506729595343993,2820.3061792901954,3736.2650464772382,187422.83318369216,279567.58720542485,5.0,6.480740698407737,5.0,6.480740698407737,0.029946017035287265,0.052322603177245144,762.5291436421234,336.274741248929,0.5116285173045931,0.7926743796954373,0.0,0.0,-32.0,-0.6465281584460116,19126.86071483243,23336.78386566948,684096.7544987508,645221.2318986009,31.583333333333332,39.873569129832255,31.583333333333332,39.873569129832255,0.0866970791218708,0.10342834473190103,448.98815452117566,401.0012104812703,1.5101152444992572,1.2874340950028842,0.00016666666666666666,0.0005773502691896257,-97.0,-1.9541564823369157,1,2,0,0.0
44,39549.29851372653,694377.4207103234,269,269,0.1030927835051546,230.469640559764,5.878940501030496,0.002,,none,0,0.0,18228.46438307093,18471.934961548875,525821.157468866,344126.6360338542,98.33333333333333,147.83211198292926,98.33333333333333,147.83211198292926,0.08841831522243888,0.05552788285369712,397.9710662958346,361.27483462742913,2.982903868287942,2.508090982376709,0.0006666666666666666,0.0011547005383792516,268.0,5.878940501031939,9154.227535274715,15339.37065474792,291517.91608103336,337326.2257641995,49.666666666666664,107.62837296301873,49.666666666666664,107.62837296301873,0.04638740687873897,0.05790764622517903,668.0065739337507,398.4101921135825,1.4914519341432495,2.277174300880035,0.0003333333333333333,0.0008164965809277261,268.0,5.878940501031939,21906.594032172765,23640.711284487086,714239.5482445728,635689.4897195826,53.583333333333336,78.24258121478044,53.583333333333336,78.24258121478044,0.09417703330285591,0.10085400374496961,457.82551945428764,394.3108099714244,1.8693929644124017,1.803197034548582,0.0003333333333333333,0.000778498944161523,264.0,4.311332638957733,1,1,0,0.0
45,16642.347238408533,285568.6851141038,36,36,0.0481927710843373,744.6119357513201,0.758176161711171,0.0,,ddos,1,0.926,21429.269277813928,16263.791526504927,577707.1657201279,254701.72599635215,105.0,142.6218777046495,105.0,142.6218777046495,0.09547356324154233,0.04396911478247472,375.3101092794747,322.29295798878263,2.7292632074248746,2.7563314539493557,0.0006666666666666666,0.0011547005383792516,20.0,-0.7609219825892027,11922.862506662883,14854.761108666962,332160.3800688302,315172.1438070577,55.5,105.38832952466794,55.5,105.38832952466794,0.05373366433655377,0.05414608860681047,672.318955270304,399.20835805720174,1.6178146277620185,2.1975019129676663,0.0003333333333333333,0.0008164965809277261,35.0,0.7581761617126138,19792.196365861946,22798.37894758228,596652.0658750123,563905.2922283304,49.666666666666664,77.81134917610707,49.666666666666664,77.81134917610707,0.0852822994378183,0.09970917530889044,508.5022966720285,388.2904089441543,1.670266432733655,1.7810019231203524,0.0003333333333333333,0.000778498944161523,-47.0,-2.3895183801449615,1,1,0,0.0
46,48.909217029682,66004.11559976415,1,1,0.0046296296296296,835.369192112,-1.4428232973175177e-12,0.0,,ddos,1,1.0,18746.851656388248,19834.10932665301,348650.0738080636,318900.766451825,102.0,145.6811586994008,102.0,145.6811586994008,0.05197172807304049,0.04934023261721279,603.4835894743613,326.21124207969285,2.2123722209134082,3.197889927376786,0.0006666666666666666,0.0011547005383792516,-9.0,-1.5506729595343993,11907.807760083582,14869.130648180408,338046.8020260765,308678.34577231476,55.5,105.38832952466794,55.5,105.38832952466794,0.0537191057528128,0.05416191332938546,654.7879992294373,387.2021181945298,1.6178146277620185,2.1975019129676663,0.0003333333333333333,0.0008164965809277261,0.0,0.0,17243.30809296734,23182.445553520232,506457.59044922097,554116.0461746578,45.0,79.00172610312211,45.0,79.00172610312211,0.0767075284302516,0.10201997459537203,571.7523723897539,373.01707924734524,1.5057957184400872,1.8405727417796716,0.0003333333333333333,0.000778498944161523,-56.0,-1.9736485715228131,1,1,0,0.0
47,550.330987766494,248452.3764183012,1,1,0.0049504950495049,892.501285394,-1.4428232973175177e-12,0.0,,ddos,1,1.0,5747.19581440157,9438.808153685217,200008.3923773895,117525.59184629607,12.666666666666666,20.207259421636994,12.666666666666666,20.207259421636994,0.01925763192115726,0.025059079142076432,824.1608044191066,74.57905805545808,0.2527253872360954,0.4377332110579368,0.0,0.0,-268.0,-5.878940501031939,11987.830098736247,14793.78287522441,362914.7749231279,291101.95793859405,55.5,105.38832952466794,55.5,105.38832952466794,0.053837973571798085,0.054032224857719836,611.0659353574707,330.03624752242166,1.6178146277620187,2.1975019129676663,0.0003333333333333333,0.0008164965809277261,0.0,0.0,15056.598437960158,23436.1864708022,447713.00712775806,539604.2205410908,42.083333333333336,80.00392982772024,42.083333333333336,80.00392982772024,0.061769192491394544,0.09788822851442064,633.455249563257,358.23000055366725,1.3012982601144565,1.861850128132162,0.00016666666666666666,0.0005773502691896257,-35.0,-2.4539694999075676,1,1,0,0.0
48,185.30228441184,27243.349961725435,1,1,0.0049261083743842,883.121001644,-1.4428232973175177e-12,0.0,,ddos,1,1.0,261.5141630693386,259.2530344670384,113899.94732659672,118126.48462165978,1.0,0.0,1.0,0.0,0.0048354110178395575,0.00017862855949008614,870.3304930499999,30.638486471523027,-1.4428232973175177e-12,0.0,0.0,0.0,-35.0,-0.7581761617126138,10845.391720441634,15500.10992737589,345803.55652336247,309944.9547710327,53.0,106.68270712725656,53.0,106.68270712725656,0.05015448712969094,0.05690262187917931,622.8203011647373,339.7618889067245,1.364631603711716,2.2964338723846422,0.0003333333333333333,0.0008164965809277261,-15.0,-1.5190981443018166,8676.496116086999,13378.553076471526,319701.64535180485,419776.94733402994,31.666666666666668,76.12828089163152,31.666666666666668,76.12828089163152,0.03387029163423597,0.044763413800111625,701.5820775777503,315.6225063799053,0.9920074070453223,1.7285771003800665,0.00016666666666666666,0.0005773502691896257,-125.0,-3.711490236829612,1,1,0,0.0
49,12.379202681904,15194.68155492864,1,1,0.004524886877828,815.869664344,-1.4428232973175177e-12,0.0,,ddos,1,1.0,249.3374916200793,274.6332310416106,96963.46931165156,131331.48645648712,1.0,0.0,1.0,0.0,0.0048004967672390245,0.00023899641382488465,863.8306504606667,41.79939679911627,-1.4428232973175177e-12,0.0,0.0,0.0,0.0,0.0,9498.094574004162,16125.580161967093,222806.77155985776,258035.08935075015,51.5,107.46860006532138,51.5,107.46860006532138,0.028386112420139765,0.04051350131097369,733.657119967514,252.18755572398987,1.1061861104559827,2.357748342849565,0.0003333333333333333,0.0008164965809277261,-9.0,-1.5506729595343993,6159.200376647179,11692.066594768386,205114.80237177495,257162.27367976325,28.25,76.54128416624702,28.25,76.54128416624702,0.029166064727713516,0.04462194004361304,748.0931318048187,283.7888308349863,0.8089073138802879,1.7055269992505662,0.00016666666666666666,0.0005773502691896257,-41.0,-2.197201117980411,1,1,0,0.0
50,19.07100983944,26196.781059629844,1,1,0.0047846889952153,847.645667536,-1.4428232973175177e-12,0.0,,ddos,1,1.0,72.25083231106133,97.96258565959857,22878.270858761112,6674.727339765826,1.0,0.0,1.0,0.0,0.0047452280824758246,0.000203500724899915,848.8787778413333,33.64262196869407,-1.4428232973175177e-12,0.0,0.0,0.0,0.0,0.0,2909.723323356315,6730.6595944998035,111443.3316180755,122291.66232540418,6.833333333333333,14.288690166235105,6.833333333333333,14.288690166235105,0.012001430001816549,0.01773083482385114,836.5197911302199,53.48680424532557,0.12636269361732613,0.3095241218896176,0.0,0.0,-268.0,-5.878940501031939,6031.975429315516,11754.967429141123,201480.62384955442,259545.36023622772,28.25,76.54128416624702,28.25,76.54128416624702,0.02919441844027776,0.04460490820098031,752.2631825319853,284.9477958809471,0.8089073138802879,1.7055269992505662,0.00016666666666666666,0.0005773502691896257,0.0,0.0,1,1,0,0.0
51,49.76791124645399,63462.55087058366,1,1,0.005,871.564561164,-1.4428232973175177e-12,0.0,,ddos,1,1.0,27.07270792259933,19.937383553968292,34951.33782838052,25296.808103637555,1.0,0.0,1.0,0.0,0.004769858624347758,0.00023790349855451522,845.0266310146666,27.939665301730013,-1.4428232973175177e-12,0.0,0.0,0.0,0.0,0.0,144.293435495969,208.64489647555746,74425.64257748882,87791.70137449399,1.0,0.0,1.0,0.0,0.004802634821093666,0.0001915505930307005,857.6785620323334,29.661799175815275,-1.4428232973175177e-12,0.0,0.0,0.0,-35.0,-0.7581761617126138,6033.577971079427,11754.076157713755,203293.01132315953,258401.71334220003,28.25,76.54128416624702,28.25,76.54128416624702,0.02926814957882372,0.044560393098029255,764.9987586513188,286.7228989844134,0.8089073138802879,1.7055269992505662,0.00016666666666666666,0.0005773502691896257,0.0,0.0,1,1,0,0.0
52,59.10037742713799,81599.60389920317,1,1,0.0046511627906976,842.483077816,-1.4428232973175177e-12,0.0,,ddos,1,1.0,42.64643283767733,20.943355991782877,57086.311943138695,28246.424761271406,1.0,0.0,1.0,0.0,0.004811950595304291,0.00017600922067453068,853.8977688386667,15.516112478779325,-1.4428232973175177e-12,0.0,0.0,0.0,0.0,0.0,145.99196222887832,207.75267130836153,77024.89062739532,87723.3392125504,1.0,0.0,1.0,0.0,0.004806223681271667,0.00018782643512913077,858.8642096496666,28.71888523053642,-1.4428232973175177e-12,0.0,0.0,0.0,0.0,0.0,6026.89986115623,11757.751677523787,207535.84632673592,255713.9455875256,28.25,76.54128416624702,28.25,76.54128416624702,0.02926266471704223,0.044563693711138164,756.8261044395521,282.632522817257,0.8089073138802879,1.7055269992505662,0.00016666666666666666,0.0005773502691896257,0.0,0.0,1,1,0,0.0
53,487.21437455431,76684.85127100149,1,1,0.0047619047619047,847.8525810000001,-1.4428232973175177e-12,0.0,,ddos,1,1.0,198.69422107596733,249.90934947578245,73915.66868026258,9380.269308891751,1.0,0.0,1.0,0.0,0.004804355850867424,0.00017825100518226226,853.9667399933332,15.474830324654462,-1.4428232973175177e-12,0.0,0.0,0.0,0.0,0.0,135.4725266935143,183.34917405616247,48396.96976951204,28887.04498318201,1.0,0.0,1.0,0.0,0.004774791966671633,0.00017413562041832475,851.4227589173333,23.58568977707149,-1.4428232973175177e-12,0.0,0.0,0.0,0.0,0.0,6061.65131271488,11739.146954609967,205655.87234632,256663.62948307427,28.25,76.54128416624702,28.25,76.54128416624702,0.029306382769234862,0.044537160785430706,731.2443471374019,255.96790549883508,0.8089073138802879,1.7055269992505662,0.00016666666666666666,0.0005773502691896257,0.0,0.0,1,1,0,0.0
54,18.852191683388003,25504.96128206651,1,1,0.0046082949308755,830.819979426,-1.4428232973175177e-12,0.0,,ddos,1,1.0,188.388981221612,259.57164885832196,61263.138817423525,31064.837740404742,1.0,0.0,1.0,0.0,0.0046737874944925905,7.926476485787448e-05,840.3852127473333,8.707936465054631,-1.4428232973175177e-12,0.0,0.0,0.0,0.0,0.0,107.73084457210565,186.86053106926866,48107.238322902216,29149.17355621552,1.0,0.0,1.0,0.0,0.004721823059420183,0.0001670966477017265,842.705921881,18.682720650928353,-1.4428232973175177e-12,0.0,0.0,0.0,0.0,0.0,5476.561282506868,11860.299346021295,196955.39742313232,261194.2920414681,27.0,76.88125436494431,27.0,76.88125436494431,0.027438155094555567,0.04510801418780451,732.7631115228687,256.5478839967407,0.6823158018551365,1.704398078041199,0.00016666666666666666,0.0005773502691896257,-15.0,-1.5190981443018166,1,1,0,0.0
55,11.292165831314,14782.625488098423,1,1,0.0037593984962406,682.4722234879999,-1.4428232973175177e-12,0.0,,ddos,1,1.0,172.4529106896707,272.6176312166189,38990.81268038862,33081.301821022826,1.0,0.0,1.0,0.0,0.0043765327296735905,0.0005399444337964679,787.0482613046667,90.9650380265372,-1.4428232973175177e-12,0.0,0.0,0.0,0.0,0.0,107.549671763674,186.97196397430224,48038.562311763846,29242.56050440632,1.0,0.0,1.0,0.0,0.00459424166248895,0.00043114302766009306,820.4730150716667,68.8971128067857,-1.4428232973175177e-12,0.0,0.0,0.0,0.0,0.0,4802.822122883918,11927.407212953116,135422.6669358108,197442.2710328923,26.25,77.10574203355708,26.25,77.10574203355708,0.01649017704131436,0.03000879826494702,777.0650675195903,181.99347540851335,0.5530930552272699,1.6913101262296406,0.00016666666666666666,0.0005773502691896257,-9.0,-1.5506729595343993,1,1,0,0.0
56,26.843827384918,38027.66291997831,1,1,0.0042372881355932,1136.0565052294,-1.4428232973175177e-12,0.0,,ddos,1,1.0,18.996061633206686,7.776829043890645,26105.083230047556,11634.133017450657,1.0,0.0,1.0,0.0,0.004201660520903091,0.00042556819002917125,883.1162360478,231.2700780542207,-1.4428232973175177e-12,0.0,0.0,0.0,0.0,0.0,108.84514135458699,186.26189455401652,50010.37595515526,27840.485370661678,1.0,0.0,1.0,0.0,0.0045030081858852666,0.0004405963916786305,868.5414880205667,147.46198047897562,-1.4428232973175177e-12,0.0,0.0,0.0,0.0,0.0,1509.2842323554512,4769.382617976315,80726.85378661538,90440.20657789925,3.9166666666666665,10.103629710818172,3.9166666666666665,10.103629710818172,0.00825221909385091,0.012582679772551036,852.5306395753934,107.07072292776085,0.06318134680794166,0.218866605528966,0.0,0.0,-268.0,-5.878940501031939,1,1,0,0.0
57,43.242944609076005,62672.61120755281,1,1,0.0044843049327354,1198.5788645848,-1.4428232973175177e-12,0.0,,ddos,1,1.0,27.12631260843602,15.977262479499496,38494.29987187632,23948.40277736809,1.0,0.0,1.0,0.0,0.004160330521523058,0.00036852976972665723,1005.7025311007333,281.6658218073469,-1.4428232973175177e-12,0.0,0.0,0.0,0.0,0.0,107.757646915024,186.69434916456845,49878.71934465011,27765.91550524986,1.0,0.0,1.0,0.0,0.004417059008007833,0.0003686872070239654,923.0438719240333,199.9088043509414,-1.4428232973175177e-12,0.0,0.0,0.0,0.0,0.0,126.0255412054965,189.72275363197406,62152.18096106947,63388.62730732416,1.0,0.0,1.0,0.0,0.00460984691455075,0.0003449789920521196,890.3612169781833,140.46501769238992,-1.4428232973175177e-12,0.0,0.0,0.0,-35.0,-0.7581761617126138,1,1,0,0.0
58,46.964580950594,68525.3447472038,1,1,0.0047846889952153,1218.0742674596,-1.4428232973175177e-12,0.0,,ddos,1,1.0,39.01711764819602,10.705344129268465,56408.53962491144,16185.057732488718,1.0,0.0,1.0,0.0,0.004502094021181291,0.00027413366085533706,1184.2365457579333,42.84862789297893,-1.4428232973175177e-12,0.0,0.0,0.0,0.0,0.0,105.73501416893333,187.39136628238495,47699.67615265023,25170.312138738453,1.0,0.0,1.0,0.0,0.00443931337542745,0.0003891084600274523,985.6424035313001,226.6535179834433,-1.4428232973175177e-12,0.0,0.0,0.0,0.0,0.0,125.86348819890583,189.79542779975225,62362.28339002278,63406.73099542749,1.0,0.0,1.0,0.0,0.004622768528349559,0.0003486715483149092,922.2533065904832,167.65795516940335,-1.4428232973175177e-12,0.0,0.0,0.0,0.0,0.0,1,1,0,0.0
59,18.095750370474,26529.514632116803,1,1,0.0049751243781094,1228.3532689569995,-1.4428232973175177e-12,0.0,,ddos,1,1.0,36.101091976714685,15.703722196304684,52575.82352895761,22745.796926790048,1.0,0.0,1.0,0.0,0.0047480394353533574,0.00024745368183214187,1215.0021336671332,15.123071561652882,-1.4428232973175177e-12,0.0,0.0,0.0,0.0,0.0,27.548576804960664,14.512374161297794,39340.453379502775,21709.43940199689,1.0,0.0,1.0,0.0,0.004474849978128233,0.00043185138543283855,1049.0591848574666,233.51723112062433,-1.4428232973175177e-12,0.0,0.0,0.0,0.0,0.0,81.51055174923751,136.20852330079015,43868.71157450741,24817.2723987073,1.0,0.0,1.0,0.0,0.004624820972399933,0.0003508418131657722,950.2409718874001,188.92359700001916,-1.4428232973175177e-12,0.0,0.0,0.0,0.0,0.0,1,1,0,0.0
60,9.378786012888,13721.357220454998,1,1,0.0047393364928909,1226.373966043,-1.4428232973175177e-12,0.0,,ddos,1,1.0,24.813039111318687,19.672683423522297,36258.73886659167,28668.146353793836,1.0,0.0,1.0,0.0,0.004833049955405191,0.00012511222378826868,1224.2671674865333,5.453752658856058,-1.4428232973175177e-12,0.0,0.0,0.0,0.0,0.0,25.96967585987733,16.078567305991523,37376.51936923419,23657.023571840276,1.0,0.0,1.0,0.0,0.004496690238464133,0.00044311661552003394,1114.9848492936333,214.6562403484376,-1.4428232973175177e-12,0.0,0.0,0.0,0.0,0.0,66.8502602159915,133.46145446350727,42741.878846068204,25923.121312215877,1.0,0.0,1.0,0.0,0.004609256648942159,0.0003402435604069585,978.8453855873167,203.27750195151992,-1.4428232973175177e-12,0.0,0.0,0.0,0.0,0.0,1,1,0,0.0
61,14916.12643786956,669551.8578993205,17,17,0.0316455696202531,718.19683354882,1.178460047648538,0.0,,ddos,1,0.562,4981.200324750974,8603.899502621627,236600.90991729728,375001.20632202044,6.333333333333333,9.237604307034013,6.333333333333333,9.237604307034013,0.01378667683041779,0.015466704165426216,1057.6413561829397,293.9692456188835,0.3928200158818844,0.6803842257399356,0.0,0.0,16.0,1.178460047649981,2510.108721199585,6077.699643616274,146504.72477110455,257091.29006674443,3.6666666666666665,6.531972647421808,3.6666666666666665,6.531972647421808,0.00914438542579955,0.011026272179864223,1120.9389509704367,200.27349180527472,0.19641000794022068,0.48110429983306724,0.0,0.0,16.0,1.178460047649981,1308.8291964816294,4287.23080071606,97271.6435414342,181869.59596810146,2.3333333333333335,4.618802153517007,2.3333333333333335,4.618802153517007,0.00686931354414425,0.0078098669367908735,970.7059830210516,212.15790737336724,0.09820500396938892,0.3401921128699678,0.0,0.0,16.0,1.178460047649981,1,6,0,0.0
62,14436.014518096928,935087.2293454054,7,7,0.0289855072463768,94.13067344648,1.262088596390308,0.0,,none,0,0.0,9787.173247326458,8471.220411466647,539453.4814883935,474260.432924477,8.333333333333334,8.082903768654761,8.333333333333334,8.082903768654761,0.02179013778650692,0.01482620489282398,679.5671576794333,567.1092551711554,0.8135162146791347,0.7057654760629234,0.0,0.0,6.0,1.2620885963917507,4911.637169651586,7565.034778523336,296014.65250867576,401610.6173300646,4.666666666666667,6.501281924871945,4.666666666666667,6.501281924871945,0.01326908861093015,0.013231816534498314,947.2846456732832,463.40460711022445,0.40675810733884576,0.6307016349633117,0.0,0.0,6.0,1.2620885963917507,2510.2411555030867,5685.089407383281,173012.5142319155,300285.50280410016,2.8333333333333335,4.783177592227564,2.8333333333333335,4.783177592227564,0.008886048398407708,0.010031350711055046,907.9130668469251,330.4330192778965,0.20337905366870146,0.4753256525208541,0.0,0.0,6.0,1.2620885963917507,1,5,0,0.0
63,4890.914523842127,256970.03042910056,233,233,0.088560885608856,259.09206353376004,5.422358316229736,0.0,,none,0,0.0,11414.351826602871,5654.560331817687,620536.3725579419,341705.4612074003,85.66666666666667,127.69233858510593,85.66666666666667,127.69233858510593,0.049730654158495285,0.033654258851216035,357.13985684301997,323.38007108637885,2.620968986756194,2.4264346405801516,0.0,0.0,232.0,5.422358316231178,5719.582432857095,7190.706082283475,328397.555712267,386584.919394583,43.333333333333336,93.12715321895472,43.333333333333336,93.12715321895472,0.02728185205695025,0.03252365870732445,790.7035121647767,517.1215499055459,1.3104844933773754,2.1013989518572,0.0,0.0,232.0,5.422358316231178,2913.6700398860594,5666.35425514918,189138.13752845858,299061.0239445715,22.166666666666668,66.5648464873073,22.166666666666668,66.5648464873073,0.015849455532479042,0.02496910420599583,856.873692044405,380.12355044503255,0.6552422466879664,1.573400965959111,0.0,0.0,232.0,5.422358316231178,1,4,0,0.0
64,7.064105829348,5394.394969781568,498,498,0.1676646706586826,366.730514394546,8.957784283943624,0.0,,none,0,0.0,6444.664382589467,7338.886595907367,399150.5515814289,480878.0167762991,246.0,245.75801105966008,246.0,245.75801105966008,0.09507035450463845,0.06956836551309162,239.98441712492863,137.30074630056268,5.214077065521223,3.852073316852134,0.0,0.0,481.0,7.7793242362950865,5712.93235367022,7197.017115590085,317875.7307493633,395821.35428272357,126.16666666666667,203.53124248298263,126.16666666666667,203.53124248298263,0.054428515667528134,0.06335378002957354,648.8128866539342,492.6221938957743,2.8034485407015537,3.6185511568616904,0.0,0.0,497.0,8.957784283945067,2909.3336839195767,5668.756801688496,182787.70345100676,302343.23466568516,63.583333333333336,151.99429315443115,63.583333333333336,151.99429315443115,0.029433914521477793,0.05005998700154919,817.2276450926171,405.70976930271667,1.4017242703500552,2.8452118236407236,0.0,0.0,497.0,8.957784283945067,1,3,0,0.0
65,3.273987740644,2396.116402951164,493,493,0.1716566866267465,382.551475035718,8.937784283950837,0.0,,none,0,0.0,1633.7508724707066,2820.7871029398766,88253.51393394424,146120.47981815314,408.0,151.57506391224118,408.0,151.57506391224118,0.142627414298095,0.04686551174638495,336.12468432134125,67.1795668187502,7.772642294708066,2.035430196449603,0.0,0.0,486.0,7.675695687560529,5710.462059898582,7199.364901346817,313853.497711169,399479.7671476464,208.16666666666666,239.03172732226713,208.16666666666666,239.03172732226713,0.08220877604230098,0.07312298705284989,507.84592100038736,407.2299354804265,4.293079254693599,4.047871432747108,0.0,0.0,492.0,8.93778428395228,2869.0053183517716,5689.239004293413,176596.9755453359,305457.80174595234,104.58333333333333,194.10281171366765,104.58333333333333,194.10281171366765,0.043341813010214614,0.06386311956036955,778.452552928927,424.3249161189261,2.1465396273460784,3.531905282132751,0.0,0.0,492.0,8.93778428395228,1,2,0,0.0
66,22068.635942050867,257002.3781066326,317,317,0.0939086294416243,435.920761511344,6.357639433582904,0.0,,none,0,0.344,7359.65801187362,12738.34869220031,88264.29649312158,146139.1547756725,436.0,103.08734160894828,436.0,103.08734160894828,0.14440999557568443,0.04378098941238211,395.0675836472026,36.253445423874076,8.084402667159122,1.4954542616285103,0.0,0.0,84.0,0.9352811173531679,9387.004919238245,9089.994200188497,354400.3345255319,374488.6898138681,260.8333333333333,218.15812308201288,260.8333333333333,218.15812308201288,0.09707032486708989,0.06252205192137045,376.10372024511133,206.85054220507442,5.352685826957657,3.4934681449099267,0.0,0.0,316.0,6.357639433584346,4706.487297549062,7839.458514940693,195888.42694738306,302342.290360191,130.91666666666666,200.11472088567476,130.91666666666666,200.11472088567476,0.050783507552777,0.06414164023261358,745.5442847693724,435.07138497318607,2.6763429134781074,3.655324075719596,0.0,0.0,316.0,6.357639433584346,1,1,0,0.0
67,822.8964132078942,231736.21996191927,1,1,0.0047619047619047,853.696868312,-1.4428232973175177e-12,0.0,,ddos,1,1.0,7631.602114333135,12509.55253144905,163711.57149050082,140273.3108058222,270.3333333333333,249.29768016035237,270.3333333333333,249.29768016035237,0.09010907361009181,0.08351224174823696,557.3897016196873,257.99326146170733,5.098474572510766,4.6000129442356155,0.0,0.0,-497.0,-8.957784283945067,7038.133248461301,9195.755039994288,281431.06153596507,342049.0630028495,258.1666666666667,221.80208895920407,258.1666666666667,221.80208895920407,0.09258971405736514,0.06879683926770218,398.68705937230806,253.74917053124707,5.1562758190159945,3.795186998177143,0.0,0.0,-16.0,-1.178460047649981,4774.120984830443,7798.663853661122,213967.89315353482,296966.9117939691,130.91666666666666,200.11472088567476,130.91666666666666,200.11472088567476,0.05086704974158235,0.06407544379184618,759.8130051713723,435.6222247937778,2.6763429134781074,3.655324075719596,0.0,0.0,0.0,0.0,1,1,0,0.0
68,47.62120856153,65751.76575604628,1,1,0.0047619047619047,854.600388148,-1.4428232973175177e-12,0.0,,ddos,1,1.0,7646.38452127343,12496.04997364463,184830.12127486584,103895.79275239738,106.33333333333333,182.4426850639218,106.33333333333333,182.4426850639218,0.034477479655144555,0.05146888549120942,714.7393393237812,241.4643940357174,2.1192131445266726,3.6705848383905053,0.0,0.0,-492.0,-8.93778428395228,4640.067696872068,8745.785896532643,136541.81760440525,125125.2351654766,257.1666666666667,223.17026384952516,257.1666666666667,223.17026384952516,0.08855244697661979,0.07380441351955506,525.4320118225613,261.02102637293723,4.9459277196173685,4.078583823217644,0.0,0.0,-6.0,-1.2620885963917507,4775.852433261827,7797.516275169746,216278.23505654046,295578.29563485814,130.91666666666666,200.11472088567476,130.91666666666666,200.11472088567476,0.05091076779377498,0.06404090614549075,736.3583287479223,420.84956981618905,2.6763429134781074,3.655324075719596,0.0,0.0,0.0,0.0,1,1,0,0.0
69,27.825905618382,35371.09116057907,1,1,0.0046296296296296,833.47109608,-1.4428232973175177e-12,0.0,,ddos,1,1.0,299.44784246260207,453.427798186049,110953.02562618135,105698.54006881236,1.0,0.0,1.0,0.0,0.004717813051146324,7.636908322612234e-05,847.2561175133333,11.946723356705462,-1.4428232973175177e-12,0.0,0.0,0.0,-316.0,-6.357639433584346,3829.552927168111,8941.052508501258,99608.66105965165,114743.04816148507,218.5,247.01882519354675,218.5,247.01882519354675,0.0745639043134154,0.08136881530418326,621.161850580268,248.84765550357469,4.042201333578839,4.527893917141501,0.0,0.0,-232.0,-5.422358316231178,4774.567680012603,7798.368152172122,214003.10838595932,296969.9112356847,130.91666666666666,200.11472088567476,130.91666666666666,200.11472088567476,0.050922878185182825,0.06403134161226572,705.9326813725223,396.9122172436762,2.6763429134781074,3.655324075719596,0.0,0.0,0.0,0.0,1,1,0,0.0
70,12.066856323863998,16180.02970776501,1,1,0.0048780487804878,869.35149688,-1.4428232973175177e-12,0.0,,ddos,1,1.0,29.171323501258666,17.815319375634886,39100.962208129924,24995.463733140085,1.0,0.0,1.0,0.0,0.0047565277240073575,0.0001242968343550603,852.474327036,18.034436289531595,-1.4428232973175177e-12,0.0,0.0,0.0,0.0,0.0,3830.3867189171974,8940.62497524039,101406.26684931557,113043.75770637704,135.66666666666666,215.92097319775738,135.66666666666666,215.92097319775738,0.0474328006670496,0.07053538909922083,704.9320143278437,229.94953008844755,2.549237286254661,4.032664196882769,0.0,0.0,-497.0,-8.957784283945067,4771.659536293709,7800.297696828997,209640.9987993394,299673.19543985545,130.91666666666666,200.11472088567476,130.91666666666666,200.11472088567476,0.05093065816728887,0.06402523144835817,676.872450490889,367.69739670816233,2.6763429134781074,3.655324075719596,0.0,0.0,0.0,0.0,1,1,0,0.0
71,8.84655651648,11732.002870697155,1,1,0.0042194092827004,762.815476686,-1.4428232973175177e-12,0.0,,ddos,1,1.0,16.246439486242,10.156555094023552,21094.374579680218,12562.432604213645,1.0,0.0,1.0,0.0,0.004575695897605924,0.00033261559283790325,821.8793565486667,54.20569360054215,-1.4428232973175177e-12,0.0,0.0,0.0,0.0,0.0,3831.3154803798366,8940.148174606304,102962.24792727322,111461.55664433893,53.666666666666664,129.00645978658062,53.666666666666664,129.00645978658062,0.01952658777637525,0.036440331012502464,768.3093479362241,167.15567387793203,1.0596065722626147,2.595495430146454,0.0,0.0,-492.0,-8.93778428395228,4770.88877013921,7800.810548999737,208407.87281922114,300524.41627562226,130.91666666666666,200.11472088567476,130.91666666666666,200.11472088567476,0.050867681909338124,0.06407489579076754,638.0776344683056,326.4700722213525,2.6763429134781074,3.655324075719596,0.0,0.0,0.0,0.0,1,1,0,0.0
72,73.530752592486,441.18451559470606,1,1,0.0019960079840319,7.3456,-1.4428232973175177e-12,0.0,,ddos,1,1.0,31.481388477609997,36.4513971103654,9451.07236468543,8113.556247222573,1.0,0.0,1.0,0.0,0.0036978220157400238,0.0015101588479032348,546.5041911886666,469.9536899941366,-1.4428232973175177e-12,0.0,0.0,0.0,0.0,0.0,165.46461547010603,322.97367562489245,60202.04899543358,87097.6372918804,1.0,0.0,1.0,0.0,0.004207817533443184,0.001107555554739751,696.880154351,339.9046841860614,-1.4428232973175177e-12,0.0,0.0,0.0,-316.0,-6.357639433584346,4776.234767354175,7797.271955889342,207301.19176048276,301329.89770021435,130.91666666666666,200.11472088567476,130.91666666666666,200.11472088567476,0.05063907120026653,0.06425906662855352,536.4919372980557,316.2714984060175,2.676342913478108,3.655324075719596,0.0,0.0,0.0,0.0,1,1,0,0.0
73,119.535041296068,80650.49084455485,1,1,0.0019960079840319,29.2942025642,-1.4428232973175177e-12,0.0,,ddos,1,1.0,67.30411680167799,55.60632529118388,30941.226076948707,43418.07109470708,1.0,0.0,1.0,0.0,0.0027371417502547236,0.0012836813383028203,266.48509308339993,429.97479292856053,-1.4428232973175177e-12,0.0,0.0,0.0,0.0,0.0,48.23772015146833,42.426555184405885,35021.094142539514,31998.987953420863,1.0,0.0,1.0,0.0,0.00374683473713105,0.0013742965130802576,559.4797100597,420.8282786018574,-1.4428232973175177e-12,0.0,0.0,0.0,0.0,0.0,3543.1854843063848,7194.6600926145775,158226.0778392523,264963.3078797469,129.58333333333334,200.99410137583337,129.58333333333334,200.99410137583337,0.0481682743972481,0.06561155700469838,479.08338471600405,341.7851847455068,2.5781379095072756,3.7145752567789203,0.0,0.0,-16.0,-1.178460047649981,1,1,0,0.0
74,8.078177652456,11070.022477831842,1,1,0.0030395136778115,788.5176946252,-1.4428232973175177e-12,0.0,,ddos,1,1.0,67.04799051367,56.010514800176075,30720.565945993603,43565.939670686894,1.0,0.0,1.0,0.0,0.002343843215291757,0.0006024682932045591,275.0524990631332,444.80930248683416,-1.4428232973175177e-12,0.0,0.0,0.0,0.0,0.0,41.647214999956,45.50134754566134,25907.470262837105,29156.841272546768,1.0,0.0,1.0,0.0,0.00345976955644885,0.0012976094903571866,548.4659278059,412.33883244155794,-1.4428232973175177e-12,0.0,0.0,0.0,0.0,0.0,2340.8574559360122,6366.750415510089,81224.64393362116,104120.60567007674,129.08333333333334,201.3339416506965,129.08333333333334,201.3339416506965,0.04600610826653432,0.06671933580875432,536.9489698142306,329.2371525203546,2.472963859807963,3.7726387321697903,0.0,0.0,-6.0,-1.2620885963917507,1,1,0,0.0
75,44.94403941902,64303.8676348012,1,1,0.0051020408163265,1236.0938467544,-1.4428232973175177e-12,0.0,,ddos,1,1.0,57.519086122514665,56.782541020540855,52008.12698572911,36383.36602234776,1.0,0.0,1.0,0.0,0.00337918749272329,0.0015806307963042968,684.6352479812666,610.0696823682895,-1.4428232973175177e-12,0.0,0.0,0.0,0.0,0.0,44.50023730006233,44.99525571238429,30729.59967520746,33153.619962816134,1.0,0.0,1.0,0.0,0.0035385047542316667,0.001393573741091832,615.5697195849666,492.89010122826824,-1.4428232973175177e-12,0.0,0.0,0.0,0.0,0.0,1937.0265822340864,6343.945533551034,65169.130367429556,88193.29153098317,109.75,201.58694266877865,109.75,201.58694266877865,0.03905120453382353,0.06622822311489256,618.3657850826173,372.2685801553148,2.021100666788698,3.711496775843084,0.0,0.0,-232.0,-5.422358316231178,1,1,0,0.0
76,45.817269605076,65516.4038100896,1,1,0.0047846889952153,1201.8354896264002,-1.4428232973175177e-12,0.0,,ddos,1,1.0,32.946495558850664,21.54102042837526,46963.431307574014,31090.515580469855,1.0,0.0,1.0,0.0,0.004308747829784424,0.0011105829748341578,1075.4823436686665,249.10829193095392,-1.4428232973175177e-12,0.0,0.0,0.0,0.0,0.0,50.12530618026434,42.14932302236003,38952.32869226156,34895.743877865774,1.0,0.0,1.0,0.0,0.0035229447900195832,0.0013760365655449134,670.9837183760333,543.246050055997,-1.4428232973175177e-12,0.0,0.0,0.0,0.0,0.0,1940.2560125487305,6342.88353276536,70179.29777078856,86173.45280929195,68.33333333333333,161.671571309544,68.33333333333333,161.671571309544,0.025477872728534592,0.05280315012079013,687.9578663519386,398.11176443999585,1.2746186431266093,3.0272660160165508,0.0,0.0,-497.0,-8.957784283945067,1,1,0,0.0
77,232.73903399910395,75248.974995784,1,1,0.005,1213.6757974102,-1.4428232973175177e-12,0.0,,ddos,1,1.0,107.83344767439998,108.17229199666646,68356.41548022475,5999.841123044765,1.0,0.0,1.0,0.0,0.0049622432705139245,0.000162009945857534,1217.2017112636665,17.399218650671433,-1.4428232973175177e-12,0.0,0.0,0.0,0.0,0.0,87.44071909403499,80.21474343877858,49538.49071310936,34619.83287368443,1.0,0.0,1.0,0.0,0.00365304324290285,0.0014874447087332417,746.1271051634,587.8407614060266,-1.4428232973175177e-12,0.0,0.0,0.0,0.0,0.0,1959.3780997369356,6336.856215315935,76250.3693201913,83488.35013644004,27.333333333333332,91.22134253196086,27.333333333333332,91.22134253196086,0.01158981550963905,0.02594830407574381,757.2182265498119,412.19645096651607,0.529803286130586,1.835292419195252,0.0,0.0,-492.0,-8.93778428395228,1,1,0,0.0
78,12.360260722245998,17552.250943525003,1,1,0.005050505050505,1210.8757391808,-1.4428232973175177e-12,0.0,,ddos,1,1.0,96.97218810880865,118.76161077903157,52772.543249799346,30887.416176766583,1.0,0.0,1.0,0.0,0.0049450646819067575,0.00014116642905785754,1208.7956754058,6.188151669501788,-1.4428232973175177e-12,0.0,0.0,0.0,0.0,0.0,77.24563711566165,86.01392353185226,52390.33511776442,30187.547435006694,1.0,0.0,1.0,0.0,0.004162126087315033,0.001320196985863003,946.7154616935333,480.94965467268315,-1.4428232973175177e-12,0.0,0.0,0.0,0.0,0.0,121.35512629288384,229.99994374501847,56296.19205659899,62281.9839928761,1.0,0.0,1.0,0.0,0.0041849718103791084,0.0011620616501557988,821.7978080222666,417.9486555777578,-1.4428232973175177e-12,0.0,0.0,0.0,-316.0,-6.357639433584346,1,1,0,0.0
79,10923.911973489276,246524.857240822,31,31,0.0485436893203883,1009.53307109286,1.3102451864457665,0.0,,ddos,1,0.808,3723.003756070209,6237.14286093396,113108.6943933768,119088.75838337376,11.0,17.320508075688775,11.0,17.320508075688775,0.019531398123631093,0.025125393888536518,1144.6948692279532,117.06192309139506,0.4367483954809603,0.7564704110997077,0.0,0.0,30.0,1.3102451864472093,1877.9751258145297,4432.372142438017,80036.0628504756,85860.69974991183,6.0,12.24744871391589,6.0,12.24744871391589,0.011920072976707767,0.01795901583132821,1110.08860644831,178.158598127999,0.21837419773975844,0.5349053574555787,0.0,0.0,30.0,1.3102451864472093,963.106422982999,3137.4922097586623,57528.57849650755,66098.4232938633,3.5,8.660254037844387,3.5,8.660254037844387,0.00783345385691941,0.012871674937422957,834.784158254005,421.43640748974946,0.10918709886915795,0.37823520554985385,0.0,0.0,30.0,1.3102451864472093,0,-1,0,0.0
80,12182.490521103053,357009.57947264204,6,6,0.2441860465116279,140.93622096254,1.5285022443589769,0.0,,none,0,0.0,7706.254251771526,6692.757918022889,207028.8958856628,173140.88972729177,12.666666666666666,16.072751268321593,12.666666666666666,16.072751268321593,0.09926008029417373,0.12737961388122712,787.1150104120667,568.5903520541253,0.9462491436011001,0.8267101167632112,0.0,0.0,5.0,1.5285022443604197,3907.0438497229625,5936.554853822787,137692.65568294397,133321.12871619215,6.833333333333333,12.006942436218585,6.833333333333333,12.006942436218585,0.05211116178234384,0.09569671641233812,1002.1583608378668,430.0365793491288,0.4731245717998284,0.7362038300593258,0.0,0.0,5.0,1.5285022443604197,1974.3455323614592,4482.771494151455,81800.06297289053,108966.63660121629,3.9166666666666665,8.649312461728162,3.9166666666666665,8.649312461728162,0.027785465669396343,0.06934669193723685,775.3121443218834,466.3479322409228,0.23656228589919293,0.5544465691362476,0.0,0.0,5.0,1.5285022443604197,1,6,0,0.0
81,10502.602505285411,142034.65699916985,3,3,0.0121951219512195,125.47763595482,1.4759285234928852,0.0,,none,0,0.0,11203.001666625913,874.0275905454525,248523.0312375444,107501.38997989977,13.333333333333334,15.37313674346694,13.333333333333334,15.37313674346694,0.10164161926107856,0.12477776201145827,425.31564267007326,506.0061706316537,1.4382253180992095,0.1139086678218595,0.0,0.0,2.0,1.475928523494328,5649.986927367361,6108.549635797322,150647.78724367206,128451.19148728656,7.166666666666667,11.839200423452029,7.166666666666667,11.839200423452029,0.05329334197149268,0.09504141743715935,817.0556590379366,535.3358793169303,0.719112659048883,0.7910358358062529,0.0,0.0,2.0,1.475928523494328,2847.2435823337114,5052.870104547524,90688.69345943978,109185.19325391494,4.083333333333333,8.60716755578357,4.083333333333333,8.60716755578357,0.028415923362862167,0.06915114990217883,716.3126893114518,501.7619436686858,0.3595563295237203,0.6522727759616425,0.0,0.0,2.0,1.475928523494328,1,5,0,0.0
82,3881.4825835432816,351393.42330653826,133,133,0.1884057971014492,180.56901070405,3.1453507050386267,0.0,,none,0,0.0,8855.52520331058,4388.773282350044,283479.2199261165,122526.76682552882,47.333333333333336,74.20467191042174,47.333333333333336,74.20467191042174,0.1482623218547655,0.1210932335981623,148.99428920713657,28.415915273229807,2.049927157630163,0.9490287457153936,0.0,0.0,102.0,1.8351055185928602,6289.264479690395,5582.8438737388,198293.95715974687,142778.88911142197,29.166666666666668,52.13987597479176,29.166666666666668,52.13987597479176,0.08389685998919831,0.10530639996660535,646.8445792175451,550.6634877560034,1.2433377765555613,1.1704122918100988,0.0,0.0,132.0,3.1453507050400695,3169.69489293533,4978.409606391673,118623.1429260042,129399.62212654912,15.083333333333334,38.10621121724559,15.083333333333334,38.10621121724559,0.04370990238960895,0.08248226006851757,658.9141487967892,521.665238561978,0.6216688882770594,1.0218962384589465,0.0,0.0,132.0,3.1453507050400695,1,4,0,0.0
83,7.921879201444,4062.5443731726223,493,493,0.2235528942115768,412.131099522576,8.937784283950837,0.0,,none,0,0.0,4797.335656010046,5306.945496105761,165830.20822629338,174883.83589917322,209.66666666666666,253.83721817994567,209.66666666666666,253.83721817994567,0.14138460442141518,0.11325312973381767,239.3925820604819,152.1108525194409,4.519687837494116,3.916174761512101,0.0,0.0,487.0,7.40928203959186,6251.794953890785,5632.158896745431,186429.5520559783,157270.62364345047,111.16666666666667,193.69916537421287,111.16666666666667,193.69916537421287,0.12032234235779445,0.11024099795764805,513.2537962362743,478.093126406454,2.732968490547608,3.199810772787783,0.0,0.0,492.0,8.93778428395228,3169.6178364924103,4978.462984901917,117984.02138454381,129993.14578915072,56.083333333333336,142.7034167478661,56.083333333333336,142.7034167478661,0.06198769280034865,0.09611150091060368,629.6904506998372,525.1267314978336,1.3664842452730828,2.5867019229345383,0.0,0.0,492.0,8.93778428395228,1,3,0,0.0
84,5.718059026314,6169.83906730979,491,491,0.1656686626746507,388.767360818208,8.929784283953722,0.0,,none,0,0.0,1298.37417392368,2237.037774847157,120541.93558234004,199926.02934858078,372.3333333333333,207.27115895206776,372.3333333333333,207.27115895206776,0.19254245132922554,0.029162990181139763,327.15582368161125,127.48425932541592,7.004306424314396,3.3419560787805636,0.0,0.0,488.0,7.453855760460837,6250.687920274796,5633.631033783586,184532.48340994245,159763.99681094827,192.83333333333334,236.5235012988491,192.83333333333334,236.5235012988491,0.14709203529515205,0.09511506892581115,376.2357331758423,334.37762702725615,4.2212658712068025,3.7103956542572414,0.0,0.0,490.0,8.929784283955165,3163.9667786952286,4982.333826720629,118461.4092638534,129531.93904192717,96.91666666666667,188.32199617257737,96.91666666666667,188.32199617257737,0.07562708069123356,0.09841007576033246,661.4755974346878,494.69423071039205,2.11063293560268,3.3342906594948096,0.0,0.0,490.0,8.929784283955165,1,2,0,0.0
85,33581.88435418812,572714.9185990882,464,464,0.1305263157894736,287.71439813171594,8.7425650030438,0.0,,none,0,0.0,11198.50809747196,19384.57249210054,194315.76734652335,327704.9716196396,482.6666666666667,16.196707484342248,482.6666666666667,16.196707484342248,0.17324929089190036,0.04697430698112588,362.8709528241666,66.1275045385088,8.870044523649453,0.11047294297867545,0.0,0.0,331.0,5.597214298005174,10027.016650391271,12635.508035011828,238897.4936363201,226597.39448623284,265.0,243.23239915767803,265.0,243.23239915767803,0.16075580637333295,0.08327885255180514,255.93262101565165,125.6785288380977,5.459985840639807,3.7840909342156634,0.0,0.0,433.0,7.432319816598034,5952.495888102899,9980.574604825477,159466.77824339786,183229.378678862,135.5,212.7317987086514,135.5,212.7317987086514,0.08633793967502035,0.09664635358169116,683.0106137319808,469.66382908324744,2.8391800191897834,3.759240947853404,0.0,0.0,463.0,8.742565003045243,1,1,0,0.0
86,19714.825761553995,228569.75825280556,40,40,0.0130434782608695,786.10791673066,0.8570736147075784,0.0,,ddos,1,0.916,17767.476058256143,16872.577275576245,269151.505306401,285444.37361920363,331.6666666666667,252.9512469495522,331.6666666666667,252.9512469495522,0.10307948557499792,0.07992876888800345,487.5298918935279,263.46641722174235,6.176474300568366,4.607687110399129,0.0,0.0,-453.0,-8.080710669243258,11282.405857133095,13251.655609159372,217490.8567663474,219152.28888824995,270.6666666666667,236.28852419587938,270.6666666666667,236.28852419587938,0.12223204499820656,0.09014508547410773,363.461236977005,235.56855295751117,5.348081069031242,3.930695170486371,0.0,0.0,34.0,-0.6714286296513985,7594.724853428029,10520.254031680954,177591.75622464568,177895.3993283303,138.75,210.7791282577355,138.75,210.7791282577355,0.08717160339027519,0.09590279388531736,682.8097989074358,469.61512884957034,2.910602820415535,3.708190021156987,0.0,0.0,39.0,0.8570736147090212,1,1,0,0.0
87,1074.72407199984,70183.03340801127,1,1,0.0047619047619047,850.5452913360001,-1.4428232973175177e-12,0.0,,ddos,1,1.0,18123.811395913985,16311.87795554901,290489.2367533015,256924.2889875443,168.33333333333334,256.79628761594927,168.33333333333334,256.79628761594927,0.049443899604082596,0.0703414157929054,641.4558687327918,308.0386580102663,3.199879539249979,4.819197589658582,0.0,0.0,-490.0,-8.929784283955165,9711.092784918832,13905.440715434697,205515.58616782096,225957.5812972929,270.3333333333333,236.74261692113373,270.3333333333333,236.74261692113373,0.12099317546665407,0.09199193747591312,484.3058462072017,272.1973107463757,5.102092981782187,4.254342900308821,0.0,0.0,-2.0,-1.475928523494328,7680.539856143097,10457.081302665181,178081.68670574648,177562.82160445405,138.75,210.7791282577355,138.75,210.7791282577355,0.08714325871907337,0.09592930176626821,650.6807526225692,440.6139014978383,2.910602820415535,3.708190021156987,0.0,0.0,0.0,0.0,1,1,0,0.0
88,41.020433903422,55504.35398582052,1,1,0.004524886877828,817.406484186,-1.4428232973175177e-12,0.0,,ddos,1,1.0,6943.523422485752,11072.342045826274,118085.7152155456,95963.05920399848,14.0,22.516660498395073,14.0,22.516660498395073,0.007443423300200724,0.0048512375783112535,818.0198974175532,32.223066557225216,0.28569120490156424,0.49483168216757706,0.0,0.0,-463.0,-8.742565003045243,9071.015759978856,14309.955695522613,156200.74128103463,219961.56281671493,248.33333333333334,257.29801139275577,248.33333333333334,257.29801139275577,0.09034635709605054,0.09560085631054883,590.44542512086,253.59936450882387,4.577867864275508,4.712765815978154,0.0,0.0,-132.0,-3.1453507050400695,7680.140119834626,10457.399768880325,177247.34922039078,178162.34117240718,138.75,210.7791282577355,138.75,210.7791282577355,0.08712160854262442,0.09594960611268731,618.6450021692025,409.7956437368718,2.910602820415535,3.708190021156987,0.0,0.0,0.0,0.0,1,1,0,0.0
89,42.06959644728,56572.488501753214,1,1,0.0046948356807511,843.8428571919999,-1.4428232973175177e-12,0.0,,ddos,1,1.0,385.9380341168473,596.5064372443685,60753.2919651948,8183.8405162761555,1.0,0.0,1.0,0.0,0.004660542440161257,0.00012217360229847495,837.2648775713333,17.521344033729584,-1.4428232973175177e-12,0.0,0.0,0.0,-39.0,-0.8570736147090212,9076.707046186495,14305.636398474795,164952.3986357981,213651.891795324,166.33333333333334,241.6523673930522,166.33333333333334,241.6523673930522,0.0538700140075796,0.07390085059909583,662.3973847324306,254.13183244584027,3.088237150283462,4.465082601544467,0.0,0.0,-492.0,-8.93778428395228,7664.25100003864,10469.881557050641,175690.9753458882,179212.8505948667,138.75,210.7791282577355,138.75,210.7791282577355,0.08709617818268701,0.09597338768416937,587.8255904843526,373.2549164098567,2.910602820415535,3.708190021156987,0.0,0.0,0.0,0.0,1,1,0,0.0
90,2038.73100292478,75246.45989998561,1,1,0.0044642857142857,811.328281806,-1.4428232973175177e-12,0.0,,ddos,1,1.0,707.2736777584938,1153.075986976258,62441.100795852915,11102.618798121797,1.0,0.0,1.0,0.0,0.004561336090954924,0.0001195187458325993,824.1925410613331,17.28691207442971,-1.4428232973175177e-12,0.0,0.0,0.0,0.0,0.0,9415.54253683624,14069.950763729315,176465.16877457735,205073.47234703315,84.66666666666667,186.48824806584113,84.66666666666667,186.48824806584113,0.027002617847518767,0.050828190765021534,732.8242048970627,219.29995049531348,1.599939769624268,3.515911671669868,0.0,0.0,-490.0,-8.929784283955165,7833.115228555518,10350.913353747983,180498.82609225993,175316.2242618337,138.75,210.7791282577355,138.75,210.7791282577355,0.08704732657133542,0.09601908480503996,554.5299690364525,327.65979352364747,2.910602820415535,3.708190021156987,0.0,0.0,0.0,0.0,1,1,0,0.0
91,261.843414317274,1737.499921573404,1,1,0.0019960079840319,109.7240979388,-1.4428232973175177e-12,0.0,,ddos,1,1.0,780.8813378964445,1094.8581952087443,44518.816107770544,38208.11514474514,1.0,0.0,1.0,0.0,0.0037183764596895575,0.0014960625642688444,588.2984123122666,414.77624110676567,-1.4428232973175177e-12,0.0,0.0,0.0,0.0,0.0,3862.202380191098,7804.590724553165,81302.26566165824,76753.72376098801,7.5,15.921683328092055,7.5,15.921683328092055,0.005580899879945151,0.003804191883200739,703.15915486491,291.6550200111385,0.1428456024500607,0.3498988380066441,0.0,0.0,-463.0,-8.742565003045243,6944.609515291185,10517.748218050401,160099.87964898918,181081.68275841392,136.25,212.34539830619872,136.25,212.34539830619872,0.08316835312663905,0.09862092282474277,479.5458879402808,316.84860656148373,2.8014157215449345,3.778224786541322,0.0,0.0,-30.0,-1.3102451864472093,1,1,0,0.0
92,46.892317146016,423.0253050055159,1,1,0.0019960079840319,98.591084183,-1.4428232973175177e-12,0.0,,ddos,1,1.0,782.4889114626899,1093.233340973511,25802.32837552131,42824.91760105168,1.0,0.0,1.0,0.0,0.002818767227449824,0.0014250608119942805,339.88115464259994,408.3231334149322,-1.4428232973175177e-12,0.0,0.0,0.0,0.0,0.0,584.2134727897686,817.0479829813845,43277.810170358236,33568.59368521785,1.0,0.0,1.0,0.0,0.0037396548338055496,0.0013549651888809591,588.5730161069666,375.5410521657375,-1.4428232973175177e-12,0.0,0.0,0.0,-39.0,-0.8570736147090212,5933.309664961431,10551.706797862116,130384.33346835281,174986.60672062702,135.83333333333334,212.62892702090326,135.83333333333334,212.62892702090326,0.06298584991600605,0.08673952722197245,476.0171265419858,321.1688969898423,2.6740405345148996,3.850120847917536,0.0,0.0,-5.0,-1.5285022443604197,1,1,0,0.0
93,512.8803652126021,9074.671449675732,1,1,0.0026666666666666,564.8417537217999,-1.4428232973175177e-12,0.0,,ddos,1,1.0,273.87203222529735,233.2267801376091,3745.065558751352,4662.133105666367,1.0,0.0,1.0,0.0,0.0022195608782434573,0.0003872049709535038,257.7189786145332,266.03436853348995,-1.4428232973175177e-12,0.0,0.0,0.0,0.0,0.0,490.57285499189567,780.9882719938314,33093.08317730231,33038.89855111978,1.0,0.0,1.0,0.0,0.0033904484845992,0.001307997825744489,540.9557598379333,353.1245362664334,-1.4428232973175177e-12,0.0,0.0,0.0,0.0,0.0,5100.832819955364,10552.509758311398,119304.33467256166,178358.8174614026,135.66666666666666,212.74326539210816,135.66666666666666,212.74326539210816,0.06219181197562664,0.08728862326957182,512.6308030225675,302.0489437458497,2.551046490890372,3.9149042244332413,0.0,0.0,-2.0,-1.475928523494328,1,1,0,0.0
94,29.562933500954,43350.0160144748,1,1,0.0048309178743961,1217.8665615629998,-1.4428232973175177e-12,0.0,,ddos,1,1.0,196.44520528652404,274.1778341040895,17615.90425638515,22702.337461980085,1.0,0.0,1.0,0.0,0.0031645308416981908,0.0014815802624920842,627.0997998225998,562.2289985355374,-1.4428232973175177e-12,0.0,0.0,0.0,0.0,0.0,488.6632715914843,782.3201766941145,31067.36018207802,31736.926055965603,1.0,0.0,1.0,0.0,0.0034414536506938835,0.0013657733335998156,607.6991060674333,442.38894097184533,-1.4428232973175177e-12,0.0,0.0,0.0,0.0,0.0,4779.839515785169,10651.097284651372,93634.05073155636,163464.39622272243,124.66666666666667,216.27689883502808,124.66666666666667,216.27689883502808,0.046893905373372215,0.0788348861684316,599.0722655941466,343.90751034464415,2.288933932137033,3.976309741108754,0.0,0.0,-132.0,-3.1453507050400695,1,1,0,0.0
95,125.433793489072,50100.68545830139,1,1,0.0044843049327354,1203.7577503312,-1.4428232973175177e-12,0.0,,ddos,1,1.0,222.62569740087602,255.89770337018416,34175.12430748378,21998.123436700665,1.0,0.0,1.0,0.0,0.003993963157932691,0.0011624638121796084,995.4886885386665,373.0178970089308,-1.4428232973175177e-12,0.0,0.0,0.0,0.0,0.0,502.557304431783,773.492827698601,29988.726341502723,30792.65357874943,1.0,0.0,1.0,0.0,0.0034063651926912668,0.001329350900081469,667.6849215906333,501.2927534472112,-1.4428232973175177e-12,0.0,0.0,0.0,0.0,0.0,4789.632175309139,10646.3640869096,97470.56248865042,161701.79355507472,83.66666666666667,184.38710925822895,83.66666666666667,184.38710925822895,0.028638189600135436,0.05637153861219197,665.041153161532,378.93042522136795,1.5441185751410096,3.4151592440214262,0.0,0.0,-492.0,-8.93778428395228,1,1,0,0.0
96,39.635037483118,57164.276878707,1,1,0.0046296296296296,1199.7095348767998,-1.4428232973175177e-12,0.0,,ddos,1,1.0,64.87725482438134,52.68474734202876,50204.99278382753,6907.72110184937,1.0,0.0,1.0,0.0,0.004648284145587024,0.0001740578238858499,1207.1112822569996,9.531738393581263,-1.4428232973175177e-12,0.0,0.0,0.0,0.0,0.0,169.37464352483934,189.66235927406188,26975.029171289625,25987.27168615946,1.0,0.0,1.0,0.0,0.00343392251191525,0.001357091942010385,732.4151304357666,546.5800760874766,-1.4428232973175177e-12,0.0,0.0,0.0,0.0,0.0,4792.458590180539,10644.982999496891,101720.09897293353,159742.47521519335,42.833333333333336,133.1061321812125,42.833333333333336,133.1061321812125,0.01521827017971701,0.036423248787241284,732.6196676664146,397.05870201920516,0.7999698848114125,2.513375061802753,0.0,0.0,-490.0,-8.929784283955165,1,1,0,0.0
97,54.92993161739,81585.83879191199,1,1,0.0049751243781094,1241.4925253634,-1.4428232973175177e-12,0.0,,ddos,1,1.0,73.33292086319334,45.764168783868776,62950.26704297326,16520.804512705097,1.0,0.0,1.0,0.0,0.004696352980158125,0.00025212087600717895,1214.9866035237999,23.043869716615813,-1.4428232973175177e-12,0.0,0.0,0.0,0.0,0.0,134.88906307485868,188.29266559529472,40283.085649679386,30526.94838941161,1.0,0.0,1.0,0.0,0.003930441910928167,0.0012678334761815372,921.0432016732001,479.93359423999505,-1.4428232973175177e-12,0.0,0.0,0.0,0.0,0.0,1998.5457216329787,5611.789912321216,60792.675655668834,59667.916483513305,4.25,11.258330249197318,4.25,11.258330249197318,0.004755670895436658,0.0028375473173502938,812.1011782690549,395.361158418909,0.07142280122430894,0.24741584108378456,0.0,0.0,-463.0,-8.742565003045243,1,1,0,0.0
98,34.475869035138,49594.630187812,1,1,0.0047393364928909,1203.4420490197997,-1.4428232973175177e-12,0.0,,ddos,1,1.0,43.013612711882,10.637351574180885,62781.581952810135,16718.99949789024,1.0,0.0,1.0,0.0,0.004781363500209957,0.00017653995954154355,1214.8813697533333,23.121377935454664,-1.4428232973175177e-12,0.0,0.0,0.0,0.0,0.0,132.81965505637902,189.517454146482,48478.35313014713,23470.74300653993,1.0,0.0,1.0,0.0,0.004387663329071333,0.0008596482876829163,1105.1850291459998,265.16169484638675,-1.4428232973175177e-12,0.0,0.0,0.0,0.0,0.0,358.5165639230738,612.6463087331357,45878.08165025271,27748.494205919575,1.0,0.0,1.0,0.0,0.004063659081438442,0.0011335533126110933,846.8790226264832,410.91615462242765,-1.4428232973175177e-12,0.0,0.0,0.0,-39.0,-0.8570736147090212,0,-1,0,0.0
99,25180.520131533147,700199.4538551335,46,46,0.0291970802919708,415.6189239433599,1.8484162050200237,0.0,,none,0,0.298,8423.308644061892,14512.174448339896,277126.6409449523,366740.79828236764,16.0,25.98076211353316,16.0,25.98076211353316,0.012970513720990359,0.014053113391471255,953.5178327755199,466.2224649023413,0.6161387350057127,1.06718359354361,0.0,0.0,45.0,1.8484162050214665,4244.092949443137,10256.77365194527,163665.81686439007,263185.56612300884,8.5,18.371173070873837,8.5,18.371173070873837,0.0088093989332887,0.009989292686651576,1080.31455751626,325.9978337543711,0.3080693675021349,0.7546127557657151,0.0,0.0,45.0,1.8484162050214665,2367.332902217516,7206.836914533343,98379.45002084623,191391.738092885,4.75,12.99038105676658,4.75,12.99038105676658,0.00609992370894395,0.007358231045785836,810.6351586770966,429.33154877708745,0.15403468375034604,0.533591796771805,0.0,0.0,45.0,1.8484162050214665,1,6,0,0.0
100,10372.996822724484,607129.853196939,4,4,0.1621621621621621,107.68187769346,1.301109412021912,0.0,,none,0,0.0,11862.664274430923,12639.035459653705,452307.9790799613,351850.8471975263,17.0,25.15949125081825,17.0,25.15949125081825,0.06536619298234125,0.08471505205706348,575.5809502188731,565.1225315397611,1.049841872346831,0.9494799361320208,0.0,0.0,3.0,1.3011094120233548,5967.998597647059,10275.963449384026,257629.12306146746,308396.8395411114,9.0,18.16590212458495,9.0,18.16590212458495,0.035031272981249695,0.06304704822395747,895.2837768713366,500.6093038265071,0.5249209361726941,0.8314176127119424,0.0,0.0,3.0,1.3011094120233548,3228.3309346192714,7514.268821901208,144348.24162177276,240183.6253538307,5.0,12.940422924098945,5.0,12.940422924098945,0.019236363315971793,0.04560475273156146,751.4914414693849,474.7921152274216,0.2624604680856256,0.6239829689794079,0.0,0.0,3.0,1.3011094120233548,1,5,0,0.0
101,11972.03511960714,386594.09673544025,176,176,0.0817120622568093,182.848535741808,4.595782412507257,0.0,,none,0,0.0,15841.850691288259,8126.948446640255,564641.1345958373,161062.25010788714,75.33333333333333,89.67348177322732,75.33333333333333,89.67348177322732,0.09102376823698072,0.06696983761651613,235.38311245954256,160.54973505571976,2.581769343183064,1.7655233399680559,0.0,0.0,175.0,4.595782412508699,7942.432152000069,10064.78701183782,313711.3582743239,293337.91523655,38.166666666666664,69.81523233984592,38.166666666666664,69.81523233984592,0.04790256586859535,0.06344542409922299,725.1322411064378,546.2136734192127,1.2908846715908107,1.801801583973938,0.0,0.0,175.0,4.595782412508699,4222.494728215926,7836.664161509871,171850.04230791333,247986.83904986968,19.583333333333332,50.91429221265038,19.583333333333332,50.91429221265038,0.025654465530643305,0.04868748270019541,696.4085813485354,500.7376006727598,0.6454423357946839,1.3892965664847832,0.0,0.0,175.0,4.595782412508699,1,4,0,0.0
102,2.137803372428,2019.0646466456608,492,492,0.1596806387225549,400.313141957406,8.93378428395228,0.0,,none,0,0.0,7449.056581901351,6498.590642534022,331914.3381930081,306238.7526109068,224.0,247.5156560704797,224.0,247.5156560704797,0.13451828771384208,0.04574836144507873,230.28118513089126,151.9725513940907,4.94355870282715,3.8282035847419102,0.0,0.0,446.0,7.085368078932256,7936.182612981622,10070.685435833047,304520.48956898035,303665.7738717181,120.0,194.30594432492282,120.0,194.30594432492282,0.07374440071741623,0.0731322051981648,591.8995089532056,503.0954102470126,2.779848718916431,3.4547906560012707,0.0,0.0,491.0,8.933784283953722,4052.7786282532306,7909.966687054111,165747.75937013503,251456.7828973816,60.5,144.99435725697617,60.5,144.99435725697617,0.03858916161466574,0.061482810395106294,662.1573196944861,506.18966770272067,1.389924359457494,2.7445908634352785,0.0,0.0,491.0,8.933784283953722,1,3,0,0.0
103,4.133246564416,2381.3678184301566,496,496,0.0898203592814371,353.465290014232,8.949784283946508,0.0,,none,0,0.0,3992.7687231813284,6910.247474895341,130331.50973350515,221929.9843162058,388.0,183.608278680456,388.0,183.608278680456,0.1104043534202671,0.0428666576730009,312.2089892378153,114.45206640529386,7.493116993468682,2.5091781035881326,0.0,0.0,492.0,7.648674871924596,7927.716498806126,10078.654265433779,291319.7444067334,316735.58165877603,202.5,234.58537891352054,202.5,234.58537891352054,0.08788527320130418,0.06491692323827293,443.8949697283442,392.16646645607295,4.271479432907756,3.9158310800898573,0.0,0.0,495.0,8.94978428394795,4031.302780940492,7921.536283389161,165801.41502820642,251418.67082855944,101.75,189.96608548992012,101.75,189.96608548992012,0.04590785755611618,0.06195622553884482,682.4690857007721,486.51499717219934,2.135739716453157,3.4562890619365865,0.0,0.0,495.0,8.94978428394795,1,2,0,0.0
104,38563.13981142632,847520.9294178333,306,306,0.1886227544910179,254.37861967632003,6.585798489831007,0.0,,none,0,0.0,12856.470287121056,22262.628877096555,283973.78729430283,488046.174928763,431.3333333333333,108.56027511633035,431.3333333333333,108.56027511633035,0.14604125083166997,0.05079372994096876,336.05235054931927,74.50925475374606,8.156455685909933,1.3602525576876654,0.0,0.0,130.0,1.9900160773237507,14349.160489204654,15077.881916129627,424307.46094507026,359561.2532814771,253.33333333333334,214.3629321190272,253.33333333333334,214.3629321190272,0.11853250953432533,0.061106970780726355,285.717731504431,124.78552495157726,5.369112514546497,3.363046568188248,0.0,0.0,305.0,6.58579848983245,7240.990072130518,12588.614046932456,236392.9070376087,312310.80207732803,127.16666666666667,195.5815725347138,127.16666666666667,195.5815725347138,0.06146008643169834,0.07246387320058724,695.4513803252154,471.36076841110406,2.6845562572725274,3.605961209399585,0.0,0.0,305.0,6.58579848983245,1,1,0,0.0
105,26508.487055698806,578777.4047421627,44,44,0.088235294117647,756.34362227334,0.9227365956702948,0.0,,ddos,1,0.91,21691.920037896514,19725.585801060577,476226.5673261418,431801.7199319077,282.0,226.9537397797181,282.0,226.9537397797181,0.12222613596336733,0.05750661980870663,454.7291773212972,265.86274111364304,5.486106456482603,4.124968554258637,0.0,0.0,-448.0,-8.011047688281986,14570.488309898932,15277.104242674084,404070.45275957516,344008.37986587593,253.0,214.75101862389386,253.0,214.75101862389386,0.12837221183860473,0.04696060750341833,342.5051812260943,229.40037435751256,5.2148325796548765,3.5716257815510755,0.0,0.0,-2.0,-0.9256796093497289,9407.290629671033,13527.27857588363,283868.1348119826,317865.7814302458,130.75,193.44208670579138,130.75,193.44208670579138,0.06859080538594671,0.07033117879448718,711.4098693711771,469.77592570235936,2.7614509735785053,3.5529594749042372,0.0,0.0,43.0,0.9227365956717376,1,1,0,0.0
106,16.11765628811,22020.87324755943,1,1,0.0052356020942408,904.077468324,-1.4428232973175177e-12,0.0,,ddos,1,1.0,21695.914841137746,19718.997635464486,482773.0691358517,421040.6275238635,117.0,165.08482668010407,117.0,165.08482668010407,0.09403121690096855,0.0918308578677797,638.2665700912199,340.563931109189,2.5028450284999537,3.565913968647366,0.0,0.0,-495.0,-8.94978428394795,12844.341782159536,16390.74647192176,306552.28943467856,357597.21338944515,252.5,215.44906590653858,252.5,215.44906590653858,0.10221778516061782,0.06471944528932971,475.23777966451763,289.01088297914777,4.997981010984318,3.88272213276125,0.0,0.0,-3.0,-1.3011094120233548,9406.170189903298,13528.126458917235,282090.706248073,319388.95024692593,130.75,193.44208670579138,130.75,193.44208670579138,0.06862452907093376,0.07029791584783875,685.2607782679271,447.2136714346496,2.7614509735785053,3.5529594749042372,0.0,0.0,0.0,0.0,1,1,0,0.0
107,275.6949345304539,85360.7142715341,1,1,0.005,872.171372724,-1.4428232973175177e-12,0.0,,ddos,1,1.0,8933.433215505791,15220.996459007161,228719.6640870852,304808.6288306805,15.333333333333334,24.826061575153908,15.333333333333334,24.826061575153908,0.03282363207062926,0.047988051587831454,844.1974877737799,77.73818879184154,0.3075788652224703,0.5327422219022127,0.0,0.0,-305.0,-6.58579848983245,10894.951751313421,17191.23081833752,256346.7256906942,365177.83759192016,223.33333333333334,238.4899718366931,223.33333333333334,238.4899718366931,0.0894324414511496,0.07614861258080223,590.1249191615497,286.53339449651855,4.232017275566201,4.397169626268098,0.0,0.0,-175.0,-4.595782412508699,9418.691951656745,13518.821523302786,285029.04198250914,317215.4460203174,130.75,193.44208670579138,130.75,193.44208670579138,0.06866750365987247,0.07025528571720308,657.6285801339938,421.7856787619245,2.7614509735785053,3.5529594749042372,0.0,0.0,0.0,0.0,1,1,0,0.0
108,49.939965360074,61733.32505823451,1,1,0.0045045045045045,830.416671476,-1.4428232973175177e-12,0.0,,ddos,1,1.0,113.91751872621262,141.12029034536235,56371.63752577582,32008.508792720466,1.0,0.0,1.0,0.0,0.004913368866248424,0.00037316837542765696,868.8885041746667,36.93996707503385,-1.4428232973175177e-12,0.0,0.0,0.0,-43.0,-0.9227365956717376,10902.918778311363,17185.183090899453,266299.102425959,357595.24131595046,141.5,210.45545847043266,141.5,210.45545847043266,0.06356975241480788,0.07383458422567783,661.808840747982,283.33268028569626,2.7430532282405804,3.979366211472853,0.0,0.0,-491.0,-8.933784283953722,9419.550695646492,13518.171895974276,285409.79599746974,316919.6797397831,130.75,193.44208670579138,130.75,193.44208670579138,0.06865707656611206,0.07026566258841015,626.8541748505938,390.9863914934088,2.7614509735785053,3.5529594749042372,0.0,0.0,0.0,0.0,1,1,0,0.0
109,44.592221903550005,64077.17779564862,1,1,0.0046511627906976,832.3262540239999,-1.4428232973175177e-12,0.0,,ddos,1,1.0,123.40904059802597,131.91055571603763,70390.40570847223,13017.527233306697,1.0,0.0,1.0,0.0,0.004718555765067357,0.00025452957833681006,844.9714327413332,23.575181392138962,-1.4428232973175177e-12,0.0,0.0,0.0,0.0,0.0,10909.661940867885,17180.058475196234,276581.7374221621,349278.8352377196,59.0,122.2211111060606,59.0,122.2211111060606,0.04937488633301796,0.0759355906579278,741.6190014162767,243.79069345044186,1.2514225142492552,2.6392360530513357,0.0,0.0,-495.0,-8.94978428394795,9418.689219837006,13518.823243990475,283950.74091444776,317981.8882375579,130.75,193.44208670579138,130.75,193.44208670579138,0.06863007976716107,0.07029241129782995,592.7569855723104,347.989158041924,2.7614509735785053,3.5529594749042372,0.0,0.0,0.0,0.0,1,1,0,0.0
110,2.723134892106,2324.1453117776978,1,1,0.0021834061135371,200.2900590438,-1.4428232973175177e-12,0.0,,ddos,1,1.0,32.41844071857667,25.855521311921496,42711.549388553416,34996.1457515046,1.0,0.0,1.0,0.0,0.0037796911362463904,0.001384366847519157,621.0109948479333,364.35626932208254,-1.4428232973175177e-12,0.0,0.0,0.0,0.0,0.0,4482.925828112183,10790.745103630763,135715.6067378195,219164.1343626893,8.166666666666666,17.554676489946427,8.166666666666666,17.554676489946427,0.018301661603437835,0.034277878846363484,732.6042413108567,265.4489592817016,0.15378943261051345,0.37670563773141374,0.0,0.0,-305.0,-6.58579848983245,9416.04315865842,13520.829970505833,280011.5338414449,321423.2324869299,130.75,193.44208670579138,130.75,193.44208670579138,0.06841708556888158,0.07050715174031298,509.1609864076438,305.89593358865187,2.761450973578506,3.5529594749042372,0.0,0.0,0.0,0.0,1,1,0,0.0
111,67.628874962974,30463.133772727084,1,1,0.0019960079840319,38.0027896198,-1.4428232973175177e-12,0.0,,ddos,1,1.0,38.31474391954333,32.905072893291155,32288.152293384275,30916.941548128267,1.0,0.0,1.0,0.0,0.0029435256294221904,0.0014818225334534117,356.87303422919985,419.67381692715355,-1.4428232973175177e-12,0.0,0.0,0.0,0.0,0.0,76.11613132287798,100.56741985507902,44329.89490958024,31083.195495429798,1.0,0.0,1.0,0.0,0.003928447247835316,0.0014484839578592906,612.8807692019333,386.8387544594354,-1.4428232973175177e-12,0.0,0.0,0.0,-43.0,-0.9227365956717376,7323.302220610905,12782.305289986409,224200.1738345777,299207.96343125164,127.0,195.65786465153911,127.0,195.65786465153911,0.06615032954322002,0.07229719939936059,477.6929752140138,334.4809607647638,2.607416289826717,3.6352565261332295,0.0,0.0,-45.0,-1.8484162050214665,1,1,0,0.0
112,26.631703799614,31185.90546185533,1,1,0.0026315789473684,547.079758051,-1.4428232973175177e-12,0.0,,ddos,1,1.0,32.327904551564664,32.82565767791978,21324.39484878651,16458.6667619661,1.0,0.0,1.0,0.0,0.0022703310149791243,0.00032658010688853793,261.7908689048666,260.051152962163,-1.4428232973175177e-12,0.0,0.0,0.0,0.0,0.0,77.8684725747953,99.3976831150171,45857.40027862956,29972.97978582076,1.0,0.0,1.0,0.0,0.0034944433900232497,0.001366278623530274,553.3811508231,359.5870236046272,-1.4428232973175177e-12,0.0,0.0,0.0,0.0,0.0,6461.1051273671665,12906.237996073225,176204.84485665406,277612.5829611468,126.75,195.83115408200737,126.75,195.83115408200737,0.05285611427532053,0.06754881144922954,514.3094652438089,313.6978496309917,2.4989905054914376,3.6966458797093478,0.0,0.0,-3.0,-1.3011094120233548,1,1,0,0.0
113,51.291133979014006,74510.7284954776,1,1,0.0045662100456621,1203.0420296338,-1.4428232973175177e-12,0.0,,ddos,1,1.0,48.517237580533994,20.6388683790507,45386.58924335314,25224.833301982217,1.0,0.0,1.0,0.0,0.003064598992354124,0.0013386987819931247,596.0415257681999,584.0608262129847,-1.4428232973175177e-12,0.0,0.0,0.0,0.0,0.0,40.467839149555324,22.70549993486707,44049.06931595347,27323.171933225647,1.0,0.0,1.0,0.0,0.0034221450643002666,0.001279391039241675,608.5262603080666,435.59161860646174,-1.4428232973175177e-12,0.0,0.0,0.0,0.0,0.0,5467.70979523149,12902.269447813094,150197.89750332385,270641.9857017844,112.16666666666667,198.33022661177694,112.16666666666667,198.33022661177694,0.04642729325772494,0.06822060036163635,599.3255897348082,351.6484621009305,2.1160086377823792,3.6977316667603195,0.0,0.0,-175.0,-4.595782412508699,1,1,0,0.0
114,881.1031685082058,39442.8729888566,1,1,0.0048780487804878,1213.8639142597997,-1.4428232973175177e-12,0.0,,ddos,1,1.0,319.6753354289446,486.3670740217141,48379.83564872965,23003.522532710915,1.0,0.0,1.0,0.0,0.004025279257839424,0.0012170091477380397,987.9952339815331,381.88233918708676,-1.4428232973175177e-12,0.0,0.0,0.0,0.0,0.0,178.99503967424394,344.67869754777865,40333.993971057156,25916.99078596441,1.0,0.0,1.0,0.0,0.0034844024436308167,0.0013497484907776134,672.4341341053665,498.27568949824354,-1.4428232973175177e-12,0.0,0.0,0.0,0.0,0.0,5540.956908992804,12870.877018283983,153316.54819850807,268989.8487157231,71.25,159.7379245685086,71.25,159.7379245685086,0.03352707742921935,0.0588508021782911,667.1214874266743,386.48992023677596,1.3715266141195688,3.0413782800202163,0.0,0.0,-491.0,-8.933784283953722,1,1,0,0.0
115,13.760441014418,19805.1764250302,1,1,0.0050761421319796,1221.1059894156,-1.4428232973175177e-12,0.0,,ddos,1,1.0,315.38491450054596,490.28562636273705,44586.259303121275,27713.086690546228,1.0,0.0,1.0,0.0,0.0048401336527098245,0.0002570716842405679,1212.6706444363997,9.09090646764193,-1.4428232973175177e-12,0.0,0.0,0.0,0.0,0.0,173.85640952605527,347.3030218028454,32955.32707595408,24039.456224362086,1.0,0.0,1.0,0.0,0.003555232333844483,0.0014318735439747033,737.2307566706332,546.2008814982004,-1.4428232973175177e-12,0.0,0.0,0.0,0.0,0.0,5541.759175196971,12870.500817482278,154768.5322490581,268146.7516216135,30.0,87.79210981320895,30.0,87.79210981320895,0.026465059333431226,0.05652002302473596,739.424879043455,403.27120311591517,0.6257112571239063,1.8955932064120486,0.0,0.0,-495.0,-8.94978428394795,1,1,0,0.0
116,51.00362486236,73833.6463723158,1,1,0.004524886877828,1192.3772134003998,-1.4428232973175177e-12,0.0,,ddos,1,1.0,315.28907812832796,490.3630821557468,44360.565262067335,27347.88226139242,1.0,0.0,1.0,0.0,0.004826359263431791,0.00027923904352003634,1209.115705691933,14.941377322257466,-1.4428232973175177e-12,0.0,0.0,0.0,0.0,0.0,181.903157854431,343.0786069773693,44873.577252710435,23537.106221394482,1.0,0.0,1.0,0.0,0.003945479127892966,0.0012958299752689373,902.5786157300666,499.29760906287106,-1.4428232973175177e-12,0.0,0.0,0.0,0.0,0.0,2332.414492983307,7617.47871758033,90294.59199526497,155998.65639399705,4.583333333333333,12.413030787576677,4.583333333333333,12.413030787576677,0.0111235703656654,0.024311539896382493,817.5914285204616,391.44024574474787,0.07689471630453545,0.26637111095109656,0.0,0.0,-305.0,-6.58579848983245,1,1,0,0.0
117,50.98340618084,74160.6018612862,1,1,0.0053475935828877,1251.3053306868,-1.4428232973175177e-12,0.0,,ddos,1,1.0,38.58249068587266,21.496527994401966,55933.141552877205,31288.162668706304,1.0,0.0,1.0,0.0,0.004982874197565091,0.0004192084938529519,1221.5961778342667,29.46711667680606,-1.4428232973175177e-12,0.0,0.0,0.0,0.0,0.0,179.12891305740865,344.252768723918,52156.48860080362,24907.03109282418,1.0,0.0,1.0,0.0,0.004504076727702267,0.0009684189338410395,1104.7957059079,273.95582320871523,-1.4428232973175177e-12,0.0,0.0,0.0,0.0,0.0,127.6225221901433,247.7083646580838,48243.191755191925,27163.466284980925,1.0,0.0,1.0,0.0,0.004216261987768792,0.0012125762556085935,858.8382375549166,410.03558492711824,-1.4428232973175177e-12,0.0,0.0,0.0,-43.0,-0.9227365956717376,1,6,0,0.0
118,11661.386889876954,251301.5264435456,39,39,0.128440366972477,311.29230794636,2.1997546428551877,0.0,,none,0,0.154,3921.124640306718,6703.263740089221,133098.591559049,102366.8749471989,13.666666666666666,21.93931022920578,13.666666666666666,21.93931022920578,0.046104282477730886,0.0713063273421448,918.3249506778533,526.5307234700701,0.7332515476174346,1.2700289352044047,0.0,0.0,38.0,2.1997546428566306,2118.254777403632,4687.222802142346,88842.42543108533,82759.45137904445,7.333333333333333,15.513435037626795,7.333333333333333,15.513435037626795,0.025472208065220363,0.050444844686315236,1065.4977975571267,370.0252899000118,0.3666257738079956,0.898046072386165,0.0,0.0,38.0,2.1997546428566306,1098.0616249892137,3335.6097479994983,67349.91285485745,63446.948999714004,4.166666666666667,10.96965511460289,4.166666666666667,10.96965511460289,0.014483325727621807,0.03590620582456084,809.4394741901133,438.789460089131,0.18331288690327655,0.6350144676022024,0.0,0.0,38.0,2.1997546428566306,1,5,0,0.0
119,37968.25254506669,860726.0996336471,50,50,0.2314814814814814,162.31556527968797,2.4937373345350937,0.0,,none,0,0.0,16560.20761370816,19427.523210663163,395396.0759794928,412606.0469454451,30.0,25.709920264364882,30.0,25.709920264364882,0.12175648067894869,0.11321501475520837,574.9710679709493,590.4401270716935,1.56449732579628,1.362844586727705,0.0,0.0,49.0,2.4937373345365366,8437.748345918244,15173.557891594417,219878.32062078026,324598.8933922012,15.5,22.73103605205887,15.5,22.73103605205887,0.06329141997119025,0.09606707554860032,892.0433868314412,510.0773880796647,0.7822486628974183,1.2154150368321395,0.0,0.0,49.0,2.4937373345365366,4239.1080925339,11130.34277375683,131963.69496836688,238041.77697182287,8.25,17.093991501534845,8.25,17.093991501534845,0.03335678251774526,0.07192520702601685,750.2848235697539,475.84765354700187,0.3911243314479879,0.9156174007743987,0.0,0.0,49.0,2.4937373345365366,1,4,0,0.0
120,3.337083996712,2990.5212368097204,486,486,0.1956087824351297,376.30403876509007,8.909784283960935,0.0,,none,0,0.0,16544.32550631345,19447.776701732866,371672.71577133395,441355.29681547923,191.66666666666666,254.95947390386053,191.66666666666666,254.95947390386053,0.18517687696302934,0.052306656446847934,283.3039706637126,109.70540991235477,4.534425420450406,3.79202193349761,0.0,0.0,485.0,8.909784283962377,8291.45399849966,15264.942123894676,213802.92866210578,328963.2539941164,96.33333333333333,192.11420214722978,96.33333333333333,192.11420214722978,0.09507987558029724,0.10409336389778183,752.4500742489896,518.9211067039091,2.2672127102244812,3.4525463509912155,0.0,0.0,485.0,8.909784283962377,4235.224519086953,11131.945343052752,127068.46131658147,240211.4557781318,48.666666666666664,138.76227764406903,48.666666666666664,138.76227764406903,0.04928213901196402,0.08493604184117882,712.4421041771781,486.8261347909075,1.1336063551115194,2.611532847494042,0.0,0.0,485.0,8.909784283962377,1,3,0,0.0
121,2.017460550072,1577.015499155262,487,487,0.1377245508982036,404.030088308614,8.913784283959494,0.0,,none,0,0.0,12657.869029871157,21919.435113616953,288431.21212320385,495622.4149517065,341.0,252.01388850616948,341.0,252.01388850616948,0.18827160493827155,0.047307146799555624,314.2165641177973,132.2785641811749,6.772435300818508,3.705461673666098,0.0,0.0,448.0,6.714029641104306,8289.496835088938,15266.216392619355,210764.90184112662,331189.8081448184,177.33333333333334,240.29370916997945,177.33333333333334,240.29370916997945,0.11718794370800123,0.09482872800800268,616.2707573978254,476.840614182095,3.752843424217971,4.132661370834085,0.0,0.0,486.0,8.913784283960936,4231.6766223074965,11133.409059824658,121860.11445854035,242369.300675146,89.16666666666667,186.34905338361582,89.16666666666667,186.34905338361582,0.06037158802092286,0.08723524562408336,676.7507570342294,492.9001222529845,1.8764217121082638,3.406490480485771,0.0,0.0,486.0,8.913784283960936,1,2,0,0.0
122,3.216527329852,2477.613478253336,495,495,0.1936127744510978,422.837946626406,8.945784283947953,0.0,,none,0,0.0,2.857023958878667,0.7295784319535339,2348.3834047392843,715.5591714968328,489.3333333333333,4.93288286231773,489.3333333333333,4.93288286231773,0.17564870259481036,0.03285843838952974,401.0573579000366,23.40895106091355,8.923117617289462,0.019731531442146667,0.0,0.0,445.0,6.452046949412859,8281.532318833519,15271.38569412803,198872.22969211623,338295.21337412944,259.6666666666667,252.13144719900902,259.6666666666667,252.13144719900902,0.14870259163687952,0.0801887653644623,488.01421293549294,385.66929178205595,5.24380747154287,4.121635798887983,0.0,0.0,494.0,8.945784283949395,4231.717738343975,11133.392023274573,121872.90347241332,242362.4237048719,130.33333333333334,217.12515592011292,130.33333333333334,217.12515592011292,0.07632403538238625,0.09294350737548548,695.2964143327798,477.28259757155183,2.621903735770714,3.901421171005239,0.0,0.0,494.0,8.945784283949395,1,1,0,0.0
123,44324.64427844578,484734.3485749397,145,145,0.0655737704918032,556.5008916274801,3.2964627480290227,0.0,,ddos,1,0.654,14776.626088775236,25589.334390762637,162929.65918411594,278691.39985766413,375.6666666666667,199.80323654368902,375.6666666666667,199.80323654368902,0.13230369861370153,0.0641914002288458,461.1229755208333,83.13329083020733,7.052010438645492,3.2524390605160955,0.0,0.0,-341.0,-5.613321535931912,15660.475797544343,20350.66214279826,267301.18747772515,349367.22349798464,283.6666666666667,228.3135271215148,283.6666666666667,228.3135271215148,0.15874028778836546,0.0598438030661767,372.21347309227303,130.63096091597848,5.793217929547947,3.447402844425237,0.0,0.0,144.0,3.2964627480304656,7919.802355300875,15926.98140140843,159728.83803926437,261508.0060702621,142.33333333333334,213.27248185162455,142.33333333333334,213.27248185162455,0.08162218225803386,0.09008961165534629,738.5045895000864,433.8633413467648,2.8966089647732525,3.815126041007553,0.0,0.0,144.0,3.2964627480304656,1,1,0,0.0
124,38.284883882234006,54391.14015567838,1,1,0.0043668122270742,796.1544857659999,-1.4428232973175177e-12,0.0,,ddos,1,1.0,14788.715229885956,25578.87089022068,180534.36740295697,264720.56016070786,213.66666666666666,254.05773622020124,213.66666666666666,254.05773622020124,0.08785111905665838,0.09656976104782587,591.8311080066286,189.14935300137458,4.080749010658511,4.524167638367414,0.0,0.0,-486.0,-8.913784283960936,13723.292129878557,21336.78186479613,234482.78976308063,360249.8299790248,277.3333333333333,236.82623728520173,277.3333333333333,236.82623728520173,0.138061361997465,0.08746860093924766,453.023836062213,210.7865958894202,5.42659215573851,3.9815785989245938,0.0,0.0,-38.0,-2.1997546428566306,7920.773453641094,15926.4567353453,161662.60759708297,260555.12087057286,142.33333333333334,213.27248185162455,142.33333333333334,213.27248185162455,0.08176678503134267,0.08995258613595739,759.2608168096699,429.81196537651067,2.8966089647732525,3.815126041007553,0.0,0.0,0.0,0.0,1,1,0,0.0
125,69.493092245394,94272.6307560085,1,1,0.0042372881355932,766.4716746500001,-1.4428232973175177e-12,0.0,,ddos,1,1.0,14810.807418191136,25559.737247248115,211132.706495542,237783.57225538974,49.0,83.1384387633063,49.0,83.1384387633063,0.02472595695149019,0.035375303495386444,706.3756840144933,130.64113962961454,1.098820916008713,1.9032136549489562,0.0,0.0,-494.0,-8.945784283949395,7406.8322210750075,18085.980369769088,106740.54495014081,188928.250334158,269.1666666666667,246.86548293892096,269.1666666666667,246.86548293892096,0.1001873297731503,0.08812342579627287,553.7165209572651,187.1144532626987,5.010969266649087,4.451396441656116,0.0,0.0,-49.0,-2.4937373345365366,7922.290283496626,15925.63995944211,163309.43278546052,260016.10014485888,142.33333333333334,213.27248185162455,142.33333333333334,213.27248185162455,0.08173937487217027,0.08997829555105426,722.8799538943531,406.6882888054535,2.8966089647732525,3.815126041007553,0.0,0.0,0.0,0.0,1,1,0,0.0
126,145.95513783293404,150186.74370592143,1,1,0.0046948356807511,844.221374654,-1.4428232973175177e-12,0.0,,ddos,1,1.0,84.57770465352068,55.39747328274108,99616.83820586927,48120.88766679655,1.0,0.0,1.0,0.0,0.004432978681139491,0.00023584091831089154,802.2825116899999,39.235423904574674,-1.4428232973175177e-12,0.0,0.0,0.0,-144.0,-3.2964627480304656,7430.601896714378,18074.394238627705,131273.24869499277,182198.68403435065,188.33333333333334,241.0001383125468,188.33333333333334,241.0001383125468,0.06836833864742052,0.08095377013168069,631.7027436054167,195.69663704070328,3.5260052193220233,4.3761397721032536,0.0,0.0,-485.0,-8.909784283962377,7861.02794760702,15956.572099179339,172538.08867854928,257169.79868944568,142.33333333333334,213.27248185162455,142.33333333333334,213.27248185162455,0.08172410711385887,0.08999253764335353,692.0764089272033,379.18827144691596,2.896608964773252,3.815126041007553,0.0,0.0,0.0,0.0,1,1,0,0.0
127,60.550357761546,89486.16789104995,1,1,0.0045871559633027,839.652766694,-1.4428232973175177e-12,0.0,,ddos,1,1.0,91.99952927995803,46.94037597618897,111315.18078432647,33748.72382277983,1.0,0.0,1.0,0.0,0.004506426593215658,0.00023921823177390638,816.781938666,43.62980682621153,-1.4428232973175177e-12,0.0,0.0,0.0,0.0,0.0,7440.357379582957,18069.597988951577,145924.77409364187,172984.88162676446,107.33333333333333,198.4597356308496,107.33333333333333,198.4597356308496,0.046178772824937035,0.07625097847389524,704.3065233363144,173.93469457849605,2.040374505328534,3.630838866490917,0.0,0.0,-486.0,-8.913784283960936,7864.927107335948,15954.485791513569,178344.83796738426,254176.92799077104,142.33333333333334,213.27248185162455,142.33333333333334,213.27248185162455,0.08168335826646914,0.09003050186046119,660.2886403670698,345.2801411780787,2.896608964773252,3.815126041007553,0.0,0.0,0.0,0.0,1,1,0,0.0
128,122.15503122923798,130137.3109293798,1,1,0.0047169811320754,860.5703795198001,-1.4428232973175177e-12,0.0,,ddos,1,1.0,109.55350894123933,44.0748555162005,123270.07417545024,30927.482625350232,1.0,0.0,1.0,0.0,0.004666324258709724,6.945012238206074e-05,848.1481736226,10.997792696135875,-1.4428232973175177e-12,0.0,0.0,0.0,0.0,0.0,7460.180463566187,18059.86999531758,167201.3903354963,159106.77928325735,25.0,58.78775382679681,25.0,58.78775382679681,0.014696140605099972,0.024925557715222854,777.2619288185466,113.60041886396702,0.5494104580036347,1.3457752814612398,0.0,0.0,-494.0,-8.945784283949395,7870.8563911998535,15951.330759370949,183036.81001380624,252587.01816950273,142.33333333333334,213.27248185162455,142.33333333333334,213.27248185162455,0.08169936612098976,0.09001555135584106,632.6380708770199,310.3109895190778,2.8966089647732525,3.815126041007553,0.0,0.0,0.0,0.0,1,1,0,0.0
129,43.997592503990006,263.985554943708,1,1,0.0019960079840319,7.344200000000001,-1.4428232973175177e-12,0.0,,ddos,1,1.0,75.567660498258,41.185990872743695,73295.82145845766,66433.16678557741,1.0,0.0,1.0,0.0,0.003766715026469991,0.0015348505517520674,569.1891154045999,486.68436214458706,-1.4428232973175177e-12,0.0,0.0,0.0,0.0,0.0,80.07268257588935,43.936552278049234,86456.32983216362,53846.383057560095,1.0,0.0,1.0,0.0,0.004099846853804754,0.0010477246963270382,685.7358135473,334.1559428703622,-1.4428232973175177e-12,0.0,0.0,0.0,-144.0,-3.2964627480304656,7870.274240060116,15951.642218192643,176878.7586549444,256355.40612167644,142.33333333333334,213.27248185162455,142.33333333333334,213.27248185162455,0.0814200673210851,0.0902788057175302,528.9746433197864,292.0946273229497,2.8966089647732525,3.815126041007553,0.0,0.0,0.0,0.0,1,1,0,0.0
130,92.157604869348,58865.02292479069,1,1,0.0019960079840319,19.6050589746,-1.4428232973175177e-12,0.0,,ddos,1,1.0,86.103409534192,39.428876079876744,63088.773136371245,65039.604936855394,1.0,0.0,1.0,0.0,0.002902999033379724,0.0015709545794796863,295.83987949813326,489.1093797983628,-1.4428232973175177e-12,0.0,0.0,0.0,0.0,0.0,89.051469407075,38.905569472312436,87201.97696034901,53342.164807845445,1.0,0.0,1.0,0.0,0.0037047128132977046,0.0013346697880828732,556.3109090820667,421.74258367301456,-1.4428232973175177e-12,0.0,0.0,0.0,0.0,0.0,6906.171799642816,16050.988146044556,160842.3833617148,257293.87976168646,139.16666666666666,215.21947923555675,139.16666666666666,215.21947923555675,0.07088303740538135,0.09166034882233581,504.6673725721398,322.4189310097583,2.713296077868533,3.9034780292275806,0.0,0.0,-38.0,-2.1997546428566306,1,1,0,0.0
131,30.934133023972,43434.31975217343,1,1,0.0031347962382445,754.8465554092,-1.4428232973175177e-12,0.0,,ddos,1,1.0,55.69644346577001,32.24477806719172,34187.77607730246,30375.06086669438,1.0,0.0,1.0,0.0,0.002375604068769424,0.0006574797051196288,260.5986047945999,428.0751799400975,-1.4428232973175177e-12,0.0,0.0,0.0,0.0,0.0,82.62497620350467,45.42138804907067,78728.9251263765,55967.474054210776,1.0,0.0,1.0,0.0,0.003520964163739588,0.001322520642366061,554.3733892086,420.6091691808016,-1.4428232973175177e-12,0.0,0.0,0.0,0.0,0.0,3744.7285986392562,12779.44294022913,92734.73503825866,133649.86894771128,135.08333333333334,217.5175889788031,135.08333333333334,217.5175889788031,0.05185414696844493,0.07796887193267943,554.0449550829325,310.36939187208367,2.505484633323822,3.9818233646259475,0.0,0.0,-49.0,-2.4937373345365366,1,1,0,0.0
132,48.759127742214,69978.1628649984,1,1,0.0046296296296296,1201.494879208,-1.4428232973175177e-12,0.0,,ddos,1,1.0,57.28362187851133,31.489341489507314,57425.835180654016,13330.316868816284,1.0,0.0,1.0,0.0,0.0032534779506353238,0.0013208159427725726,658.6488311972665,596.788394994826,-1.4428232973175177e-12,0.0,0.0,0.0,0.0,0.0,66.42564118838466,34.28465561129772,65360.82831955599,43726.21797190431,1.0,0.0,1.0,0.0,0.0035100964885526713,0.001311164397476083,613.9189733009333,489.49783955350097,-1.4428232973175177e-12,0.0,0.0,0.0,0.0,0.0,3748.5137689513813,12778.240697024718,98317.0385072744,130931.9929266331,94.66666666666667,189.66158058899316,94.66666666666667,189.66158058899316,0.03593921756798659,0.06424097742157048,622.810858453175,355.5374076779161,1.7630026096602904,3.4778668350403397,0.0,0.0,-485.0,-8.909784283962377,1,1,0,0.0
133,61.732696020082,89935.5465545036,1,1,0.0043859649122807,1191.3103818666,-1.4428232973175177e-12,0.0,,ddos,1,1.0,47.14198559542266,15.462833932730543,67782.67639055832,23328.22634012995,1.0,0.0,1.0,0.0,0.00405013026005159,0.0008020102257629576,1049.2172721612667,254.9833723154676,-1.4428232973175177e-12,0.0,0.0,0.0,0.0,0.0,66.62269756480732,34.247510401897735,65435.72476346494,43776.16200777714,1.0,0.0,1.0,0.0,0.0034765646467156716,0.001280320464811623,672.5285758297,540.3434564778344,-1.4428232973175177e-12,0.0,0.0,0.0,0.0,0.0,3753.4900385738824,12776.660580042864,105680.24942855343,127434.8565645947,54.166666666666664,144.86723284274865,54.166666666666664,144.86723284274865,0.024827668735826352,0.05604356296139285,688.4175495830071,383.067897912942,1.0201872526635458,2.6697691207311767,0.0,0.0,-486.0,-8.913784283960936,1,1,0,0.0
134,118.27647638735598,135949.2104432132,1,1,0.0043103448275862,1182.7759514997997,-1.4428232973175177e-12,0.0,,ddos,1,1.0,76.256100049884,36.96433943890603,98620.97328757157,33832.26651873395,1.0,0.0,1.0,0.0,0.0044419797898321576,0.00016685007067515078,1191.8604041914666,9.371577084718817,-1.4428232973175177e-12,0.0,0.0,0.0,0.0,0.0,65.976271757827,33.00371321572218,66404.37468243718,45523.59501398231,1.0,0.0,1.0,0.0,0.0034087919293008043,0.0012103801013386532,726.2295044930333,577.5024122546048,-1.4428232973175177e-12,0.0,0.0,0.0,0.0,0.0,3763.078367662007,12773.633121518658,116802.88250896674,123368.23654783415,13.0,41.56921938165302,13.0,41.56921938165302,0.009052466267200385,0.017827340997392,751.74571665579,397.707450912831,0.2747052290010961,0.9516068274744817,0.0,0.0,-494.0,-8.945784283949395,1,1,0,0.0
135,290.77827313926,183958.8508793742,1,1,0.0044444444444444,1207.7654305122,-1.4428232973175177e-12,0.0,,ddos,1,1.0,156.929148515566,119.31467176120621,136614.53595903018,47015.183000542434,1.0,0.0,1.0,0.0,0.004380251394770424,6.723213533820158e-05,1193.9505879595333,12.70222545414405,-1.4428232973175177e-12,0.0,0.0,0.0,0.0,0.0,107.10638519703866,95.23548238376036,97020.18556984224,53258.849137445126,1.0,0.0,1.0,0.0,0.0038168646727028883,0.0010394784674296993,926.2997095783999,478.00782965410303,-1.4428232973175177e-12,0.0,0.0,0.0,0.0,0.0,93.589533886464,72.10696087209445,91738.25770100295,51358.34449619534,1.0,0.0,1.0,0.0,0.003958355763253819,0.0010059572267293742,806.01776156285,412.79219524995204,-1.4428232973175177e-12,0.0,0.0,0.0,-144.0,-3.2964627480304656,1,1,0,0.0
136,97.398050341146,143646.2809305278,1,1,0.0049751243781094,1239.317301143,-1.4428232973175177e-12,0.0,,ddos,1,1.0,168.81759995592066,106.13567506768649,154518.11408437157,25785.246960176457,1.0,0.0,1.0,0.0,0.004576637883379991,0.0003515526869072005,1209.9528943849998,28.33407495428454,-1.4428232973175177e-12,0.0,0.0,0.0,0.0,0.0,107.97979277567167,95.09489388178055,111150.3952374651,52350.21382541511,1.0,0.0,1.0,0.0,0.004313384071715804,0.0006244092895150101,1129.5850832731333,184.6036783486413,-1.4428232973175177e-12,0.0,0.0,0.0,0.0,0.0,98.51563109137334,69.97288770382737,99176.18609890707,51917.974977767655,1.0,0.0,1.0,0.0,0.004009048442506752,0.0010430546975398816,842.9479961776,431.240964184499,-1.4428232973175177e-12,0.0,0.0,0.0,0.0,0.0,1,6,0,0.0
137,20625.93006128044,667648.173978486,17,17,0.0097087378640776,420.72292805648,1.3110405672965262,0.0,,none,0,0.3,7004.702128253615,11796.725680469392,331751.1019294625,291592.8807126489,6.333333333333333,9.237604307034013,6.333333333333333,9.237604307034013,0.006376102228877124,0.0028983185652641233,955.9352199038932,463.7758382489283,0.4370135224312141,0.756929624448002,0.0,0.0,16.0,1.311040567297969,3540.4791141517494,8370.582450867752,215186.0376085172,225329.33497485443,3.6666666666666665,6.531972647421808,3.6666666666666665,6.531972647421808,0.005409041009354655,0.0021197841077681325,1073.8978120476797,320.5753415572665,0.21850676121488535,0.535230070328169,0.0,0.0,16.0,1.311040567297969,1811.5520451776272,5925.39859851637,146957.48136744686,171991.00594930712,2.3333333333333335,4.618802153517007,2.3333333333333335,4.618802153517007,0.004465002586547119,0.00195185762544103,814.13560062814,448.03814689929015,0.1092533806067214,0.378464812224001,0.0,0.0,16.0,1.311040567297969,1,5,0,0.0
138,17736.82096862305,817073.1905009195,9,9,0.3235294117647059,107.22372287422,1.6768019646408323,0.0,,none,0,0.0,12820.049693414878,11112.43161781322,542789.2151366443,353649.9262486621,9.0,8.0,9.0,8.0,0.11273775800229763,0.18256626946420548,589.0879840245665,584.5246457957993,0.9959475106453057,0.8816909509116023,0.0,0.0,8.0,1.6768019646422752,6488.489420965222,9874.539764514864,339701.8755478374,316867.2278870312,5.0,6.6932802122726045,5.0,6.6932802122726045,0.058559004698534034,0.12982520432471845,891.51928599205,496.4773853070989,0.4979737553219312,0.7800801281642794,0.0,0.0,8.0,1.6768019646422752,3277.4575310768037,7454.512145292982,202531.3519336967,258909.09984668644,3.0,4.972652484064488,3.0,4.972652484064488,0.03103455059354335,0.09213264204666766,752.7191296464916,491.90496551331495,0.24898687766024433,0.5867133894343196,0.0,0.0,8.0,1.6768019646422752,1,4,0,0.0
139,32.764376194292,5565.98426550654,453,453,0.0747252747252747,337.869334338784,8.459517505338876,0.0,,none,0,0.0,12798.505135365927,11149.432303265572,496762.4495816371,431899.79687999235,159.66666666666666,254.06560832456907,159.66666666666666,254.06560832456907,0.1359878081180194,0.16563718586155102,288.6053284231612,162.45197635491232,3.815786679092079,4.025744942234033,0.0,0.0,452.0,8.459517505340319,6483.661367660924,9878.316878865438,325640.28183300456,331693.0523183999,80.33333333333333,182.68077804374127,80.33333333333333,182.68077804374127,0.0702822230006997,0.12710227799100027,749.2791114040807,515.3074683731978,1.9078933395453177,3.294042703134467,0.0,0.0,452.0,8.459517505340319,3275.142032612866,7455.606445285094,195538.00329823478,263335.6657026127,40.666666666666664,129.9449767005134,40.666666666666664,129.9449767005134,0.03687939382370768,0.0925262269547487,710.9038436168903,504.9965007737364,0.9539466697719376,2.4341090891298087,0.0,0.0,452.0,8.459517505340319,1,3,0,0.0
140,9.382202004526,8265.531732729125,498,498,0.3013972055888224,403.230434980202,8.957784283943624,0.0,,none,0,0.0,5926.32251560729,10228.198373273477,276968.2354997182,467746.5592623531,320.0,270.2720851290418,320.0,270.2720851290418,0.23321729735960098,0.13770348422096226,282.7744973977353,155.50425780703853,6.364701251307778,4.067476765405628,0.0,0.0,481.0,7.646743716647098,6465.512321930452,9892.440663153075,304359.6687145905,349893.7688069095,163.16666666666666,242.42311495949943,163.16666666666666,242.42311495949943,0.11979669979423906,0.15174102368621345,619.3548586508143,481.3018267504805,3.4008573868694953,4.169912279738602,0.0,0.0,497.0,8.957784283945067,3265.7442968441396,7460.011836255617,185382.02169851385,268388.8633440633,82.08333333333333,184.07975461904022,82.08333333333333,184.07975461904022,0.06160274586176993,0.11900055452054935,672.7921815719238,509.9081015899635,1.7004286934340265,3.3253617028292486,0.0,0.0,497.0,8.957784283945067,1,2,0,0.0
141,31614.44792092722,585800.2475908148,413,413,0.1826280623608017,300.87341544177804,8.146951712126103,0.0,,none,0,0.098,10552.198166375347,18240.447094955176,199877.25452968336,334221.8414752087,454.6666666666667,42.52450274057709,454.6666666666667,42.52450274057709,0.18625018089163292,0.11337936702654844,347.32439492025463,51.829417227534094,8.52141783380287,0.40894510985952215,0.0,0.0,404.0,6.470149747485271,11686.123929895113,13565.50639815495,371333.23483316397,360535.14070073055,231.83333333333334,245.63095624669683,231.83333333333334,245.63095624669683,0.14949396944696527,0.14175807681075966,468.20618947241064,394.052064983956,4.7586826722240865,4.167452110071156,0.0,0.0,412.0,8.146951712127546,5896.615157546075,10964.326908324525,234176.71020150313,284421.8075078156,116.41666666666667,204.8336168846818,116.41666666666667,204.8336168846818,0.07665541705983409,0.12215772994894819,697.2529495254054,481.32313802050993,2.379341336111322,3.7510418888805375,0.0,0.0,412.0,8.146951712127546,1,1,0,0.0
142,225.718553877476,95777.560145307,1,1,0.0045871559633027,831.03646196,-1.4428232973175177e-12,0.0,,ddos,1,1.0,10616.516225603074,18185.063980239665,229947.77982295016,311268.0884568498,304.0,265.825130489952,304.0,265.825130489952,0.1628708079709756,0.1493881294328438,511.7134374606599,281.23768478593183,5.701578665356095,4.9543275853364035,0.0,0.0,-452.0,-8.459517505340319,11707.510680484504,13543.665668529477,363355.1147022938,367051.935527048,231.83333333333334,245.63095624669683,231.83333333333334,245.63095624669683,0.1494293080444975,0.1418372480223706,400.1593829419107,239.01313872177386,4.7586826722240865,4.167452110071156,0.0,0.0,0.0,0.0,5907.745236630086,10957.964991662253,237252.7549698795,282546.85900501645,116.41666666666667,204.8336168846818,116.41666666666667,204.8336168846818,0.07687134605810665,0.12201597072776393,764.8722331075219,431.93166016885925,2.379341336111322,3.7510418888805375,0.0,0.0,0.0,0.0,1,1,0,0.0
143,88.96742069654,79971.90751736458,1,1,0.0046082949308755,819.332689746,-1.4428232973175177e-12,0.0,,ddos,1,1.0,10643.044631833745,18161.896711342073,253849.90508449532,287586.03422505903,138.33333333333334,237.86831090612583,138.33333333333334,237.86831090612583,0.0639411710849933,0.10278586348448247,650.4141890492593,302.7677474263006,2.7156505707077403,4.703644764071721,0.0,0.0,-497.0,-8.957784283945067,8284.683573720518,13433.631448834218,265409.0702921069,347501.6049942498,229.16666666666666,248.4998323272406,229.16666666666666,248.4998323272406,0.14857923422229716,0.14285375527965125,466.59434322349733,294.76708787511205,4.540175911007759,4.411590164821961,0.0,0.0,-16.0,-1.311040567297969,5912.581343936134,10955.148022783113,240297.55395031208,280457.4886607389,116.41666666666667,204.8336168846818,116.41666666666667,204.8336168846818,0.0769941376158259,0.1219357345954693,770.2460776355887,432.19665539515216,2.379341336111322,3.7510418888805375,0.0,0.0,0.0,0.0,1,1,0,0.0
144,80.92202647201199,108490.00050598162,1,1,0.0042194092827004,772.42108972,-1.4428232973175177e-12,0.0,,ddos,1,1.0,131.86933368200934,81.37529841102806,94746.48938955092,14286.977885670973,1.0,0.0,1.0,0.0,0.004471620058959533,0.00021867652078666887,807.5967471419999,31.019989157178003,-1.4428232973175177e-12,0.0,0.0,0.0,-412.0,-8.146951712127546,5342.033750028678,12871.021278813085,147311.87195961727,219269.43735084272,227.83333333333334,249.93472481163295,227.83333333333334,249.93472481163295,0.09536090047529623,0.12269883874032397,577.4605710311273,254.97961242598308,4.260708916900713,4.674533453793507,0.0,0.0,-8.0,-1.6768019646422752,5915.261585496951,10953.58680739898,243506.87375372733,278545.14433633955,116.41666666666667,204.8336168846818,116.41666666666667,204.8336168846818,0.07695995258691514,0.12195792200188092,734.4899285115886,410.47872425211796,2.3793413361113225,3.7510418888805375,0.0,0.0,0.0,0.0,1,1,0,0.0
145,66.37835636825999,89326.13019136485,1,1,0.004524886877828,810.3675461,-1.4428232973175177e-12,0.0,,ddos,1,1.0,78.75593451227066,11.44925427895624,92596.01273823687,14537.520621855656,1.0,0.0,1.0,0.0,0.004450863697134633,0.0002047378453267519,800.707108522,24.903164355125266,-1.4428232973175177e-12,0.0,0.0,0.0,0.0,0.0,5347.636080057672,12868.255157793601,161271.89628059368,210948.61302068114,152.5,236.23695731193294,152.5,236.23695731193294,0.0836608358340551,0.1282801842699404,656.21027299133,238.62339313133768,2.8507893326773264,4.4238608152052175,0.0,0.0,-452.0,-8.459517505340319,5915.648723859299,10953.361195164143,243456.0890567991,278575.7429180145,116.41666666666667,204.8336168846818,116.41666666666667,204.8336168846818,0.07697152941737741,0.12195041301439298,702.7446921977053,385.93451865734386,2.3793413361113225,3.7510418888805375,0.0,0.0,0.0,0.0,1,1,0,0.0
146,353.10525182517995,51137.30922349861,1,1,0.004524886877828,807.1473722939999,-1.4428232973175177e-12,0.0,,ddos,1,1.0,166.8018782218173,161.5072439489056,82984.47997361487,29197.52035619557,1.0,0.0,1.0,0.0,0.004423061012785467,0.00017636757180646763,796.6453360379998,21.040507648135844,-1.4428232973175177e-12,0.0,0.0,0.0,0.0,0.0,5404.923255027782,12840.472318692386,168417.19252905526,205382.0512118616,69.66666666666667,168.19829567111165,69.66666666666667,168.19829567111165,0.034182116048889384,0.07272350076198683,723.5297625436297,207.9891084705348,1.3578252853531483,3.3259791089677124,0.0,0.0,-497.0,-8.957784283945067,5935.217788479117,10942.266283927054,236388.43062182292,282598.05258028297,116.41666666666667,204.8336168846818,116.41666666666667,204.8336168846818,0.07698940792156422,0.12193880731064247,671.442310597222,357.6580159596112,2.379341336111322,3.7510418888805375,0.0,0.0,0.0,0.0,1,1,0,0.0
147,15.97622505251,19062.789451775338,1,1,0.0026246719160104,367.0340145602,-1.4428232973175177e-12,0.0,,ddos,1,1.0,145.15327774864997,181.84639494086994,53175.40962221278,35175.981193133586,1.0,0.0,1.0,0.0,0.0038914818905554666,0.0010970896197280877,661.5163109847332,255.0342321345015,-1.4428232973175177e-12,0.0,0.0,0.0,0.0,0.0,138.51130571532966,126.2099804697756,73960.949505882,33091.28824788635,1.0,0.0,1.0,0.0,0.0041815509747575004,0.0007755888796046024,734.5565290633666,181.11799431163038,-1.4428232973175177e-12,0.0,0.0,0.0,-412.0,-8.146951712127546,5912.317617805221,10955.432591525701,222647.09216952298,289308.5696861534,116.41666666666667,204.8336168846818,116.41666666666667,204.8336168846818,0.07683776021086139,0.12203831972067515,601.3813592678887,323.7888339796048,2.379341336111322,3.7510418888805375,0.0,0.0,0.0,0.0,1,1,0,0.0
148,2.25503296786,122.854772721322,1,1,0.0019960079840319,60.0122190814,-1.4428232973175177e-12,0.0,,ddos,1,1.0,123.77883661518331,198.72096344827523,23440.984482664935,25787.498609314287,1.0,0.0,1.0,0.0,0.0030485222592901,0.0013166411622023714,411.3978686451998,375.5380779008428,-1.4428232973175177e-12,0.0,0.0,0.0,0.0,0.0,101.26738556372699,128.28312909527983,58018.49861045105,42252.32793642229,1.0,0.0,1.0,0.0,0.0037496929782123664,0.0011402425472967854,606.0524885836,319.57489184130026,-1.4428232973175177e-12,0.0,0.0,0.0,0.0,0.0,5904.389033024115,10960.056949807404,210686.80665637247,295766.07161899575,116.41666666666667,204.8336168846818,116.41666666666667,204.8336168846818,0.07658950051135494,0.12220072017929191,503.10593576275534,289.7417145630674,2.379341336111322,3.7510418888805375,0.0,0.0,0.0,0.0,1,1,0,0.0
149,65.658881286642,7904.950755134287,1,1,0.0020491803278688,166.5918651774,-1.4428232973175177e-12,0.0,,ddos,1,1.0,27.963379769003996,33.35837083865794,9030.198326543494,9519.974684097348,1.0,0.0,1.0,0.0,0.0022232867426370336,0.0003486249669778908,197.87936627299993,155.88385586185973,-1.4428232973175177e-12,0.0,0.0,0.0,0.0,0.0,97.38262899541066,129.08054422873258,46007.339150079344,44922.386149341626,1.0,0.0,1.0,0.0,0.0033231738777112496,0.0012299430910117492,497.2623511555,342.7144551325012,-1.4428232973175177e-12,0.0,0.0,0.0,0.0,0.0,4191.033101357964,10015.856831356348,155708.20472109315,262555.32579543575,115.08333333333333,205.5902625627149,115.08333333333333,205.5902625627149,0.0759512040500042,0.12260116786779435,481.9283471894987,305.18634387821334,2.270087955503158,3.8037090848096007,0.0,0.0,-16.0,-1.311040567297969,1,1,0,0.0
150,131.28990842373202,132636.3121507294,1,1,0.0047393364928909,1211.0064167199998,-1.4428232973175177e-12,0.0,,ddos,1,1.0,66.401274226078,64.52064113436363,46888.03922619485,74362.05340512429,1.0,0.0,1.0,0.0,0.002928174934930533,0.0015687372202897393,479.2035003262665,635.996412389462,-1.4428232973175177e-12,0.0,0.0,0.0,0.0,0.0,105.777275987364,129.43327707047098,50031.724424203974,52141.01230082958,1.0,0.0,1.0,0.0,0.003409828412743,0.0013206835076175188,570.3599056554999,444.73019543554443,-1.4428232973175177e-12,0.0,0.0,0.0,0.0,0.0,2723.905513008021,9098.725456449,98671.79819191065,160221.19310307558,114.41666666666667,205.9781357917447,114.41666666666667,205.9781357917447,0.049385364444019614,0.09565503604387966,573.9102383433136,345.64156496835943,2.1303544584496352,3.857899057033762,0.0,0.0,-8.0,-1.6768019646422752,1,1,0,0.0
151,57.868954497228,82206.10848880542,1,1,0.0047619047619047,1206.2119262864,-1.4428232973175177e-12,0.0,,ddos,1,1.0,84.93924806920067,40.32937548829422,74249.12379822288,62745.225578728816,1.0,0.0,1.0,0.0,0.0038501405275548004,0.0015597181034857923,861.2700693945999,601.6137484677811,-1.4428232973175177e-12,0.0,0.0,0.0,0.0,0.0,104.35904234219198,129.99671545606276,48845.05414044407,51139.255696469285,1.0,0.0,1.0,0.0,0.0034493313934224504,0.0013635554111933895,636.3339690198999,511.76428091622245,-1.4428232973175177e-12,0.0,0.0,0.0,0.0,0.0,2725.997561199932,9098.053298487144,105058.47521051887,157679.7930627776,76.75,177.83962386988398,76.75,177.83962386988398,0.04355508361373878,0.09610126341631665,646.272121005615,380.8369034394396,1.425394666337942,3.333490145062079,0.0,0.0,-452.0,-8.459517505340319,1,1,0,0.0
152,88.532862523024,127093.516031424,1,1,0.0044247787610619,1185.9009664086002,-1.4428232973175177e-12,0.0,,ddos,1,1.0,92.563908481328,36.876091420618536,113978.64555698611,27655.039884584738,1.0,0.0,1.0,0.0,0.0046420066719525,0.0001884630087149862,1201.0397698049999,13.32795223715092,-1.4428232973175177e-12,0.0,0.0,0.0,0.0,0.0,60.263644125166,47.33940540150496,61504.421941764966,60385.63928966578,1.0,0.0,1.0,0.0,0.0034326467072947667,0.0013482896195896998,699.4595680389999,558.2922199852192,-1.4428232973175177e-12,0.0,0.0,0.0,0.0,0.0,2732.5934495764736,9095.933212162203,114960.80723541013,154752.61299190167,35.333333333333336,118.93415545306289,35.333333333333336,118.93415545306289,0.018807381378092073,0.05160093095905597,711.4946652913148,401.869097127007,0.6789126426758528,2.3518223820358606,0.0,0.0,-497.0,-8.957784283945067,1,1,0,0.0
153,58.821940203802,83321.0007920252,1,1,0.0047619047619047,1206.6476489314,-1.4428232973175177e-12,0.0,,ddos,1,1.0,68.40791907468467,17.435224632686047,97540.20843741806,25599.985127391108,1.0,0.0,1.0,0.0,0.004649529428290433,0.00019463978736287968,1199.5868472088,11.854322566640839,-1.4428232973175177e-12,0.0,0.0,0.0,0.0,0.0,67.40459665038134,42.2843713991678,72214.1238318066,56953.686130014794,1.0,0.0,1.0,0.0,0.003788852181610483,0.0013742077109568061,839.3951737675334,563.505487598849,-1.4428232973175177e-12,0.0,0.0,0.0,0.0,0.0,102.9579511828555,97.11901245229423,73087.5366688443,44418.39587002414,1.0,0.0,1.0,0.0,0.003985201578183992,0.0010834524674474912,786.97585141545,402.79526001066375,-1.4428232973175177e-12,0.0,0.0,0.0,-412.0,-8.146951712127546,1,1,0,0.0
154,44.50714111094601,64028.73161230541,1,1,0.0047393364928909,1214.2489647776,-1.4428232973175177e-12,0.0,,ddos,1,1.0,63.953981279257334,22.45705727866932,91481.08281191805,32314.578171272537,1.0,0.0,1.0,0.0,0.0046420066719525,0.00018846300871498624,1202.2658600391999,14.673183305071523,-1.4428232973175177e-12,0.0,0.0,0.0,0.0,0.0,74.44661467422901,31.375557487255058,82865.10330507062,45624.119077040035,1.0,0.0,1.0,0.0,0.00424607359975365,0.0010841637996364857,1031.7679647169,423.9636784356704,-1.4428232973175177e-12,0.0,0.0,0.0,0.0,0.0,87.85700011897801,90.13272805071651,70441.80095776085,43886.38076440638,1.0,0.0,1.0,0.0,0.003997883288983008,0.0010919957633846176,818.9102266502499,421.36871788134164,-1.4428232973175177e-12,0.0,0.0,0.0,0.0,0.0,1,1,0,0.0
155,32399.66597061165,496806.4684287791,71,71,0.1076923076923077,859.2549117058679,2.25013003898125,0.0,,ddos,1,0.68,10834.331683975466,18676.128704823812,214718.7336110364,244485.51186825059,24.333333333333332,40.414518843273804,24.333333333333332,40.414518843273804,0.0390645163157011,0.05943341180897306,1093.383841804956,202.79721874980487,0.7500433463261221,1.299113183718321,0.0,0.0,70.0,2.250130038982693,5463.447796228397,13196.034623359374,164348.68958401142,165105.28852867486,12.666666666666666,28.577380332470412,12.666666666666666,28.577380332470412,0.021853261493826798,0.04205257583164782,1147.211805804978,141.416682705621,0.3750216731623393,0.9186117417360699,0.0,0.0,70.0,2.250130038982693,2780.415212611904,9328.080402623742,105178.01436704538,130872.2177111683,6.833333333333333,20.207259421636902,6.833333333333333,20.207259421636902,0.012588217685769024,0.029969305375516734,822.2370784802391,421.52992564085235,0.18751083658044843,0.6495565918591605,0.0,0.0,70.0,2.250130038982693,1,4,0,0.0
156,7.332477833094001,4422.741635275793,499,499,0.2275449101796407,401.11339707515,8.961784283942182,0.0,,none,0,0.0,10817.168529851897,18691.000302931876,188419.31389211994,268728.8527916186,190.33333333333334,269.5947576147083,190.33333333333334,269.5947576147083,0.11332551812161311,0.11150955434973299,824.8724245195393,407.6566931065094,3.7373047743073307,4.662312828203281,0.0,0.0,498.0,8.961784283943624,5442.788224463291,13206.14534695279,142979.76116476915,177836.7953123285,95.66666666666667,199.56619620232948,95.66666666666667,199.56619620232948,0.058987523774951776,0.09228709874034698,1012.2296358641696,329.6256533260472,1.8686523871529435,3.5895819333221657,0.0,0.0,498.0,8.961784283943624,2774.2827502253276,9330.040422219352,96505.74279448656,134042.41772844753,48.333333333333336,143.34277629218542,48.333333333333336,143.34277629218542,0.031198676093847383,0.06866248456929312,791.2947707598347,438.79345583686563,0.9343261935757505,2.609442251659744,0.0,0.0,498.0,8.961784283943624,1,3,0,0.0
157,3.065052988944,2651.570552394344,498,498,0.1976047904191616,388.889008748656,8.957784283943624,0.0,,none,0,0.0,10803.354500477897,18702.9544828886,167960.26020548292,284790.54717262276,356.0,246.81774652564997,356.0,246.81774652564997,0.17761400276370334,0.062376961083888044,549.7524391765579,268.10668453771564,6.723232868955686,3.87382120078405,0.0,0.0,497.0,8.957784283945067,5433.654240878577,13210.632889339558,129720.67150870063,186050.1933913068,178.5,249.34935331778985,178.5,249.34935331778985,0.09112800471782793,0.10262632092468311,876.009149607879,395.69019189588766,3.361616434477121,4.4230254737368675,0.0,0.0,497.0,8.957784283945067,2769.006641610384,9331.728692789105,89282.86282457235,136771.9023925215,89.75,191.97401576065633,89.75,191.97401576065633,0.047288668055625184,0.08297466996689169,756.1715593138894,453.741978390518,1.6808082172378391,3.460388402586351,0.0,0.0,497.0,8.957784283945067,1,2,0,0.0
158,31385.64937082429,276623.7829546825,266,266,0.1061007957559681,434.248389093728,5.801971730019893,0.0,,none,0,0.378,10465.348967215443,18117.511729971557,94566.03171411739,157669.12459905096,421.0,134.2348687934696,421.0,134.2348687934696,0.17708349878492347,0.06326935110928995,408.0835983058446,23.469259153606927,7.9071800993018995,1.8231650250515608,0.0,0.0,195.0,3.5518416910386432,10649.840325595454,16457.753502452924,154642.38266257706,195407.4944265439,222.66666666666666,234.65776498267996,222.66666666666666,234.65776498267996,0.10807400755031228,0.09342862702710622,750.7337200554002,396.9407189305884,4.328611722814011,4.167976998414435,0.0,0.0,265.0,5.801971730021336,5355.05198486031,12397.6422234678,108073.40230217103,146217.96019955885,111.83333333333333,196.03563374287262,111.83333333333333,196.03563374287262,0.05575332712880352,0.08339559306133945,725.0966440472001,462.61586285352126,2.164305861406284,3.606443723484209,0.0,0.0,265.0,5.801971730021336,1,1,0,0.0
159,42.480884315324005,54768.53788747862,1,1,0.0046082949308755,815.7720358539999,-1.4428232973175177e-12,0.0,,ddos,1,1.0,10477.06510270952,18107.375858323117,111347.963798185,145485.79610890272,255.0,248.68252853789306,255.0,248.68252853789306,0.10277129370200172,0.0965413176087603,546.3031445654611,234.4663747225338,4.919918671320692,4.543565562220246,0.0,0.0,-498.0,-8.961784283943624,10647.11681628071,16459.857904060413,149883.63884515263,197824.47568095056,222.66666666666666,234.65776498267996,222.66666666666666,234.65776498267996,0.10804840591180742,0.09346261382336002,685.5877845425002,334.28077606147923,4.328611722814011,4.167976998414435,0.0,0.0,0.0,0.0,5357.260706465545,12396.606877764403,111048.88133847962,144596.2681520318,111.83333333333333,196.03563374287262,111.83333333333333,196.03563374287262,0.05591862904670896,0.08328260037623066,762.4914791550168,448.9766645011206,2.164305861406284,3.606443723484209,0.0,0.0,0.0,0.0,1,1,0,0.0
160,72.01406631977999,102754.01513935711,1,1,0.0046296296296296,840.4186183179999,-1.4428232973175177e-12,0.0,,ddos,1,1.0,10500.04810715313,18087.46729536801,144715.44532717258,116728.35413263415,89.33333333333333,152.99782133525082,89.33333333333333,152.99782133525082,0.03844624010549106,0.0585905648461419,696.8130144219091,227.72132171161454,1.9339905766723364,3.3497699401584193,0.0,0.0,-497.0,-8.957784283945067,10651.701303815515,16456.317639450037,156337.8527663279,195075.7857668975,222.66666666666666,234.65776498267996,222.66666666666666,234.65776498267996,0.10803012143459721,0.09348687434184612,623.2827267992335,236.60794935885852,4.328611722814011,4.167976998414435,0.0,0.0,0.0,0.0,5363.073959244872,12393.883475537725,119601.47803569929,140413.4631303526,111.83333333333333,196.03563374287262,111.83333333333333,196.03563374287262,0.05613809751717542,0.08313091602008246,827.5253457580667,390.7130056299754,2.164305861406284,3.606443723484209,0.0,0.0,0.0,0.0,1,1,0,0.0
161,46.93906807994,63142.08050362219,1,1,0.0043668122270742,804.061950058,-1.4428232973175177e-12,0.0,,ddos,1,1.0,53.81133957168132,15.920844735814192,73554.87784348581,25631.450760828237,1.0,0.0,1.0,0.0,0.004534912262526424,0.0001459692048890513,820.0842014099999,18.557960841066475,-1.4428232973175177e-12,0.0,0.0,0.0,-265.0,-5.801971730021336,5259.580153393562,12799.133901758174,84060.45477880175,101681.12029311445,211.0,245.2092983555069,211.0,245.2092983555069,0.09080920552372496,0.10263097608413817,614.0838998579222,226.45403662062446,3.953590049650229,4.4818100607091935,0.0,0.0,-70.0,-2.250130038982693,5361.51397481098,12394.612019038912,124204.57218140659,137289.5528586551,111.83333333333333,196.03563374287262,111.83333333333333,196.03563374287262,0.056331233508775884,0.08299641207001904,880.6478528314501,331.5359073580066,2.1643058614062842,3.606443723484209,0.0,0.0,0.0,0.0,1,1,0,0.0
162,49.562346303772,69846.68470456354,1,1,0.0049019607843137,860.670519112,-1.4428232973175177e-12,0.0,,ddos,1,1.0,56.171826901163996,13.782336891476678,78580.92678251413,21201.216472290642,1.0,0.0,1.0,0.0,0.004632800880339158,0.0002675883726848198,835.0503624959998,28.68355191591648,-1.4428232973175177e-12,0.0,0.0,0.0,0.0,0.0,5266.618464805341,12795.679160196807,94964.44529034971,94701.35687607802,128.0,209.98095151703643,128.0,209.98095151703643,0.05370204729117045,0.08134782219372194,690.6767535307307,217.557756858274,2.4599593356596245,3.939451120017198,0.0,0.0,-498.0,-8.961784283943624,5354.703344634317,12397.769256202086,118972.10322755943,138132.9318516384,111.83333333333333,196.03563374287262,111.83333333333333,196.03563374287262,0.05634478553306111,0.08298723485235628,851.4531946974502,314.80311493635685,2.1643058614062842,3.606443723484209,0.0,0.0,0.0,0.0,1,1,0,0.0
163,13.466467691332,18910.64008333744,1,1,0.003030303030303,504.282552414,-1.4428232973175177e-12,0.0,,ddos,1,1.0,36.65596069168134,20.125477312411565,50633.135097174236,27676.261431077794,1.0,0.0,1.0,0.0,0.004099692013896958,0.0009639971956633945,723.0050071946666,191.52223550164032,-1.4428232973175177e-12,0.0,0.0,0.0,0.0,0.0,5268.352033922406,12794.824103579087,97674.29021217355,91717.16290632873,45.166666666666664,108.18579697292371,45.166666666666664,108.18579697292371,0.02127296605969402,0.04156223095041703,709.9090108082879,188.73503375651916,0.9669952883354466,2.368645040100872,0.0,0.0,-497.0,-8.957784283945067,5351.003137400491,12399.500357789346,113697.4808604371,140846.2972131699,111.83333333333333,196.03563374287262,111.83333333333333,196.03563374287262,0.05620048538876096,0.08308652840062544,792.9590802080835,308.0327569617652,2.1643058614062842,3.606443723484209,0.0,0.0,0.0,0.0,1,1,0,0.0
164,2200.5386959691414,13347.523185850958,1,1,0.0019960079840319,100.6957805932,-1.4428232973175177e-12,0.0,,ddos,1,1.0,754.5225033214151,1252.416803689354,34034.949324583824,31138.35834785493,1.0,0.0,1.0,0.0,0.003309423932882858,0.0014729466310946318,488.5496173730665,380.2315672461073,-1.4428232973175177e-12,0.0,0.0,0.0,0.0,0.0,404.16692144654826,880.2382460941362,53794.91358403498,33454.07115014797,1.0,0.0,1.0,0.0,0.0039221680977046544,0.0011519105905537128,654.3169093915333,301.567125496408,-1.4428232973175177e-12,0.0,0.0,0.0,-265.0,-5.801971730021336,5527.003623521002,12332.823237569135,104218.64812330603,143662.15255103115,111.83333333333333,196.03563374287262,111.83333333333333,196.03563374287262,0.05599808782400847,0.08322695870874518,702.5253147234667,339.8411302308332,2.1643058614062842,3.606443723484209,0.0,0.0,0.0,0.0,1,1,0,0.0
165,1.230799264438,214.851385795804,1,1,0.0019960079840319,140.0154449916,-1.4428232973175177e-12,0.0,,ddos,1,1.0,738.4119876416371,1266.253652038018,10824.338218327912,9599.89455892442,1.0,0.0,1.0,0.0,0.002340772999455591,0.0005971505233809398,248.33125933293323,222.53046381226767,-1.4428232973175177e-12,0.0,0.0,0.0,0.0,0.0,397.29190727140053,883.7820979877816,44702.632500421176,39924.25841930682,1.0,0.0,1.0,0.0,0.0034867869398973877,0.001321852660474292,541.6908109144666,351.29590546282776,-1.4428232973175177e-12,0.0,0.0,0.0,0.0,0.0,5522.204361776055,12335.155587657671,97293.13567278691,146731.50502346433,111.83333333333333,196.03563374287262,111.83333333333333,196.03563374287262,0.055767596425852405,0.0833854324926413,613.6392977284835,335.4618619772919,2.1643058614062842,3.606443723484209,0.0,0.0,0.0,0.0,1,1,0,0.0
166,172.308067190862,54699.049887177454,1,1,0.0029673590504451,781.6909185267999,-1.4428232973175177e-12,0.0,,ddos,1,1.0,791.3591874748139,1223.3793456124786,22753.80815294125,28433.96945991689,1.0,0.0,1.0,0.0,0.002319791672836291,0.0005608097996712911,340.80071470386656,382.3279192949047,-1.4428232973175177e-12,0.0,0.0,0.0,0.0,0.0,414.0075740832476,877.3242908981683,36693.4716250579,29376.24018955194,1.0,0.0,1.0,0.0,0.0032097418433666377,0.0012033008174028065,531.9028609492667,342.0032137057842,-1.4428232973175177e-12,0.0,0.0,0.0,0.0,0.0,5532.854438949381,12330.050355720934,96515.66219569293,146948.3404024205,111.83333333333333,196.03563374287262,111.83333333333333,196.03563374287262,0.05561993163898193,0.0834855207741685,577.5927938742501,284.41302218504177,2.1643058614062842,3.606443723484209,0.0,0.0,0.0,0.0,1,1,0,0.0
167,54.788688844326,79283.30414427,1,1,0.004524886877828,1199.4569102981998,-1.4428232973175177e-12,0.0,,ddos,1,1.0,76.10918509987533,87.50874568528373,44732.4018057476,40465.48666321015,1.0,0.0,1.0,0.0,0.0031627513041016576,0.0012757118461720071,707.0544246055332,533.6497065223526,-1.4428232973175177e-12,0.0,0.0,0.0,0.0,0.0,415.31584421064525,876.6730527383975,39383.67556516587,32819.99139956714,1.0,0.0,1.0,0.0,0.003236087618492271,0.0012350137064360593,597.8020209892999,431.3542938650763,-1.4428232973175177e-12,0.0,0.0,0.0,0.0,0.0,2837.4479988021044,9011.7731656192,61722.06517198382,75720.2111246522,106.0,198.3885077316728,106.0,198.3885077316728,0.047022646571108606,0.0829459657044717,605.9429604236111,328.5692242582776,1.9767950248243926,3.659678698558172,0.0,0.0,-70.0,-2.250130038982693,1,1,0,0.0
168,205.86888842317796,153748.69614603996,1,1,0.0042735042735042,1188.9055577317995,-1.4428232973175177e-12,0.0,,ddos,1,1.0,144.321881486122,79.33301090721456,95910.35005916232,51575.69289786306,1.0,0.0,1.0,0.0,0.003921916733925757,0.0008361719809693079,1056.6844621855996,238.209822532076,-1.4428232973175177e-12,0.0,0.0,0.0,0.0,0.0,441.36693456387957,865.8866735542554,53367.34413874528,57208.153725357995,1.0,0.0,1.0,0.0,0.003131344866690688,0.001082734309291733,652.5078607592665,488.4014341899043,-1.4428232973175177e-12,0.0,0.0,0.0,0.0,0.0,2853.99269968461,9006.28559043346,74165.89471454751,77692.02352110267,64.5,156.33501323643517,64.5,156.33501323643517,0.028416696078930572,0.06087646976186902,671.5923071449986,361.02219593889964,1.229979667829091,2.9503555322635866,0.0,0.0,-498.0,-8.961784283943624,1,1,0,0.0
169,42.49631131787599,61637.9970630286,1,1,0.0047619047619047,1217.6180466355995,-1.4428232973175177e-12,0.0,,ddos,1,1.0,101.05129619512665,90.98253330920195,98223.33245111268,48889.04504681541,1.0,0.0,1.0,0.0,0.004520098637745624,0.000244235449310244,1201.993504888533,14.523342895125039,-1.4428232973175177e-12,0.0,0.0,0.0,0.0,0.0,446.2052418349702,863.0941045366584,60488.57030202713,54663.94119772448,1.0,0.0,1.0,0.0,0.0034199451552909717,0.001265728508194831,771.3971097961997,530.1416157068819,-1.4428232973175177e-12,0.0,0.0,0.0,0.0,0.0,2857.278637878688,9005.157993805402,79081.43025710036,74558.85746417545,23.083333333333332,76.49891066762542,23.083333333333332,76.49891066762542,0.012346455607492495,0.02954395279979287,740.6530603022438,380.75255473485805,0.483497644167002,1.6748849700792083,0.0,0.0,-497.0,-8.957784283945067,1,1,0,0.0
170,50.819024684826005,74199.7009313172,1,1,0.0048309178743961,1230.1469394328,-1.4428232973175177e-12,0.0,,ddos,1,1.0,99.72807480862666,92.01478754090888,96528.79804679508,49950.3418895795,1.0,0.0,1.0,0.0,0.004622108969934991,0.00030386613533618,1212.2235146000662,21.143287896247102,-1.4428232973175177e-12,0.0,0.0,0.0,0.0,0.0,87.91862995425099,81.34590503516802,70630.59992627149,49576.77788414886,1.0,0.0,1.0,0.0,0.0038924301370183378,0.0011518800181358369,959.6389696027999,436.63527343030154,-1.4428232973175177e-12,0.0,0.0,0.0,0.0,0.0,246.04277570039963,618.4453805793692,62212.75675515325,41270.152006819764,1.0,0.0,1.0,0.0,0.003907299117361494,0.0010983988745100954,806.9779394971665,391.6898294306536,-1.4428232973175177e-12,0.0,0.0,0.0,-265.0,-5.801971730021336,1,1,0,0.0
171,51.81818485506201,73634.851321474,1,1,0.0046296296296296,1209.8790941686,-1.4428232973175177e-12,0.0,,ddos,1,1.0,48.37784028592134,5.117994548144481,69824.1831052731,7095.068372499415,1.0,0.0,1.0,0.0,0.004740817421976791,0.00010228756668931515,1219.2146934123332,10.227822280941155,-1.4428232973175177e-12,0.0,0.0,0.0,0.0,0.0,96.34986088602166,72.72926446273945,82867.26658221787,35892.941773303864,1.0,0.0,1.0,0.0,0.004331367077951288,0.0006964467189638557,1137.9495777989666,175.11206120234655,-1.4428232973175177e-12,0.0,0.0,0.0,0.0,0.0,246.8208840787111,618.1717957002919,63784.94954131953,41320.109875300295,1.0,0.0,1.0,0.0,0.003909077008924336,0.0010996532209740205,839.8201943567165,408.6495261142359,-1.4428232973175177e-12,0.0,0.0,0.0,0.0,0.0,1,5,0,0.0
172,32373.210374640443,879493.3181774497,27,27,0.1590909090909091,285.27052117912,1.4803142158444162,0.0,,none,0,0.178,10825.28252806011,18661.052920739898,342442.6234767468,465099.6304800207,9.666666666666666,15.011106998930272,9.666666666666666,15.011106998930272,0.05618381886497825,0.08912021119429235,908.4321849268399,539.7689698023896,0.4934380719471774,0.8546598110038365,0.0,0.0,26.0,1.480314215845859,5463.166912127618,13183.323186024183,220332.9779639299,324616.75962896936,5.333333333333333,10.614455552060438,5.333333333333333,10.614455552060438,0.030351958751361954,0.06306925300035966,1055.2128449076865,377.46266288660735,0.24671903597286704,0.6043357479684259,0.0,0.0,26.0,1.480314215845859,2938.5872431054327,9289.928910363471,128513.22479449392,239766.06505349427,3.1666666666666665,7.505553499465135,3.1666666666666665,7.505553499465135,0.016780850297364293,0.04482896065800293,793.5578529284766,438.8809445338689,0.12335951798571225,0.4273299055019183,0.0,0.0,26.0,1.480314215845859,1,4,0,0.0
173,9745.56058097862,537367.3596350139,198,198,0.2482269503546099,210.10695575748,4.87787364442528,0.0,,none,0,0.0,14056.863046824708,16586.39789060568,496831.8430446457,404455.57633663854,75.33333333333333,107.02491921666342,75.33333333333333,107.02491921666342,0.13731582969171618,0.1232498650231638,568.4188570350666,556.7906404199693,2.1193959534227518,2.500946205584562,0.0,0.0,197.0,4.877873644426723,7078.295560816668,12980.266163325368,296680.3205457206,338385.13310167385,38.166666666666664,78.98966177080813,38.166666666666664,78.98966177080813,0.0709689693308256,0.10657643116955824,890.3211858175664,498.5283076051483,1.0596979767106542,1.9620001354506533,0.0,0.0,197.0,4.877873644426723,3746.8057025136563,9436.222388764996,168031.99805544323,265691.7115163378,19.583333333333332,56.68166022674888,19.583333333333332,56.68166022674888,0.03710252847465894,0.08009286342833209,744.0616034034333,469.97943736188563,0.5298489883546059,1.4338791017593768,0.0,0.0,197.0,4.877873644426723,1,3,0,0.0
174,9.575140624002,7223.665642683301,486,486,0.1696606786427145,419.628425470406,8.909784283960935,0.0,,none,0,0.0,14042.78203208102,16604.24058907782,474694.7811517155,439499.1191727123,237.0,231.9719810666797,237.0,231.9719810666797,0.19232617936274451,0.04869909809440322,305.00196746900195,106.1452262100545,5.089324048076878,3.7192458682054266,0.0,0.0,485.0,8.909784283962377,7045.579936183472,13001.282140563675,272259.4821284945,355612.12950103666,119.0,195.53311739958528,119.0,195.53311739958528,0.09853349839236065,0.10726194782641477,762.1083304406675,505.25640959946134,2.544662024037717,3.647393824523168,0.0,0.0,485.0,8.909784283962377,3743.4734353736753,9437.653662865381,162813.41313361988,268396.7723904661,60.0,145.52038282722395,60.0,145.52038282722395,0.05083242162952567,0.0878201682766403,707.308095599967,477.2208170670549,1.2723310120181373,2.7951796658079706,0.0,0.0,485.0,8.909784283962377,1,2,0,0.0
175,1.815387582746,1338.55651769381,491,491,0.1277445109780439,375.144621394518,8.929784283953722,0.0,,none,0,0.0,3252.3170363951226,5623.315201053456,181976.5272651301,307791.5551583138,391.6666666666667,167.73888438085348,391.6666666666667,167.73888438085348,0.18187737999178943,0.06116322746079825,334.9600008741346,110.38982907152806,7.5724807374466465,2.3336196218151577,0.0,0.0,464.0,7.4494700681093065,7038.799782227616,13005.674526367617,262209.57537093863,363519.09645819914,200.66666666666666,234.78046483186517,200.66666666666666,234.78046483186517,0.11903059942838386,0.09702062856586996,621.6960929004873,469.1222503934808,4.0329594046969115,4.1838191990972655,0.0,0.0,490.0,8.929784283955165,3742.5025120312935,9438.07287204088,161349.0728364829,269299.6795466681,100.83333333333333,189.54722766411413,100.83333333333333,189.54722766411413,0.061225272291837406,0.08902016744138913,696.5466013483436,483.62835806504137,2.0164797023477345,3.5202789162935417,0.0,0.0,490.0,8.929784283955165,1,1,0,0.0
176,23489.965588730232,670985.8699244644,91,91,0.1083032490974729,675.3010859957279,2.018139769472169,0.0,,ddos,1,0.798,7833.785372312326,13558.650348768459,226516.03069494697,384933.4190686604,356.0,229.51034835057,356.0,229.51034835057,0.1352361462394104,0.03135724779483738,490.0247109535506,161.98828219301012,6.619236112462278,3.9846788663714956,0.0,0.0,-107.0,-2.859733874953111,10945.324209568518,13971.265026087094,361673.93686979654,382915.6717348572,215.66666666666666,221.9996996994966,215.66666666666666,221.9996996994966,0.1362759879655633,0.08044140732220277,529.2217839943086,369.2507291432256,4.369316032942513,3.863615854818596,0.0,0.0,90.0,2.018139769473612,5516.6214197613845,10994.478307057147,216152.268398034,301440.48331083026,108.33333333333333,187.00137740539546,108.33333333333333,187.00137740539546,0.07008420905129083,0.08787230060397803,744.4303767985542,446.27337482790773,2.1846580164705354,3.462925788132598,0.0,0.0,90.0,2.018139769473612,1,1,0,0.0
177,31.714533631426,44823.45767007457,1,1,0.0045662100456621,812.9733730800001,-1.4428232973175177e-12,0.0,,ddos,1,1.0,7841.165169981468,13552.266946865677,239049.2947040774,374699.3967394352,194.33333333333334,260.83200212652844,194.33333333333334,260.83200212652844,0.08020465670705962,0.06622213848773717,621.1396934900819,223.88299685154632,3.6493080178081505,4.683032589068516,0.0,0.0,-485.0,-8.909784283962377,10941.973601031246,13974.402079764244,356872.03792789666,387404.54831240035,215.66666666666666,221.9996996994966,215.66666666666666,221.9996996994966,0.13626541803490208,0.08046216666998063,463.07083047954205,233.53603720774882,4.369316032942513,3.863615854818596,0.0,0.0,0.0,0.0,5519.161730958634,10993.091541767702,219869.65225505727,298798.92612256686,108.33333333333333,187.00137740539546,108.33333333333333,187.00137740539546,0.07029839255642668,0.0876942041839577,800.5102041392543,403.66508890601074,2.1846580164705354,3.462925788132598,0.0,0.0,0.0,0.0,1,1,0,0.0
178,1217.925762981032,49848.23976711015,1,1,0.0046296296296296,830.8173246619999,-1.4428232973175177e-12,0.0,,ddos,1,1.0,8246.535295114232,13214.514732195314,255219.1891205495,360073.27276376646,31.0,51.96152422706617,31.0,51.96152422706617,0.039166362924254856,0.05987430816140827,773.0305945792426,85.10519542305458,0.6727132564897618,1.1651735391678757,0.0,0.0,-490.0,-8.929784283955165,5749.426165754677,9485.81542029154,218597.85819284,302265.9549617356,211.33333333333334,226.6245058828958,211.33333333333334,226.6245058828958,0.11052187145802216,0.09508038486578883,553.9952977266887,255.62331071504175,4.122596996968203,4.1235180797057405,0.0,0.0,-26.0,-1.480314215845859,5606.296538941147,10950.920904222297,219465.41807838497,299045.87254171376,108.33333333333333,187.00137740539546,108.33333333333333,187.00137740539546,0.07043691510469205,0.08757941643364195,804.6040713171875,403.7059892228325,2.1846580164705354,3.462925788132598,0.0,0.0,0.0,0.0,1,1,0,0.0
179,24.051111334206,33646.578778357834,1,1,0.0046296296296296,827.935139756,-1.4428232973175177e-12,0.0,,ddos,1,1.0,424.5638026488893,687.0822964445514,42772.758738513985,8293.218873324195,1.0,0.0,1.0,0.0,0.004608489768307091,3.66153137683522e-05,823.9086124993332,9.579214128850781,-1.4428232973175177e-12,0.0,0.0,0.0,-90.0,-2.018139769473612,4129.1745874806065,9496.97856296464,134644.39471673066,263487.15876649617,178.5,242.6468627450188,178.5,242.6468627450188,0.06992231800385877,0.0742454491704309,656.966661726442,209.7053262983508,3.3096180562304163,4.415354151255162,0.0,0.0,-197.0,-4.877873644426723,5603.735074148638,10952.340974450877,215662.3576312256,301272.5781011998,108.33333333333333,187.00137740539546,108.33333333333333,187.00137740539546,0.07044564366734218,0.08757225507794006,773.6439237720043,384.45912284771055,2.1846580164705354,3.462925788132598,0.0,0.0,0.0,0.0,1,1,0,0.0
180,16.683377681044,23677.59916161096,1,1,0.0039215686274509,720.915102436,-1.4428232973175177e-12,0.0,,ddos,1,1.0,419.5534173320952,691.4205468440908,35724.13923569279,13208.43671738995,1.0,0.0,1.0,0.0,0.004393609295570024,0.0004087992102105489,793.2225222846665,62.63664240152304,-1.4428232973175177e-12,0.0,0.0,0.0,0.0,0.0,4130.359293656781,9496.362304103763,137386.71696988528,261977.05231724895,97.66666666666667,196.02720899575817,97.66666666666667,196.02720899575817,0.04229913300131483,0.05897804650852309,707.1811078873743,174.64972971639662,1.8246540089033534,3.5731711958379377,0.0,0.0,-485.0,-8.909784283962377,5587.969614920126,10960.950131885707,204823.09954918988,306005.31803015294,108.33333333333333,187.00137740539546,108.33333333333333,187.00137740539546,0.07041631569683775,0.08759648636591388,734.6447191640209,361.5602347640522,2.1846580164705354,3.462925788132598,0.0,0.0,0.0,0.0,1,1,0,0.0
181,1.272156222438,202.239540330118,1,1,0.0019960079840319,141.92728085679997,-1.4428232973175177e-12,0.0,,ddos,1,1.0,14.002215079230545,11.623754742322593,19175.47249343278,17170.696409018292,1.0,0.0,1.0,0.0,0.0035157354137041238,0.0013629072569603577,563.5925076829333,369.0724789695705,-1.4428232973175177e-12,0.0,0.0,0.0,0.0,0.0,4130.26875509673,9496.409540547163,137197.33080699135,262095.4571856047,16.0,36.74234614174735,16.0,36.74234614174735,0.0213410491689795,0.04261462530831653,668.311551131088,265.59790903004506,0.3363566282441592,0.8239021108047353,0.0,0.0,-490.0,-8.929784283955165,5584.5342686621725,10962.852475707328,199703.453088965,309116.7762143012,108.33333333333333,187.00137740539546,108.33333333333333,187.00137740539546,0.07018582429868167,0.08778837569409206,645.0038220157877,364.2687167856152,2.1846580164705354,3.462925788132598,0.0,0.0,0.0,0.0,1,1,0,0.0
182,2.1273892993200003,249.955237624306,1,1,0.0019960079840319,183.9191435278,-1.4428232973175177e-12,0.0,,ddos,1,1.0,6.694307734268546,8.66135066520924,8043.264646521601,13539.751880873175,1.0,0.0,1.0,0.0,0.002637861531838224,0.001111722955818909,348.9205089401999,322.84022724131484,-1.4428232973175177e-12,0.0,0.0,0.0,0.0,0.0,215.62905519157766,491.1693342106488,25408.01169251799,21510.05048975997,1.0,0.0,1.0,0.0,0.003623175650072671,0.0012883788800861014,586.4145607197667,330.77354643960075,-1.4428232973175177e-12,0.0,0.0,0.0,-90.0,-2.018139769473612,5580.476632380047,10965.095626319864,193540.97428115725,312564.1442484104,108.33333333333333,187.00137740539546,108.33333333333333,187.00137740539546,0.069949581807818,0.08798383400385772,557.8181723570377,335.55913191321815,2.1846580164705354,3.462925788132598,0.0,0.0,0.0,0.0,1,1,0,0.0
183,28.174327318122003,39548.934137444565,1,1,0.0028169014084507,715.0268043561999,-1.4428232973175177e-12,0.0,,ddos,1,1.0,10.524624279961214,15.291071563041077,13333.709638466136,22703.062917747215,1.0,0.0,1.0,0.0,0.002269639125504824,0.00047394303956418786,346.95774291359993,319.44789031401035,-1.4428232973175177e-12,0.0,0.0,0.0,0.0,0.0,215.039020806027,491.4365084652575,24528.924437079655,20648.393346844558,1.0,0.0,1.0,0.0,0.003331624210537438,0.001228849178974204,570.0901325991332,319.5837878101694,-1.4428232973175177e-12,0.0,0.0,0.0,0.0,0.0,5578.506310918637,10966.181456514121,190700.48118248815,313904.8837204482,108.33333333333333,187.00137740539546,108.33333333333333,187.00137740539546,0.06979852112271975,0.08810764712414328,516.5804815393376,272.6509229445171,2.1846580164705354,3.462925788132598,0.0,0.0,0.0,0.0,1,1,0,0.0
184,41.27072749724201,59138.3666171466,1,1,0.0048309178743961,1213.1830683596,-1.4428232973175177e-12,0.0,,ddos,1,1.0,23.857481371562546,19.925526370832465,32979.0853307383,29988.888504069855,1.0,0.0,1.0,0.0,0.0032146090889595574,0.0014587004733573638,704.0430054145332,514.7198651882723,-1.4428232973175177e-12,0.0,0.0,0.0,0.0,0.0,18.929848225395336,15.556130432500881,26077.27891208573,23126.357641368195,1.0,0.0,1.0,0.0,0.0033651722513318542,0.0012733155241003767,633.8177565487332,407.8949821152342,-1.4428232973175177e-12,0.0,0.0,0.0,0.0,0.0,2884.1780069900356,7060.906747339083,122337.5685524629,227773.8511756461,106.16666666666667,188.176335742126,106.16666666666667,188.176335742126,0.056943521854677,0.08509736623841885,593.9065271377109,327.20897435399434,2.0612984984833806,3.516253491309,0.0,0.0,-26.0,-1.480314215845859,1,1,0,0.0
185,25.949053854747994,37264.0780526022,1,1,0.0047393364928909,1207.0631229904,-1.4428232973175177e-12,0.0,,ddos,1,1.0,31.79803622337188,8.278699844486844,45317.12626906426,12023.940926460617,1.0,0.0,1.0,0.0,0.004129051925245891,0.0011372778998134238,1045.0909985687333,285.86035517137867,-1.4428232973175177e-12,0.0,0.0,0.0,0.0,0.0,19.246171978819003,15.69972940977264,26680.19545779313,23408.59335013764,1.0,0.0,1.0,0.0,0.0033834567285420717,0.0012956952641869073,697.0057537544666,468.79930373504396,-1.4428232973175177e-12,0.0,0.0,0.0,0.0,0.0,2074.2103797297136,6753.038213724078,80662.2950872619,187043.02624900633,89.75,188.02955522035262,89.75,188.02955522035262,0.03665288736620042,0.06094154272231323,676.9862077404542,346.8763130324809,1.6548090281144867,3.442217525737506,0.0,0.0,-197.0,-4.877873644426723,1,1,0,0.0
186,27.7310940828,39869.5710843236,1,1,0.0048076923076923,1209.5020163244,-1.4428232973175177e-12,0.0,,ddos,1,1.0,31.65029181159788,8.379051531687505,45424.005251357274,11948.218663863165,1.0,0.0,1.0,0.0,0.004792648891659757,4.76079366707302e-05,1209.9160692248,3.08091101514994,-1.4428232973175177e-12,0.0,0.0,0.0,0.0,0.0,21.087458045778334,15.984314185572781,29378.8574449119,23920.947301209155,1.0,0.0,1.0,0.0,0.0035311440085823045,0.0014143651905528323,778.4369060692001,514.0347269790736,-1.4428232973175177e-12,0.0,0.0,0.0,0.0,0.0,2075.72337585128,6752.535601887446,83382.78720739861,186112.87666375143,49.333333333333336,141.47491479110886,49.333333333333336,141.47491479110886,0.02291513850494857,0.044630730246699876,742.8090069782871,367.90602919222476,0.9123270044509555,2.5906448605856394,0.0,0.0,-485.0,-8.909784283962377,1,1,0,0.0
187,27.973301787838,41167.5547748848,1,1,0.0052631578947368,1235.4476434446,-1.4428232973175177e-12,0.0,,ddos,1,1.0,27.217816575129877,1.1054347173688843,39433.73463727001,1987.9003214725917,1.0,0.0,1.0,0.0,0.004936728898439991,0.0002847543618134607,1217.3375942531336,15.731098545911799,-1.4428232973175177e-12,0.0,0.0,0.0,0.0,0.0,25.537648973345,12.754881119425956,36206.40998400434,19334.239624456724,1.0,0.0,1.0,0.0,0.0040756689936997876,0.0013316402812091187,960.6902998338333,430.2499312163275,-1.4428232973175177e-12,0.0,0.0,0.0,0.0,0.0,2077.9032020350373,6751.8094315837,86701.87039549784,184867.69366273712,8.5,25.980762113533245,8.5,25.980762113533245,0.012708359081339644,0.030125763419711144,814.5009254824605,373.5264699203671,0.16817831412135834,0.5825867695839418,0.0,0.0,-490.0,-8.929784283955165,1,1,0,0.0
188,5599.160366283844,260528.6672568221,15,15,0.0049751243781094,1147.4998110105998,0.5611318151423351,0.0,,ddos,1,0.93,1884.954920718162,3216.596273014246,113855.26437200997,127024.55087806526,5.666666666666667,8.082903768654761,5.666666666666667,8.082903768654761,0.005015324860179491,0.00023037856739386027,1197.4831569265334,45.18899250236226,0.18704393837981706,0.32396960452412354,0.0,0.0,14.0,0.561131815143778,958.3764784707656,2273.517358575234,79586.19532053731,89000.94148295492,3.3333333333333335,5.715476066494082,3.3333333333333335,5.715476066494082,0.004572188392712705,0.0008799056977343206,1121.2870777476332,201.17227955043802,0.09352196918918683,0.22908110425733175,0.0,0.0,14.0,0.561131815143778,587.0027668311717,1615.4274322465624,52497.10350652767,67907.07288663115,2.1666666666666665,4.041451884327381,2.1666666666666665,4.041451884327381,0.004097682021392685,0.001162780618515417,853.8508192337,382.2984262486245,0.04676098459387215,0.16198480226206177,0.0,0.0,-76.0,-1.4570079543298342,1,4,0,0.0
189,12072.766278665107,757134.2754392358,311,311,0.2074303405572755,300.80137994456805,6.657253889782286,0.0,,none,0,0.0,5899.966648912265,6028.02810035838,352943.4991569808,366820.7493327877,109.0,175.07712586171843,109.0,175.07712586171843,0.07255620761004056,0.11680451423009293,894.5829447999228,516.1066899188721,2.4061285683077265,3.6922577243000347,0.0,0.0,310.0,6.657253889783728,2965.8084703619297,4986.583826127066,199183.7522041692,286793.5852973539,55.0,125.53883861180172,55.0,125.53883861180172,0.03867442825085017,0.08267338562966517,1052.2495070123612,369.29762626443517,1.2030642841531416,2.681406952931869,0.0,0.0,310.0,6.657253889783728,1590.4237455839784,3670.9899355751304,111856.33832062443,214242.3246030816,28.0,89.21271821275872,28.0,89.21271821275872,0.021003026230693802,0.05872070658571016,811.1698198057474,414.51018827065064,0.6015321420758496,1.913868221253918,0.0,0.0,310.0,6.657253889783728,1,3,0,0.0
190,4.406578001224,5146.880595361072,489,489,0.1477045908183632,376.176082776498,8.921784283956608,0.0,,none,0,0.0,5892.1110743167255,6039.510870439381,340936.6077638062,382387.68046767823,271.6666666666667,239.43544711118554,271.6666666666667,239.43544711118554,0.12003668525124937,0.10402482102071249,608.1590912438886,468.6007313861194,5.38005666296041,4.324182234044221,0.0,0.0,488.0,8.92178428395805,2959.664445445927,4990.928669883886,190185.1712005383,292849.6384145266,136.33333333333334,211.91948156473643,136.33333333333334,211.91948156473643,0.06248670707484469,0.09112023801055814,912.7483427485109,446.38904525694034,2.6900283314794833,4.020313881563669,0.0,0.0,488.0,8.92178428395805,1489.2971468356611,3698.7935971704956,108131.225056312,215801.4442239288,68.66666666666667,159.40077183190195,68.66666666666667,159.40077183190195,0.032925939663088266,0.06876089214694832,773.2830496486222,432.9197171588832,1.3450141657390204,3.0529177668700336,0.0,0.0,488.0,8.92178428395805,1,2,0,0.0
191,4.117133812164,670.96970904219,487,487,0.1317365269461078,421.425894364382,8.913784283959494,0.0,,none,0,0.0,4027.096663492833,6967.754278698766,254317.3752478795,435457.95983435604,429.0,102.19589032832971,429.0,102.19589032832971,0.16229048610724883,0.03989924323573444,366.13445236181605,60.93598383379829,8.16427415256613,1.3051239612890428,0.0,0.0,472.0,8.352652468817158,2956.0257921054963,4993.502566595966,184086.31980994495,297022.6084005348,217.33333333333334,240.76350775536284,217.33333333333334,240.76350775536284,0.08365290548371418,0.08976326630429055,781.8088046441748,457.86930039269834,4.1756590454729725,4.451312448102541,0.0,0.0,486.0,8.913784283960936,1487.6359820421576,3699.515882727386,105383.25763386906,217042.5229951618,109.16666666666667,197.76838304777974,109.16666666666667,197.76838304777974,0.043518181106128116,0.07362383953679717,739.4072791993207,444.0167983557921,2.087829522735765,3.709683862361517,0.0,0.0,486.0,8.913784283960936,1,1,0,0.0
192,13812.718375080472,339929.40448820114,154,154,0.0769230769230769,824.159647189004,3.5190124825981792,0.0,,ddos,1,0.608,4607.080695631287,7972.316089751843,115249.08493086795,194591.73400187312,376.6666666666667,192.8375827823335,376.6666666666667,192.8375827823335,0.1187880648958493,0.03712482564844433,540.5872081099614,246.62092878771023,7.11819368350476,3.1169849193923755,0.0,0.0,-157.0,-3.1382414071841067,5253.523672271775,6360.773920829863,234096.29204392454,293119.3483880832,242.83333333333334,220.51976479822994,242.83333333333334,220.51976479822994,0.09567213625294495,0.0815465160384599,717.5850764549419,410.44986738510687,4.7621611259062435,4.000051516056533,0.0,0.0,153.0,3.519012482599622,2637.3055651587765,5085.037481392729,131737.57474441823,225264.1892781627,121.91666666666667,195.07455839584344,121.91666666666667,195.07455839584344,0.049601640130763625,0.0730684989269672,748.010991262071,444.62576770570035,2.3810805629524,3.6684972948166745,0.0,0.0,153.0,3.519012482599622,1,1,0,0.0
193,121.780678805612,105093.4446876368,1,1,0.0049019607843137,1235.1167007138,-1.4428232973175177e-12,0.0,,ddos,1,1.0,4646.2053958994165,7938.651102396229,148564.60629495987,173756.66263720614,214.0,248.49346067854583,214.0,248.49346067854583,0.07118718821783279,0.06361153282064377,826.9007474223953,406.8523286245987,4.144265588852076,4.489665204712636,0.0,0.0,-488.0,-8.92178428395805,5269.1582351080715,6345.457701359931,244750.6070293832,285774.00595303276,242.83333333333334,220.51976479822994,242.83333333333334,220.51976479822994,0.09561193673454109,0.08162670032898922,717.5299193331421,410.3663713676607,4.7621611259062435,4.000051516056533,0.0,0.0,0.0,0.0,2647.347942040708,5079.474303398033,140478.5085066938,221703.12313079237,121.91666666666667,195.07455839584344,121.91666666666667,195.07455839584344,0.049843802864120434,0.0729010052917059,839.1101095834875,420.4930787714148,2.3810805629524,3.6684972948166745,0.0,0.0,0.0,0.0,1,1,0,0.0
194,69.340088102348,101969.7433987754,1,1,0.0045871559633027,1219.3748001492,-1.4428232973175177e-12,0.0,,ddos,1,1.0,4667.946380662811,7919.648264052084,182330.86419153758,136493.27567747014,52.0,88.33459118601274,52.0,88.33459118601274,0.028804064556897758,0.04167258437919596,1092.8837160173346,232.8549349575529,1.1730041608650978,2.0317028041105454,0.0,0.0,-486.0,-8.913784283960936,4347.521522077822,6680.67195975463,218324.11971970872,291300.9388373511,240.5,223.46699980086544,240.5,223.46699980086544,0.0955472753320733,0.08171296703305814,729.5090841895753,426.172727437014,4.6686391567156145,4.122599030282037,0.0,0.0,-14.0,-0.561131815143778,2652.9490002742937,5076.328374719206,148955.15752012303,217763.77062430378,121.91666666666667,195.07455839584344,121.91666666666667,195.07455839584344,0.050059731862392993,0.07275007991734778,925.3980809686044,377.90539786159593,2.3810805629524006,3.6684972948166745,0.0,0.0,0.0,0.0,1,1,0,0.0
195,75.479102543656,107459.75701344058,1,1,0.0036231884057971,1137.0633255704,-1.4428232973175177e-12,0.0,,ddos,1,1.0,88.86662315053927,28.669202464481646,104840.98169995075,2753.700336576314,1.0,0.0,1.0,0.0,0.004370768384471158,0.0006662825130655204,1197.1849421444665,52.65841284121092,-1.4428232973175177e-12,0.0,0.0,0.0,-153.0,-3.519012482599622,2347.9736593909133,5616.737115502642,110045.03331540954,123214.88914419149,188.83333333333334,239.19064920407456,188.83333333333334,239.19064920407456,0.061579416640160235,0.06692438992637642,868.886075127214,393.413385239244,3.559096841751659,4.36884909213629,0.0,0.0,-310.0,-6.657253889783728,2656.8910648764213,5074.12267346608,154614.3927597894,215533.05609961407,121.91666666666667,195.07455839584344,121.91666666666667,195.07455839584344,0.0501269224455052,0.07270283774115777,960.5677910697876,376.181845135837,2.3810805629524006,3.6684972948166745,0.0,0.0,0.0,0.0,1,1,0,0.0
196,60.92244880604,88840.92922574839,1,1,0.0035460992907801,1136.9495177322,-1.4428232973175177e-12,0.0,,ddos,1,1.0,68.58054648401527,7.307990163804691,99423.47654598793,9567.015899035257,1.0,0.0,1.0,0.0,0.003918814553293291,0.0005800826347700466,1164.4625478172666,47.555439543548616,-1.4428232973175177e-12,0.0,0.0,0.0,0.0,0.0,2357.392971191716,5612.066345965277,123994.04142047408,113303.21015536394,107.5,195.73017140951973,107.5,195.73017140951973,0.037553001385563056,0.05455470346453808,995.681647619831,318.2774349223082,2.072132794425317,3.635287972286318,0.0,0.0,-488.0,-8.92178428395805,2658.528708318821,5073.204842225712,157089.6063105062,214505.01959370356,121.91666666666667,195.07455839584344,121.91666666666667,195.07455839584344,0.050019854230203865,0.07277651735666923,954.214995184171,372.15005840768356,2.3810805629524006,3.6684972948166745,0.0,0.0,0.0,0.0,1,1,0,0.0
197,293.64474570268203,23722.11704845621,1,1,0.0024937655860349,544.3317871639998,-1.4428232973175177e-12,0.0,,ddos,1,1.0,143.34876568412662,130.3634736033696,73340.93442921487,43968.00502350623,1.0,0.0,1.0,0.0,0.0032210177608706907,0.0006309972086026103,939.4482101555333,342.18086449460327,-1.4428232973175177e-12,0.0,0.0,0.0,0.0,0.0,2405.6475731734686,5588.9824098724885,127835.89931037644,108577.53609858749,26.5,62.46198844097083,26.5,62.46198844097083,0.016012541158884237,0.029852113217287576,1016.1659630864339,274.92981330125843,0.5865020804318275,1.4366308301422912,0.0,0.0,-486.0,-8.913784283960936,2680.8366826394827,5061.150694294439,155961.1095601607,215227.12858125177,121.91666666666667,195.07455839584344,121.91666666666667,195.07455839584344,0.049832723321299205,0.07290630342105409,898.9873838653043,380.30171342324354,2.3810805629524006,3.6684972948166745,0.0,0.0,0.0,0.0,1,1,0,0.0
198,1208.427419425798,7479.999037011581,1,1,0.0019960079840319,173.97200556299998,-1.4428232973175177e-12,0.0,,ddos,1,1.0,520.9982046448406,606.5963327202154,40014.348437071865,43057.84299068706,1.0,0.0,1.0,0.0,0.0026786242869489573,0.0007914071766733068,618.4177701530666,485.7447600257645,-1.4428232973175177e-12,0.0,0.0,0.0,0.0,0.0,304.9324138976896,451.147120942831,72427.66506851149,44781.38003096265,1.0,0.0,1.0,0.0,0.0035246963357100716,0.0011345080769626364,907.8013561487666,442.6960401298555,-1.4428232973175177e-12,0.0,0.0,0.0,-153.0,-3.519012482599622,2779.2280430847327,5016.160785723855,153261.97855621803,217011.07152925315,121.91666666666667,195.07455839584344,121.91666666666667,195.07455839584344,0.049598416294327506,0.07306849774065594,812.6932163018542,418.95878372864104,2.3810805629524006,3.6684972948166745,0.0,0.0,0.0,0.0,1,1,0,0.0
199,6.07907922463,384.976193712072,1,1,0.0019960079840319,237.459602967,-1.4428232973175177e-12,0.0,,ddos,1,1.0,502.7170814510373,627.8485597484547,10529.030759726427,11963.61072814475,1.0,0.0,1.0,0.0,0.0021619271846995574,0.00028738048550447343,318.58779856466657,198.06042019440665,-1.4428232973175177e-12,0.0,0.0,0.0,0.0,0.0,285.648813967526,462.8620178617818,54976.25365285738,49644.02338083124,1.0,0.0,1.0,0.0,0.003040370868996438,0.0010457673405105566,741.5251731909666,480.88148995157957,-1.4428232973175177e-12,0.0,0.0,0.0,0.0,0.0,2777.403524537798,5017.256329983967,149863.43034112029,219234.0951581319,121.91666666666667,195.07455839584344,121.91666666666667,195.07455839584344,0.04932615380176875,0.07325456461113844,729.5275462620542,426.3977173805375,2.3810805629524,3.6684972948166745,0.0,0.0,0.0,0.0,1,1,0,0.0
200,5.959117522242,7831.687578087288,1,1,0.002710027100271,617.2452691752001,-1.4428232973175177e-12,0.0,,ddos,1,1.0,406.8218720575573,694.2107704270966,5232.22093627012,4201.518464154644,1.0,0.0,1.0,0.0,0.002234014356111591,0.0004122391289671831,342.8922925684,239.7078129427398,-1.4428232973175177e-12,0.0,0.0,0.0,0.0,0.0,275.08531887084166,469.46215496793724,39286.57768274269,46604.44555356895,1.0,0.0,1.0,0.0,0.0027275160584911543,0.0007207580364065135,641.1702513619666,420.21746832716815,-1.4428232973175177e-12,0.0,0.0,0.0,0.0,0.0,2311.3034204743312,4991.01986873832,128805.34870122572,219773.51584597668,120.75,195.81258432955266,120.75,195.81258432955266,0.04913739569528223,0.07338204233033425,685.339667775771,406.1393423722296,2.334319578357085,3.6972678923928184,0.0,0.0,-14.0,-0.561131815143778,1,1,0,0.0
201,133.179603714754,82122.2149241535,1,1,0.0047169811320754,861.5008429000001,-1.4428232973175177e-12,0.0,,ddos,1,1.0,48.40593348720927,73.41617649545113,30112.959565317422,45194.9705149522,1.0,0.0,1.0,0.0,0.003141005405459424,0.0014107552738695539,572.0685716807334,314.46393717190983,-1.4428232973175177e-12,0.0,0.0,0.0,0.0,0.0,284.70206906602465,465.1264932955982,35063.65400119484,39850.176055016316,1.0,0.0,1.0,0.0,0.0029098148462042045,0.0010539265602968555,595.2431709169,366.84968356176506,-1.4428232973175177e-12,0.0,0.0,0.0,0.0,0.0,1316.3378642284686,3949.587566079836,72554.3436583022,95687.15546164865,94.91666666666667,188.75306539754447,94.91666666666667,188.75306539754447,0.03224461574318222,0.05454463573745229,732.0646230220569,389.80242398003315,1.779548420875108,3.4828896432316228,0.0,0.0,-310.0,-6.657253889783728,1,1,0,0.0
202,64.090214696062,91817.80279030748,1,1,0.0045662100456621,818.57636831,-1.4428232973175177e-12,0.0,,ddos,1,1.0,67.74297864435327,63.688853347613055,60590.56843084923,45946.98834141232,1.0,0.0,1.0,0.0,0.003997739426002824,0.0011177366664406367,765.7741601284,130.40801821800486,-1.4428232973175177e-12,0.0,0.0,0.0,0.0,0.0,285.230030047695,464.8233800521145,35559.79959528802,40663.85070200586,1.0,0.0,1.0,0.0,0.0030798333053512045,0.0012425099980418032,542.1809793465333,287.20439602456685,-1.4428232973175177e-12,0.0,0.0,0.0,0.0,0.0,1321.3115006197052,3947.8224722304712,79776.92050788106,93379.8091416938,54.25,143.20305037380885,54.25,143.20305037380885,0.020316417345457128,0.04095895446381119,768.9313134831822,373.67012941117156,1.036066397211937,2.679175520404202,0.0,0.0,-488.0,-8.92178428395805,1,1,0,0.0
203,99.09543044960802,96888.21601410276,1,1,0.0042372881355932,762.7942055999999,-1.4428232973175177e-12,0.0,,ddos,1,1.0,98.78841628680861,34.54571771781725,90276.07790952105,7502.758409704867,1.0,0.0,1.0,0.0,0.0045068264377768905,0.0002452980888278879,814.29047227,49.49269380845656,-1.4428232973175177e-12,0.0,0.0,0.0,0.0,0.0,252.80514417218262,470.8653556164688,47754.149422895774,46896.854256179715,1.0,0.0,1.0,0.0,0.0033704203969442546,0.001281306882974704,578.5913824191999,301.04587371076605,-1.4428232973175177e-12,0.0,0.0,0.0,0.0,0.0,1329.2263586728254,3945.035826283037,87795.02436663612,90041.02166990656,13.75,44.16729559300634,13.75,44.16729559300634,0.009691480777914244,0.02119910312513014,797.3786727528171,357.4517949113784,0.2932510402151924,1.0158514020552727,0.0,0.0,-486.0,-8.913784283960936,1,1,0,0.0
204,131.484495523638,95171.67404032096,4,4,0.0051020408163265,846.91254989842,0.0624248553434038,0.0,,ddos,1,0.938,98.22338022310328,33.70560229973129,94625.89761491021,2578.890555292228,2.0,1.7320508075688772,2.0,1.7320508075688772,0.004635179665860591,0.00043648242357694053,809.42770793614,42.79891881641388,0.02080828511350605,0.036041007037470645,0.0,0.0,3.0,0.062424855344846625,73.31465685515597,57.92179590267562,62369.428590114,45478.23839233879,1.5,1.224744871391589,1.5,1.224744871391589,0.0038880925356600212,0.0012417994828980918,690.7481398084366,239.1433335106359,0.010404142556031613,0.025484840476987576,0.0,0.0,3.0,0.062424855344846625,189.12353537642252,329.6532133771756,67398.54682931276,43350.28068161428,1.25,0.8660254037844386,1.25,0.8660254037844386,0.003706394435685044,0.0011497842903004409,799.2747479786017,357.6670475223887,0.005202071277294396,0.018020503518735322,0.0,0.0,-150.0,-3.4565876272547755,1,5,0,0.0
205,15277.446372796285,970129.2435347888,4,4,0.1071428571428571,77.14728448514,0.5287059584627707,0.0,,none,0,0.0,5169.342099589844,8753.890064502497,387396.37786307064,504662.19511626486,3.0,1.7320508075688772,3.0,1.7320508075688772,0.03882739536492559,0.05916450530300007,562.2846799945199,422.241273862581,0.19704360460157722,0.2889189390949768,0.0,0.0,3.0,0.5287059584642135,2618.5425391170984,6201.754033321995,223993.47314696014,367094.856801994,2.0,1.5491933384829668,2.0,1.5491933384829668,0.02141256739546422,0.042007221867779644,664.02942006146,300.8986015005793,0.0985218023000672,0.21222044195032708,0.0,0.0,3.0,0.5287059584642135,1452.0956765423118,4366.266879420095,139484.86339990876,264886.9872565097,1.5,1.1677484162422844,1.5,1.1677484162422844,0.012226469132230328,0.029910646337380088,702.7772966262132,384.5837955829181,0.04926090114931219,0.152048800926238,0.0,0.0,3.0,0.5287059584642135,1,4,0,0.0
206,9986.921928263468,224766.22483659876,294,294,0.1887905604719764,322.209547063928,6.586314654203207,0.0,,none,0,0.0,8465.284265527798,7686.779311222716,430022.38080390263,472213.1449629213,100.66666666666667,167.43157806499147,100.66666666666667,167.43157806499147,0.10034515281038665,0.09203273684654165,415.42312714916267,393.2571926785625,2.3924818226697937,3.639440874765962,0.0,0.0,293.0,6.586314654204649,4282.0363409073025,6680.911889333159,260149.22935671208,351916.0174856039,50.833333333333336,119.13591677855452,50.833333333333336,119.13591677855452,0.05242598962408179,0.078380669617054,614.8567997095814,332.51894116675595,1.1962409113341754,2.6486605546786426,0.0,0.0,293.0,6.586314654204649,2278.5608298890716,4976.689858447158,149717.90351972738,265676.70395268756,25.916666666666668,84.43228414570225,25.916666666666668,84.43228414570225,0.027576752841286467,0.05887587801551295,628.013525535774,361.54152632397427,0.5981204556663663,1.8918483175650807,0.0,0.0,293.0,6.586314654204649,1,3,0,0.0
207,12.228813596226,15355.393016906632,498,498,0.1788793103448276,487.447201689668,8.957784283943624,0.0,,none,0,0.0,8425.532371551993,7751.462429328025,403416.95379609795,501831.9824667483,265.3333333333333,248.2445031281324,265.3333333333333,248.2445031281324,0.15827090931988705,0.04455464632710653,295.60134441291206,206.44007084562952,5.3576016322032,4.346796765676659,0.0,0.0,494.0,8.895359428600221,4261.877875887548,6696.09922682495,249021.42570550423,359642.0034345903,133.66666666666666,213.20100062304275,133.66666666666666,213.20100062304275,0.08145304449287381,0.08874290979223874,552.514526174526,311.42408332769105,2.6892049586583533,4.012827606486028,0.0,0.0,497.0,8.957784283945067,2273.289972476786,4979.268107466244,142042.53985334956,268325.7552183275,67.33333333333333,159.56607826644523,67.33333333333333,159.56607826644523,0.04218142966953901,0.07254415004792099,573.878848545713,325.19860522929343,1.3446024793284552,3.0482393864167086,0.0,0.0,497.0,8.957784283945067,1,2,0,0.0
208,33.01208759376,46142.353726715584,472,472,0.3918495297805642,810.249035178646,8.853784283981135,0.0,,none,0,0.0,3344.054276484485,5752.901525787564,95421.32386007346,113068.72597632067,421.3333333333333,111.03753119253571,421.3333333333333,111.03753119253571,0.2531731335324561,0.12019948160055621,539.9685946440807,248.22269845488077,8.132627740709323,1.3401556331721696,0.0,0.0,468.0,8.325078325518364,4256.698188037165,6700.0066852113105,241408.85086157228,364090.9458327723,212.16666666666666,239.65343032526508,212.16666666666666,239.65343032526508,0.14600026444869083,0.14478456501675707,551.1266373193004,310.0165848017456,4.16483567265545,4.432137766831015,0.0,0.0,471.0,8.853784283982577,2270.9641090424293,4980.401861956246,138484.32522843016,269376.43881552754,106.58333333333333,195.62090348116652,106.58333333333333,195.62090348116652,0.07454004887702102,0.12288180551967526,546.6538083329168,284.95985588556874,2.082417836327003,3.695904299006417,0.0,0.0,471.0,8.853784283982577,1,1,0,0.0
209,16500.619431873034,486352.7454841792,223,223,0.1076233183856502,396.7476535210761,4.707914190608042,0.0,,ddos,1,0.518,5515.286777687674,9513.582822914486,182616.83074260026,263493.0524043575,397.6666666666667,151.82336227779092,397.6666666666667,151.82336227779092,0.22611738617034735,0.14788411566747034,564.8146301297967,217.33646126630126,7.506494252844266,2.424199202532175,0.0,0.0,-71.0,-1.878400463595165,6990.285521607736,7902.447676298671,306319.6057732517,367870.0708630603,249.16666666666666,216.55522775187552,249.16666666666666,216.55522775187552,0.163231269490367,0.12992879177684813,490.11887863947976,295.7192742188395,4.949488037757031,3.9363492734491503,0.0,0.0,222.0,4.707914190609484,3621.545332889959,6392.701042508337,177036.8775980737,284158.5353816374,125.08333333333333,195.22502556296567,125.08333333333333,195.22502556296567,0.08330084494365562,0.12101169613576798,534.3551305293398,288.2351766888114,2.4747440188777934,3.704622708315811,0.0,0.0,222.0,4.707914190609484,1,1,0,0.0
210,1.097364383644,227.768682038766,1,1,0.0019960079840319,185.4356865156,-1.4428232973175177e-12,0.0,,ddos,1,1.0,5511.576294616813,9516.80389846027,177574.2892976443,268393.6261047605,232.0,235.62894559030732,232.0,235.62894559030732,0.16715628538341543,0.20162979128580572,464.144125071774,317.8122770598944,4.520566158195911,4.429864388529376,0.0,0.0,-497.0,-8.957784283945067,6968.554333084402,7925.227599224299,290495.6215468713,380591.2027312149,248.66666666666666,217.2368906670013,248.66666666666666,217.2368906670013,0.16271359735165122,0.1306887932060495,379.87273474234297,256.8479300947629,4.939083895199556,3.951901411291419,0.0,0.0,-3.0,-0.062424855344846625,3520.9344949697793,6443.4316643713355,176432.52506849266,284559.3640824611,125.08333333333333,195.22502556296567,125.08333333333333,195.22502556296567,0.08330084494365562,0.12101169613576798,535.3104372753897,286.94828774026007,2.4747440188777934,3.704622708315811,0.0,0.0,0.0,0.0,1,1,0,0.0
211,32.455645342118,47589.138831190925,1,1,0.0032786885245901,1095.5766190632,-1.4428232973175177e-12,0.0,,ddos,1,1.0,5511.3908138662655,9516.96406684196,178056.5509991361,268040.4493655235,75.0,128.171759760097,75.0,128.171759760097,0.037632671631424065,0.06061707096312422,559.2533196999588,476.3351739372555,1.5693047302017182,2.7181155252700466,0.0,0.0,-471.0,-8.853784283982577,4427.722545175376,7132.783236988943,136738.93742960496,189474.7000137105,248.16666666666666,217.91504460836723,248.16666666666666,217.91504460836723,0.14540290258194008,0.14555495554129871,549.6109571720198,339.8756428009631,4.8509662354555205,4.07392075696281,0.0,0.0,-3.0,-0.5287059584642135,3523.1325421462366,6442.128007120746,180366.20528828257,282221.1481652092,125.08333333333333,195.22502556296567,125.08333333333333,195.22502556296567,0.08340773498870213,0.12093389197760278,606.8201886167399,311.8204405688115,2.474744018877794,3.704622708315811,0.0,0.0,0.0,0.0,1,1,0,0.0
212,11.566586402876,16610.325495468598,1,1,0.0038610038610038,1160.8648164524,-1.4428232973175177e-12,0.0,,ddos,1,1.0,15.039865376212665,15.965061754822331,21475.74433623257,24052.631269251826,1.0,0.0,1.0,0.0,0.0030452334565419337,0.0009541636950164403,813.9590406770667,545.2951881544234,-1.4428232973175177e-12,0.0,0.0,0.0,-222.0,-4.707914190609484,2765.163321531944,6728.983581015732,102046.28753941662,189189.8041993792,199.33333333333334,237.53624284867914,199.33333333333334,237.53624284867914,0.11458130981344465,0.15387203915251815,689.3868354034316,395.54351598798195,3.753247126421412,4.3880443821621435,0.0,0.0,-293.0,-6.586314654204649,3523.5998312196225,6441.849888204546,181097.75844806436,281744.23403207073,125.08333333333333,195.22502556296567,125.08333333333333,195.22502556296567,0.08350364971876321,0.12086450734618118,652.1218175565065,350.55563363888393,2.474744018877794,3.704622708315811,0.0,0.0,0.0,0.0,1,1,0,0.0
213,18.052474706250003,26259.3536538752,1,1,0.0043103448275862,1189.4930017916,-1.4428232973175177e-12,0.0,,ddos,1,1.0,20.691568817081333,10.691670107327866,30152.939326844713,15852.183634068351,1.0,0.0,1.0,0.0,0.003816679071060033,0.0005172544800573223,1148.6448124357332,48.1359336652182,-1.4428232973175177e-12,0.0,0.0,0.0,0.0,0.0,2766.1339317169477,6728.507473654998,103863.6143122447,188240.50688417742,116.5,195.49092050527562,116.5,195.49092050527562,0.08548648222723775,0.15577510780463127,806.3944687537537,426.4868602013984,2.2602830790972344,3.739001861124978,0.0,0.0,-497.0,-8.957784283945067,3514.0059038022478,6447.441622507999,176442.52000887448,283980.8997990962,125.08333333333333,195.22502556296567,125.08333333333333,195.22502556296567,0.08346976336005578,0.12088865918294801,679.4544974641399,379.92165265734735,2.474744018877794,3.704622708315811,0.0,0.0,0.0,0.0,1,1,0,0.0
214,34.915340199835995,50772.7964747444,1,1,0.0042016806722689,1189.0474480762,-1.4428232973175177e-12,0.0,,ddos,1,1.0,21.511467102987336,12.052574323192191,31214.15854136254,17611.961119039028,1.0,0.0,1.0,0.0,0.0041243431202863,0.0002344411414003243,1179.8017554400665,16.40138327078678,-1.4428232973175177e-12,0.0,0.0,0.0,0.0,0.0,2766.451140484627,6728.352896381889,104635.35477024951,187965.82650850405,38.0,90.6311204829775,38.0,90.6311204829775,0.020878507375855185,0.04250454241374729,869.5275375700127,454.3014303863252,0.784652365100138,1.9219979199668826,0.0,0.0,-471.0,-8.853784283982577,3511.574664260895,6448.866145503495,173022.10281591088,285336.77256585495,125.08333333333333,195.22502556296567,125.08333333333333,195.22502556296567,0.08343938591227301,0.12091033275773529,710.3270874446565,406.3851467352551,2.474744018877794,3.704622708315811,0.0,0.0,0.0,0.0,1,1,0,0.0
215,145.39641150719004,21158.302233108603,1,1,0.0042918454935622,1194.7311506366,-1.4428232973175177e-12,0.0,,ddos,1,1.0,66.12140880442534,69.16996168030462,32730.150787242543,15832.181749655972,1.0,0.0,1.0,0.0,0.004267956997805766,5.8137508061629194e-05,1191.0905335014666,3.160727664915497,-1.4428232973175177e-12,0.0,0.0,0.0,0.0,0.0,40.58063709031961,52.9012659942344,27102.94756173775,19226.89052698281,1.0,0.0,1.0,0.0,0.00365659522717385,0.000902241202928106,1002.5247870892666,402.00893252947054,-1.4428232973175177e-12,0.0,0.0,0.0,-222.0,-4.707914190609484,3515.4330793490267,6446.652288722115,166711.2766674947,287998.75922224496,125.08333333333333,195.22502556296567,125.08333333333333,195.22502556296567,0.08344393235877041,0.12090708485802101,746.3218328643733,429.90324492132765,2.474744018877794,3.704622708315811,0.0,0.0,0.0,0.0,1,1,0,0.0
216,9.161891757299998,7460.252309322896,1,1,0.002053388090349,231.3599681834,-1.4428232973175177e-12,0.0,,ddos,1,1.0,63.157881154775346,72.37535445932487,26463.783672391768,22138.320182403524,1.0,0.0,1.0,0.0,0.003515638085393366,0.001267147864206847,871.7128556320666,554.569149400309,-1.4428232973175177e-12,0.0,0.0,0.0,0.0,0.0,41.92472498592895,51.788201397631106,28308.361499618437,17339.023600402215,1.0,0.0,1.0,0.0,0.0036661585782267,0.0008811776582149545,1010.1788340339,383.344487948235,-1.4428232973175177e-12,0.0,0.0,0.0,0.0,0.0,3505.239529035165,6452.583455625232,159401.99152324488,291076.06076767703,124.83333333333333,195.39602365607664,124.83333333333333,195.39602365607664,0.08318987796493897,0.12108972971229122,695.0257843881215,452.91747337614123,2.4695419475990565,3.7083600025585572,0.0,0.0,-3.0,-0.062424855344846625,1,1,0,0.0
217,17.186158233240004,23753.01110952829,1,1,0.0025974025974025,492.0286366808,-1.4428232973175177e-12,0.0,,ddos,1,1.0,57.24815383257668,76.44399068579683,17457.188550653067,8754.266342735993,1.0,0.0,1.0,0.0,0.002980878727104567,0.0011674602104771309,639.3732518336,498.30094873099955,-1.4428232973175177e-12,0.0,0.0,0.0,0.0,0.0,39.37981046778261,52.71349484952997,24335.673546007994,14543.163633011309,1.0,0.0,1.0,0.0,0.0035526109236954334,0.0009795017316647427,909.5875036368334,432.4904930803237,-1.4428232973175177e-12,0.0,0.0,0.0,0.0,0.0,2233.551177821578,5327.198931075841,80537.30548780649,140926.9020591183,124.58333333333333,195.56652359623092,124.58333333333333,195.56652359623092,0.07447775675281774,0.1229562147721131,729.5992304044265,415.776025576418,2.425483117727039,3.7365488686109156,0.0,0.0,-3.0,-0.5287059584642135,1,1,0,0.0
218,16.796282023182002,23289.54082583417,1,1,0.0048543689320388,849.610007206,-1.4428232973175177e-12,0.0,,ddos,1,1.0,14.381444004574002,4.524466339688376,18167.60141489492,9275.731498308549,1.0,0.0,1.0,0.0,0.0031683865399301,0.001485224028843945,524.3328706900667,310.3883862825021,-1.4428232973175177e-12,0.0,0.0,0.0,0.0,0.0,40.25142640450028,52.20238449406963,25448.876101068923,14081.8756838527,1.0,0.0,1.0,0.0,0.0037181717688679334,0.0011164339263431522,857.7117020957667,414.62044147712675,-1.4428232973175177e-12,0.0,0.0,0.0,0.0,0.0,1402.7073739682212,4754.759912887596,63747.58182024278,134013.87190614996,100.16666666666667,190.72247011314792,100.16666666666667,190.72247011314792,0.059149740791156286,0.11880509646996033,773.549268749599,396.21203000127963,1.8766235632099846,3.548818746814059,0.0,0.0,-293.0,-6.586314654204649,1,1,0,0.0
219,38.678626054854,52655.7138001412,1,1,0.0047846889952153,850.808992116,-1.4428232973175177e-12,0.0,,ddos,1,1.0,24.220355437092,12.522747037090742,33232.7552451677,16822.371724831075,1.0,0.0,1.0,0.0,0.0040788201748855335,0.0012834182297928054,730.8158786676,206.79668661018368,-1.4428232973175177e-12,0.0,0.0,0.0,0.0,0.0,43.689118295934286,51.11598306895492,29848.26945877993,17971.77390299745,1.0,0.0,1.0,0.0,0.00379722913013945,0.0011816440431742946,801.2643671498334,382.2045419132681,-1.4428232973175177e-12,0.0,0.0,0.0,0.0,0.0,1404.9115250064406,4754.062813867064,66855.94188551232,133219.6338476465,58.75,144.94646347092177,58.75,144.94646347092177,0.04464185567868859,0.1133601680428085,803.8294179517935,386.11535284693986,1.1301415395478958,2.783511735208203,0.0,0.0,-497.0,-8.957784283945067,1,1,0,0.0
220,26.262514820674,36162.25139324248,1,1,0.0048543689320388,854.822392118,-1.4428232973175177e-12,0.0,,ddos,1,1.0,27.245807632903333,10.97426053062105,37369.168673072425,14720.241702525069,1.0,0.0,1.0,0.0,0.004831142286430967,4.0229730390893075e-05,851.74713048,2.729893186581456,-1.4428232973175177e-12,0.0,0.0,0.0,0.0,0.0,42.24698073274061,51.53338216656496,27413.17861186294,15371.244702578413,1.0,0.0,1.0,0.0,0.0039060105067677668,0.0012541432459865435,745.5601911568,335.9394505392376,-1.4428232973175177e-12,0.0,0.0,0.0,0.0,0.0,1404.3490606086832,4754.240278192324,66024.26669105624,133391.74329278988,19.5,64.08587988004832,19.5,64.08587988004832,0.012392258941311475,0.030007941305489744,807.5438643634062,386.3970201899648,0.3923261825493476,1.359057762635021,0.0,0.0,-471.0,-8.853784283982577,1,6,0,0.0
221,4592.64985952266,217259.0665701272,77,77,0.0916030534351145,535.4992215314161,2.829680866157892,0.0,,none,0,0.396,1552.5303334660628,2632.828059233657,102025.67725450343,100135.2040264444,26.333333333333332,43.87862045841156,26.333333333333332,43.87862045841156,0.03374737045412287,0.050104503327756476,747.0435352551389,183.21373951351075,0.9432269553850015,1.6337170097978253,0.0,0.0,76.0,2.8296808661593347,783.455888735319,1866.1436777377921,60096.63933469937,78453.12216318019,13.666666666666666,31.02687007525359,13.666666666666666,31.02687007525359,0.018457878497026483,0.03585511309175027,635.6882029726027,258.5407161503528,0.4716134776917796,1.1552123761678514,0.0,0.0,76.0,2.8296808661593347,412.0182629128187,1317.0920023094066,43599.793448218574,57119.1574079069,7.333333333333333,21.93931022920578,7.333333333333333,21.93931022920578,0.011057236862100167,0.025386556623814314,819.1064950309346,374.89145787259656,0.23580673884516842,0.8168585048989127,0.0,0.0,-146.0,-1.8782333244501501,1,5,0,0.0
222,15.278468511406,20695.772471473025,451,451,0.1648351648351648,689.8958822441899,8.769784284011429,0.0,,none,0,0.0,1544.7302809515797,2639.5814972068188,91372.3634782807,109295.01134114744,176.33333333333334,240.8844813044903,176.33333333333334,240.8844813044903,0.08709752906743938,0.08008550790761212,693.4058319645354,159.69051828034958,3.8664883833892922,4.475880524306971,0.0,0.0,450.0,8.769784284012871,784.4753181943366,1865.6377059638776,62302.559361724394,76846.7363747467,88.66666666666667,180.09071788036903,88.66666666666667,180.09071788036903,0.04558817462116246,0.06807177170843387,712.1108553160676,166.51193941257452,1.933244191693925,3.5352966371744294,0.0,0.0,450.0,8.769784284012871,413.20002159013217,1316.6960886660152,45305.460430671425,56000.91689120039,44.833333333333336,129.7619031732793,44.833333333333336,129.7619031732793,0.024627166599694578,0.05085190545751881,861.1448446749838,321.91609181261015,0.9666220958462411,2.5885044976562988,0.0,0.0,450.0,8.769784284012871,1,4,0,0.0
223,6.048181488626,7071.535155880514,462,462,0.0775,597.93985317735,8.813784283995561,0.0,,none,0,0.0,1537.9921698408973,2645.415184881033,81675.45806582672,117616.28769815262,330.0,219.173447296884,330.0,219.173447296884,0.11131273942342644,0.0468850887331436,607.7783189843186,77.66710221767039,6.804416478054961,3.4422923159374093,0.0,0.0,461.0,8.813784283997004,782.618988736901,1866.5591727016058,59522.31336944976,78797.36571099547,165.5,227.34797118074312,165.5,227.34797118074312,0.05807194085492871,0.06542770379764257,729.7627247321593,142.38007841079823,3.402208239026759,4.316222380438518,0.0,0.0,461.0,8.813784283997004,410.99939960234116,1317.4121573959155,41928.99345772889,57062.12015582447,83.25,175.71057038623073,83.25,175.71057038623073,0.03081227588931207,0.052506095964549956,819.6751141844962,321.02271513936824,1.7011041195126582,3.409531304661388,0.0,0.0,461.0,8.813784283997004,1,3,0,0.0
224,17.900836205404,20025.42340185801,465,465,0.2004950495049505,638.021246452986,8.825784283991233,0.0,,none,0,0.0,13.075828735145334,6.225758828738321,15930.910343070324,7679.761617435381,459.3333333333333,7.371114795831506,459.3333333333333,7.371114795831506,0.1476100714467051,0.06328090890910287,641.9523272915086,46.10388126670737,8.80311761733274,0.02948445917286398,0.0,0.0,388.0,5.996103417833341,782.8030811006047,1866.4685883954965,58978.293798787076,79108.2030918626,242.83333333333334,238.8274830639612,242.83333333333334,238.8274830639612,0.090678720950414,0.08059397172016795,694.4979312733236,132.62875059024174,4.873172286358872,4.427338320696325,0.0,0.0,464.0,8.825784283992675,411.527253752552,1317.2388228868756,42213.58494992801,56932.73594934426,121.91666666666667,204.63779902031487,121.91666666666667,204.63779902031487,0.047198446359640954,0.07081960748882511,776.1048166845452,305.61691481438845,2.4365861431787144,3.9225461052644857,0.0,0.0,464.0,8.825784283992675,1,2,0,0.0
225,14543.342593518875,326913.21216441947,415,415,0.215,532.897504973412,8.386786135975147,0.0,,none,0,0.07,4855.763870404302,8389.691368504758,118003.39024071913,181037.11243089775,447.3333333333333,28.041635710730674,447.3333333333333,28.041635710730674,0.16433168316831684,0.07554736460392364,589.619534867916,53.0534732910472,8.675451567987315,0.25006358937090795,0.0,0.0,-36.0,-0.3829981480362825,3200.2470756779417,5850.69292689428,104687.87685950012,134538.8334588724,311.8333333333333,213.4407802334565,311.8333333333333,213.4407802334565,0.1257146061178781,0.08147374741639672,641.5126834162257,120.65559125985372,6.270969975688303,3.8699164564478052,0.0,0.0,414.0,8.386786135976589,1621.9680969869376,4275.2743373707945,67268.07315914003,99508.47946334277,156.41666666666666,216.92833267038105,156.41666666666666,216.92833267038105,0.06475591762400877,0.0840932271828491,721.3885252830295,282.8028897843453,3.13548498784343,4.187171536180854,0.0,0.0,414.0,8.386786135976589,1,1,0,0.0
226,1.473526974284,205.818765457946,1,1,0.0019960079840319,155.19343916319997,-1.4428232973175177e-12,0.0,,ddos,1,1.0,4854.238985566188,8391.013884409565,115714.81811057829,183171.43723893756,293.6666666666667,254.6867356839247,293.6666666666667,254.6867356839247,0.1391636858296608,0.11901187874068551,442.0373968631993,253.91404511648324,5.7375234733216445,4.973686917035536,0.0,0.0,-461.0,-8.813784283997004,3196.1155777035433,5853.390648704845,98695.13808820269,138930.73824932324,311.8333333333333,213.4407802334565,311.8333333333333,213.4407802334565,0.12523821262654364,0.08232568308540093,524.907857923759,190.9000377406726,6.270969975688303,3.8699164564478052,0.0,0.0,0.0,0.0,1619.1812792181415,4276.413644632293,63054.158350032834,101324.62646519253,156.41666666666666,216.92833267038105,156.41666666666666,216.92833267038105,0.0645721115666557,0.08423989805500767,635.2340245402795,284.85292068867034,3.13548498784343,4.187171536180854,0.0,0.0,0.0,0.0,1,1,0,0.0
227,2229.618645251904,25660.71416015265,1,1,0.002004008016032,142.8106292258,-1.4428232973175177e-12,0.0,,ddos,1,1.0,5591.478255248355,7832.181306323697,117593.24836334317,181722.6550520124,139.0,239.02301144450502,139.0,239.02301144450502,0.07300000533335463,0.12297560278362377,276.967191120804,221.72861262590249,2.79559537865742,4.8421132332419035,0.0,0.0,-464.0,-8.825784283992675,2802.2770419917506,5820.035498149466,66762.07935320694,127802.23053836616,299.1666666666667,231.64318825872405,299.1666666666667,231.64318825872405,0.11030503839002986,0.0965452614817253,459.4597592061563,245.92662136826405,5.799356497995081,4.495093880354579,0.0,0.0,-76.0,-2.8296808661593347,1792.8664653635342,4253.377734490874,63429.35934395316,101163.59244969163,156.41666666666666,216.92833267038105,156.41666666666666,216.92833267038105,0.06438145844352818,0.08439118092022804,547.5739810893796,257.5735408141209,3.13548498784343,4.187171536180854,0.0,0.0,0.0,0.0,1,1,0,0.0
228,5.838585203459999,7275.348380377324,1,1,0.0021739130434782,372.2163962436,-1.4428232973175177e-12,0.0,,ddos,1,1.0,745.6435858098827,1285.1619533033008,11047.293768662445,13139.962096565463,1.0,0.0,1.0,0.0,0.002057976347847367,0.0001004837707409642,223.40682154419997,129.02151230375875,-1.4428232973175177e-12,0.0,0.0,0.0,-414.0,-8.386786135976589,2800.703728107093,5820.94078548688,64525.34200469099,128882.58161692967,224.16666666666666,245.109295349374,224.16666666666666,245.109295349374,0.08319482975808211,0.1009098237824806,406.513178206058,219.13013048445177,4.337725783992935,4.754371745251647,0.0,0.0,-450.0,-8.769784284012871,1792.589523150714,4253.504537897829,63413.95068320771,101172.90598795435,156.41666666666666,216.92833267038105,156.41666666666666,216.92833267038105,0.06439150218962228,0.08438309542494207,559.3120167610629,244.74309741040796,3.13548498784343,4.187171536180854,0.0,0.0,0.0,0.0,1,1,0,0.0
229,41.732348833648,60734.27646090339,1,1,0.0040322580645161,1174.6865037422,-1.4428232973175177e-12,0.0,,ddos,1,1.0,759.0631930963374,1273.6648279534884,31223.44633381093,27160.122234774248,1.0,0.0,1.0,0.0,0.0027367263746754336,0.0011251749637869043,563.2378430705334,541.8107141457591,-1.4428232973175177e-12,0.0,0.0,0.0,0.0,0.0,2806.651089331263,5817.531596158194,73469.13222219479,125926.2348972853,147.33333333333334,227.24934910064462,147.33333333333334,227.24934910064462,0.07095020610216811,0.10606475333434015,502.63761996686634,384.2126251914149,2.868761736660101,4.446434223235087,0.0,0.0,-461.0,-8.813784283997004,1794.6350390340815,4252.578927920907,66495.7227958223,100415.38666067591,156.41666666666666,216.92833267038105,156.41666666666666,216.92833267038105,0.06451107347854841,0.08428853624623793,616.2001723495129,300.63789455508356,3.13548498784343,4.187171536180854,0.0,0.0,0.0,0.0,1,1,0,0.0
230,25.57211864108,37268.9741205356,1,1,0.0039370078740157,1165.7632578456,-1.4428232973175177e-12,0.0,,ddos,1,1.0,24.381017559396,17.976501571971458,35092.866320605244,26795.817430126437,1.0,0.0,1.0,0.0,0.00338105966067,0.0010465038778020264,904.2220526104667,460.75201560501927,-1.4428232973175177e-12,0.0,0.0,0.0,0.0,0.0,2807.929636403876,5816.796916178257,76343.05734197439,124652.91648218987,70.0,169.01479225203926,70.0,169.01479225203926,0.03819053249701231,0.08662376636418936,590.5946218656354,471.82305729496034,1.3977976893279889,3.423891102498469,0.0,0.0,-464.0,-8.825784283992675,1795.3663587522396,4252.246138781492,67660.67557038074,99948.57403068694,156.41666666666666,216.92833267038105,156.41666666666666,216.92833267038105,0.06443462672371315,0.0843479566304763,642.5462765694796,334.85744694354827,3.13548498784343,4.187171536180854,0.0,0.0,0.0,0.0,1,1,0,0.0
231,9.715296960786,14242.745636852202,1,1,0.0042194092827004,1195.3430223372,-1.4428232973175177e-12,0.0,,ddos,1,1.0,25.673254811837996,16.00876555494632,37415.33207276354,23246.110966779408,1.0,0.0,1.0,0.0,0.0040628917404107335,0.00014367134540236367,1178.5975946416668,15.172774659301483,-1.4428232973175177e-12,0.0,0.0,0.0,0.0,0.0,385.65842031086095,903.47451207779,24231.312920713186,22221.56935927989,1.0,0.0,1.0,0.0,0.00306043404412905,0.0011037214761576456,701.0022080929333,529.5918517069213,-1.4428232973175177e-12,0.0,0.0,0.0,-414.0,-8.386786135976589,1792.9527479944006,4253.34197469438,64459.59489010665,101081.54013146662,156.41666666666666,216.92833267038105,156.41666666666666,216.92833267038105,0.06438752008100358,0.08438444836101944,671.2574457545795,367.5154314783542,3.1354849878434305,4.187171536180854,0.0,0.0,0.0,0.0,1,1,0,0.0
232,25.689398766714003,37562.4709587144,1,1,0.0040160642570281,1164.7858099824002,-1.4428232973175177e-12,0.0,,ddos,1,1.0,20.32560478952667,9.18898326064488,29691.396905367204,13379.729242848221,1.0,0.0,1.0,0.0,0.0040574938045814,0.00014568783227663856,1175.2973633884,17.366927854385136,-1.4428232973175177e-12,0.0,0.0,0.0,0.0,0.0,389.6943989429326,901.4669044766208,30457.421619589262,19167.157076599335,1.0,0.0,1.0,0.0,0.003397110089628417,0.0010189334809859367,869.2676032294667,479.5093752806263,-1.4428232973175177e-12,0.0,0.0,0.0,0.0,0.0,1792.9049883232374,4253.363618990036,64576.279853896,101046.70726994348,156.41666666666666,216.92833267038105,156.41666666666666,216.92833267038105,0.06431766135808602,0.08443854376614329,697.0877305766129,391.6876340701354,3.1354849878434305,4.187171536180854,0.0,0.0,0.0,0.0,1,1,0,0.0
233,37.03766779213,52824.62585659946,1,1,0.004,1039.7998806736002,-1.4428232973175177e-12,0.0,,ddos,1,1.0,24.14745450654333,13.726295260539851,34876.61415072183,19430.664950504815,1.0,0.0,1.0,0.0,0.0040784911799095,0.000122302693625045,1133.3095709977335,82.41045106726449,-1.4428232973175177e-12,0.0,0.0,0.0,0.0,0.0,24.264236032970274,14.305337586588635,34984.740235663725,20934.1982975953,1.0,0.0,1.0,0.0,0.0037297754202897503,0.0007680980037202636,1018.7658118041,321.52431985143943,-1.4428232973175177e-12,0.0,0.0,0.0,0.0,0.0,1413.2706390123597,4183.486526181997,50873.40979443534,88875.62902931184,150.08333333333334,220.5371369812322,150.08333333333334,220.5371369812322,0.05701740690515981,0.08564341904176546,739.1127855051282,399.745230022798,2.8996782489968194,4.284506467160796,0.0,0.0,-76.0,-2.8296808661593347,1,1,0,0.0
234,42.345669434582,58146.97178965861,1,1,0.0050761421319796,874.291867532,-1.4428232973175177e-12,0.0,,ddos,1,1.0,35.024245331142,8.508715601510616,49511.3562016573,10684.743116743333,1.0,0.0,1.0,0.0,0.0043640687963359,0.0006167259047569996,1026.292519396,145.71725792302828,-1.4428232973175177e-12,0.0,0.0,0.0,0.0,0.0,30.348750071490603,12.558018762414598,43463.34413721061,17484.630511797703,1.0,0.0,1.0,0.0,0.004213480268373316,0.0004331387821486743,1102.4450570188335,124.67775953498871,-1.4428232973175177e-12,0.0,0.0,0.0,0.0,0.0,1415.5262390892913,4182.671468776198,53994.34307095082,88375.73916595551,112.58333333333333,202.21566270302665,112.58333333333333,202.21566270302665,0.04370415501322771,0.07956076090106792,754.4791176124457,401.2227140411057,2.1688628919957464,3.9250691759002496,0.0,0.0,-450.0,-8.769784284012871,1,1,0,0.0
235,38.10356804137,51245.74753018024,1,1,0.0051546391752577,898.744215934,-1.4428232973175177e-12,0.0,,ddos,1,1.0,39.16230175602734,2.807918928731229,54072.44839214591,3615.8705564908187,1.0,0.0,1.0,0.0,0.0047435937690791,0.0006451660379464998,937.6119880465334,89.33786087244037,-1.4428232973175177e-12,0.0,0.0,0.0,0.0,0.0,29.743953272777606,11.973933206325556,41881.92264875675,15973.959160877313,1.0,0.0,1.0,0.0,0.00440054378683025,0.0005623216275794387,1056.454675717467,142.34270870953333,-1.4428232973175177e-12,0.0,0.0,0.0,0.0,0.0,1418.1975213020198,4181.699588833294,57675.52743547578,87155.1257864253,74.16666666666667,171.2126977732314,74.16666666666667,171.2126977732314,0.037675374944499185,0.07950804029684537,779.5461478421666,399.9481709736688,1.4343808683293293,3.351299181090836,0.0,0.0,-461.0,-8.813784283997004,1,1,0,0.0
236,37.907391307172,46419.74147853622,1,1,0.0045871559633027,831.6040659299999,-1.4428232973175177e-12,0.0,,ddos,1,1.0,39.452209594374665,2.5077289038650497,51937.4869327915,5894.137786360722,1.0,0.0,1.0,0.0,0.004939312423513333,0.00030749158656894426,868.2133831319999,33.980301868735204,-1.4428232973175177e-12,0.0,0.0,0.0,0.0,0.0,31.79983205045961,12.171713710099926,43407.05054175686,15882.022991009326,1.0,0.0,1.0,0.0,0.004508901801711417,0.0005158561562728201,1000.7614770648667,155.76024521797612,-1.4428232973175177e-12,0.0,0.0,0.0,0.0,0.0,1419.864734227167,4181.094491824482,59875.05394186563,86448.76719288307,35.5,119.51150572225251,35.5,119.51150572225251,0.021349717149361864,0.06099409194365533,795.6780494652511,397.6181132969072,0.6988988446632729,2.4210566166209526,0.0,0.0,-464.0,-8.825784283992675,1,1,0,0.0
237,46.85330096374,66280.26070129221,1,1,0.0044444444444444,786.5650691239999,-1.4428232973175177e-12,0.0,,ddos,1,1.0,40.954753437427335,5.109233705778952,54648.583236669365,10358.307008609732,1.0,0.0,1.0,0.0,0.0047287465276682665,0.00037567280293568237,838.971116996,56.45126505058488,-1.4428232973175177e-12,0.0,0.0,0.0,0.0,0.0,37.989499384285274,7.067692964142143,52079.96971916352,9823.47363720106,1.0,0.0,1.0,0.0,0.004546407662002083,0.0004984870238689138,932.631818196,142.4601634566608,-1.4428232973175177e-12,0.0,0.0,0.0,0.0,0.0,211.8239598475727,635.6243721372592,38155.64131993836,21905.036680886602,1.0,0.0,1.0,0.0,0.0038034208530655666,0.001126450774791377,816.8170131444666,389.02780534672837,-1.4428232973175177e-12,0.0,0.0,0.0,-414.0,-8.386786135976589,0,-1,0,0.0
238,21192.895366195145,993755.2194512392,10,10,0.0555555555555555,123.65214988366,0.7674329521149577,0.0,,none,0,0.036,7092.552019488686,12211.25635954722,368818.4072103557,541302.2487726222,4.0,5.196152422706632,4.0,5.196152422706632,0.02152905198776753,0.029467902884849587,580.60709497922,396.37481528697975,0.25581098403735675,0.44307762148939306,0.0,0.0,9.0,0.7674329521164005,3565.8571606223572,8635.450645928275,211445.42780125097,383311.8641474412,2.5,3.6742346141747673,2.5,3.6742346141747673,0.013136322878423317,0.020785449192703014,759.1095415128767,322.9139934004439,0.12790549201795726,0.3133031907471562,0.0,0.0,9.0,0.7674329521164005,1977.7757797826443,6084.124512029542,120951.42471042013,275474.26883266127,1.75,2.598076211353316,1.75,2.598076211353316,0.008266716484025867,0.014923813840916459,814.1885723711717,393.97944527171086,0.06395274600825722,0.22153881074469653,0.0,0.0,9.0,0.7674329521164005,1,6,0,0.0
239,10600.490175927886,435304.8746537851,125,125,0.2526881720430107,255.291858397344,3.8136314101855415,0.0,,none,0,0.0,10613.412947695591,10573.026955638456,498446.7849354386,466950.34575698373,45.333333333333336,69.13995468130807,45.333333333333336,69.13995468130807,0.10422939068100352,0.13108430013686717,388.50302580166795,350.95910867913744,1.5270214540996847,2.0170962179459226,0.0,0.0,124.0,3.8136314101869844,5326.432578644984,8846.363988928892,275192.1359341153,383460.70524366165,23.166666666666668,50.01766354665786,23.166666666666668,50.01766354665786,0.05458435155225844,0.09915054820571009,628.358204466834,344.62645114816235,0.7635107270491214,1.5254537742475958,0.0,0.0,124.0,3.8136314101869844,2675.348407338976,6575.649084702785,155088.4380848895,287702.58387728996,12.083333333333334,35.65353057446404,12.083333333333334,35.65353057446404,0.02915706348627409,0.07193157712264875,823.562008135467,377.54959879283757,0.38175536352383926,1.1030491614279119,0.0,0.0,124.0,3.8136314101869844,1,5,0,0.0
240,20.594029091344,28529.128922025306,478,478,0.1707317073170731,676.2908987840399,8.877784283972478,0.0,,none,0,0.0,10604.659857071458,10586.151284435871,485863.0743423497,484595.1404279552,204.33333333333334,243.8777015910502,204.33333333333334,243.8777015910502,0.1596584783052131,0.09903170917115053,351.7449690216813,288.6690122066749,4.4862828820909915,4.0968029832459845,0.0,0.0,477.0,8.87778428397392,5322.807305254443,8848.96658957742,270255.8287895097,386987.95725712925,102.66666666666667,190.24685717947267,102.66666666666667,190.24685717947267,0.08219361241644067,0.10547006569242443,595.3580430088406,325.3051080979879,2.243141441044775,3.5709295852564717,0.0,0.0,477.0,8.87778428397392,2676.578027662966,6575.105873405673,156859.58646336017,286773.8180827285,51.833333333333336,138.81893591904878,51.833333333333336,138.81893591904878,0.043203546342407,0.08194416883205219,848.9015500138371,353.9711730326544,1.1215707205216658,2.677392576368361,0.0,0.0,477.0,8.87778428397392,1,4,0,0.0
241,16.130170514644,17036.605934845647,479,479,0.113022113022113,568.184593500332,8.881784283971037,0.0,,none,0,0.0,3545.7381251779575,6109.5949010289705,160290.20317021848,238239.0011512897,360.6666666666667,204.0939326225386,360.6666666666667,204.0939326225386,0.17881399746073226,0.0701829364666507,499.92245022723864,218.64317541329055,7.191066659376351,2.9249454092097946,0.0,0.0,469.0,8.11435133185608,5319.145072333323,8851.595298790426,264554.3051902873,391090.2479510363,182.33333333333334,234.17059308689184,182.33333333333334,234.17059308689184,0.1001715247242499,0.09868721786703298,540.2647726032293,289.68972454863484,3.723438821706855,4.23438079946825,0.0,0.0,478.0,8.881784283972479,2674.4445128030493,6576.042649014012,153218.113919522,288378.33686583623,91.66666666666667,184.1009275238762,91.66666666666667,184.1009275238762,0.05228603425554007,0.08323769810766307,798.3597241603479,346.44479612596916,1.8617194108527058,3.4541397264934184,0.0,0.0,478.0,8.881784283972479,1,3,0,0.0
242,16.532538710938,19738.558465788097,474,474,0.095360824742268,627.208944223444,8.861784283978249,0.0,,none,0,0.0,17.752246105642,2.469265781505781,21768.097774219492,6009.059286389609,477.0,2.6457513110632154,477.0,2.6457513110632154,0.1263715483604847,0.03941887939701339,623.894812169272,54.12929811089182,8.87378428397392,0.01058300524127486,0.0,0.0,349.0,5.0481528737927075,5315.582596900616,8854.149860474412,260107.44135482927,394205.86616202124,261.1666666666667,240.44909371146875,261.1666666666667,240.44909371146875,0.11530046952074409,0.08741772853447043,506.1989189854699,258.96659761122214,5.200402869036803,4.221373341047576,0.0,0.0,473.0,8.861784283979691,2673.6912144755374,6576.374176689627,151757.24594829307,289062.70096638706,131.08333333333334,211.51808791484362,131.08333333333334,211.51808791484362,0.05990468566122776,0.0825915146871113,753.4801980251683,328.9654768990466,2.6002014345176803,3.933914710258143,0.0,0.0,473.0,8.861784283979691,1,2,0,0.0
243,40581.38618226972,833383.009610204,250,250,0.1173708920187793,348.104760090232,5.319553864637639,0.0,,none,0,0.444,13538.0162971651,23420.24532530378,290052.7246702791,470539.76881507644,401.0,130.79373073660676,401.0,130.79373073660676,0.10858460992772011,0.011656729415393344,514.4994326046693,147.0930276235463,7.687707477528974,2.0509055684471815,0.0,0.0,-228.0,-3.558230419334839,12071.33807711828,16334.355513675564,387957.8995063146,440452.6734812503,302.6666666666667,205.51561173464822,302.6666666666667,205.51561173464822,0.1341215441164666,0.06899148870782318,433.1222008131753,223.45730594095926,6.086995179809983,3.386847969096179,0.0,0.0,249.0,5.319553864639081,6054.663788251281,12679.477096964343,220018.93461273905,344952.8613658987,151.83333333333334,209.8032989312233,151.83333333333334,209.8032989312233,0.06933397588923433,0.08211384446373134,682.8770095045876,316.18031425211865,3.04349758990427,3.9139404323287703,0.0,0.0,249.0,5.319553864639081,1,1,0,0.0
244,0.8217992939579999,144.1195269258,1,1,0.0019960079840319,98.82089890319996,-1.4428232973175177e-12,0.0,,ddos,1,1.0,13532.913506758205,23424.665787695965,284421.89586763916,475515.20881086536,241.66666666666666,236.61008713352297,241.66666666666666,236.61008713352297,0.07157590824835973,0.061254654157659676,358.0448677389586,264.3342314464557,4.7271127162048145,4.46049829724378,0.0,0.0,-478.0,-8.881784283972479,8539.325815968083,16258.534635037293,222356.049518929,343178.69591741357,301.1666666666667,208.0955709924329,301.1666666666667,208.0955709924329,0.125194952854546,0.08319322823522861,428.9836589830986,230.45551447403867,5.959089687790583,3.633436526602607,0.0,0.0,-9.0,-0.7674329521164005,6052.591488295219,12680.554021026746,216900.73866009002,346915.6483325107,151.83333333333334,209.8032989312233,151.83333333333334,209.8032989312233,0.06916563786648466,0.08226186030436475,594.0466002479876,318.21451475020166,3.04349758990427,3.9139404323287703,0.0,0.0,0.0,0.0,1,1,0,0.0
245,1.7686068473999998,117.05790236588402,1,1,0.0019960079840319,64.71895461239998,-1.4428232973175177e-12,0.0,,ddos,1,1.0,13527.992196137027,23428.926455362875,277881.3956798317,481078.5096972426,84.0,143.76021702821683,84.0,143.76021702821683,0.04045430266228103,0.06661172035518327,170.5482045352773,154.71096750556615,1.7731846215449172,3.071245855718083,0.0,0.0,-473.0,-8.861784283979691,6772.872221121335,16562.72367189222,149824.7467270258,335063.0730528713,280.5,233.6756298803964,280.5,233.6756298803964,0.08341292551138287,0.06790375298278487,397.22150835227467,269.078296687358,5.323484452759419,4.347254295797779,0.0,0.0,-124.0,-3.8136314101869844,6049.652399883158,12682.079049510441,212508.44133057058,349505.8620626634,151.83333333333334,209.8032989312233,151.83333333333334,209.8032989312233,0.06899863853182066,0.08240808346424493,512.7898564095543,318.53715635528044,3.04349758990427,3.9139404323287703,0.0,0.0,0.0,0.0,1,1,0,0.0
246,587.956222096522,173858.9879207196,1,1,0.0028818443804034,820.6823383120001,-1.4428232973175177e-12,0.0,,ddos,1,1.0,196.84887607929332,338.70922808958215,58040.055116670235,100302.13896017263,1.0,0.0,1.0,0.0,0.0022912867828224002,0.0005114378819030536,328.0740639425333,426.9518938171504,-1.4428232973175177e-12,0.0,0.0,0.0,-249.0,-5.319553864639081,6867.432586622198,16518.02259541609,174046.38989347487,329751.7867982317,201.0,234.1853966412082,201.0,234.1853966412082,0.05543794835527125,0.058685070736125396,421.2867482736013,303.30848453027016,3.843853738763766,4.405989030660219,0.0,0.0,-477.0,-8.87778428397392,6095.11994593832,12659.54186522121,222151.10934149227,346442.7498541354,151.83333333333334,209.8032989312233,151.83333333333334,209.8032989312233,0.06881578038585597,0.08256510274290123,508.32239564122096,313.33973686223885,3.04349758990427,3.9139404323287703,0.0,0.0,0.0,0.0,1,1,0,0.0
247,59.374259862746,85077.2367185912,1,1,0.0037878787878787,1150.9423291703995,-1.4428232973175177e-12,0.0,,ddos,1,1.0,216.36636293555603,323.0926653279303,86351.0941805587,86877.96956796297,1.0,0.0,1.0,0.0,0.002888577050771333,0.000895954374428384,678.7812073649333,556.8413176858236,-1.4428232973175177e-12,0.0,0.0,0.0,0.0,0.0,6874.639934846881,16514.444308070248,185386.49502409913,324398.84541558137,121.33333333333333,199.42383675645866,121.33333333333333,199.42383675645866,0.03723224264956553,0.054005175642714426,518.4130375519459,427.5973286464613,2.363556358101686,3.8291117003035473,0.0,0.0,-478.0,-8.881784283972479,6096.8925035901,12658.618133298874,224970.40010719319,345060.41516422364,151.83333333333334,209.8032989312233,151.83333333333334,209.8032989312233,0.06870188368690772,0.0826617915016629,529.3389050775876,348.402921766206,3.04349758990427,3.9139404323287703,0.0,0.0,0.0,0.0,1,1,0,0.0
248,48.323148896474,69510.4220831366,1,1,0.0040322580645161,1182.2763299417998,-1.4428232973175177e-12,0.0,,ddos,1,1.0,231.88454361858066,308.41662070063,109482.21557414894,56292.61090761776,1.0,0.0,1.0,0.0,0.0035673270775994,0.0006060900954716079,1051.300332474733,200.33459343013325,-1.4428232973175177e-12,0.0,0.0,0.0,0.0,0.0,6879.938369877805,16511.80880089459,193681.80562699054,319921.3049676479,42.5,101.65382432550192,42.5,101.65382432550192,0.022010814869940217,0.04672462031828523,610.9242685050052,508.27656485174896,0.8865923107717375,2.1716987712693356,0.0,0.0,-473.0,-8.861784283979691,6097.76048338921,12658.165259476946,226894.6234909099,344037.0786953213,151.83333333333334,209.8032989312233,151.83333333333334,209.8032989312233,0.06865564219534216,0.08270106409377531,558.5615937452376,388.4638770822019,3.04349758990427,3.9139404323287703,0.0,0.0,0.0,0.0,1,1,0,0.0
249,23.941214641556,34344.5510527958,1,1,0.0037037037037037,1140.9309928786,-1.4428232973175177e-12,0.0,,ddos,1,1.0,43.879541133592,18.129655575777548,62977.403284841006,25989.64408531806,1.0,0.0,1.0,0.0,0.003841280185366167,0.0001706627491353134,1158.049883996933,21.569590305007885,-1.4428232973175177e-12,0.0,0.0,0.0,0.0,0.0,120.36420860644388,230.30617767181366,60508.729200755835,65587.3882232159,1.0,0.0,1.0,0.0,0.0030662834840942833,0.0009148888767690565,743.0619739697332,528.9227025818454,-1.4428232973175177e-12,0.0,0.0,0.0,-249.0,-5.319553864639081,6095.851142862361,12659.162632549187,224233.31435353518,345512.81949050084,151.83333333333334,209.8032989312233,151.83333333333334,209.8032989312233,0.06859391380028045,0.0827536083789757,588.0920873914542,419.5939545211196,3.04349758990427,3.9139404323287703,0.0,0.0,0.0,0.0,1,1,0,0.0
250,23.68864576472,34167.9198840376,1,1,0.0036630036630036,1144.6470896533997,-1.4428232973175177e-12,0.0,,ddos,1,1.0,31.98433643425,14.1503901956025,46007.63100665647,20354.2057308119,1.0,0.0,1.0,0.0,0.003799655143741134,0.0002024653362752063,1155.9514708245997,22.87358737637353,-1.4428232973175177e-12,0.0,0.0,0.0,0.0,0.0,124.17534968490422,228.11107181266527,66179.3625936078,60606.176427231185,1.0,0.0,1.0,0.0,0.0033441160972562337,0.0007658391272902978,917.3663390947664,438.80020479902976,-1.4428232973175177e-12,0.0,0.0,0.0,0.0,0.0,4331.750582826492,11810.64307312955,144267.7060562684,248705.21111264738,151.08333333333334,210.37173087540816,151.08333333333334,210.37173087540816,0.06426953447590113,0.08482676353186135,673.1749990389325,420.3710207678,2.9795448438945704,3.9605044982322632,0.0,0.0,-9.0,-0.7674329521164005,1,1,0,0.0
251,71.083950092468,97279.41514780572,1,1,0.0041666666666666,829.089570999,-1.4428232973175177e-12,0.0,,ddos,1,1.0,39.571270166248006,27.29107354576655,55263.962028212845,36386.556930784485,1.0,0.0,1.0,0.0,0.003844458011124633,0.00027978194474960244,1038.2225511769998,181.12400418610497,-1.4428232973175177e-12,0.0,0.0,0.0,0.0,0.0,135.72790689241555,222.35459157301503,82373.0888011811,51759.26518505437,1.0,0.0,1.0,0.0,0.0037058925443620165,0.00044865323194123496,1044.7614418258665,170.95979116737405,-1.4428232973175177e-12,0.0,0.0,0.0,0.0,0.0,3454.3000640068744,11693.12672595995,116098.91776410345,231277.20493568757,140.75,214.76885037385915,140.75,214.76885037385915,0.04355940902787244,0.06187615057337231,720.9914750890706,400.6898365262492,2.6617422263789883,4.039707006905115,0.0,0.0,-124.0,-3.8136314101869844,1,1,0,0.0
252,64.202513256694,88460.43725427831,1,1,0.0046728971962616,850.6680881359999,-1.4428232973175177e-12,0.0,,ddos,1,1.0,52.99170303796067,25.60938144161841,73302.59076204034,34177.26497717555,1.0,0.0,1.0,0.0,0.004167522508643933,0.0005049473105960673,941.4682495961332,176.28851036218938,-1.4428232973175177e-12,0.0,0.0,0.0,0.0,0.0,48.435622085777545,20.46263379848679,68139.9970234409,27738.090513376348,1.0,0.0,1.0,0.0,0.00400440134700505,0.00038153537225160607,1049.759066796533,163.36901711333007,-1.4428232973175177e-12,0.0,0.0,0.0,0.0,0.0,3457.9341043539866,11691.969290217747,121093.19345845787,229857.01186963555,101.0,189.30831033960544,101.0,189.30831033960544,0.02972117485113815,0.04782225115065165,735.5229075350672,402.08091995968425,1.9219268693811615,3.5851883605461157,0.0,0.0,-477.0,-8.87778428397392,1,1,0,0.0
253,44.32831844275601,63042.71125605156,1,1,0.0046082949308755,832.834284974,-1.4428232973175177e-12,0.0,,ddos,1,1.0,59.871593930639335,13.893653346852075,82927.52121937834,17776.328170661895,1.0,0.0,1.0,0.0,0.004482619597934567,0.0002755232372339437,837.5306480363332,11.530393313655448,-1.4428232973175177e-12,0.0,0.0,0.0,0.0,0.0,45.92796518244589,19.76402285865306,64467.57611301762,26477.161888256876,1.0,0.0,1.0,0.0,0.0041411373708378505,0.0004320812891443827,996.7410594304665,175.1570909307429,-1.4428232973175177e-12,0.0,0.0,0.0,0.0,0.0,3460.2839500146624,11691.217483061466,124927.03556855836,228342.32871143793,61.166666666666664,148.41271284271215,61.166666666666664,148.41271284271215,0.02068669001020169,0.04030428828741729,757.5770484912063,399.3165182689953,1.1817781790501216,2.8614948102632223,0.0,0.0,-478.0,-8.881784283972479,1,1,0,0.0
254,25.42936345281,34337.429437217055,1,1,0.0047619047619047,835.330426264,-1.4428232973175177e-12,0.0,,ddos,1,1.0,44.65339838408667,19.388618944541985,61946.859315848786,27078.13993609608,1.0,0.0,1.0,0.0,0.004681032296347267,7.71273617937299e-05,839.6109331246665,9.656769027117797,-1.4428232973175177e-12,0.0,0.0,0.0,0.0,0.0,42.11233427516855,21.35502062893239,58605.41067203103,28918.527104839395,1.0,0.0,1.0,0.0,0.00426274515373595,0.0004936067129692862,938.9167421508332,158.09375597976933,-1.4428232973175177e-12,0.0,0.0,0.0,0.0,0.0,3461.025352076485,11690.979522888216,126143.60814951076,227769.12360240435,21.75,71.88010851410841,21.75,71.88010851410841,0.013136780011838085,0.03283865639667618,774.9205053279193,397.655709764495,0.44329615538514733,1.5356229278590448,0.0,0.0,-473.0,-8.861784283979691,1,1,0,0.0
255,35.403967489977994,45993.8755595756,1,1,0.0047169811320754,838.5773191100001,-1.4428232973175177e-12,0.0,,ddos,1,1.0,35.05388312851466,9.454339989908611,47791.33875094788,14436.809083699998,1.0,0.0,1.0,0.0,0.004695726941618534,7.89797474431939e-05,835.5806767826666,2.8796838824930875,-1.4428232973175177e-12,0.0,0.0,0.0,0.0,0.0,44.02279308323889,19.86503465565435,60546.96475649432,27310.253621736152,1.0,0.0,1.0,0.0,0.004431624725131234,0.0004338015810938093,888.5244631893999,125.69019853947151,-1.4428232973175177e-12,0.0,0.0,0.0,0.0,0.0,82.19350084483956,160.86748090203264,60527.84697862507,47899.308801258754,1.0,0.0,1.0,0.0,0.003748954104612758,0.0009871215019725608,815.7932185795665,374.3192929580567,-1.4428232973175177e-12,0.0,0.0,0.0,-249.0,-5.319553864639081,1,6,0,0.0
256,29529.9942392865,1385134.5718221231,212,212,0.1925133689839572,497.312270621448,5.313373522741788,0.002,,none,0,0.166,9863.60919007643,17031.589783429703,488488.625606305,776540.0394268128,71.33333333333333,121.82090679901104,71.33333333333333,121.82090679901104,0.06733075162597911,0.10841132907117502,723.740005331816,196.0988905191454,1.7711245075796336,3.0676776336608342,0.0006666666666666666,0.0011547005383792516,211.0,5.31337352274323,4961.740392003536,12035.94943035565,285708.07341284194,539143.8723457317,36.166666666666664,86.1403892878751,36.166666666666664,86.1403892878751,0.03590668561195683,0.07672159528736061,780.6353266840747,138.9949029398393,0.8855622537890957,2.1691756572558774,0.0003333333333333333,0.0008164965809277261,211.0,5.31337352274323,2542.957870844218,8500.196112025247,175943.71800322484,383325.71993105486,18.583333333333332,60.91045339950551,18.583333333333332,60.91045339950551,0.019625400854606536,0.05445173948739226,849.0008328894206,318.4353970643998,0.4427811268938264,1.5338388168304171,0.00016666666666666666,0.0005773502691896257,211.0,5.31337352274323,1,5,0,0.0
257,31.502753083808003,42882.18590173403,477,477,0.227882037533512,681.96479379241,8.873784283973922,0.0,,none,0,0.0,9865.633653286763,17029.835928365075,491336.877761144,774053.072524536,230.0,238.50995786339823,230.0,238.50995786339823,0.14170412921651487,0.11994517386695129,672.618127841286,170.8244082479865,4.729052602238088,4.465656176110714,0.0006666666666666666,0.0011547005383792516,476.0,8.873784283975365,4955.143525835426,12039.176509063629,276641.8685384966,543386.8698091272,115.5,196.18129370559262,115.5,196.18129370559262,0.07319258075643108,0.10671147548375191,756.1145304829764,141.68864372789827,2.3645263011183233,3.8322337595348817,0.0003333333333333333,0.0008164965809277261,476.0,8.873784283975365,2545.4357163639193,8499.392297143857,179507.47866983886,381737.9676509652,58.25,145.1539151759576,58.25,145.1539151759576,0.03844923665039654,0.08057909776579968,900.4379861544213,212.44587076810063,1.1822631505584402,2.8636123376643075,0.00016666666666666666,0.0005773502691896257,476.0,8.873784283975365,1,4,0,0.0
258,22.508508258066,31624.506569286477,469,469,0.1184573002754821,613.8620515684619,8.841784283985461,0.0,,none,0,0.0,9861.335166876126,17033.559008737542,486547.08809771435,778219.9453018483,386.0,150.74150058958548,386.0,150.74150058958548,0.17961756893098377,0.05584057239366296,597.7130386607732,93.37950279247661,7.676314030233723,2.0464290560533738,0.0006666666666666666,0.0011547005383792516,468.0,8.841784283986904,4948.194525002321,12042.575717664207,267169.21342433133,547800.9347968491,193.5,231.42320540516243,193.5,231.42320540516243,0.09215664793630114,0.10211055551071471,716.64685772172,143.05772830616263,3.8381570151161406,4.399191730286302,0.0003333333333333333,0.0008164965809277261,468.0,8.841784283986904,2498.3150735440477,8512.788001244193,167654.60522388612,384129.97517313226,97.25,185.607662949175,97.25,185.607662949175,0.0480805246416531,0.08281743959728817,883.2029622591266,227.36953869848432,1.9190785075573489,3.5797255762924554,0.00016666666666666666,0.0005773502691896257,468.0,8.841784283986904,1,3,0,0.0
259,2744.124026353484,168613.53686107096,460,460,0.1222222222222222,592.54648890227,8.80427450899412,0.0,,none,0,0.0,932.7117625651194,1568.7354831719088,81040.07644403026,76049.43828228061,468.6666666666667,8.50490054811539,468.6666666666667,8.50490054811539,0.1561871866770721,0.06211809228245523,629.4577780877139,46.704692768542195,8.839947692317834,0.03479126335955195,0.0,0.0,248.0,3.4909009862523313,5398.160476320775,11871.927867246157,284764.3510251679,541593.4600996841,270.0,230.92682823786413,270.0,230.92682823786413,0.11175896915152561,0.09280791603582564,676.5988917097651,137.55429032934632,5.305536099948735,4.330729841903709,0.0003333333333333333,0.0008164965809277261,459.0,8.804274508995562,2722.0442207516094,8478.070578467916,174615.96356909277,383253.3683339052,135.5,209.70086920529096,135.5,209.70086920529096,0.05795005326118172,0.08410614128333509,836.6699755701156,224.71779658362166,2.6527680499736457,4.02517356758913,0.00016666666666666666,0.0005773502691896257,459.0,8.804274508995562,1,2,0,0.0
260,13637.760188755195,563725.0559117327,13,13,0.0384615384615384,149.00981227123998,1.6869422649231085,0.0,,none,0,0.0,5468.1309077889155,7204.785194466325,254654.36644736314,276287.92394811107,314.0,260.7124853166798,314.0,260.7124853166798,0.09304702031974756,0.047309880380169166,451.8061175806572,262.4457852294824,6.444333685967561,4.120064513521058,0.0,0.0,-464.0,-7.186842019050814,7666.88228053784,11940.31430479005,372995.62210425385,535726.4728853981,272.0,228.16660579497605,272.0,228.16660579497605,0.11737557476813121,0.08579208634880746,562.2121227109716,232.05794668099512,5.586693144102825,3.9559402713368352,0.0003333333333333333,0.0008164965809277261,12.0,1.6869422649245513,3854.4973074065024,8981.137601919178,215800.5163881424,397231.2459025165,136.5,209.0287061625747,136.5,209.0287061625747,0.06081915996093359,0.08267469949829498,750.5644324309025,273.0204358668116,2.7933465720506914,3.952913057147828,0.00016666666666666666,0.0005773502691896257,12.0,1.6869422649245513,1,1,0,0.0
261,36974.8154072378,839296.4795722004,76,76,0.0415584415584415,42.6553528706,2.4276140094781824,0.0,,ddos,1,0.61,17785.56654078216,17488.232650950584,523878.3574483345,337112.32837845053,183.0,241.9483415938204,183.0,241.9483415938204,0.06741406741406737,0.0474905051279084,261.4038846813699,291.6665664868887,4.306276927798469,3.912944586705388,0.0,0.0,-393.0,-6.4141702745072795,13823.450853829147,16038.397624554867,505212.72277302464,536774.1510035081,284.5,211.81949863031969,284.5,211.81949863031969,0.12351581817252556,0.07698243154655067,429.55846167107165,267.2953443932581,5.991295479016096,3.3476481161513463,0.0003333333333333333,0.0008164965809277261,75.0,2.4276140094796252,6933.73682345619,12988.704456209927,282879.8437647595,430385.0923353265,142.75,205.70372560377396,142.75,205.70372560377396,0.0639737214488284,0.08100255334932058,659.0414624302358,311.6194513950361,2.995647739507327,3.8579387348279686,0.00016666666666666666,0.0005773502691896257,75.0,2.4276140094796252,1,1,0,0.0
262,2.779539372486,16.677236235804,1,1,0.0019960079840319,7.3386,-1.4428232973175177e-12,0.0,,ddos,1,1.0,16871.78504512183,18696.97961255717,467679.4042400561,427803.952828924,30.0,40.28647415696737,30.0,40.28647415696737,0.027338662668003933,0.022001938824139616,66.33458838061325,73.74423870618817,1.3715187581332815,1.2441649553946317,0.0,0.0,-459.0,-8.804274508995562,8902.248403843476,14731.98588756559,274359.7403420434,346939.31254213105,249.33333333333334,241.67471250974248,249.33333333333334,241.67471250974248,0.09176292467253801,0.08196145265994127,347.89618323416363,313.33709397923633,5.105733225225559,4.165680253066095,0.0,0.0,-211.0,-5.31337352274323,6931.994397923503,12989.717068028214,280033.90687744267,432287.9261837013,142.75,205.70372560377396,142.75,205.70372560377396,0.06383480514224743,0.0811167356646664,564.2657549591191,323.2347987502596,2.995647739507327,3.8579387348279686,0.00016666666666666666,0.0005773502691896257,0.0,0.0,1,1,0,0.0
263,124.52420277575398,6967.089760103677,1,1,0.0022371364653243,292.4053438508,-1.4428232973175177e-12,0.0,,ddos,1,1.0,12367.373049795346,21310.75714215493,282093.4155228464,482564.52210875903,26.0,43.30127018922193,26.0,43.30127018922193,0.015263862002599235,0.022772093036214396,114.13309890713326,155.39486235481627,0.8092046698250978,1.401583601861567,0.0,0.0,-12.0,-1.6869422649245513,8917.751978792132,14720.828186903615,268373.890985105,352004.6652976229,170.0,229.8295020226951,170.0,229.8295020226951,0.0541554411611734,0.05401650781447826,282.96960824389527,267.2397081917711,3.6267691778963305,4.135474698750354,0.0,0.0,-476.0,-8.873784283975365,6936.447752313778,12987.159969747541,272507.8797618008,436524.28358149884,142.75,205.70372560377396,142.75,205.70372560377396,0.06367401095880224,0.08124757262604149,519.5420693634359,320.37790459808417,2.995647739507327,3.8579387348279686,0.00016666666666666666,0.0005773502691896257,0.0,0.0,1,1,0,0.0
264,644.3169872753219,158825.91344614138,1,1,0.0037735849056603,1156.7824508130002,-1.4428232973175177e-12,0.0,,ddos,1,1.0,257.20690980785395,340.7287775124356,55269.89348082672,89749.45131785765,1.0,0.0,1.0,0.0,0.0026689097850055,0.000964243785440698,485.50879822126666,598.5582675147925,-1.4428232973175177e-12,0.0,0.0,0.0,-75.0,-2.4276140094796252,9021.38672529501,14647.688157087174,289574.12546458084,338464.2405531662,92.0,182.6274897160885,92.0,182.6274897160885,0.03504148859953644,0.046476787413464164,373.45634145131834,438.6381856706516,2.1531384638985136,3.418722046192315,0.0,0.0,-468.0,-8.841784283986904,6984.790625148664,12960.305395589103,278371.66944445606,434294.1474642058,142.75,205.70372560377396,142.75,205.70372560377396,0.06359906826791879,0.0813073354921187,545.0515995865193,358.99911992252714,2.995647739507327,3.8579387348279686,0.00016666666666666666,0.0005773502691896257,0.0,0.0,1,1,0,0.0
265,19.982414733678,28883.1354171234,1,1,0.0039682539682539,1166.6842730436,-1.4428232973175177e-12,0.0,,ddos,1,1.0,262.9412015949179,334.3917818815841,64892.04620778925,82083.84021886058,1.0,0.0,1.0,0.0,0.0033263251130795,0.0009482736650223937,871.9573559024666,501.93118305772015,-1.4428232973175177e-12,0.0,0.0,0.0,0.0,0.0,8567.363123358375,14920.846287797056,266285.7252239229,352948.84656226286,15.5,30.024989592004992,15.5,30.024989592004992,0.015332493890541718,0.019156500735821664,469.14597214153997,545.580116181026,0.68575937906592,1.0878867981860503,0.0,0.0,-459.0,-8.804274508995562,6982.7617998395735,12961.492487012754,275525.0381245454,435942.67767432047,142.75,205.70372560377396,142.75,205.70372560377396,0.06354573152103365,0.08134974961717253,572.8724319256524,394.5082521677175,2.9956477395073278,3.8579387348279686,0.00016666666666666666,0.0005773502691896257,0.0,0.0,1,1,0,0.0
266,18.38894244458,25539.5080046134,1,1,0.0040983606557377,1164.9867721638,-1.4428232973175177e-12,0.0,,ddos,1,1.0,227.56278148452665,360.9206087526656,71082.8522892925,76006.10861602065,1.0,0.0,1.0,0.0,0.0039467331765506335,0.00016345390882253622,1162.8178320068,5.295257021546844,-1.4428232973175177e-12,0.0,0.0,0.0,0.0,0.0,6297.467915639939,15030.766829016702,176588.1339060697,329872.42375930864,13.5,30.61862178478986,13.5,30.61862178478986,0.009605297589574934,0.015679961633620267,638.4754654569666,582.7453492119645,0.404602334911828,0.9910692692761911,0.0,0.0,-12.0,-1.6869422649245513,6982.175098088887,12961.836194752525,274791.87800516177,436392.34357048315,142.75,205.70372560377396,142.75,205.70372560377396,0.06349043617885308,0.08139355252218225,600.3437940839691,424.7634053286444,2.9956477395073278,3.8579387348279686,0.00016666666666666666,0.0005773502691896257,0.0,0.0,1,1,0,0.0
267,1025.729513584412,43611.069319334805,1,1,0.0039215686274509,1150.1329134518,-1.4428232973175177e-12,0.0,,ddos,1,1.0,354.7002902542233,581.1289002549215,32677.904247023635,9614.860110439235,1.0,0.0,1.0,0.0,0.003996061083814167,9.161758601058184e-05,1160.6013195530666,9.105548969401337,-1.4428232973175177e-12,0.0,0.0,0.0,0.0,0.0,305.95360003103985,429.38822432118224,43973.89886392545,58413.03974266168,1.0,0.0,1.0,0.0,0.0033324854344098337,0.0009506119686681753,823.0550588871666,529.2135088604373,-1.4428232973175177e-12,0.0,0.0,0.0,-75.0,-2.4276140094796252,7064.70222693009,12916.659640915701,274593.31081847503,436506.4427339517,142.75,205.70372560377396,142.75,205.70372560377396,0.06342415180346771,0.08144607393506315,626.3067602791192,449.4529413667413,2.9956477395073278,3.8579387348279686,0.00016666666666666666,0.0005773502691896257,0.0,0.0,1,1,0,0.0
268,24.313669360696,34670.09033864715,1,1,0.0042735042735042,1037.1740121788,-1.4428232973175177e-12,0.0,,ddos,1,1.0,356.1440417965626,579.8855952857843,34606.88922086488,9035.946429400277,1.0,0.0,1.0,0.0,0.004097811185564266,0.0001759684664136473,1117.4312325981332,69.90046746436184,-1.4428232973175177e-12,0.0,0.0,0.0,0.0,0.0,309.5426216957415,426.42713069438486,49749.46771432734,54798.89854087173,1.0,0.0,1.0,0.0,0.0037120681493218836,0.0007420460673404696,994.6942942503,347.5710321545573,-1.4428232973175177e-12,0.0,0.0,0.0,0.0,0.0,4605.895512769606,10902.752027154205,162054.60402818536,264265.42322792945,125.16666666666667,208.2484675632074,125.16666666666667,208.2484675632074,0.047737496410929954,0.07189007503624424,671.2952387422318,462.2054023447909,2.552866612612058,3.8726311839448715,0.0,0.0,-211.0,-5.31337352274323,1,1,0,0.0
269,47.528371843206,66633.1083798044,1,1,0.0046082949308755,832.9208936999999,-1.4428232973175177e-12,0.0,,ddos,1,1.0,365.857184929438,571.5840692294657,48304.75601259522,16490.35025876583,1.0,0.0,1.0,0.0,0.0042677892772768665,0.00034339882037266836,1006.7426064435332,160.78065558400277,-1.4428232973175177e-12,0.0,0.0,0.0,0.0,0.0,296.7099832069835,434.1962876589042,59693.80415094413,50746.39475308384,1.0,0.0,1.0,0.0,0.00410726122691375,0.00029795818174088094,1084.7802192251665,132.88802200788066,-1.4428232973175177e-12,0.0,0.0,0.0,0.0,0.0,4607.230980999557,10902.14174075932,164033.84756802456,263379.18409879075,85.5,178.32325091861077,85.5,178.32325091861077,0.029131351194043576,0.04482675785930486,683.8749137345309,464.57039859759647,1.813384588947444,3.370609857540883,0.0,0.0,-476.0,-8.873784283975365,1,1,0,0.0
270,34.750762938584,41759.497905804245,1,1,0.0046728971962616,836.3028976799999,-1.4428232973175177e-12,0.0,,ddos,1,1.0,35.530934714162,11.626998946875858,47687.565541418364,16785.860716544263,1.0,0.0,1.0,0.0,0.0045182321335471,0.00021438786644132282,902.1326011862666,116.96151717496778,-1.4428232973175177e-12,0.0,0.0,0.0,0.0,0.0,195.1156124841939,407.06156485593226,40182.73489422127,14740.12352807466,1.0,0.0,1.0,0.0,0.0042571466086806335,0.0003217781182062917,1031.3669603696667,159.83424702176865,-1.4428232973175177e-12,0.0,0.0,0.0,0.0,0.0,4608.251168889599,10901.674277562604,164878.43017940104,262931.8549714738,46.5,131.9803704412826,46.5,131.9803704412826,0.019649317604108534,0.03521880138711844,702.4116509104924,465.9585788949538,1.0765692319485354,2.564554150153823,0.0,0.0,-468.0,-8.841784283986904,1,1,0,0.0
271,26.304919881834,33925.45040266838,1,1,0.0046296296296296,824.2916381539999,-1.4428232973175177e-12,0.0,,ddos,1,1.0,36.194684887874665,10.685149129007549,47439.35222942544,17077.566613589086,1.0,0.0,1.0,0.0,0.0046369405855889,3.291581267655126e-05,831.1718098446664,6.193711294480406,-1.4428232973175177e-12,0.0,0.0,0.0,0.0,0.0,196.16936334221987,406.52535924641745,41023.12072514543,14096.746992912958,1.0,0.0,1.0,0.0,0.004367375885576583,0.0003162554249572019,974.3015212214,162.9512568195768,-1.4428232973175177e-12,0.0,0.0,0.0,0.0,0.0,4381.766243350295,10971.927977434336,153654.42297453416,265618.9608141373,8.25,21.612811856943466,8.25,21.612811856943466,0.00984993488805915,0.014129463504789753,721.72374668147,465.79358115082664,0.3428796895322386,0.8162155578852901,0.0,0.0,-459.0,-8.804274508995562,1,1,0,0.0
272,15.421706664572,22114.836291100284,1,1,0.0044247787610619,812.86406195,-1.4428232973175177e-12,0.0,,ddos,1,1.0,25.492463161663334,9.690106770610129,32599.928199857404,9889.18294515566,1.0,0.0,1.0,0.0,0.004575768528984367,0.00013253849662135493,824.4861992613332,11.720629062138773,-1.4428232973175177e-12,0.0,0.0,0.0,0.0,0.0,195.67482404555187,406.7866046165648,40452.34210622658,14895.755146211539,1.0,0.0,1.0,0.0,0.004421778903130617,0.0002874909512972711,915.6144028524332,142.68965039533745,-1.4428232973175177e-12,0.0,0.0,0.0,0.0,0.0,3246.571369842743,10626.479665301325,108520.23800614814,233702.87251084283,7.25,21.650635094610962,7.25,21.650635094610962,0.007013538246352776,0.01091423523041192,777.0449341547001,429.606623832955,0.20230116745519264,0.7007918009307839,0.0,0.0,-12.0,-1.6869422649245513,1,1,0,0.0
273,21.286713188228,29390.40515088454,1,1,0.0045871559633027,820.4308500660001,-1.4428232973175177e-12,0.0,,ddos,1,1.0,21.004446578211333,5.4470945453217965,28476.897281550835,5958.063770613103,1.0,0.0,1.0,0.0,0.004547188117998067,0.00010811586874775462,819.1955167233332,5.813081009636343,-1.4428232973175177e-12,0.0,0.0,0.0,0.0,0.0,28.267690646187877,11.36876582915813,38082.23141148487,15414.940481523501,1.0,0.0,1.0,0.0,0.004532710125772583,0.00015268272370078903,860.6640589548,86.88546114306024,-1.4428232973175177e-12,0.0,0.0,0.0,0.0,0.0,167.11064533861204,323.875098386167,41028.06513770514,40846.33425887151,1.0,0.0,1.0,0.0,0.003932597780091208,0.0009023451050447563,841.8595589209832,362.10538612277304,-1.4428232973175177e-12,0.0,0.0,0.0,-75.0,-2.4276140094796252,0,-1,0,0.0
274,17595.061688978392,666050.4162644766,23,23,0.0288461538461538,357.96866407284,1.3877573969423778,0.0,,none,0,0.322,5877.2567029437305,10147.917218209366,239185.2192354869,369694.00292878394,8.333333333333334,12.701705922171767,8.333333333333334,12.701705922171767,0.012619362856839464,0.014053047745849102,663.7545253629465,264.8453488251151,0.4625857989798295,0.8012221066954092,0.0,0.0,22.0,1.3877573969438206,2956.7256939158037,7171.29952419022,143312.28573245645,256546.41468425887,4.666666666666667,8.981462390204987,4.666666666666667,8.981462390204987,0.008628151721214184,0.009905120562323651,747.4631676038066,191.00034681782375,0.23129289948919396,0.5665495848808952,0.0,0.0,22.0,1.3877573969438206,1633.1341578057709,5036.860669745677,96530.87672339188,183490.62735283346,2.8333333333333335,6.3508529610858835,2.8333333333333335,6.3508529610858835,0.006170109935268033,0.007172002773781671,871.0787309270532,296.92415075789114,0.11564644974387556,0.4006110533477046,0.0,0.0,22.0,1.3877573969438206,1,6,0,0.0
275,10100.464000374095,646976.2099685194,8,8,0.225,98.80814356167998,1.4393332373552927,0.0,,none,0,0.0,9238.937467513571,8818.506829392652,447472.34379462665,362195.1641056768,10.666666666666666,11.239810200058244,10.666666666666666,11.239810200058244,0.08614443660315217,0.12086263011891665,425.7358859001733,365.55318341015845,0.9423635447654081,0.816518098211996,0.0,0.0,7.0,1.4393332373567356,4632.214965337618,7521.484779865762,240036.1359972423,322721.22567747626,5.833333333333333,8.863783992554572,5.833333333333333,8.863783992554572,0.04536010256606827,0.08853898267827705,625.1110425807532,318.1307041774693,0.47118177238198317,0.7301338487118357,0.0,0.0,7.0,1.4393332373567356,2464.462474272299,5561.197621997877,149864.97007409317,239543.3155712115,3.4166666666666665,6.487166818676188,3.4166666666666665,6.487166818676188,0.02473368189649101,0.06346193699560232,854.9456309029598,334.15009046547686,0.23559088619027016,0.5503316333277393,0.0,0.0,7.0,1.4393332373567356,1,5,0,0.0
276,2213.16955870695,270221.5038174973,417,417,0.1612903225806451,571.806719515502,8.117784284060482,0.0,,none,0,0.0,9969.565082686478,7691.781475823152,527749.3766834975,223229.5014410524,149.33333333333334,231.92743117909387,149.33333333333334,231.92743117909387,0.13837882547559963,0.10006390640452013,342.8611757166739,236.8609093263584,3.6482916394527165,3.8707800753828367,0.0,0.0,416.0,8.117784284061925,4995.284764632346,7304.626643173521,278113.1369825245,307780.2237660066,75.16666666666667,167.68114582941837,75.16666666666667,167.68114582941837,0.07146300679679886,0.09684209296031597,581.0283462200036,300.87052736645416,1.8241458197256373,3.1600925497120556,0.0,0.0,416.0,8.117784284061925,2595.200188558268,5532.886960023678,159147.93593837283,242067.29260290432,38.083333333333336,119.50158487601236,38.083333333333336,119.50158487601236,0.03786007670273974,0.07412664560879682,806.197653294835,328.73931451374443,0.9120729098620973,2.3338117188335237,0.0,0.0,416.0,8.117784284061925,1,4,0,0.0
277,18.462847709558,24724.272586509047,471,471,0.1289473684210526,619.134396804092,8.849784283982578,0.0,,none,0,0.0,4110.698802263534,5302.0891857075785,313973.9954575083,313424.75777680514,298.6666666666667,253.16858678227305,298.6666666666667,253.16858678227305,0.1717458970005659,0.0488724491472253,429.91641996042455,287.7229488313255,6.135633935132783,4.0835506832817074,0.0,0.0,448.0,7.462026887040199,4993.977752603633,7305.694182298434,276579.6073464979,309259.6031657152,153.5,225.81031863048244,153.5,225.81031863048244,0.09218262992870267,0.0929019802545484,546.8354726616857,278.5230681521165,3.2991098670563073,4.07209771069012,0.0,0.0,470.0,8.84978428398402,2595.073557972925,5532.951273836011,158801.36403582164,242273.63892511587,77.25,171.81391889853606,77.25,171.81391889853606,0.04827500290713963,0.07762903995725016,760.5684969415428,311.71413564551057,1.6495549335274322,3.2412438209006353,0.0,0.0,470.0,8.84978428398402,1,3,0,0.0
278,18.061822762364,22398.11973690343,449,449,0.0619946091644204,618.34018224375,8.761784284014315,0.0,,none,0,0.0,749.8980763929573,1267.230292180921,105781.29871363635,142414.14444401473,445.6666666666667,27.153882472554933,445.6666666666667,27.153882472554933,0.11741076672203936,0.050643159062014546,603.0937661877812,27.098287054656495,8.57645095068579,0.39964651043576427,0.0,0.0,441.0,7.3224510466590225,4994.417771953265,7305.334424965574,276626.8212541318,309213.0030614205,228.16666666666666,238.98319327238613,228.16666666666666,238.98319327238613,0.10177760166259577,0.08463023683854395,514.4148260439773,251.3605460987723,4.7594072477256,4.220705487424365,0.0,0.0,448.0,8.761784284015757,2595.0462979994068,5532.965123624322,158539.58168017914,242432.3668985864,114.58333333333333,200.08609889169455,114.58333333333333,200.08609889169455,0.05309969028286319,0.07642362013950009,715.0146144482054,286.13340874794966,2.379703623862079,3.7782589317281725,0.0,0.0,448.0,8.761784284015757,1,2,0,0.0
279,19305.30049757993,387059.63056860736,292,292,0.0966981132075471,285.524937087044,6.473010198244193,0.0,,none,0,0.284,6447.2750560172835,11135.3766767052,144727.34096400638,209869.14181348073,404.0,97.61659694949417,404.0,97.61659694949417,0.09588003026434004,0.033483875788140244,507.6665053782953,192.3806512265828,8.028192922080361,1.3475462806106018,0.0,0.0,-125.0,-1.6447740858162891,8208.420069351881,8774.166884164208,336238.3588237522,285591.23017639556,276.6666666666667,211.62293511495076,276.6666666666667,211.62293511495076,0.11712942786996983,0.07067833047981457,425.26384054748456,213.05774132561305,5.838242280766539,3.5319383236144253,0.0,0.0,291.0,6.473010198245635,4118.343879999034,7296.794736025073,187160.29511761852,247843.62457350103,138.83333333333334,202.6859789442922,138.83333333333334,202.6859789442922,0.0608310689978712,0.07568554028913387,642.9639497511423,275.2574783149709,2.9191211403825483,3.868616858727327,0.0,0.0,291.0,6.473010198245635,1,1,0,0.0
280,163.36262025595803,106257.09760740104,1,1,0.0019960079840319,8.709800000000003,-1.4428232973175177e-12,0.0,,ddos,1,1.0,6495.574980199417,11093.785600659985,171904.9493043037,190988.83395327072,247.33333333333334,227.31549294611074,247.33333333333334,227.31549294611074,0.053562910118666464,0.04791077483239083,304.19163977693125,305.24356681288043,5.07826482741902,4.544359354956984,0.0,0.0,-470.0,-8.84978428398402,5303.1368912314765,7885.428446816987,242939.4723809063,244826.0802189436,273.0,217.01889318674537,273.0,217.01889318674537,0.11265440355961619,0.07787007749304914,367.0540298686779,274.0898908234178,5.606949381275903,3.9071785320036816,0.0,0.0,-22.0,-1.3877573969438206,4129.9312925736385,7289.809386448335,193125.87905668138,244680.88515676395,138.83333333333334,202.6859789442922,138.83333333333334,202.6859789442922,0.06064127764041519,0.07584295084717559,557.2585987362423,300.3279026024969,2.9191211403825483,3.868616858727327,0.0,0.0,0.0,0.0,1,1,0,0.0
281,3.872627267226,699.6582284477581,1,1,0.0020833333333333,137.2461377036,-1.4428232973175177e-12,0.0,,ddos,1,1.0,6490.845248367706,11097.930291951452,164672.12880148515,199694.12599955834,98.0,168.00892833418104,98.0,168.00892833418104,0.03359248484163744,0.05465109472848076,143.82695826354794,138.5248549162253,2.1576700660804344,3.737194180424309,0.0,0.0,-448.0,-8.761784284015757,3620.3716623803325,7732.7559175753695,135226.71375756102,158443.21367324702,271.8333333333333,218.74040931356663,271.8333333333333,218.74040931356663,0.0755016257818384,0.06578936083543872,373.4603622256646,266.9216763296251,5.367060508383113,4.243908514986257,0.0,0.0,-7.0,-1.4393332373567356,4126.293313858973,7292.042471588434,187631.42487740165,248490.21423572052,138.83333333333334,202.6859789442922,138.83333333333334,202.6859789442922,0.060430864173953325,0.07601584256497834,499.285702403209,309.28889495170097,2.9191211403825483,3.868616858727327,0.0,0.0,0.0,0.0,1,1,0,0.0
282,16.958175765886,25082.3498465908,1,1,0.0040816326530612,1180.7713416996005,-1.4428232973175177e-12,0.0,,ddos,1,1.0,61.397807763023344,88.54617516058869,44013.03522747964,55266.36761000316,1.0,0.0,1.0,0.0,0.0027203246568087997,0.0011797355740355863,442.2424264677334,642.8056599803177,-1.4428232973175177e-12,0.0,0.0,0.0,-291.0,-6.473010198245635,3254.336431890155,7863.562178289896,94370.18809574329,147928.30237559532,202.5,229.20362126284132,202.5,229.20362126284132,0.04930017746057441,0.05525073673891346,474.95446592301437,425.87306279926514,4.014096461039459,4.479053121989546,0.0,0.0,-416.0,-8.117784284061925,4124.810598261249,7292.951802514365,186241.66253913383,249425.09491788215,138.83333333333334,202.6859789442922,138.83333333333334,202.6859789442922,0.060381592128686636,0.07605545070909282,527.991406071509,355.8868185153504,2.9191211403825483,3.868616858727327,0.0,0.0,0.0,0.0,1,1,0,0.0
283,17.128887990322,23874.5919412606,1,1,0.0037735849056603,1153.2301353126002,-1.4428232973175177e-12,0.0,,ddos,1,1.0,12.653230341144669,7.6047044041415415,16552.20000543282,13741.978765221646,1.0,0.0,1.0,0.0,0.0033128502973515995,0.0010758751448324095,823.7492049052668,594.6885533371939,-1.4428232973175177e-12,0.0,0.0,0.0,0.0,0.0,3254.1141052702824,7863.671981867837,94228.57465486856,148008.6946246635,124.16666666666667,197.1622851020617,124.16666666666667,197.1622851020617,0.028437880208009036,0.040940939102085905,563.970422341099,509.6207052946329,2.5391324137087894,3.9996390932206323,0.0,0.0,-470.0,-8.84978428398402,4124.045928936956,7293.42106504416,185404.09100068323,249999.28664347125,138.83333333333334,202.6859789442922,138.83333333333334,202.6859789442922,0.060310255068355856,0.07611287759860802,555.4029475013923,391.65414163877796,2.9191211403825483,3.868616858727327,0.0,0.0,0.0,0.0,1,1,0,0.0
284,24.456006752196,35320.8670967002,1,1,0.0045454545454545,1196.880466359,-1.4428232973175177e-12,0.0,,ddos,1,1.0,19.514356836134667,4.280445565336202,28092.60296151697,6288.920543024147,1.0,0.0,1.0,0.0,0.004133557368058666,0.0003885457723635285,1176.9606477904001,22.07326190589842,-1.4428232973175177e-12,0.0,0.0,0.0,0.0,0.0,3255.179802601921,7863.146131619329,96382.36588150133,146843.82130592616,49.5,118.80025252498412,49.5,118.80025252498412,0.01886302110484805,0.03814584867981802,660.3938030269741,572.7827789475705,1.0788350330394965,2.642595347588931,0.0,0.0,-448.0,-8.761784284015757,4124.798787277591,7292.9588513418275,186504.59356781654,249243.06075280457,138.83333333333334,202.6859789442922,138.83333333333334,202.6859789442922,0.06032031138372191,0.07610483009487021,587.4043145354757,428.55367385628176,2.9191211403825483,3.868616858727327,0.0,0.0,0.0,0.0,1,1,0,0.0
285,41.031387190846,58837.4926223618,1,1,0.0040983606557377,1185.4531702452,-1.4428232973175177e-12,0.0,,ddos,1,1.0,27.53876064445467,12.245811379006899,39344.3172201073,17825.325219524144,1.0,0.0,1.0,0.0,0.004139133368950834,0.0003875467659624644,1178.5212573055999,22.635733097600745,-1.4428232973175177e-12,0.0,0.0,0.0,0.0,0.0,44.46828420374022,59.49860953087233,41678.676223793744,36815.54728018932,1.0,0.0,1.0,0.0,0.0034297290128798164,0.001104849698710877,810.3818418866667,572.814587967374,-1.4428232973175177e-12,0.0,0.0,0.0,-291.0,-6.473010198245635,4126.44417677781,7291.9510372686145,188958.51752377293,247695.72540375468,138.83333333333334,202.6859789442922,138.83333333333334,202.6859789442922,0.06027957844142482,0.07613749525570165,617.8228412170757,458.50531785371317,2.9191211403825488,3.868616858727327,0.0,0.0,0.0,0.0,1,1,0,0.0
286,3634.6800054169976,493687.9977771855,1,1,0.0044444444444444,1043.29649751,-1.4428232973175177e-12,0.0,,ddos,1,1.0,1233.3891331200132,2079.5954115746745,195948.78583208227,258117.67987934808,1.0,0.0,1.0,0.0,0.0043627532152122,0.0002344745812396616,1141.8767113714,85.56395092465489,-1.4428232973175177e-12,0.0,0.0,0.0,0.0,0.0,623.0211817305801,1475.4554572234254,106250.49291875782,190736.39390673756,1.0,0.0,1.0,0.0,0.0038378017562819,0.0009031517611958203,982.8129581383333,418.03325128314555,-1.4428232973175177e-12,0.0,0.0,0.0,0.0,0.0,2963.079036481027,5935.220009275414,174594.98264983203,221082.57176054476,137.0,203.92467415021832,137.0,203.92467415021832,0.05824610265794904,0.07736923380979518,674.9334940035058,465.8191719366429,2.80347469063723,3.9386645694537297,0.0,0.0,-22.0,-1.3877573969438206,1,1,0,0.0
287,22.466673498250003,29413.348526079244,1,1,0.0049019607843137,867.3911195320001,-1.4428232973175177e-12,0.0,,ddos,1,1.0,1232.7260220353646,2080.1738787566414,193979.61297520858,259971.69462156418,1.0,0.0,1.0,0.0,0.004481588628165267,0.0004030856725833205,1032.0469290957333,159.32916122951625,-1.4428232973175177e-12,0.0,0.0,0.0,0.0,0.0,626.1201894357508,1473.9136469293926,111036.10796836305,187897.53334672222,1.0,0.0,1.0,0.0,0.004307572998111966,0.00040213937650262246,1104.5037884430667,129.03177888986735,-1.4428232973175177e-12,0.0,0.0,0.0,0.0,0.0,2123.2459259080397,5532.846573351152,123131.41086296202,166188.34638330908,136.41666666666666,204.33682457840993,136.41666666666666,204.33682457840993,0.03990459938997518,0.05787744735165882,738.9820753343657,430.9350699179989,2.6835302541908352,4.005335225101726,0.0,0.0,-7.0,-1.4393332373567356,1,1,0,0.0
288,317.457029248706,177421.1606460184,1,1,0.0049751243781094,887.3638560286,-1.4428232973175177e-12,0.0,,ddos,1,1.0,1324.8679027213177,2005.7863270589623,233507.5023164275,237164.49096731923,1.0,0.0,1.0,0.0,0.004773843202289167,0.000287603692793439,932.6838243568667,96.3125129323875,-1.4428232973175177e-12,0.0,0.0,0.0,0.0,0.0,676.2033316828874,1454.0462065393758,136425.90976826768,184216.4431640355,1.0,0.0,1.0,0.0,0.00445648828562,0.0004626233065816439,1055.6025408312332,148.47964054285396,-1.4428232973175177e-12,0.0,0.0,0.0,0.0,0.0,1965.2698817865194,5557.056229859691,115398.04893200543,160793.049955773,101.75,186.9560594947866,101.75,186.9560594947866,0.026878332873097207,0.04400119732776103,765.2785033771239,429.4316441586345,2.007048230519008,3.6760712173292833,0.0,0.0,-416.0,-8.117784284061925,1,1,0,0.0
289,26.341284318282,33885.09422026057,1,1,0.005,882.545480222,-1.4428232973175177e-12,0.0,,ddos,1,1.0,122.088329021746,169.20534839118784,80239.8677974525,84191.1627617669,1.0,0.0,1.0,0.0,0.004959028387474367,5.096305162448725e-05,879.1001519275333,10.422584424334284,-1.4428232973175177e-12,0.0,0.0,0.0,0.0,0.0,677.7387310708808,1453.2156940610234,138094.32681476764,183034.75499262416,1.0,0.0,1.0,0.0,0.004660890801343283,0.00036012976707468735,1010.4884316494667,153.9070630072438,-1.4428232973175177e-12,0.0,0.0,0.0,0.0,0.0,1965.9264181705796,5556.805775277365,116161.45073481806,160344.5406095637,62.583333333333336,147.6712924236143,62.583333333333336,147.6712924236143,0.01654938550467616,0.030267724507953637,787.2294269952828,428.0121317792813,1.2695662068536733,3.004952648593132,0.0,0.0,-470.0,-8.84978428398402,1,1,0,0.0
290,45.202535368762,57400.93623622221,1,1,0.0047169811320754,850.15123814,-1.4428232973175177e-12,0.0,,ddos,1,1.0,129.66694964524999,162.90418102846346,89569.06370083349,76985.3356794686,1.0,0.0,1.0,0.0,0.004897368503394933,0.0001567143960575441,873.3535247968666,20.23768183199849,-1.4428232973175177e-12,0.0,0.0,0.0,0.0,0.0,681.1964858403084,1451.373918182224,141774.33833802133,180763.04491118898,1.0,0.0,1.0,0.0,0.0046894785657801,0.00035591692290234375,952.7002269463,133.69075182675857,-1.4428232973175177e-12,0.0,0.0,0.0,0.0,0.0,1968.1881442211127,5555.946339756404,119078.35210976131,158794.67153785095,25.25,84.00446416709049,25.25,84.00446416709049,0.011776249835314072,0.02676298353750785,806.547014986637,424.9166529298355,0.5394175165190268,1.8685970902121547,0.0,0.0,-448.0,-8.761784284015757,1,1,0,0.0
291,196.85710885647,74664.25561968228,1,1,0.0048076923076923,858.255166712,-1.4428232973175177e-12,0.0,,ddos,1,1.0,89.46697618117132,93.4795012046152,55316.762025388125,20469.31453949631,1.0,0.0,1.0,0.0,0.004841557813255901,0.00014451669191664512,863.6506283579998,16.857638766925128,-1.4428232973175177e-12,0.0,0.0,0.0,0.0,0.0,707.1674394512457,1438.9689077862347,144412.13217090807,179421.22901997576,1.0,0.0,1.0,0.0,0.004807700507772534,0.00020692018743200083,898.1672263574334,72.48300971817716,-1.4428232973175177e-12,0.0,0.0,0.0,0.0,0.0,375.8178618274912,1030.81470522694,93045.40419735089,134637.32382536647,1.0,0.0,1.0,0.0,0.0041187147603261726,0.0010450733086772913,854.2745341220501,391.96132875233144,-1.4428232973175177e-12,0.0,0.0,0.0,-291.0,-6.473010198245635,1,6,0,0.0
292,31448.135689767787,902749.198290016,270,270,0.1139240506329113,511.15915486493,6.313762173006984,0.0,,none,0,0.244,10563.398444664339,18086.871955237973,344938.13004863996,483155.66481049685,90.66666666666667,155.30722241200934,90.66666666666667,155.30722241200934,0.041149574690893004,0.0630245612329502,739.8551865723099,198.0980176670164,2.104587391001365,3.645252290185692,0.0,0.0,269.0,6.313762173008427,5342.743386843044,12789.515788697665,212588.9989230465,342389.5009224094,45.833333333333336,109.81879013477915,45.833333333333336,109.81879013477915,0.023054301539183683,0.044517028863766676,809.4776692499216,146.8241467228996,1.0522936954999618,2.5775826135260953,0.0,0.0,269.0,6.313762173008427,2982.8822842868103,9023.055054380826,159419.74592090212,270013.18908694107,23.416666666666668,77.65361120600467,23.416666666666668,77.65361120600467,0.01344605164773279,0.03165255885322355,896.1453136941276,312.13065640098506,0.5261468477492595,1.822626145092846,0.0,0.0,269.0,6.313762173008427,1,5,0,0.0
293,12.87586265113,16710.43979619526,453,453,0.0807291666666666,563.660094692292,8.777784284008547,0.0,,none,0,0.0,10552.622887091797,18096.2787262972,331374.63123529765,495672.606767664,241.33333333333334,227.3594804122611,241.33333333333334,227.3594804122611,0.06648696986909007,0.0559350072919908,644.3581387564072,187.09099683540387,5.030515485671361,4.527407180668819,0.0,0.0,452.0,8.77778428400999,5341.1449183685245,12790.314294300999,210471.84746806583,343785.1214799856,121.16666666666667,194.94862571115158,121.16666666666667,194.94862571115158,0.035692169186242496,0.048882343836792734,758.8558317766369,172.90664531320266,2.51525774283496,3.973762968183533,0.0,0.0,452.0,8.77778428400999,2983.632553902136,9022.785200466591,160753.97771821442,269195.9176398432,61.083333333333336,145.64743129360107,61.083333333333336,145.64743129360107,0.01999987109217723,0.0368081079370475,931.6798101098519,231.82028102267947,1.2576288714167585,2.9837975372338312,0.0,0.0,452.0,8.77778428400999,1,4,0,0.0
294,25.795523328860003,30664.465330885418,477,477,0.1153846153846153,572.1445981954399,8.873784283973922,0.0,,none,0,0.0,10495.602358582591,18145.427288306786,316708.03447236534,507574.4900738374,400.0,113.2210227828737,400.0,113.2210227828737,0.10334594422806441,0.019600313334097043,548.9879492508873,33.034224123541655,7.988443580329817,1.4511107338941882,0.0,0.0,476.0,8.873784283975365,5292.534667381883,12813.758388389066,186012.39824887703,351735.6415235801,200.5,229.97369414783074,200.5,229.97369414783074,0.05409375102066014,0.05535893342573572,706.3192888044437,173.93664497786673,3.9942217901641874,4.470666415161155,0.0,0.0,476.0,8.873784283975365,2984.368999532384,9022.521402461645,161219.1540085723,268944.8670722467,100.75,186.80087842892544,100.75,186.80087842892544,0.029275119653140072,0.045442972461273066,880.9609148178384,238.8413644410492,1.9971108950813725,3.6655114253780994,0.0,0.0,476.0,8.873784283975365,1,3,0,0.0
295,10.544566612124,9979.553755035504,481,481,0.1948717948717948,614.621142759214,8.889784283968151,0.0,,none,0,0.0,16.405317530704668,8.215272955796548,19118.15296070516,10550.55466495374,470.3333333333333,15.143755588800975,470.3333333333333,15.143755588800975,0.13032852564102557,0.058520297621485626,583.4752785489818,27.3046762107655,8.84711761731687,0.0605750223333681,0.0,0.0,211.0,2.5760221109611665,5289.901881097523,12815.058371053025,182028.14150467282,353932.0294883688,280.5,230.18231904297082,280.5,230.18231904297082,0.08573905016595929,0.07310645531480207,661.6652325606459,152.74734259111113,5.475852504159119,4.35374868277986,0.0,0.0,480.0,8.889784283969593,2983.8203060842006,9022.718454002541,160061.23415972022,269619.01662505267,140.75,213.04720987697453,140.75,213.04720987697453,0.045199970483651285,0.0649786127671556,836.0768321050563,233.5747001843859,2.737926252078838,4.098009715437276,0.0,0.0,480.0,8.889784283969593,1,2,0,0.0
296,16757.137796123927,236326.3260669793,319,319,0.095,314.07543694691003,7.005178873390923,0.0,,none,0,0.194,5597.825962021637,9664.25054548838,92323.44838429983,125138.27542920542,425.6666666666667,92.39769116884547,425.6666666666667,92.39769116884547,0.13508547008547003,0.05277012990022479,500.28039263385455,162.65078650686488,8.256249147110998,1.0834881736038815,0.0,0.0,-134.0,-1.7726054106176239,8075.224424556717,13255.724073355268,211849.03980979903,348832.3506179345,333.5,185.16344131604382,333.5,185.16344131604382,0.10078621997728004,0.06145804202671703,572.3192656951309,175.53018788115432,6.64338231639118,3.4336791138846756,0.0,0.0,318.0,7.0051788733923654,4378.210455198511,9784.581945229804,176811.68907391012,267399.569520134,167.25,213.85982027317036,167.25,213.85982027317036,0.05273784927153007,0.06508025755857468,762.5097463207154,248.17320691863478,3.3216911581948687,4.170833218379467,0.0,0.0,318.0,7.0051788733923654,1,1,0,0.0
297,4.739241227172,28.435447362912004,1,1,0.0019960079840319,7.367400000000001,-1.4428232973175177e-12,0.0,,ddos,1,1.0,5590.807201321074,9670.326397788964,82111.43842312567,133646.66051626232,267.0,244.1884518153961,267.0,244.1884518153961,0.0972892676186089,0.09645827000089538,312.02132656870793,303.63208254539296,5.298321052452542,4.684238344656694,0.0,0.0,-476.0,-8.873784283975365,8043.204779951834,13278.772620480073,199409.7364477458,355960.6523194796,333.5,185.16344131604382,333.5,185.16344131604382,0.10031760592333665,0.06234062121289513,430.50463790979757,232.7217967559937,6.64338231639118,3.4336791138846756,0.0,0.0,0.0,0.0,4375.186109701538,9786.049907456725,171910.9343093269,270281.67572205304,167.25,213.85982027317036,167.25,213.85982027317036,0.05256265321555459,0.06522576557503114,664.3359321336155,294.3700510977707,3.3216911581948687,4.170833218379467,0.0,0.0,0.0,0.0,1,1,0,0.0
298,5.469073236490001,32.814439421166,1,1,0.0019960079840319,7.351400000000002,-1.4428232973175177e-12,0.0,,ddos,1,1.0,5589.115370195864,9671.791137772181,78795.85865125422,136425.38666962777,107.0,183.59738560230105,107.0,183.59738560230105,0.032997338656021266,0.05369587982612892,109.59807898230326,177.0825866767795,2.335059624462678,4.044441908274564,0.0,0.0,-480.0,-8.889784283969593,2802.760343863285,6836.225107519756,48957.00580597997,92507.88452678156,288.6666666666667,230.60413410575853,288.6666666666667,230.60413410575853,0.08166293214852342,0.07324723261377691,346.5366787656426,283.2126325212075,5.591088620889775,4.389366886440933,0.0,0.0,-269.0,-6.313762173008427,4072.7518653531624,9866.762298130972,130773.00236451322,253926.91910755323,167.25,213.85982027317036,167.25,213.85982027317036,0.05235861684385354,0.06539358424735627,578.0071740077822,323.5845693048417,3.3216911581948687,4.170833218379467,0.0,0.0,0.0,0.0,1,1,0,0.0
299,139.95420028969397,70123.45359238244,1,1,0.0037174721189591,1110.050173727,-1.4428232973175177e-12,0.0,,ddos,1,1.0,50.054171584451986,77.85656385490832,23394.90115972195,40468.11354800055,1.0,0.0,1.0,0.0,0.0025698293623409667,0.000993887781700505,374.92299124233324,636.6388150944638,-1.4428232973175177e-12,0.0,0.0,0.0,-318.0,-7.0051788733923654,2823.9400668030453,6826.042165987249,57859.17477201117,91346.84375146673,213.33333333333334,239.82799391786324,213.33333333333334,239.82799391786324,0.0688276497239055,0.07988985091938876,437.6016919380939,421.2125913592377,4.128124573554778,4.573759246254033,0.0,0.0,-452.0,-8.77778428400999,4082.542492585783,9862.435241351614,134165.51112003849,252718.7012675867,167.25,213.85982027317036,167.25,213.85982027317036,0.052259909455074,0.06547257531758717,598.2287618573655,349.83066587543567,3.3216911581948687,4.170833218379467,0.0,0.0,0.0,0.0,1,1,0,0.0
300,55.493513107566,79977.63140649439,1,1,0.0042016806722689,1181.86337253,-1.4428232973175177e-12,0.0,,ddos,1,1.0,66.97226221125,67.97340370371752,50044.633146099106,43590.855839972886,1.0,0.0,1.0,0.0,0.0033050535917532996,0.0011592302545636085,766.4216487523332,658.3540201033757,-1.4428232973175177e-12,0.0,0.0,0.0,0.0,0.0,2828.889731766163,6823.617731065743,66078.03578461266,90626.27120323555,134.0,212.31580252067903,134.0,212.31580252067903,0.05029716060518111,0.07982559998154277,539.2214876605207,521.7210737309987,2.6491605262255504,4.147107104993065,0.0,0.0,-476.0,-8.873784283975365,4060.7121995740213,9871.812277135181,126045.21701674479,252767.9796051168,167.25,213.85982027317036,167.25,213.85982027317036,0.05219545581292062,0.06552371666988584,622.7703882324822,380.90791080442585,3.3216911581948687,4.170833218379467,0.0,0.0,0.0,0.0,1,1,0,0.0
301,24.489020346314003,35872.578612666606,1,1,0.0040322580645161,1182.1604280381998,-1.4428232973175177e-12,0.0,,ddos,1,1.0,73.31224458119132,59.75937030321366,61991.22120384759,23149.812595428284,1.0,0.0,1.0,0.0,0.003983803618581367,0.0002457139714642266,1158.0246580983996,41.54738768585846,-1.4428232973175177e-12,0.0,0.0,0.0,0.0,0.0,2831.2138073885285,6822.468118956277,70393.53992755117,87999.08370194458,54.0,129.8229563675083,54.0,129.8229563675083,0.018490571137301317,0.037494782555361254,633.8113685403515,585.6562632723976,1.1675298122306181,2.8598522994560027,0.0,0.0,-480.0,-8.889784283969593,4060.5578442430237,9871.881107329464,126210.84071611198,252702.74559765996,167.25,213.85982027317036,167.25,213.85982027317036,0.052114810651630296,0.06558764880458427,647.7383005504988,408.31722962742344,3.3216911581948696,4.170833218379467,0.0,0.0,0.0,0.0,1,1,0,0.0
302,81.74003529700599,24059.8123858584,1,1,0.0040983606557377,1156.8628850886,-1.4428232973175177e-12,0.0,,ddos,1,1.0,53.907522916962,28.658440337622515,46636.674135006244,29472.019532392547,1.0,0.0,1.0,0.0,0.004110766464174233,8.53898885504691e-05,1173.6288952189332,14.520550342895557,-1.4428232973175177e-12,0.0,0.0,0.0,0.0,0.0,51.9808472507082,52.51318683788752,35015.78764736436,34125.66868336425,1.0,0.0,1.0,0.0,0.0033402979132576,0.0010537494426426943,774.2759432306333,594.632043553811,-1.4428232973175177e-12,0.0,0.0,0.0,-318.0,-7.0051788733923654,4063.602635903711,9870.5356040589,123432.41372858167,253709.3626599769,167.25,213.85982027317036,167.25,213.85982027317036,0.052063258945268816,0.06562852052475526,673.2976044628822,431.1032431919096,3.3216911581948696,4.170833218379467,0.0,0.0,0.0,0.0,1,1,0,0.0
303,31.750500922888,43897.63676322395,1,1,0.0043290043290043,1127.5046834050002,-1.4428232973175177e-12,0.0,,ddos,1,1.0,45.99318552206933,31.169860881392587,34610.0092539161,9978.996945940527,1.0,0.0,1.0,0.0,0.004153207683086034,0.00015579067263041022,1155.5093321772665,27.353001379450472,-1.4428232973175177e-12,0.0,0.0,0.0,0.0,0.0,56.482723866660876,48.67046367936556,42327.321200007864,29518.9010900989,1.0,0.0,1.0,0.0,0.0037291306374196667,0.0008735237922110543,960.9654904647999,468.0684229962448,-1.4428232973175177e-12,0.0,0.0,0.0,0.0,0.0,4049.843751909246,9876.528849226712,120868.5288238768,254401.51034903794,167.25,213.85982027317036,167.25,213.85982027317036,0.05202336828037815,0.06565999277220119,695.7350641872987,448.26976098385904,3.3216911581948696,4.170833218379467,0.0,0.0,0.0,0.0,1,1,0,0.0
304,48.09860614559,69589.11744418638,1,1,0.0049751243781094,882.54792783,-1.4428232973175177e-12,0.0,,ddos,1,1.0,53.86304745516133,25.488428259591867,45848.85553108936,22827.28292602214,1.0,0.0,1.0,0.0,0.0044674964542837994,0.0004544928027924015,1055.6384987745334,150.61784527057608,-1.4428232973175177e-12,0.0,0.0,0.0,0.0,0.0,63.58764601817754,42.44783042863164,53920.038367468725,22382.409576382648,1.0,0.0,1.0,0.0,0.004225650036432583,0.00042067000519855095,1106.8315784364665,113.62062304580631,-1.4428232973175177e-12,0.0,0.0,0.0,0.0,0.0,1433.1739949407292,4825.953310447366,51438.52208672432,64220.71307534554,144.83333333333334,216.19596890251438,144.83333333333334,216.19596890251438,0.04294429109247799,0.0638295088688842,726.6841286010548,447.18718974587574,2.7955443104441673,4.157288498079429,0.0,0.0,-269.0,-6.313762173008427,1,1,0,0.0
305,49.563984311368,70527.90518620607,1,1,0.0048076923076923,851.585508782,-1.4428232973175177e-12,0.0,,ddos,1,1.0,43.137697126615336,9.888782130741992,61338.21979787191,15111.279993716722,1.0,0.0,1.0,0.0,0.004703940338268667,0.00033532243115150267,953.8793733389999,151.1587876041652,-1.4428232973175177e-12,0.0,0.0,0.0,0.0,0.0,48.52261002178988,20.060768476910766,53987.44696643934,22441.49996781583,1.0,0.0,1.0,0.0,0.00440735340122145,0.00039172643501313506,1063.7541342789666,153.98339485421087,-1.4428232973175177e-12,0.0,0.0,0.0,0.0,0.0,1436.2313384124157,4824.983246410255,55923.31086922522,63449.55387007121,107.16666666666667,196.0620650032365,107.16666666666667,196.0620650032365,0.03661750156256347,0.06350564211334969,750.6779131085303,445.3655605945095,2.0640622867766676,3.7625016544589234,0.0,0.0,-452.0,-8.77778428400999,1,1,0,0.0
306,39.309721113352,57720.739633066965,1,1,0.0049019607843137,878.270707986,-1.4428232973175177e-12,0.0,,ddos,1,1.0,45.65743719010334,5.545895647767912,65945.92075448626,7138.664718788187,1.0,0.0,1.0,0.0,0.0048949258233718,8.393743239835277e-05,870.8013815326666,16.7782888452623,-1.4428232973175177e-12,0.0,0.0,0.0,0.0,0.0,45.825311356087546,20.024002951846175,50277.96500420143,18836.086920403286,1.0,0.0,1.0,0.0,0.004524066753228917,0.00042139082861259895,1013.1553568549666,157.25604666432173,-1.4428232973175177e-12,0.0,0.0,0.0,0.0,0.0,1437.3575215611236,4824.625677486486,58178.00039440702,62949.13005637141,67.5,159.10459681377134,67.5,159.10459681377134,0.027410613679205,0.058888992856017876,776.1884222577437,442.9705153379481,1.3245802631120538,3.119537278953369,0.0,0.0,-476.0,-8.873784283975365,1,1,0,0.0
307,269.2765139277441,113115.60634832252,1,1,0.0048780487804878,867.8114659299999,-1.4428232973175177e-12,0.0,,ddos,1,1.0,119.38340645082137,129.91245217818897,80454.75038919829,29000.939749676352,1.0,0.0,1.0,0.0,0.004862567290831267,4.900401833132882e-05,865.8892275659999,13.446048281355182,-1.4428232973175177e-12,0.0,0.0,0.0,0.0,0.0,86.62322695299257,91.09685679036323,63151.802960144094,30068.690169918933,1.0,0.0,1.0,0.0,0.004665031872557533,0.0003611237052088517,960.7638631702666,141.23756011977224,-1.4428232973175177e-12,0.0,0.0,0.0,0.0,0.0,1458.9185171707586,4818.243566431884,66772.6714438476,62810.79276649829,27.5,91.79869280115057,27.5,91.79869280115057,0.011577801504929422,0.02629099786118337,797.2876158553091,440.5988008822912,0.5837649061145876,2.0222209541372806,0.0,0.0,-480.0,-8.889784283969593,1,1,0,0.0
308,30.774314470502,40875.0706202224,1,1,0.0046728971962616,824.0051369920001,-1.4428232973175177e-12,0.0,,ddos,1,1.0,113.1201831705327,135.3026718842125,70570.47220053707,37795.6408976401,1.0,0.0,1.0,0.0,0.004817635587021033,0.00012591603274191704,856.6957703026666,28.78987783553579,-1.4428232973175177e-12,0.0,0.0,0.0,0.0,0.0,78.12894014857524,93.97395873352953,65954.34599920476,26235.755123276664,1.0,0.0,1.0,0.0,0.00476078796264485,0.0002349390878209949,905.2875718208334,110.9257871914216,-1.4428232973175177e-12,0.0,0.0,0.0,0.0,0.0,65.05489369963989,73.85173526850312,50485.06682328453,33215.49984374202,1.0,0.0,1.0,0.0,0.00405054293795122,0.0010392872232005532,839.7817575257333,413.5160904754005,-1.4428232973175177e-12,0.0,0.0,0.0,-318.0,-7.0051788733923654,0,-1,0,0.0
309,21023.3950888074,620318.4420849679,31,31,0.0071428571428571,397.66210478142,1.5650944741759578,0.0,,none,0,0.406,7107.815305735215,12051.835600815035,258103.03968450404,315760.4662598991,11.0,17.320508075688775,11.0,17.320508075688775,0.005564601039868833,0.0013706535076715824,696.4929025678066,259.72029742203745,0.5216981580576895,0.9036077159735181,0.0,0.0,30.0,1.5650944741774007,3576.7363714626604,8547.568716921212,162024.4802194954,225786.53755548882,6.0,12.24744871391589,6.0,12.24744871391589,0.005229763431620317,0.0009427799748576638,783.6471420502367,190.28791685112407,0.260849079028124,0.6389471434973625,0.0,0.0,30.0,1.5650944741774007,1816.6095476646587,6048.989819141422,102175.9007097516,165759.09681504755,3.5,8.660254037844387,3.5,8.660254037844387,0.004479447034519988,0.0011683354838763853,872.3063162575185,353.0146906010957,0.13042453951334057,0.451803857986759,0.0,0.0,30.0,1.5650944741774007,0,-1,0,0.0
310,13760.168219276626,866013.5004001842,7,7,0.0333333333333333,95.519493957256,1.2018376827453514,0.0,,none,0,0.0,11604.779207518177,10660.994704425466,509069.00436845794,423669.31104236876,13.0,15.874507866387544,13.0,15.874507866387544,0.015049695890817333,0.015882182599739728,439.0622452435585,366.0031581143108,0.9223107189732875,0.8191347086297098,0.0,0.0,6.0,1.2018376827467943,5862.081306984499,9221.917866981988,294761.87737882836,356718.02514654037,7.0,12.0,7.0,12.0,0.0099561315908243,0.01149050594812805,652.4757364047794,329.10488455378237,0.461155359485923,0.7235950435523019,0.0,0.0,6.0,1.2018376827467943,2962.8344765013367,6915.6965141042365,174340.95787314852,271821.7970505345,4.0,8.675985665774654,4.0,8.675985665774654,0.007090890813628438,0.008309680595118371,879.6536574206231,333.76857097223746,0.23057767974224008,0.5440539522058663,0.0,0.0,6.0,1.2018376827467943,1,6,0,0.0
311,4061.9409075572794,215011.0978564088,160,160,0.1883116883116883,272.092140178274,4.110914914205475,0.0,,none,0,0.0,12948.501405213769,8509.80812054248,567114.34678052,328746.1617225606,66.0,82.28608630868283,66.0,82.28608630868283,0.07626262626262624,0.09791695200692725,255.09124630564986,151.7870617452662,2.292615690375593,1.5851334091064304,0.0,0.0,159.0,4.1109149142069175,6530.810794192152,8854.27353085183,318842.4094905288,343173.0839418195,33.5,63.054738124902244,33.5,63.054738124902244,0.040540130924823635,0.07325581305166794,555.8935083041583,343.69414987707006,1.146307845187076,1.6068245644733725,0.0,0.0,159.0,4.1109149142069175,3289.6667021069693,6862.6326201840775,186414.92822848403,269983.3977783971,17.25,45.774397369549874,17.25,45.774397369549874,0.022473742163022534,0.052871689289873645,809.8238212915626,367.16976739765363,0.5731539225928165,1.237721180704041,0.0,0.0,159.0,4.1109149142069175,1,5,0,0.0
312,11.314504367616,13728.90627841313,458,458,0.1398416886543535,624.576643202018,8.797784284001331,0.0,,none,0,0.0,5944.47454373384,7065.103982744673,364917.8348450018,445478.7084589499,208.33333333333334,229.3519856755841,208.33333333333334,229.3519856755841,0.12049557009979169,0.07927973798704574,330.7294257791825,269.3587110875198,4.703512293650718,3.8324900434152593,0.0,0.0,427.0,7.232689809825374,6526.144924734529,8858.384885123727,311510.4372647532,350264.47270129994,109.66666666666667,181.22656170293212,109.66666666666667,181.22656170293212,0.06303008556983027,0.08048354187813192,513.6111641734947,310.0618898517512,2.612605225854205,3.383499013490515,0.0,0.0,457.0,8.797784284002773,3285.985118045306,6864.536967388033,180894.20113447728,273018.0161764321,55.333333333333336,134.71878679364477,55.333333333333336,134.71878679364477,0.03377707616152959,0.06227340971342913,763.3832605142306,350.70998120436184,1.306302612926381,2.658048601887571,0.0,0.0,457.0,8.797784284002773,1,4,0,0.0
313,15.225169750484,17111.112135621705,460,460,0.2544987146529563,598.5726864994981,8.805784283998447,0.0,,none,0,0.0,1362.8268605584597,2337.5021502356726,81950.37209014765,115246.3768853457,359.3333333333333,172.6306268694328,359.3333333333333,172.6306268694328,0.19421736387299937,0.05755619997522136,498.41382329326325,196.43110656677385,7.238161160735083,2.708277647292672,0.0,0.0,453.0,7.603946601253096,6483.803034038318,8894.805569503875,295509.68822930305,363097.8694698041,186.16666666666666,219.1012703447122,186.16666666666666,219.1012703447122,0.10463352988190834,0.10514894163490054,468.73803426841096,264.7152800572262,4.0802359398541865,3.894777251023941,0.0,0.0,459.0,8.80578428399989,3285.2131304956533,6864.937609697902,179330.74559472353,273976.028355918,93.58333333333333,176.55463142831422,93.58333333333333,176.55463142831422,0.05464928087723294,0.08804092719199488,714.7509487193388,327.0222939775155,2.040117969926372,3.381654048621455,0.0,0.0,459.0,8.80578428399989,1,3,0,0.0
314,13.366633035168,15514.96706334639,472,472,0.095,524.433151146176,8.853784283981135,0.0,,none,0,0.0,13.302102384422668,1.9561313303017909,15451.66182579351,1691.9913655129403,463.3333333333333,7.571877794400853,463.3333333333333,7.571877794400853,0.1631134677691033,0.0822565606584701,582.5274936158972,51.964082896631,8.819117617326969,0.030287511166567433,0.0,0.0,312.0,4.74286936977566,6480.901753799096,8897.333843974646,291283.00430315704,366783.6911099958,264.6666666666667,223.81569798981184,264.6666666666667,223.81569798981184,0.11968804701586473,0.09383213258681687,418.8093699607736,206.05868102461707,5.555866653851282,3.712680207605986,0.0,0.0,471.0,8.853784283982577,3279.5153469738343,6867.86590043496,178618.67515118085,274427.00094345363,132.83333333333334,204.2787014810596,132.83333333333334,204.2787014810596,0.0622244174892548,0.08720271374597265,662.0484708908035,299.0601450762336,2.77793332692492,3.831958132788986,0.0,0.0,471.0,8.853784283982577,1,2,0,0.0
315,30622.854281508444,568599.4845980833,289,289,0.2047930283224401,255.540378643226,6.18923455400869,0.0,,none,0,0.328,10217.148694764699,17671.859444698766,200408.52126568358,318863.7264247911,407.0,102.3669868658837,407.0,102.3669868658837,0.18476391432513214,0.08161393293809681,459.5154054296332,180.4952252553727,7.949601040662756,1.5247109973698842,0.0,0.0,-169.0,-2.6085497299926406,8080.811619249271,12262.171403480746,282663.178055343,358007.17390047014,307.6666666666667,192.54367469918782,307.6666666666667,192.54367469918782,0.15262974221246192,0.0801097396251392,395.122415604408,216.86125794582327,6.326556667156738,3.1569315908639144,0.0,0.0,258.0,4.624140079832733,5828.773995355964,10348.337477397956,222343.82913741915,292233.4950272238,156.83333333333334,204.3000615553386,156.83333333333334,204.3000615553386,0.07892975282204112,0.0940370126928853,589.3847788273223,281.07680471978796,3.2937028730924305,3.840582084693237,0.0,0.0,288.0,6.189234554010133,1,1,0,0.0
316,6.514588544888001,39.08753126753199,1,1,0.0019960079840319,7.341600000000001,-1.4428232973175177e-12,0.0,,ddos,1,1.0,10214.245167696166,17674.37428052024,194717.84639756553,323883.4439261302,254.0,237.44262464856644,254.0,237.44262464856644,0.10059634543549067,0.10151427080075581,262.4383765964672,258.61478080053985,5.014339612662792,4.542318530136824,0.0,0.0,-459.0,-8.80578428399989,5788.536014127315,12273.681225227005,138334.10924385686,226026.184395433,306.6666666666667,194.42393542634264,306.6666666666667,194.42393542634264,0.14740685465424502,0.08986998309058301,380.42609994486537,242.67681641093995,6.126250386698939,3.5595765002203543,0.0,0.0,-6.0,-1.2018376827467943,5825.308660555905,10350.455969532515,216547.99331134255,296201.2318762536,156.83333333333334,204.3000615553386,156.83333333333334,204.3000615553386,0.07868149312253465,0.09425368656894188,516.4509181748224,310.1382866629384,3.2937028730924305,3.840582084693237,0.0,0.0,0.0,0.0,1,1,0,0.0
317,76.745495845,45267.02915881674,1,1,0.0019960079840319,8.717400000000001,-1.4428232973175177e-12,0.0,,ddos,1,1.0,10235.371455299444,17656.112966528362,204635.20042938893,316012.4867608707,97.0,166.27687752661225,97.0,166.27687752661225,0.06959501476350131,0.11708491428323395,90.53312621440853,142.90212812267757,2.0630781846686,3.573356235835485,0.0,0.0,-471.0,-8.853784283982577,5124.336778841935,12491.69892857041,110043.43112759151,225130.68478774186,280.1666666666667,226.58809912849938,280.1666666666667,226.58809912849938,0.11635424126630228,0.10398902771637718,336.53030991515294,286.12244043372124,5.441097900997786,4.336027847384891,0.0,0.0,-159.0,-4.1109149142069175,5827.573786517041,10349.079962944008,214442.92030906014,297420.57671249413,156.83333333333334,204.3000615553386,156.83333333333334,204.3000615553386,0.07844718609556296,0.09445730066442315,446.21190910965566,322.5353026935354,3.2937028730924305,3.840582084693237,0.0,0.0,0.0,0.0,1,1,0,0.0
318,51.723278954912,73108.58972420884,1,1,0.0038461538461538,1065.893905475,-1.4428232973175177e-12,0.0,,ddos,1,1.0,44.99445444826666,35.59568646860211,39471.56880476414,36877.88711705967,1.0,0.0,1.0,0.0,0.002612723271405885,0.0010681822115361512,360.65096849166656,610.758686659525,-1.4428232973175177e-12,0.0,0.0,0.0,-288.0,-6.189234554010133,5131.071574606484,12488.401414155114,119940.04503522413,221322.91484459428,204.0,231.60829000707204,204.0,231.60829000707204,0.093688318798269,0.11233212784342621,410.08318696065,406.41620653628047,3.9748005203306573,4.45967986092265,0.0,0.0,-457.0,-8.797784284002773,5828.608249670505,10348.449388575498,215725.24114998864,296715.78272467456,156.83333333333334,204.3000615553386,156.83333333333334,204.3000615553386,0.07835920218404964,0.094532495177571,461.8471755670723,348.8574426957303,3.2937028730924305,3.840582084693237,0.0,0.0,0.0,0.0,1,1,0,0.0
319,57.303940600876,67084.2503723258,1,1,0.0038022813688212,1147.3850707898,-1.4428232973175177e-12,0.0,,ddos,1,1.0,61.92423846692933,13.135379685904589,61819.95641845022,14648.300816295006,1.0,0.0,1.0,0.0,0.0032148143996689853,0.0010557452380500613,740.6654587549332,635.1938074654277,-1.4428232973175177e-12,0.0,0.0,0.0,0.0,0.0,5138.084703081549,12484.96526120386,128268.90140800814,217588.09235518498,127.5,204.33868943496728,127.5,204.33868943496728,0.05190557991757982,0.08347127341637364,501.5519176757003,506.7064769561521,2.5071698063306758,3.9744362590221334,0.0,0.0,-459.0,-8.80578428399989,5810.943868559932,10358.977186885355,211889.2948186556,298455.36381223524,156.83333333333334,204.3000615553386,156.83333333333334,204.3000615553386,0.07826955489974408,0.09460899303101822,485.14497597205565,385.811826396126,3.2937028730924305,3.840582084693237,0.0,0.0,0.0,0.0,1,1,0,0.0
320,61.160663837522,88173.9470109158,1,1,0.0034843205574912,1135.2760153978002,-1.4428232973175177e-12,0.0,,ddos,1,1.0,56.72929446443666,4.744862767576581,76122.26236914992,10863.033332639536,1.0,0.0,1.0,0.0,0.003710918590822085,0.00019746189530865798,1116.1849972208665,43.97218140329228,-1.4428232973175177e-12,0.0,0.0,0.0,0.0,0.0,5146.050374881942,12481.0562818903,140378.73139926972,212008.09297630307,49.0,117.57550765359257,49.0,117.57550765359257,0.03665296667716168,0.08237585019963221,603.3590617176377,569.6756590670313,1.0315390923335794,2.5267444259545044,0.0,0.0,-471.0,-8.853784283982577,5813.476064340517,10357.439407259724,215830.86785121335,296296.0492021109,156.83333333333334,204.3000615553386,156.83333333333334,204.3000615553386,0.07817050684651321,0.09469363169048992,511.0842158392057,419.6457866710024,3.2937028730924314,3.840582084693237,0.0,0.0,0.0,0.0,1,1,0,0.0
321,1381.674709718176,78532.8604975066,1,1,0.003875968992248,1171.8888700862,-1.4428232973175177e-12,0.0,,ddos,1,1.0,500.0464380521914,763.514915132499,77930.35262691583,10557.750133360692,1.0,0.0,1.0,0.0,0.003720856972853485,0.00020813354680564018,1151.5166520912667,18.652821640316404,-1.4428232973175177e-12,0.0,0.0,0.0,0.0,0.0,272.52044625023024,543.8846603336758,58700.96071584026,32129.445596808935,1.0,0.0,1.0,0.0,0.0031667901221296667,0.0009176716266113341,756.0838102914666,580.5085695170441,-1.4428232973175177e-12,0.0,0.0,0.0,-288.0,-6.189234554010133,4176.666032749748,9225.417080433133,170682.06938559157,269086.7405908187,154.33333333333334,206.15498729809758,154.33333333333334,206.15498729809758,0.07789826616729578,0.09492082090917107,575.6031129479373,458.3542107630228,3.1632783335776473,3.930152011115921,0.0,0.0,-30.0,-1.5650944741774007,1,1,0,0.0
322,79.87867998995401,91169.8975798879,1,1,0.0039215686274509,1154.486789945,-1.4428232973175177e-12,0.0,,ddos,1,1.0,507.571351181884,757.0535661934249,85958.9016961032,6603.294319225226,1.0,0.0,1.0,0.0,0.0037606193923967186,0.00024036558886467488,1153.8838918096665,18.313871702310088,-1.4428232973175177e-12,0.0,0.0,0.0,0.0,0.0,284.7477948244079,537.4955449465203,73889.42905727698,16675.643579768894,1.0,0.0,1.0,0.0,0.003487716896032833,0.0007472083890583531,947.2746752823,461.24556409848105,-1.4428232973175177e-12,0.0,0.0,0.0,0.0,0.0,3036.641904475859,8767.376593658959,106111.76915056689,156463.44795884116,153.83333333333334,206.5517031171761,153.83333333333334,206.5517031171761,0.07544728577513893,0.09654203773231897,663.8503876135827,459.4610934370052,3.063125193348748,3.999383540068106,0.0,0.0,-6.0,-1.2018376827467943,1,1,0,0.0
323,479.59040254162,312055.02547968255,1,1,0.0049751243781094,888.4453611560001,-1.4428232973175177e-12,0.0,,ddos,1,1.0,647.0479307499166,666.8581135218781,160585.9278523588,131328.1741614608,1.0,0.0,1.0,0.0,0.004257553999269452,0.0006218522880267133,1071.6070070624,158.86110126983678,-1.4428232973175177e-12,0.0,0.0,0.0,0.0,0.0,351.88861260717795,531.4430643282226,118354.09511075461,95321.93433182861,1.0,0.0,1.0,0.0,0.0039842362950457495,0.0005098231735440778,1093.8960021416333,107.0715651122351,-1.4428232973175177e-12,0.0,0.0,0.0,0.0,0.0,2738.112695724554,8790.251075954548,114198.76311917305,164884.99667022374,140.58333333333334,211.1683767360381,140.58333333333334,211.1683767360381,0.06016923878067401,0.09142853298269701,715.2131560283932,445.9372387722235,2.7205489504981717,4.076789362534967,0.0,0.0,-159.0,-4.1109149142069175,1,1,0,0.0
324,93.831913780738,91926.37921236316,1,1,0.0045871559633027,819.3763667205999,-1.4428232973175177e-12,0.0,,ddos,1,1.0,217.76699877077067,226.85302346588085,165050.4340906443,127310.2724967999,1.0,0.0,1.0,0.0,0.0044946163229543515,0.000532839205307991,954.1028392738666,176.9404624810472,-1.4428232973175177e-12,0.0,0.0,0.0,0.0,0.0,358.90671841148225,526.9453790557417,121490.39335878035,93833.4759385221,1.0,0.0,1.0,0.0,0.0041077366479039005,0.0005572305953831284,1052.8097456825667,156.05770104225306,-1.4428232973175177e-12,0.0,0.0,0.0,0.0,0.0,2744.989146508981,8787.956008144878,120715.21919700222,162074.612433414,102.5,188.73719101631048,102.5,188.73719101631048,0.04889802772308644,0.08901896087812684,731.4464663216085,445.8834930184035,1.9874002601646072,3.6536512228291746,0.0,0.0,-457.0,-8.797784284002773,1,1,0,0.0
325,71.121405741296,93981.8159314092,1,1,0.0042735042735042,772.632846074,-1.4428232973175177e-12,0.0,,ddos,1,1.0,214.84790735455135,229.55475025132938,165987.74020781807,126502.15442847792,1.0,0.0,1.0,0.0,0.004611928204972118,0.0003514654190166462,826.8181913168664,58.26379860080375,-1.4428232973175177e-12,0.0,0.0,0.0,0.0,0.0,361.20962926821886,525.3915668824757,125973.32095196092,91323.29344926958,1.0,0.0,1.0,0.0,0.0041862737986844,0.0005384602410608316,990.3510415632667,183.25833945909372,-1.4428232973175177e-12,0.0,0.0,0.0,0.0,0.0,2749.647166174882,8786.392246342839,127121.11117998451,159099.2881461871,64.25,152.78572339301624,64.25,152.78572339301624,0.028045926858132106,0.061548291206851596,745.9514796194835,443.9952000552232,1.2535849031646165,2.9823483608254326,0.0,0.0,-459.0,-8.80578428399989,1,1,0,0.0
326,72.739058303712,99251.40403692148,1,1,0.0046511627906976,842.978782586,-1.4428232973175177e-12,0.0,,ddos,1,1.0,79.23079260858201,12.67078352972482,95053.19972689771,3778.2131489578537,1.0,0.0,1.0,0.0,0.004503941009168185,0.00020211391675460438,811.6626651268665,35.801726077727864,-1.4428232973175177e-12,0.0,0.0,0.0,0.0,0.0,363.1393616792505,524.0887402357738,127819.56378962852,90514.67961573144,1.0,0.0,1.0,0.0,0.0043807475042187995,0.00043500814825102915,941.6348360946334,175.72354283366332,-1.4428232973175177e-12,0.0,0.0,0.0,0.0,0.0,2754.5948682805943,8784.727904294541,134099.14759444908,155556.1552039226,25.0,83.13843876330607,25.0,83.13843876330607,0.020516857090690243,0.05803943646118068,772.4969489061355,439.04204590411894,0.5157695461660683,1.786678117917742,0.0,0.0,-471.0,-8.853784283982577,1,1,0,0.0
327,128.76493642652397,89802.74947582046,1,1,0.0045662100456621,821.071950838,-1.4428232973175177e-12,0.0,,ddos,1,1.0,90.87513349051066,32.82349883150251,94345.32314805016,4734.804259639403,1.0,0.0,1.0,0.0,0.004496959036621319,0.00019812436900102558,812.2278598326665,35.997238160999935,-1.4428232973175177e-12,0.0,0.0,0.0,0.0,0.0,154.32106613064187,160.76795133512704,129697.87861934751,89397.39009530448,1.0,0.0,1.0,0.0,0.0044957876797878165,0.00035954137491678626,883.1653495532665,138.1305335714152,-1.4428232973175177e-12,0.0,0.0,0.0,0.0,0.0,213.42075619043422,387.32152135752136,94199.41966759384,74004.09092283185,1.0,0.0,1.0,0.0,0.0038312889009587416,0.0009608547140890091,819.6245799223667,407.74327604964697,-1.4428232973175177e-12,0.0,0.0,0.0,-288.0,-6.189234554010133,1,1,0,0.0
328,8091.4561353818435,176979.22431215076,14,14,0.0656565656565656,664.2667034445999,1.178413516352781,0.0,,ddos,1,0.776,2764.3200433706934,4613.520232085411,122011.12594163067,47837.6227158919,5.333333333333333,7.505553499465136,5.333333333333333,7.505553499465136,0.024957979497641784,0.03524603510671423,776.1058122895332,97.47290402839997,0.3928045054499633,0.6803573608838045,0.0,0.0,13.0,1.1784135163542238,1489.5839753626235,3238.0315282264055,143999.43307472466,88863.24363623597,3.1666666666666665,5.307227776030219,3.1666666666666665,5.307227776030219,0.014784953851306931,0.02492290409312371,801.4620018032,77.00505512519445,0.19640225272426115,0.48108530351112133,0.0,0.0,13.0,1.1784135163542238,887.1658850935138,2300.6647035329943,108944.43106600079,71108.11472792712,2.0833333333333335,3.752776749732568,2.0833333333333335,3.752776749732568,0.009136335373669882,0.01781580001655654,874.3683385427502,324.3413257971194,0.09820112636140915,0.3401786804419023,0.0,0.0,13.0,1.1784135163542238,1,5,0,0.0
329,6934.426138925614,356434.41493546136,176,176,0.1818181818181818,326.77567980609405,4.732938150708394,0.0,,none,0,0.0,5051.5490702446605,4302.328709467033,207738.79624114395,135951.1850091328,63.666666666666664,97.5004273494908,63.666666666666664,97.5004273494908,0.08401365250680319,0.09004055948588895,604.0381113628979,252.5921878584515,1.9704505556865755,2.463872538985864,0.0,0.0,175.0,4.7329381507098365,2565.3899314266223,3849.8391999484293,151395.99798402112,105868.84781899807,32.333333333333336,70.5738384011148,32.333333333333336,70.5738384011148,0.04425879675798566,0.07169013563774376,707.8503882448822,197.39862557933958,0.9852252778425673,1.8955394411804853,0.0,0.0,175.0,4.7329381507098365,1458.6392720168985,2863.837734192543,134875.0465473878,97583.40141684633,16.666666666666668,50.31597131823026,16.666666666666668,50.31597131823026,0.024121516526515712,0.05271259811345842,900.8731951932577,252.12665201292864,0.49261263892056223,1.377657940447633,0.0,0.0,175.0,4.7329381507098365,1,4,0,0.0
330,25.695173057484,32057.261961906323,461,461,0.2125,577.199810229836,8.809784283997004,0.0,,none,0,0.0,5017.192482454981,4361.302975656176,188490.3004031726,162494.6552886835,217.0,226.30289436947112,217.0,226.30289436947112,0.1533249158249158,0.0774573960811096,522.7473978268431,175.21086345178554,4.907045317019391,3.8186633692084366,0.0,0.0,460.0,8.809784283998447,2554.0338079727467,3858.678167174776,141417.81177561163,115020.6745338091,109.0,185.69329551709723,109.0,185.69329551709723,0.07891093743076855,0.09510417026033177,667.487628829755,194.77561576241519,2.453522658508975,3.6133923249382383,0.0,0.0,460.0,8.809784283998447,1456.4702631921127,2865.009788491187,131454.10256719598,100617.94973556905,55.0,137.31251681011193,55.0,137.31251681011193,0.04150933703933623,0.07508306011363051,860.1486872561609,262.31090747066077,1.226761329253766,2.7525581618342687,0.0,0.0,460.0,8.809784283998447,1,3,0,0.0
331,39.507894092114,53006.01146029147,481,481,0.2,710.971400481526,8.889784283968151,0.0,,none,0,0.0,2333.209735358404,3984.7762788089203,147165.89611921948,181534.28671202902,372.6666666666667,170.6116447764728,372.6666666666667,170.6116447764728,0.19810606060606062,0.015428342313951982,538.3156301724852,195.02710719378825,7.477502239557848,2.377198777626805,0.0,0.0,467.0,7.71137076761537,2548.7648893645496,3862.7660036445154,134588.51103042535,119528.58611421598,189.0,228.35498680782078,189.0,228.35498680782078,0.11153202005185119,0.09790916245366618,657.2107212310093,189.6783251650567,3.935153372503907,4.183714457494163,0.0,0.0,480.0,8.889784283969593,1454.9872593163827,2865.8043696351565,130280.91599119309,101514.7990217579,95.0,182.59791893666258,95.0,182.59791893666258,0.0578591469252678,0.08660348401295082,823.7808813971379,248.7705860256247,1.9675766862512323,3.48990270123094,0.0,0.0,480.0,8.889784283969593,1,2,0,0.0
332,29.67818608002,39531.01384692472,473,473,0.2664835164835165,671.2815341056441,8.85778428397969,0.0,,none,0,0.0,31.627084409872666,7.109604053550983,41531.42908970727,10616.67425539551,471.6666666666667,10.066445913694151,471.6666666666667,10.066445913694151,0.22632783882783883,0.035333006325389646,653.1509149390018,68.70406904354479,8.852450950648281,0.04026578364023529,0.0,0.0,297.0,4.124846133271296,2541.588077327268,3868.322397560922,124635.11266542588,125401.92207327942,267.6666666666667,231.91004002989322,267.6666666666667,231.91004002989322,0.155170745667321,0.09908727347078601,628.5945131509499,167.72848664027143,5.411450753167429,4.0789084960999356,0.0,0.0,472.0,8.857784283981132,1452.3637195032572,2867.210432643729,126227.33822752717,104282.46981372802,134.33333333333334,209.381050342251,134.33333333333334,209.381050342251,0.0797757465857699,0.10326719782719966,785.1146746227918,231.4069172866673,2.7057253765829934,3.943220538407396,0.0,0.0,472.0,8.857784283981132,1,1,0,0.0
333,65570.1664120815,1206072.6010161825,173,173,0.0615384615384615,81.77884427019,3.9010508299034505,0.0,,ddos,1,0.578,21879.784164084544,37836.98124702678,432869.87544113264,669647.0973712084,375.6666666666667,175.56005620109983,375.6666666666667,175.56005620109983,0.17600732600732602,0.10455790353003909,488.0105929524532,352.3662818734512,7.216206465950429,2.871053581598635,0.0,0.0,-288.0,-4.908733454093554,13448.488323269763,25798.591916609308,310680.0879221529,455904.71835104545,296.3333333333333,200.91358009519087,296.3333333333333,200.91358009519087,0.1646661209161209,0.08322949524543626,505.3789953896483,249.6123614587244,6.061625891484911,3.2756255893825266,0.0,0.0,172.0,3.9010508299048934,6801.404694700202,18728.128104421703,220188.98327075015,327173.66921523784,148.66666666666666,205.27070079789908,148.66666666666666,205.27070079789908,0.08458095429795436,0.10072464611782224,694.2721724714575,275.5324538986186,3.0308129457417343,3.8597991039819837,0.0,0.0,172.0,3.9010508299048934,1,1,0,0.0
334,241.92982281779007,37697.79687773977,1,1,0.002008032128514,16.7303555566,-1.4428232973175177e-12,0.0,,ddos,1,1.0,21947.258140326438,37778.695811975726,427767.1372469487,674032.9267705665,215.66666666666666,238.87514172331396,215.66666666666666,238.87514172331396,0.11001000338349735,0.13874054285907053,256.5969113108112,360.5971835134735,4.252945037960564,4.439364566650713,0.0,0.0,-480.0,-8.889784283969593,12140.233937842422,26318.369785154056,287466.51668308437,467473.15474356356,294.1666666666667,204.60343757294663,294.1666666666667,204.60343757294663,0.15405803199477897,0.1006134353911186,397.4562707416483,301.72171199038627,5.865223638759208,3.641832431277636,0.0,0.0,-13.0,-1.1784135163542238,6814.908956602521,18722.898511762367,215732.9748789045,329446.856607549,148.66666666666666,205.27070079789908,148.66666666666666,205.27070079789908,0.08442149292304295,0.10086536640261076,599.4591362724242,297.64083636581415,3.0308129457417343,3.8597991039819837,0.0,0.0,0.0,0.0,1,1,0,0.0
335,190.194431144186,68456.25219580806,1,1,0.0020408163265306,114.3570372444,-1.4428232973175177e-12,0.0,,ddos,1,1.0,22000.76355534782,37732.21856857814,437408.8833632432,665859.9355498248,58.333333333333336,99.30424630061567,58.333333333333336,99.30424630061567,0.021862436664502032,0.03436044937206444,70.95541235706315,49.70515318481688,1.3003502766335198,2.2522727467679973,0.0,0.0,-472.0,-8.857784283981132,11016.195319878849,26726.036643037423,239470.15622647552,473717.8006552952,265.0,235.02850890902576,265.0,235.02850890902576,0.12409513774617044,0.11624738677217927,362.0531636480327,323.3602039684185,5.076400613640902,4.374929590382304,0.0,0.0,-175.0,-4.7329381507098365,6790.792625652734,18731.984842879778,195433.07710524826,330475.5540445298,148.66666666666666,205.27070079789908,148.66666666666666,205.27070079789908,0.08417696725207806,0.10107880652906368,534.9517759464575,312.81236840116384,3.0308129457417343,3.8597991039819837,0.0,0.0,0.0,0.0,1,1,0,0.0
336,18.134612874564,26103.5918326078,1,1,0.0038610038610038,1153.3610813316,-1.4428232973175177e-12,0.0,,ddos,1,1.0,150.08628894551336,117.16471867149234,44085.88030205164,21887.043366753303,1.0,0.0,1.0,0.0,0.0026366174386827997,0.001060476442119185,428.14949137753314,629.9457356765907,-1.4428232973175177e-12,0.0,0.0,0.0,-172.0,-3.9010508299048934,11014.93522651503,26726.658637156852,238477.87787159244,474245.0943730437,188.33333333333334,233.3260951258274,188.33333333333334,233.3260951258274,0.08932197172300439,0.11571781495184988,458.0800421649933,457.6816099035503,3.608103232974494,4.3496287422190205,0.0,0.0,-460.0,-8.809784283998447,6784.484517243886,18734.45768913908,189947.844823602,332887.2037775549,148.66666666666666,205.27070079789908,148.66666666666666,205.27070079789908,0.08411645457688649,0.10113098994319017,562.7838354973742,352.7302078405929,3.0308129457417343,3.8597991039819837,0.0,0.0,0.0,0.0,1,1,0,0.0
337,225.54995167648204,57115.406026137,1,1,0.0037593984962406,1153.1203985666,-1.4428232973175177e-12,0.0,,ddos,1,1.0,144.62633189841068,110.9622433273959,50558.41668485072,21924.473582676022,1.0,0.0,1.0,0.0,0.0032204062279250004,0.0010228172682095963,806.9461723808664,599.7997974856748,-1.4428232973175177e-12,0.0,0.0,0.0,0.0,0.0,11045.942236112423,26711.482438858748,239162.7769659,473926.5272439751,108.33333333333333,191.4394595339912,108.33333333333333,191.4394595339912,0.056615204805711174,0.10545709636336655,531.7715418458389,535.5196943874141,2.1264725189795617,3.648211281029547,0.0,0.0,-480.0,-8.889784283969593,6797.353562738485,18729.479303998753,186875.64399816262,334021.5714193316,148.66666666666666,205.27070079789908,148.66666666666666,205.27070079789908,0.08407361242878118,0.10116799085912401,594.4911315384242,388.58730313622476,3.0308129457417343,3.8597991039819837,0.0,0.0,0.0,0.0,1,1,0,0.0
338,11.391732175384,16497.9257046712,1,1,0.0042372881355932,1188.8255110374,-1.4428232973175177e-12,0.0,,ddos,1,1.0,85.02543224214334,121.7444948723909,33238.974521138436,21228.05199496716,1.0,0.0,1.0,0.0,0.003952563497612534,0.0002517578244045257,1165.1023303118664,20.545229612965286,-1.4428232973175177e-12,0.0,0.0,0.0,0.0,0.0,11042.894493794985,26712.991767598018,235323.9289421911,475955.9098790498,29.666666666666668,70.2187059597842,29.666666666666668,70.2187059597842,0.012907500081057283,0.023843460576796115,618.028871334465,600.2535521812338,0.6501751383160393,1.5925973323213023,0.0,0.0,-472.0,-8.857784283981132,6792.241285561125,18731.48994000153,179979.52080380847,336837.4834989024,148.66666666666666,205.27070079789908,148.66666666666666,205.27070079789908,0.08403912287418915,0.10119759474996988,623.3116922427075,420.2294566981565,3.0308129457417348,3.8597991039819837,0.0,0.0,0.0,0.0,1,1,0,0.0
339,8.291796245843999,11967.0977247768,1,1,0.0040485829959514,1192.3674207227998,-1.4428232973175177e-12,0.0,,ddos,1,1.0,81.74449336590335,124.54882488663769,28526.8098185281,24861.877953769912,1.0,0.0,1.0,0.0,0.0040150898759284,0.0002406989170594917,1178.1044434422663,21.709172135660868,-1.4428232973175177e-12,0.0,0.0,0.0,0.0,0.0,115.91539115571078,114.4428798222158,36306.34506029018,22616.092929141287,1.0,0.0,1.0,0.0,0.0033258536573056003,0.0010213101288690663,803.1269674098999,572.4079806036079,-1.4428232973175177e-12,0.0,0.0,0.0,-172.0,-3.9010508299048934,6782.2018572127345,18735.417876875992,173493.21649122148,339470.95895160275,148.66666666666666,205.27070079789908,148.66666666666666,205.27070079789908,0.08399598728671324,0.10123465328513877,654.2529813997741,448.81132913761746,3.0308129457417348,3.8597991039819837,0.0,0.0,0.0,0.0,1,1,0,0.0
340,347.6521101098581,33680.66688674569,1,1,0.0043859649122807,1054.3327874458,-1.4428232973175177e-12,0.0,,ddos,1,1.0,122.44521284369536,195.0410529424392,20715.230105397666,11454.650310910012,1.0,0.0,1.0,0.0,0.004223945347941766,0.00016908625568050036,1145.175239735333,78.69180157129377,-1.4428232973175177e-12,0.0,0.0,0.0,0.0,0.0,133.53577237105546,142.43964801239764,35636.8233951245,22626.1211392839,1.0,0.0,1.0,0.0,0.003722175787933383,0.0008555848059051008,976.0607060581,425.0888722142698,-1.4428232973175177e-12,0.0,0.0,0.0,0.0,0.0,6136.884855106736,18819.397122305298,161551.6700391044,341849.25466738164,147.58333333333334,206.07873973240658,147.58333333333334,206.07873973240658,0.07889010389135617,0.1037574032483073,686.7584883998742,463.4879601787903,2.9326118193788826,3.925641375339577,0.0,0.0,-13.0,-1.1784135163542238,1,1,0,0.0
341,17.258382981272,23354.96129980633,1,1,0.0046511627906976,833.597916738,-1.4428232973175177e-12,0.0,,ddos,1,1.0,124.4007631123247,193.3933113414096,23000.908637109376,10861.113497469256,1.0,0.0,1.0,0.0,0.0043619035663098995,0.0003020096249183867,1026.7660416355332,180.96638735770705,-1.4428232973175177e-12,0.0,0.0,0.0,0.0,0.0,104.71309767723646,146.13077351453694,28119.941579124217,16089.841176087504,1.0,0.0,1.0,0.0,0.004157233531961217,0.0003348201217078711,1095.9341859736999,137.87477852995298,-1.4428232973175177e-12,0.0,0.0,0.0,0.0,0.0,5560.45420877804,18898.51672172853,133795.0489027998,338088.7360561198,133.0,210.03895742543486,133.0,210.03895742543486,0.06412618563906583,0.10032816054476747,728.9936748108663,450.61578525342816,2.53820030681973,3.965872300866464,0.0,0.0,-175.0,-4.7329381507098365,1,1,0,0.0
342,76.299962788542,38671.98576682204,1,1,0.0045454545454545,802.430753238,-1.4428232973175177e-12,0.0,,ddos,1,1.0,147.0701519598907,176.19965518696688,31902.537984457787,7811.7934193550245,1.0,0.0,1.0,0.0,0.004527527416144267,0.00013350473834283018,896.787152473933,137.32559245885102,-1.4428232973175177e-12,0.0,0.0,0.0,0.0,0.0,114.40732266289945,141.08055787728003,30214.673901493254,16585.33987944308,1.0,0.0,1.0,0.0,0.004271308646036333,0.00033027483009061075,1037.4457979581,177.4081961435996,-1.4428232973175177e-12,0.0,0.0,0.0,0.0,0.0,5564.671274588963,18897.175002683645,134346.2758865428,337913.12783058744,94.66666666666667,185.24839998491132,94.66666666666667,185.24839998491132,0.046796640184520365,0.08977469514034736,747.7629200615467,448.4036997527307,1.8040516164865255,3.4857055865233804,0.0,0.0,-460.0,-8.809784283998447,1,1,0,0.0
343,13.702831723102,18273.97991916968,1,1,0.0045454545454545,812.367262766,-1.4428232973175177e-12,0.0,,ddos,1,1.0,35.753725830971995,35.15904556106329,26766.97566193245,10618.429363458783,1.0,0.0,1.0,0.0,0.004580690627202199,6.103068390238e-05,816.1319775806664,15.920987041788651,-1.4428232973175177e-12,0.0,0.0,0.0,0.0,0.0,79.0994693373361,134.03541511665273,23741.102883665368,10419.746140704276,1.0,0.0,1.0,0.0,0.004402317987571984,0.00022606662922377354,980.6536086579999,187.2409984378016,-1.4428232973175177e-12,0.0,0.0,0.0,0.0,0.0,5562.520852724877,18897.862357909227,131451.93992478264,338820.6973753429,54.666666666666664,140.7146263208131,54.666666666666664,140.7146263208131,0.030508761396641576,0.07614866324094857,756.2125752519196,448.60267929534064,1.0632362594890594,2.698701436501039,0.0,0.0,-480.0,-8.889784283969593,1,1,0,0.0
344,15.801598962894,14109.989598342425,1,1,0.0047169811320754,846.5956460919999,-1.4428232973175177e-12,0.0,,ddos,1,1.0,35.26813115817934,35.550100016758236,23685.31842811115,13144.765204822146,1.0,0.0,1.0,0.0,0.004602630074328134,9.90309209930866e-05,820.4645540319997,23.169139703173965,-1.4428232973175177e-12,0.0,0.0,0.0,0.0,0.0,79.83444713525444,133.6012755145953,23343.113532610572,10790.735864719381,1.0,0.0,1.0,0.0,0.004482266820319016,0.00024039873192753712,923.6152978337667,161.50030368821052,-1.4428232973175177e-12,0.0,0.0,0.0,0.0,0.0,5561.364470465119,18898.23211823812,129333.52123740078,339526.3999578385,15.333333333333334,49.65212315030786,15.333333333333334,49.65212315030786,0.00869488345068815,0.016667321554006014,770.8220845841157,448.43997948136354,0.3250875691572983,1.126136373383999,0.0,0.0,-472.0,-8.857784283981132,1,1,0,0.0
345,22.128289976202,27699.174858527917,1,1,0.0046948356807511,834.76455085,-1.4428232973175177e-12,0.0,,ddos,1,1.0,17.21090688739933,4.3859660652922265,20027.714792013106,6962.268201751503,1.0,0.0,1.0,0.0,0.004652423786093666,9.3297476346243e-05,831.242486569333,17.383879281529524,-1.4428232973175177e-12,0.0,0.0,0.0,0.0,0.0,82.14052942364744,132.23180077446546,25965.12638823576,9279.134966530402,1.0,0.0,1.0,0.0,0.004589975601118967,0.00012365639789390943,864.0148195216333,94.62049466042913,-1.4428232973175177e-12,0.0,0.0,0.0,0.0,0.0,99.02796028967668,119.21498274632552,31135.73572426291,17343.514471416176,1.0,0.0,1.0,0.0,0.003957914629212284,0.0009575460723088971,833.5708934657667,392.44474572824333,-1.4428232973175177e-12,0.0,0.0,0.0,-172.0,-3.9010508299048934,0,-1,0,0.0
346,26478.64723937195,1084038.3931589767,72,72,0.1732283464566929,275.4805644059,2.3443793124476158,0.0,,none,0,0.228,8838.859042770348,15276.505023154963,375282.51920528215,613838.197847697,24.666666666666668,40.99186911246343,24.666666666666668,40.99186911246343,0.06088005442317313,0.09729647560288113,652.2802537826332,326.37171773831363,0.7814597708149083,1.3535280271250538,0.0,0.0,71.0,2.3443793124490586,4437.306384300663,10798.033882088226,201024.74743360758,432669.57242104894,12.833333333333334,28.985628622934275,12.833333333333334,28.985628622934275,0.03273037252518767,0.0688297077208959,734.2061156816499,225.3064726203259,0.3907298854067336,0.9570888465061748,0.0,0.0,71.0,2.3443793124490586,2285.4210783358567,7619.6900933196075,118330.785414366,304606.15369200474,6.916666666666667,20.495934556231713,6.916666666666667,20.495934556231713,0.018226274156560526,0.04881852283095548,855.1334108698749,348.08550518038794,0.1953649427026454,0.6767640135625269,0.0,0.0,71.0,2.3443793124490586,0,-1,0,0.0
347,10575.873339237643,612627.5979872007,6,6,0.0153846153846153,102.42225851278002,1.3535148893538802,0.0,,none,0,0.0,12358.882956195264,13318.077609045415,574788.3886682349,529185.2136552142,26.333333333333332,39.62743157628732,26.333333333333332,39.62743157628732,0.0644359325073531,0.09436847909775103,404.22245792289306,382.7690748299665,1.2326314006000159,1.176855217751852,0.0,0.0,5.0,1.353514889355323,6197.075543676725,10793.99956970683,299236.8535481733,450775.20815797505,13.666666666666666,28.647280266487194,13.666666666666666,28.647280266487194,0.03451928129084062,0.06808946383803449,612.3435059774466,332.86158421226787,0.6163157002992875,1.004892696930632,0.0,0.0,5.0,1.353514889355323,3150.894320676978,7943.033225808359,163678.39756364873,335450.71393325075,7.333333333333333,20.415383385767672,7.333333333333333,20.415383385767672,0.019338257411400918,0.04856766393736557,854.1388459755732,350.4038295417334,0.30815785014892233,0.7500655601063474,0.0,0.0,5.0,1.353514889355323,0,-1,0,0.0
348,31245.241019520385,622838.8253361168,5,5,0.0476190476190476,172.713603873882,1.606098121083826,0.0,,none,0,0.0,22766.58719937666,10823.134129311944,773168.2721607644,269269.8300739898,27.666666666666668,38.397048497681865,27.666666666666668,38.397048497681865,0.07874400315345194,0.08339803956000753,183.53880893085378,87.03552784950936,1.7679974409617722,0.5148899091756675,0.0,0.0,4.0,1.606098121085269,11391.89905313203,14216.762541320486,396597.99347638915,446304.9356356554,14.333333333333334,28.338430913984396,14.333333333333334,28.338430913984396,0.04169821346977281,0.06655047199452153,507.3906477500936,359.17540165591873,0.8839987204801657,1.0216599888437032,0.0,0.0,4.0,1.606098121085269,5753.153187897464,11250.158235626179,213406.33368894111,356756.3538258789,7.666666666666667,20.335071957461853,7.666666666666667,20.335071957461853,0.022984761057904566,0.04894123715310373,772.4182228540967,386.74381617600505,0.4419993602393614,0.8292004296286624,0.0,0.0,4.0,1.606098121085269,0,-1,0,0.0
349,45225.007569830384,516310.65336711454,4,4,0.15625,167.13899154798,1.3448338784071363,0.0,,none,0,0.0,29015.373976196137,17431.863239642134,583925.6922301438,58778.502884388814,5.0,0.9999999999998844,5.0,0.9999999999998844,0.07308455433455431,0.07380469612374412,147.42495131154712,39.073019399588865,1.4348156296149457,0.14839848011554707,0.0,0.0,-68.0,-0.9995454340404795,18927.116509483243,18358.216447924708,479604.10571771325,406399.4221332721,14.833333333333334,28.081429213390592,14.833333333333334,28.081429213390592,0.06698230437886372,0.07752534991401346,399.8526025470903,345.9504914344461,1.1081377002149286,0.9325697052306374,0.0,0.0,3.0,1.3448338784085792,9503.107989410288,15814.12953441456,251672.60430068927,363040.01021151076,7.916666666666667,20.263977592733067,7.916666666666667,20.263977592733067,0.035692311183217855,0.06164408031540853,690.2531056025451,402.90920432151177,0.5540688501067429,0.8545247889107339,0.0,0.0,3.0,1.3448338784085792,0,-1,0,0.0
350,15733.618936253932,599213.2367805719,9,9,0.2272727272727272,123.29281769542,1.2559883711966453,0.0,,none,0,0.0,30734.6225085349,14752.323523160074,579454.2384946008,55945.2979768062,6.0,2.645751311064548,6.0,2.645751311064548,0.14371392496392496,0.09048052849237406,154.38180437242713,27.0677463985798,1.4023067902292008,0.181993299152734,0.0,0.0,3.0,-0.0975265181572349,21546.752732365087,16102.833211632109,577121.3135814181,336560.9569352775,16.166666666666668,27.476656759268703,16.166666666666668,27.476656759268703,0.10407492873563902,0.093393545707271,279.3021311476603,278.610905505279,1.3174690954146102,0.7588681223692604,0.0,0.0,8.0,1.2559883711980881,10813.293589750168,15606.17935803431,300232.2135570143,367665.79106529563,8.583333333333334,20.14699767090658,8.583333333333334,20.14699767090658,0.05427859777797902,0.08166904152446332,601.4587144907135,400.44864545163165,0.6587345477065837,0.8574051014475126,0.0,0.0,8.0,1.2559883711980881,1,6,0,0.0
351,194.929285915362,23251.674044543543,226,226,0.0632911392405063,433.930756929924,4.897703322166134,0.0,,none,0,0.0,20384.518597333226,22872.4755614024,379591.85473074304,311371.0854635708,79.66666666666667,126.7530407261827,79.66666666666667,126.7530407261827,0.14893795550441116,0.0822349670117363,241.4541887244411,168.1250835583331,2.4995085239233035,2.0773726432147637,0.0,0.0,221.0,3.291605201082308,21575.552898354945,16056.72518051747,576380.0634457541,338014.787557361,53.666666666666664,88.47297139051376,53.666666666666664,88.47297139051376,0.11384097932893156,0.08345829140800955,212.49649882764763,123.86584717671778,2.1337529824425396,1.411654357938895,0.0,0.0,225.0,4.897703322167576,10828.846713889294,15594.52080245953,301172.59491699486,366875.047291183,27.333333333333332,65.68427698029599,27.333333333333332,65.68427698029599,0.05921547746502526,0.08013276138829535,538.2556591746405,356.10357241228223,1.0668764912205484,1.4654365003365546,0.0,0.0,225.0,4.897703322167576,1,5,0,0.0
352,11.197890721868,13983.763678501342,463,463,0.133879781420765,644.64858790473,8.817784283994119,0.0,,none,0,0.0,5313.248704297054,9024.772913192053,212149.558167872,335239.00730156054,232.66666666666666,227.0734095690936,232.66666666666666,227.0734095690936,0.1414812159779995,0.08225464521161219,400.62405417669106,262.26887371332145,4.990491992452298,3.7817517977387474,0.0,0.0,459.0,7.472950405586982,17164.311340246597,17962.844306444033,398037.62519900827,296312.82443497074,118.83333333333333,190.1971783877633,118.83333333333333,190.1971783877633,0.10728288515627692,0.07930078769289108,274.0245027441193,217.6180160121304,3.2126538110336234,3.085825307209146,0.0,0.0,391.0,6.473404971546502,10800.808862273629,15615.366912486546,299531.1863163078,368222.1989918642,65.83333333333333,141.02987003618858,65.83333333333333,141.02987003618858,0.07000662884073229,0.08079432326318178,504.1153092128847,319.9295928433047,1.8016918482201785,2.629923060742395,0.0,0.0,462.0,8.817784283995561,1,4,0,0.0
353,6.0338123215640005,7154.984088705169,460,460,0.0603674540682414,612.424433025096,8.805784283998447,0.0,,none,0,0.0,70.72032965293133,107.59909636436944,14796.80727058312,8079.086383803345,383.0,135.97426227047526,383.0,135.97426227047526,0.08584612490983756,0.04162404475905674,563.6679259532498,113.50506072006742,7.507090630052898,2.2598036622504134,0.0,0.0,451.0,7.549795912801802,15402.671419093918,19213.003924681376,297125.5228825923,311334.9700755645,194.5,223.68974048891917,194.5,223.68974048891917,0.11478002493688126,0.07051467606303884,359.0248651628387,236.01051560739222,4.454698710141051,3.63819314776367,0.0,0.0,454.0,7.452269394644567,10799.873481385319,15616.071904139333,298181.18821538275,369354.7361844394,104.08333333333333,178.98474202788316,104.08333333333333,178.98474202788316,0.07464965311386094,0.0782582171357788,485.6841855701427,305.2569692392298,2.5355072052201693,3.239400140242311,0.0,0.0,459.0,8.80578428399989,1,3,0,0.0
354,8.338146365710001,9820.288621418247,458,458,0.1766169154228855,593.4610665471479,8.797784284001331,0.0,,none,0,0.0,8.523283136380668,2.5870124262309013,10319.67879620802,3441.6711904114886,460.3333333333333,2.516611478422131,460.3333333333333,2.516611478422131,0.1236213836372973,0.05879974795969891,616.8446958256578,25.878458765969235,8.807117617331297,0.010066445910103868,0.0,0.0,232.0,3.9000809618351973,10196.520940234806,18270.588756607878,194955.76676347587,282301.43669694994,270.0,223.38576498962507,270.0,223.38576498962507,0.13627966957085422,0.06542383898204882,429.1494422750496,232.05539249574016,5.653313070627302,3.69621578312429,0.0,0.0,453.0,7.191686162917505,10794.209996683416,15620.326326021102,295776.8801199324,371286.4302849049,142.16666666666666,202.1740174536118,142.16666666666666,202.1740174536118,0.08898894152031352,0.07999044014688453,468.2700450125717,291.18073587749865,3.2686558955537337,3.5899870771186033,0.0,0.0,457.0,8.797784284002773,1,2,0,0.0
355,89601.15334114137,1694612.8991946676,333,333,0.1544303797468354,246.762250781208,7.024067707666386,0.0,,none,0,0.226,29871.84176660955,51727.10118693212,570529.3906349301,973485.786554709,417.0,72.75300681071533,417.0,72.75300681071533,0.13047158307932075,0.061717114884185145,484.2159167844837,205.8593814739566,8.20921209188872,1.0263729383563722,0.0,0.0,-130.0,-1.793716576327732,17592.545235453304,35830.059409596295,391339.47440140136,680113.7689768986,324.8333333333333,181.4821386987344,324.8333333333333,181.4821386987344,0.13597639952866014,0.06531688278213757,442.4199854805876,215.7811360433293,6.59985204217051,3.041394902157729,0.0,0.0,329.0,5.67923382925925,18259.830872468272,27151.811564669726,435471.79005955724,536143.4747540934,169.83333333333334,203.8095516243862,169.83333333333334,203.8095516243862,0.10147935195376194,0.07726161623456311,421.136294013839,275.78848157252116,3.8539948711927194,3.581208852162109,0.0,0.0,332.0,7.024067707667829,1,1,0,0.0
356,30.466688185412,30399.99825974404,1,1,0.0026881720430107,395.38909526,-1.4428232973175177e-12,0.0,,ddos,1,1.0,29879.98605856416,51720.04919384038,578277.7286919431,966829.3752199557,264.0,236.18425010995122,264.0,236.18425010995122,0.1112451557375772,0.09466532957198717,411.8708041961184,173.93605796518077,5.2739506638887566,4.652680337950616,0.0,0.0,-459.0,-8.80578428399989,14975.353194108548,36559.099051543606,296537.2679812634,684969.3055982571,323.5,184.27452346974064,323.5,184.27452346974064,0.09854564032370738,0.06686678936607729,487.76936507468423,155.45922384965831,6.3905206469708284,3.492525304156426,0.0,0.0,-8.0,-1.2559883711980881,18261.052963236816,27150.916073922945,436829.29078134074,534999.0107604112,169.83333333333334,203.80955162438616,169.83333333333334,203.80955162438616,0.10131028452967321,0.0774944740496462,383.5357481111723,241.08350073547763,3.8539948711927194,3.581208852162109,0.0,0.0,0.0,0.0,1,1,0,0.0
357,239.357906258474,19811.98485836804,1,1,0.0019960079840319,8.705,-1.4428232973175177e-12,0.0,,ddos,1,1.0,29956.992645195085,51653.46394703985,581608.2941042596,963904.8006526829,111.66666666666667,191.68028937095573,111.66666666666667,191.68028937095573,0.05303818659129267,0.08780889702894185,216.9521153470691,195.05801832457874,2.3413559025544983,4.055347381828179,0.0,0.0,-457.0,-8.797784284002773,14982.757964165734,36555.51097861119,295963.98645023414,685245.1594304933,286.0,226.20698486121069,286.0,226.20698486121069,0.088329785114295,0.0772121843661734,416.8984055863636,251.9149714345555,5.5742367599429,4.372665074520984,0.0,0.0,-225.0,-4.897703322167576,18279.155431260337,27137.719250457125,436172.0249479941,535551.8949784024,169.83333333333334,203.80955162438616,169.83333333333334,203.80955162438616,0.10108538222161327,0.07780365858859171,314.69745220700565,217.28906660110903,3.8539948711927194,3.581208852162109,0.0,0.0,0.0,0.0,1,1,0,0.0
358,5.937674903734,851.4422680707358,1,1,0.0020449897750511,72.6056414236,-1.4428232973175177e-12,0.0,,ddos,1,1.0,91.92075644920668,128.27198829732163,17021.14179539404,14970.667789082487,1.0,0.0,1.0,0.0,0.0022430566006979,0.0003862584908059205,158.89991222786645,207.28283397809503,-1.4428232973175177e-12,0.0,0.0,0.0,-332.0,-7.024067707667829,14981.881261529377,36555.94191063686,293775.2662151624,686346.044985513,209.0,232.4521456128121,209.0,232.4521456128121,0.06635731984000934,0.0803518953538962,321.5579145061753,256.6843472581382,4.1046060459436395,4.54298640921661,0.0,0.0,-462.0,-8.817784283995561,16073.096300887986,27484.36303510927,345906.44570708525,506949.2385797142,163.91666666666666,207.8974652577709,163.91666666666666,207.8974652577709,0.0868201024981431,0.07905689307405629,297.7912086251473,228.2344390400496,3.6586299284886312,3.7318281295411317,0.0,0.0,-71.0,-2.3443793124490586,1,1,0,0.0
359,30.125765558900007,43133.46660231201,1,1,0.0043290043290043,1188.4821422852,-1.4428232973175177e-12,0.0,,ddos,1,1.0,91.80711557370267,128.35377986976587,21265.631242916697,21178.46102317212,1.0,0.0,1.0,0.0,0.0027900006960290998,0.0013330412374393215,423.2642612362665,663.467879479746,-1.4428232973175177e-12,0.0,0.0,0.0,0.0,0.0,14985.896587068934,36553.969233782496,299771.6799674302,683492.3336886622,132.5,207.51843291621108,132.5,207.51843291621108,0.05701757821680315,0.08434498707861296,417.5675327161926,433.83901968786165,2.6369753319436575,4.1235106902256575,0.0,0.0,-459.0,-8.80578428399989,15194.284003081426,27842.384361963683,298448.6014250112,506366.4838342787,163.5,208.2474489639669,163.5,208.2474489639669,0.08589880157684221,0.0800235662341259,388.2961989395157,334.3743172197275,3.545837021042354,3.8270722705380624,0.0,0.0,-5.0,-1.353514889355323,1,1,0,0.0
360,48.688379321954,70899.23057903381,1,1,0.0039525691699604,1168.9239942943998,-1.4428232973175177e-12,0.0,,ddos,1,1.0,28.25060659486267,21.436950543691413,38294.713149805284,35273.69151430229,1.0,0.0,1.0,0.0,0.003442187758005267,0.0012245601291635954,810.0039260010666,638.6805170517961,-1.4428232973175177e-12,0.0,0.0,0.0,0.0,0.0,14992.621625894977,36550.66618971974,309951.5036270328,678748.5347229827,56.333333333333336,135.53843243400252,56.333333333333336,135.53843243400252,0.028240187174648972,0.06182790395979141,513.4780206740679,532.820146377462,1.1706779512765288,2.8675636337578188,0.0,0.0,-457.0,-8.797784284002773,12594.57128306489,27663.293380953888,252453.63519525426,499239.46078366257,163.16666666666666,208.52723098100654,163.16666666666666,208.52723098100654,0.0822599283727516,0.08286485785760446,471.31373147455884,394.2851984938475,3.411995510951915,3.927834406630891,0.0,0.0,-4.0,-1.606098121085269,1,1,0,0.0
361,37.07895222153601,54604.2230986892,1,1,0.0042735042735042,1177.83958324887,-1.4428232973175177e-12,0.0,,ddos,1,1.0,38.63103236746334,9.378132687674432,56212.306760011445,13952.557546925937,1.0,0.0,1.0,0.0,0.004185025924156299,0.00020321705387631988,1178.415239942823,9.791773265276975,-1.4428232973175177e-12,0.0,0.0,0.0,0.0,0.0,65.27589440833744,86.42105849662288,36616.724277703055,25065.955514225076,1.0,0.0,1.0,0.0,0.0032140412624271047,0.0010988951602035368,668.6575760853449,573.6272935173054,-1.4428232973175177e-12,0.0,0.0,0.0,-332.0,-7.024067707667829,8828.910564930817,25832.711189028516,213978.09933955214,494827.78388546384,162.91666666666666,208.73709359484778,162.91666666666666,208.73709359484778,0.06959522039554362,0.08213904234560156,555.5387807829662,429.7567171095579,3.299926021084534,4.010492552951105,0.0,0.0,-3.0,-1.3448338784085792,1,1,0,0.0
362,96.21046547759,94992.34063277818,1,1,0.0038022813688212,705.3201040006,-1.4428232973175177e-12,0.0,,ddos,1,1.0,60.659265673693334,31.330664782553633,73498.59810350016,20319.142283409397,1.0,0.0,1.0,0.0,0.004009451604095267,0.00024070617976465873,1017.3612271812898,270.27230499720145,-1.4428232973175177e-12,0.0,0.0,0.0,0.0,0.0,76.23319062370042,85.28527371784803,47382.11467320874,34103.41258423388,1.0,0.0,1.0,0.0,0.0033997261500621884,0.0010863210931817662,720.3127442087783,557.8351547397006,-1.4428232973175177e-12,0.0,0.0,0.0,0.0,0.0,7525.793192366123,25847.149158478795,171959.691327236,480337.4602646223,162.25,209.28541842096013,162.25,209.28541842096013,0.05097268323688479,0.06709557160569202,604.0410546417313,408.87511098959914,3.195260323484693,4.084392993946605,0.0,0.0,-8.0,-1.2559883711980881,1,1,0,0.0
363,37.447660823196,48623.18915195382,1,1,0.0042735042735042,782.545138154,-1.4428232973175177e-12,0.0,,ddos,1,1.0,56.91235950744067,34.03365741194039,66073.25096114016,25222.579216771774,1.0,0.0,1.0,0.0,0.0041164299719432,0.000272060670899359,888.5682751344899,253.4745426046786,-1.4428232973175177e-12,0.0,0.0,0.0,0.0,0.0,42.581483051154095,29.892840284399558,52183.98205547305,31363.336478015208,1.0,0.0,1.0,0.0,0.003779308864974238,0.0008751037517986124,849.2861005677784,436.711078094555,-1.4428232973175177e-12,0.0,0.0,0.0,0.0,0.0,7512.669723608443,25851.24931446843,174073.98425285352,479678.7759075597,143.5,213.09899534765952,143.5,213.09899534765952,0.046054546989634605,0.06826338377452074,633.092253077071,408.0737398972406,2.7871183799707286,4.143092231626719,0.0,0.0,-225.0,-4.897703322167576,1,1,0,0.0
364,29.993433580642,40209.97681444462,1,1,0.0047393364928909,832.93097468,-1.4428232973175177e-12,0.0,,ddos,1,1.0,54.550519960476,36.27057584333105,61275.168866391985,29501.377754321013,1.0,0.0,1.0,0.0,0.004271707378405433,0.0004685301463383966,773.5987389448665,64.27411705340403,-1.4428232973175177e-12,0.0,0.0,0.0,0.0,0.0,46.590776163972095,25.247388885514525,58743.737813202024,20825.269083719882,1.0,0.0,1.0,0.0,0.004228366651280871,0.00032646771665671324,976.0069894438451,225.50772985141512,-1.4428232973175177e-12,0.0,0.0,0.0,0.0,0.0,7514.236018846674,25850.75405559106,176259.50201418216,478942.2421552072,105.0,190.6834597393854,105.0,190.6834597393854,0.0352928432456451,0.0631467906142282,648.7824519750101,412.1577066665237,2.052303022971098,3.738461034228108,0.0,0.0,-462.0,-8.817784283995561,1,1,0,0.0
365,42.472206336238,59708.73860325012,1,1,0.0046728971962616,823.65097784,-1.4428232973175177e-12,0.0,,ddos,1,1.0,36.63776691335867,6.278685306202811,49513.96818988263,9779.853950654187,1.0,0.0,1.0,0.0,0.0045619126542189,0.0002519684317559077,813.0423635579997,26.81585637908196,-1.4428232973175177e-12,0.0,0.0,0.0,0.0,0.0,48.648516293528424,24.114781791413414,61506.283146691705,19390.306242947696,1.0,0.0,1.0,0.0,0.004285682129157088,0.00037434607766434263,915.201795369645,205.01303131857776,-1.4428232973175177e-12,0.0,0.0,0.0,0.0,0.0,7517.272551681231,25849.794057767176,180638.98155706088,477493.45249231084,66.75,155.85431717414238,66.75,155.85431717414238,0.030651630172980115,0.06318302670264665,666.3846640429189,414.9647047609448,1.3184876659711076,3.1024567796548133,0.0,0.0,-459.0,-8.80578428399989,1,1,0,0.0
366,36.606789047566,51495.84858642911,1,1,0.0048780487804878,850.2611532399999,-1.4428232973175177e-12,0.0,,ddos,1,1.0,36.357476321482,6.243121069783117,50471.521334707715,9789.655896111932,1.0,0.0,1.0,0.0,0.0047634274898801,0.00010467604906128733,835.6143685866664,13.50650994326822,-1.4428232973175177e-12,0.0,0.0,0.0,0.0,0.0,46.634917914463756,24.61011027870518,58272.386147924255,19126.69694852282,1.0,0.0,1.0,0.0,0.004439928730911654,0.000399463853288426,862.0913218605782,163.13780276012952,-1.4428232973175177e-12,0.0,0.0,0.0,0.0,0.0,7519.628271904717,25849.048828771985,184111.94488747846,476288.124615666,28.666666666666668,95.84014468547781,28.666666666666668,95.84014468547781,0.016340057952780308,0.04349880176314392,687.7846712673231,417.4761785983596,0.585338975637543,2.027673690914089,0.0,0.0,-457.0,-8.797784284002773,1,1,0,0.0
367,46.826530379928,64678.45485433711,1,1,0.0046082949308755,825.765409576,-1.4428232973175177e-12,0.0,,ddos,1,1.0,41.96850858791066,5.128456150286258,58627.680681338556,6657.461353829262,1.0,0.0,1.0,0.0,0.0047197469692083,0.00014084729596814462,833.2258468853332,14.790840149860342,-1.4428232973175177e-12,0.0,0.0,0.0,0.0,0.0,48.25951427419576,24.170941209104015,59951.424773865576,19182.387508724147,1.0,0.0,1.0,0.0,0.004495727173806871,0.00039492432953917357,803.4122929150999,52.97725956046893,-1.4428232973175177e-12,0.0,0.0,0.0,0.0,0.0,56.76770434126417,61.150217652440446,48284.07452578426,24522.44857201236,1.0,0.0,1.0,0.0,0.0038548842181169835,0.0010333456397002099,736.0349345002224,394.70942253490625,-1.4428232973175177e-12,0.0,0.0,0.0,-332.0,-7.024067707667829,1,1,0,0.0
368,17561.130689512993,345086.8224700712,36,36,0.0261780104712041,585.3426078525999,1.486814728444107,0.0,,ddos,1,0.644,5881.521336313496,10114.839696865585,153753.70863694558,165830.3820589416,12.666666666666666,20.207259421636902,12.666666666666666,20.207259421636902,0.011888118060855801,0.012376144820151357,753.7897235561999,146.39273703315604,0.4956049094804053,0.8584128837031385,0.0,0.0,35.0,1.4868147284455497,2959.0795516134294,7153.517162069703,101633.83841341441,119573.91650933433,6.833333333333333,14.288690166235206,6.833333333333333,14.288690166235206,0.008225015357537354,0.008797440831180087,783.4160435570999,99.56521504981798,0.24780245473948215,0.6069895711243884,0.0,0.0,35.0,1.4868147284455497,1517.6563711185627,5052.747373755173,74507.97654331151,88489.63466917738,3.9166666666666665,10.103629710818451,3.9166666666666665,10.103629710818451,0.005812370753799766,0.006485827495289124,751.8643938829392,383.4546955251144,0.12390122736901965,0.42920644185156925,0.0,0.0,35.0,1.4868147284455497,1,6,0,0.0
369,6415.193861033032,411472.6205116135,8,8,0.4461538461538462,109.11126384238,1.588804542754547,0.0,,none,0,0.0,8007.717026975319,8865.089400011959,273745.9659453404,184075.2201974623,15.0,18.520259177452136,15.0,18.520259177452136,0.15898005051864192,0.24893353496821236,506.73976042365985,364.7356534083942,1.025206423732402,0.8893180752715121,0.0,0.0,7.0,1.5888045427559898,4022.037251648402,7106.244545781395,162108.74364002436,168959.32322951365,8.0,14.0,8.0,14.0,0.08187173900426102,0.17866727837255708,671.1770645051632,292.8025980751371,0.5126032118654805,0.794776143943308,0.0,0.0,7.0,1.5888045427559898,2032.3093673497758,5222.383905967437,107146.36284774863,129300.53734484523,4.5,10.121983276737097,4.5,10.121983276737097,0.04282552393461762,0.12717528839910255,760.2315825364708,366.4842948429346,0.25630160593201884,0.5989863978844008,0.0,0.0,7.0,1.5888045427559898,1,5,0,0.0
370,3365.780087543775,159938.61498857985,297,297,0.2464285714285714,377.753746489166,6.440557815924116,0.0,,none,0,0.0,9114.034879363267,7472.603415803233,305499.3526567546,130356.1076754039,113.66666666666667,159.38736880108578,113.66666666666667,159.38736880108578,0.23958680935120724,0.21007149478350418,357.4025393947152,238.7670454168566,3.1720590290409216,2.8310622954022833,0.0,0.0,296.0,6.440557815925558,4578.001693975591,6857.597809371901,182063.51666904692,158425.06546364728,57.333333333333336,118.19419049456985,57.333333333333336,118.19419049456985,0.12215327816020777,0.18493453490627332,595.3141931400243,301.3531721372241,1.5860295145197403,2.494905415701793,0.0,0.0,296.0,6.440557815925558,2312.2962350697794,5193.855464496704,120403.6272411244,125511.41547830102,29.166666666666668,84.9436533381055,29.166666666666668,84.9436533381055,0.06319082240574432,0.13906286942308854,785.6605912919346,322.36602127119073,0.7930147572591487,1.8749359753744703,0.0,0.0,296.0,6.440557815925558,1,4,0,0.0
371,17.039107372932,19386.05687772288,487,487,0.1168831168831168,586.395195989528,8.913784283959494,0.0,,none,0,0.0,3266.0043519832466,3200.24412521944,196932.43079263854,198643.83995323835,264.0,241.19908789213943,264.0,241.19908789213943,0.26982184482184485,0.16587717509850108,357.75340210702456,239.26971873392853,5.64771554754605,3.726295908695507,0.0,0.0,451.0,7.426969555515387,4573.762844148373,6860.969067873247,175343.06971479233,165357.0588761437,138.33333333333334,205.8753668282504,138.33333333333334,205.8753668282504,0.1408549814413503,0.17614285308223854,555.7715628316122,280.22448693097397,3.0716602285132297,3.716468049006761,0.0,0.0,486.0,8.913784283960936,2311.2056802209486,5194.379562263972,118424.67643074198,127018.66234043636,69.66666666666667,156.23544780719627,69.66666666666667,156.23544780719627,0.0725703317852537,0.13852657922794415,735.4866791006285,300.0531478100367,1.5358301142558934,2.975138858100225,0.0,0.0,486.0,8.913784283960936,1,3,0,0.0
372,45.871374547942,62373.13197821568,467,467,0.1912144702842377,526.710739602204,8.833784283988347,0.0,,none,0,0.0,1142.8968564882164,1925.127325422735,80565.93461483924,72020.7535972027,417.0,104.4030650891055,417.0,104.4030650891055,0.18484205286530864,0.0650073993955142,496.9532273602992,107.45671576743142,8.062708794623985,1.4053933073241647,0.0,0.0,459.0,7.2449797412338,4575.306941731769,6859.744667817977,177155.9502800901,163779.81440712797,216.0,230.1703716815003,216.0,230.1703716815003,0.1719110516919753,0.16333462484356764,501.84649389197966,240.54178414805355,4.543957609178194,3.9955398485063145,0.0,0.0,466.0,8.83378428398979,2310.970929823114,5194.491170494696,117714.16821400712,127332.1341214988,108.5,191.54088099126278,108.5,191.54088099126278,0.08817549021144346,0.14062572094306164,681.968907876279,271.64490044023415,2.2719788045883758,3.589939802826199,0.0,0.0,466.0,8.83378428398979,1,2,0,0.0
373,13482.434143084569,323869.6322751615,438,438,0.1412103746397694,482.258422216642,8.712274509025859,0.0,,none,0,0.0,4515.114875001815,7765.939670555298,135209.6070436998,164792.0689738336,464.0,24.63736998950984,464.0,24.63736998950984,0.1497693206023746,0.03789761458988767,531.7881192694578,52.25372475881097,8.819947692324565,0.10146494862811016,0.0,0.0,141.0,2.2717166931017427,6814.574877182543,7266.69580157225,220354.4798502275,162355.27573893964,288.8333333333333,217.31214109355847,288.8333333333333,217.31214109355847,0.19467806497679094,0.14368945413778925,444.5953293320866,181.71175149610258,5.996003360682745,3.57486747283781,0.0,0.0,437.0,8.712274509027301,3431.417195728367,6040.59247023383,140152.95231204652,138440.4755539098,144.91666666666666,209.90623808710114,144.91666666666666,209.90623808710114,0.0995868960752989,0.1387417616931262,624.0038111235934,226.71118859513177,2.9980016803406513,3.951461825540899,0.0,0.0,437.0,8.712274509027301,1,1,0,0.0
374,61884.86298619253,765750.044066035,161,161,0.0538922155688622,9.555633333319998,3.2630983724233715,0.0,,ddos,1,0.678,25137.722834608347,32525.36758821236,383997.60277313716,355522.572759739,355.3333333333333,168.9210861122238,355.3333333333333,168.9210861122238,0.1287723534976231,0.06950092580302773,339.50826505072183,286.61046127656533,6.936385721812524,3.181740265914182,0.0,0.0,-326.0,-5.650685911536122,14201.863593295799,23890.752614739806,290465.01678288815,277200.80001265,309.6666666666667,192.83948420037495,309.6666666666667,192.83948420037495,0.19929709915973395,0.13750176021891958,348.6308335788733,236.34315609793472,6.292050634679289,3.178317506633566,0.0,0.0,125.0,1.7762836439792646,8580.471572454611,17809.35637767489,196049.42759815123,226166.20335866476,158.25,204.95681363288574,158.25,204.95681363288574,0.10376105725863564,0.1363305704288252,566.0234385679867,285.39782980933757,3.2699265447093855,3.837014710141358,0.0,0.0,160.0,3.2630983724248144,1,1,0,0.0
375,142.293352646136,48026.17126895723,1,1,0.0019960079840319,8.0153,-1.4428232973175177e-12,0.0,,ddos,1,1.0,25169.86349397441,32488.20139469656,379215.28253671766,362048.67787062237,200.0,221.09500220493453,200.0,221.09500220493453,0.06569953273088784,0.07035424311840068,166.6097851833205,273.3608232765603,3.9917909604825943,4.401610664981745,0.0,0.0,-466.0,-8.83378428398979,13156.380175231317,24430.805876438957,229890.60857577875,285068.2787384016,308.5,195.03820138629254,308.5,195.03820138629254,0.12527079279809825,0.08904355468851567,331.78150627181,259.3207880660268,6.027249877553291,3.6757902988935824,0.0,0.0,-7.0,-1.5888045427559898,8589.208713439857,17804.809356719208,195999.6761079015,226201.64493569883,158.25,204.95681363288574,158.25,204.95681363288574,0.10357126590117964,0.13648316198968163,501.4792853884867,317.72932987046227,3.2699265447093855,3.837014710141358,0.0,0.0,0.0,0.0,1,1,0,0.0
376,23.419734385616,29386.281782169768,1,1,0.0023474178403755,220.490463502,-1.4428232973175177e-12,0.0,,ddos,1,1.0,20683.525357741426,35681.45455996008,281054.1657057204,419862.3967976035,54.333333333333336,92.37604307034012,54.333333333333336,92.37604307034012,0.0194118804644232,0.029861363061782643,79.35379894510652,122.23036332424763,1.0876994574734935,1.8839507237116844,0.0,0.0,-437.0,-8.712274509027301,12599.320116371622,24734.9076540421,208131.8863747104,296238.9810337491,259.1666666666667,232.38796583873844,259.1666666666667,232.38796583873844,0.08459060053339891,0.07764721976993408,305.57095910728225,261.6817335047029,4.9538235748990305,4.400014206303977,0.0,0.0,-296.0,-6.440557815925558,8588.660905173605,17805.09674106587,195097.7015218786,226899.82890989297,158.25,204.95681363288574,158.25,204.95681363288574,0.10337193934680335,0.13664227648282173,450.4425761236533,308.70826844055495,3.2699265447093855,3.837014710141358,0.0,0.0,0.0,0.0,1,1,0,0.0
377,507.043148872068,126200.3972105142,1,1,0.0039682539682539,736.9070131679999,-1.4428232973175177e-12,0.0,,ddos,1,1.0,224.25207863460665,252.0135439522285,67870.9500872135,51367.350246079484,1.0,0.0,1.0,0.0,0.0027705599308871,0.0010520102077219142,321.80425888999986,374.8588350741995,-1.4428232973175177e-12,0.0,0.0,0.0,-160.0,-3.2630983724248144,12680.987456621478,24685.816303345055,225934.27643017564,285648.0000397712,178.16666666666666,221.53863470434825,178.16666666666666,221.53863470434825,0.0657714567142551,0.081826216824392,330.65626197036096,298.59656838078774,3.4681928609055412,4.299235107833864,0.0,0.0,-486.0,-8.913784283960936,8627.375150384925,17785.31924807471,200638.67307248394,224087.46158287502,158.25,204.95681363288574,158.25,204.95681363288574,0.10331321907780268,0.13668869053272117,443.2139124009866,300.06954719138974,3.2699265447093855,3.837014710141358,0.0,0.0,0.0,0.0,1,1,0,0.0
378,34.224601141095995,47660.21888195577,1,1,0.0037037037037037,674.212664338,-1.4428232973175177e-12,0.0,,ddos,1,1.0,188.22916146625997,276.1538614827467,67748.96595821301,51438.42489680884,1.0,0.0,1.0,0.0,0.003339791837444367,0.0008695408691783266,543.8700470026665,281.8038530833141,-1.4428232973175177e-12,0.0,0.0,0.0,0.0,0.0,12679.046327720338,24687.008982539293,223482.12424746566,287390.74896451127,100.5,177.2949519867951,100.5,177.2949519867951,0.0345196622841661,0.0560964476212511,355.2399160929936,323.03778737233984,1.9958954802405764,3.5397724644520627,0.0,0.0,-466.0,-8.83378428398979,8627.17663472605,17785.423866358087,200319.03726377783,224322.14947004314,158.25,204.95681363288574,158.25,204.95681363288574,0.10321535698807068,0.13676597037965932,428.54320499248666,282.1265473505747,3.2699265447093855,3.837014710141358,0.0,0.0,0.0,0.0,1,1,0,0.0
379,20.014585134052,27852.70929801976,1,1,0.0040650406504065,763.455281788,-1.4428232973175177e-12,0.0,,ddos,1,1.0,187.09411171573865,277.1750726939832,67237.77513016302,52014.68505069706,1.0,0.0,1.0,0.0,0.003912332774121367,0.0001870467381087502,724.8583197646664,45.82509631060738,-1.4428232973175177e-12,0.0,0.0,0.0,0.0,0.0,10435.309734728586,25205.71995323851,174145.970417942,292080.8424834542,27.666666666666668,65.31972647421786,27.666666666666668,65.31972647421786,0.011662106619272283,0.02070664602820038,402.1060593548866,363.0687350731936,0.5438497287360262,1.3321543321578344,0.0,0.0,-437.0,-8.712274509027301,8624.942305955563,17786.601427873382,197250.22513408473,226586.9188157235,158.25,204.95681363288574,158.25,204.95681363288574,0.10317008579803161,0.1368016630485463,423.3506943434866,274.6247604023839,3.2699265447093855,3.837014710141358,0.0,0.0,0.0,0.0,1,1,0,0.0
380,43.057858307612,55780.12562322736,1,1,0.0039840637450199,740.8529762240001,-1.4428232973175177e-12,0.0,,ddos,1,1.0,32.43234819425333,11.625714551995278,43764.351267734055,14365.531107554056,1.0,0.0,1.0,0.0,0.003917602699710033,0.00018961513700118022,726.1736407833332,46.39691109401042,-1.4428232973175177e-12,0.0,0.0,0.0,0.0,0.0,128.34221341443242,191.04145133241866,55817.65067747409,36226.06374022364,1.0,0.0,1.0,0.0,0.003344081315298567,0.0009229213861739295,523.9889498366666,325.7654170422943,-1.4428232973175177e-12,0.0,0.0,0.0,-160.0,-3.2630983724248144,7165.102903355114,17705.199027825485,173141.33373018107,224811.2774932186,155.33333333333334,207.0925718931834,155.33333333333334,207.0925718931834,0.10132059023751626,0.13808122933554076,436.30989170777,286.3814015494668,3.146025317338923,3.922872491532259,0.0,0.0,-35.0,-1.4868147284455497,1,1,0,0.0
381,416.319470855166,70626.51599606672,1,1,0.0043859649122807,792.6637905279999,-1.4428232973175177e-12,0.0,,ddos,1,1.0,159.79730476561,222.4532858429701,51419.783639104375,21717.713312534164,1.0,0.0,1.0,0.0,0.004145023102569033,0.0002125535969135892,765.6573495133333,25.975506663202957,-1.4428232973175177e-12,0.0,0.0,0.0,0.0,0.0,174.01323311593742,224.8134314980939,59584.374798659,36428.298196797434,1.0,0.0,1.0,0.0,0.0037424074700067003,0.0007176568532838077,654.763698258,216.31490399436842,-1.4428232973175177e-12,0.0,0.0,0.0,0.0,0.0,6665.196704173624,17812.660560080974,144737.49168721883,213193.75780816007,154.75,207.55464778747262,154.75,207.55464778747262,0.06450660013405246,0.08736225190445285,493.27260226490495,283.34840954155237,3.013624938775924,4.006136144224161,0.0,0.0,-7.0,-1.5888045427559898,1,1,0,0.0
382,49.187812661712,72398.03481683631,1,1,0.0046296296296296,841.70156636,-1.4428232973175177e-12,0.0,,ddos,1,1.0,169.52171394149664,213.75510216027092,66268.2254787099,9126.047812064142,1.0,0.0,1.0,0.0,0.004333219428976733,0.00032599906803353366,791.7394443706665,50.43064886522511,-1.4428232973175177e-12,0.0,0.0,0.0,0.0,0.0,178.30791282862006,221.58416594985616,66753.00030443676,33403.695780408736,1.0,0.0,1.0,0.0,0.004122776101549049,0.0003311320322483074,758.2988820676666,56.56148307202806,-1.4428232973175177e-12,0.0,0.0,0.0,0.0,0.0,6388.81401460012,17894.052880685926,137442.44333957354,214122.0281135276,130.08333333333334,206.69936813613822,130.08333333333334,206.69936813613822,0.04435668831747399,0.06713027649043242,531.9349205874745,297.45440777778146,2.476911787448794,3.9361001593883076,0.0,0.0,-296.0,-6.440557815925558,1,1,0,0.0
383,22.481858027226,29762.41979705408,1,1,0.0044444444444444,802.877651648,-1.4428232973175177e-12,0.0,,ddos,1,1.0,162.663047181368,220.07836776409627,57595.656869985476,24120.559367532627,1.0,0.0,1.0,0.0,0.004486679662118233,0.0001272044961396971,812.4143361786665,25.872516856974357,-1.4428232973175177e-12,0.0,0.0,0.0,0.0,0.0,97.54769768781308,156.57544050034463,50680.00406886008,19304.38944065037,1.0,0.0,1.0,0.0,0.004202141180914133,0.00034352369703167726,769.2939884809999,57.96603710547995,-1.4428232973175177e-12,0.0,0.0,0.0,0.0,0.0,6389.267577154643,17893.876760337072,138307.14024951778,213622.3040863324,89.58333333333333,175.69625563006244,89.58333333333333,175.69625563006244,0.034986798947584614,0.06385393893121613,549.9751252256805,307.4542132782089,1.7340964304520492,3.417896717992393,0.0,0.0,-486.0,-8.913784283960936,1,1,0,0.0
384,27.981589769874,34960.36323415902,1,1,0.0047846889952153,861.9532778199999,-1.4428232973175177e-12,0.0,,ddos,1,1.0,33.217086819604,14.10176678613911,45706.9392826829,23260.81661517676,1.0,0.0,1.0,0.0,0.0046195876897631,0.0001703444129066841,835.5108319426666,30.02043131555358,-1.4428232973175177e-12,0.0,0.0,0.0,0.0,0.0,96.50719579260944,157.10027103019723,48563.361460893946,20368.623950572786,1.0,0.0,1.0,0.0,0.004382305396166067,0.0003118364387387714,800.584090728,45.762801480734176,-1.4428232973175177e-12,0.0,0.0,0.0,0.0,0.0,6387.776761756471,17894.454036770796,136022.74285417973,214652.22144510163,50.75,130.3381092669091,50.75,130.3381092669091,0.019450983840166084,0.04096486768508895,577.9120034104968,320.1182355421642,0.9979477401195669,2.604205371817194,0.0,0.0,-466.0,-8.83378428398979,1,1,0,0.0
385,38.929673825494,55724.59281429431,1,1,0.0048780487804878,876.820581806,-1.4428232973175177e-12,0.0,,ddos,1,1.0,29.79770720753133,8.372954931295148,40149.125281835564,13736.849916772071,1.0,0.0,1.0,0.0,0.0047023940733825,0.00022821595186902618,847.2171704246665,39.11206816267497,-1.4428232973175177e-12,0.0,0.0,0.0,0.0,0.0,99.65971057451644,155.43931114272036,53208.675380273045,17704.70378869536,1.0,0.0,1.0,0.0,0.004517806751179617,0.0003228469307768123,819.4783073976665,50.522619833192635,-1.4428232973175177e-12,0.0,0.0,0.0,0.0,0.0,5267.4847226515485,17830.615609033102,113677.32289910749,207145.28573038537,14.333333333333334,46.188021535170144,14.333333333333334,46.188021535170144,0.00808995668522595,0.014452021441511373,610.7921833762766,329.5252766992846,0.27192486436729174,0.9419753618558483,0.0,0.0,-437.0,-8.712274509027301,1,1,0,0.0
386,5455.962997426499,50735.76233740502,36,36,0.0093457943925233,761.1674571739401,0.8039334377413246,0.0,,ddos,1,0.85,1840.958087007289,3130.6908729390098,47140.23946195255,10839.01038269382,12.666666666666666,20.207259421636902,12.666666666666666,20.207259421636902,0.0063361773894088,0.0026068227579684436,833.3137722666464,62.92119887640447,0.2679778125794779,0.464151186691328,0.0,0.0,35.0,0.8039334377427675,1001.810567094331,2187.433702802761,52367.94816596932,17677.922334367096,6.833333333333333,14.288690166235206,6.833333333333333,14.288690166235206,0.005411428525763516,0.0019367175589558132,822.8640542226567,44.52439429417117,0.1339889062890184,0.32820445160522127,0.0,0.0,35.0,0.8039334377427675,565.0763902543792,1549.0658796965781,54092.799421721655,27236.146608918083,3.9166666666666665,10.103629710818451,3.9166666666666665,10.103629710818451,0.004377754920531041,0.0018049192227390606,673.4265020296616,271.10994536018404,0.0669944531437878,0.23207559334566402,0.0,0.0,-125.0,-2.4591649346820468,1,6,0,0.0
387,17876.17462324056,1106068.6068025697,5,5,0.0769230769230769,81.39435886666,0.5777867823854278,0.0,,none,0,0.0,7790.3557648308515,9144.882122845647,404176.3206514228,607861.6685778475,14.0,19.157244060668017,14.0,19.157244060668017,0.030382306698695998,0.04036734642656656,573.1274659488665,429.76155919280353,0.4605734067084348,0.4145859074527529,0.0,0.0,4.0,0.5777867823868706,3911.7864258252303,7176.599981969048,224941.62996705316,431931.5208456108,7.5,14.053469322555197,7.5,14.053469322555197,0.01750094719422955,0.029170806932901548,704.3191489457666,308.04544932128465,0.23028670335349685,0.36385567022360976,0.0,0.0,4.0,0.5777867823868706,2042.8998294705814,5219.574061525852,142263.002382856,304733.6189285324,4.25,10.064564299832087,4.25,10.064564299832087,0.010621677332118126,0.020943966995093533,679.5414236018834,255.09141155971852,0.11514335167602702,0.27320499146838095,0.0,0.0,4.0,0.5777867823868706,1,5,0,0.0
388,33782.53601676647,485674.2856281719,283,283,0.2900763358778626,420.26720680198,6.538573075136798,0.004,,none,0,0.0,19038.224545811176,14198.994850760067,547492.8849227153,530375.3459256841,108.0,152.34500319997372,108.0,152.34500319997372,0.12544840239782093,0.1465211235282658,420.9430076141932,339.8870530420693,2.640097765087848,3.3780716222022433,0.0013333333333333333,0.002309401076758503,282.0,6.53857307513824,9534.011126509356,13749.207148591484,293821.00510227575,435676.47466730326,54.5,112.77544058880905,54.5,112.77544058880905,0.06507539823560171,0.11384760097115823,634.0800890194299,318.33014881497667,1.3200488825432035,2.579841471226494,0.0006666666666666666,0.0016329931618554521,282.0,6.53857307513824,4856.159519668986,10479.575510377772,180287.0027033562,317565.83050680277,27.75,81.0040683602317,27.75,81.0040683602317,0.03459908716857538,0.08309501457072767,696.1894855435484,227.42778088448276,0.6600244412708803,1.8709622521876643,0.0003333333333333333,0.0011547005383792514,282.0,6.53857307513824,1,4,0,0.0
389,21.560442859544,24129.45011671455,487,487,0.1432432432432432,455.722300457392,8.913784283959494,0.0,,none,0,0.0,17226.757027622192,16889.854212976807,538624.1141824852,542909.6130577114,258.3333333333333,241.94489730790633,258.3333333333333,241.94489730790633,0.17008088534806087,0.10908149350862034,319.12795537534384,206.64513809485874,5.343381380493905,4.2945984651384785,0.0013333333333333333,0.002309401076758503,451.0,8.109850846218169,9533.857557314743,13749.33463784028,292882.17682221916,436364.8159186405,135.5,204.16635374125678,135.5,204.16635374125678,0.08820853136873484,0.11316327105436813,576.2208638209953,313.0185816116486,2.805679596536693,3.8976302202120516,0.0006666666666666666,0.0016329931618554521,486.0,8.913784283960936,4815.702627501276,10498.811298774695,171781.09044553956,320499.64367818634,68.25,154.53456512438186,68.25,154.53456512438186,0.04620533627482449,0.08800900800922133,672.7574261509977,237.12964690560432,1.4028397982676253,3.0086711150340477,0.0003333333333333333,0.0011547005383792514,486.0,8.913784283960936,1,3,0,0.0
390,8.754147662736,8073.985525436443,465,465,0.2755102040816326,429.295653184278,8.825784283991233,0.0,,none,0,0.0,11270.950202429582,19495.606246215855,172625.90709010742,271226.67635170923,411.6666666666667,111.97023413985227,411.6666666666667,111.97023413985227,0.23627659440091278,0.08089775256208276,435.09505348121655,18.42527338687049,8.092713881029173,1.3466444346610071,0.0013333333333333333,0.002309401076758503,460.0,8.247997501605806,9530.65298363022,13751.99527599566,288401.11387076543,439668.69963932765,212.83333333333334,229.35423838827717,212.83333333333334,229.35423838827717,0.13332945054980438,0.1264409938404803,504.1112597150416,282.364444382037,4.276643643868805,4.274225491145055,0.0006666666666666666,0.0016329931618554521,464.0,8.825784283992675,4813.580089711412,10499.868367440387,168482.23766582963,322093.108202068,106.91666666666667,190.12840557386633,106.91666666666667,190.12840557386633,0.06885587797298524,0.10863584271922777,652.3476752215208,247.31429871525836,2.1383218219336815,3.6458452108435373,0.0003333333333333333,0.0011547005383792514,464.0,8.825784283992675,1,2,0,0.0
391,22.27523777494,29176.168245699635,456,456,0.2234332425068119,476.310013506622,8.789784284004217,0.0,,none,0,0.0,17.529942765737577,7.60846034957703,20459.867962616645,11019.296882299108,469.3333333333333,15.947831618541024,469.3333333333333,15.947831618541024,0.2140622299438959,0.0666295665579234,453.7759890494305,23.567533074160796,8.843117617318311,0.06379132645118953,0.0,0.0,173.0,2.251211208867419,9527.87724428846,13754.295766011774,283976.3764426663,442602.4325256734,288.6666666666667,220.34941948338934,288.6666666666667,220.34941948338934,0.1697553161708584,0.1127780946885632,437.35949833181195,216.2287131194837,5.741607691203082,4.013653133165965,0.0006666666666666666,0.0016329931618554521,455.0,8.789784284005659,4813.768477431486,10499.774562865472,168592.5259114696,322040.7998756916,144.83333333333334,211.27871868623438,144.83333333333334,211.27871868623438,0.08713656146101902,0.11501198274182775,628.4189028647394,249.46876470290107,2.8708038456008196,4.038960644949523,0.0003333333333333333,0.0011547005383792514,455.0,8.789784284005659,1,1,0,0.0
392,20815.50527517261,558730.220693598,165,165,0.087227414330218,514.203735353562,3.4628262605482965,0.0,,ddos,1,0.654,6948.844886870093,12008.882064886775,198660.1248215778,312008.3027498708,362.0,170.6663411455229,362.0,170.6663411455229,0.1953902869728875,0.0972234937936921,473.26980068148714,42.535605966441025,7.026131609514581,3.0859654498193243,0.0,0.0,-322.0,-5.450958023411197,12087.800957246145,14264.740197616442,368642.11950203177,437621.60114965006,310.1666666666667,195.67771121583235,310.1666666666667,195.67771121583235,0.18273558616047422,0.09344860476107378,396.19887802841566,157.90031314593855,6.184756495004244,3.46932241131897,0.0006666666666666666,0.0016329931618554521,129.0,2.6588928228069717,6544.805762170236,11321.885260374174,210505.0338340005,338340.05594387813,158.5,206.37631118464594,158.5,206.37631118464594,0.09407350734311885,0.11201198542852933,609.5314661255362,248.76132603266478,3.1593727006466312,3.9376382632764644,0.0003333333333333333,0.0011547005383792514,164.0,3.4628262605497393,1,1,0,0.0
393,53.47265836790599,9037.376398845843,1,1,0.0021645021645021,73.83381984465599,-1.4428232973175177e-12,0.0,,ddos,1,1.0,6963.75105710515,11995.981181548943,198981.25511271425,311714.42284830275,207.33333333333334,230.43509570665086,207.33333333333334,230.43509570665086,0.10427505300051064,0.11161509911899369,354.7825229016132,244.04531106106612,4.084203514850355,4.427714896982552,0.0,0.0,-464.0,-8.825784283992675,9117.35062976737,14668.281436810274,185803.58110141114,261725.6156003689,309.5,196.9281594896982,309.5,196.9281594896982,0.1702758237007117,0.11326196523105259,394.938788191415,160.91635277540811,6.088458697939765,3.658919346429321,0.0006666666666666666,0.0016329931618554521,-4.0,-0.5777867823868706,6514.5685277962975,11340.210171603083,205372.60553423208,341110.6250062923,158.5,206.37631118464594,158.5,206.37631118464594,0.09388838544747065,0.1121754033970891,549.6289685685908,284.6176031181509,3.1593727006466312,3.9376382632764644,0.0003333333333333333,0.0011547005383792514,0.0,0.0,1,1,0,0.0
394,113.561650586988,157083.58967047776,1,1,0.0048076923076923,853.4255504960001,-1.4428232973175177e-12,0.0,,ddos,1,1.0,6994.179861375833,11969.65662904731,241617.06225430698,284429.2297875262,55.666666666666664,94.68544414709862,55.666666666666664,94.68544414709862,0.03139986960080409,0.04836613150148895,480.48770189807254,390.8879568482093,1.1542754201818017,1.999263673685305,0.0,0.0,-455.0,-8.789784284005659,3505.85490207079,8480.046480323095,131038.46510846213,216983.21603435112,262.5,234.57173742802013,262.5,234.57173742802013,0.12273104977235001,0.11278818241411342,467.13184547375164,248.09994770386498,4.99869651875006,4.397264846224219,0.0,0.0,-282.0,-6.53857307513824,6519.93301429007,11336.888421974496,212429.7351053689,338978.813909744,158.5,206.37631118464594,158.5,206.37631118464594,0.09390322400397588,0.11216253391566822,550.6059672465908,285.7292880499886,3.1593727006466312,3.9376382632764644,0.0003333333333333333,0.0011547005383792514,0.0,0.0,0,-1,0,0.0
395,19376.978708422797,740643.4036266728,57,57,0.2452830188679245,142.59755854726,2.5000754685100826,0.0,,none,0,0.042,6514.671005792562,11139.125739913501,302254.7898986652,386804.6700865842,19.666666666666668,32.331615074619044,19.666666666666668,32.331615074619044,0.08408507111337293,0.13960777336431746,356.6189762959719,431.61868827283814,0.8333584895023972,1.4434192447395089,0.0,0.0,-108.0,-0.9627507920382139,6731.757946331333,10362.137828020297,250457.4573601218,319384.36076925416,190.83333333333334,217.31674272054306,190.83333333333334,217.31674272054306,0.13973767904313025,0.12366790438483977,414.94438848872966,281.6448337631378,3.9297450495084902,4.018431089891775,0.0,0.0,-430.0,-6.413708815449411,8132.807751823035,11699.439782394495,271669.81709117047,365252.42614374356,163.16666666666666,203.09819986370823,163.16666666666666,203.09819986370823,0.11397310520593255,0.11617547137195687,495.5826261548625,296.1192217802212,3.3677123230225914,3.8196515573626173,0.0003333333333333333,0.0011547005383792514,56.0,2.5000754685115254,0,-1,0,0.0
396,7246.771341604452,330846.2297274737,299,299,0.1584507042253521,265.746665275206,6.659752580322151,0.0,,none,0,0.0,8912.437233538076,9739.129393005027,409524.40767487447,299630.1151085955,119.0,158.37929157563497,119.0,158.37929157563497,0.13618047180032292,0.12177466119953362,420.5899247728219,379.8702867997883,3.0532760162769286,3.364163973756162,0.0,0.0,298.0,6.659752580323594,7938.094145321618,9830.610137777594,304252.8313937947,296776.2804603778,163.16666666666666,183.34275733354374,163.16666666666666,183.34275733354374,0.12022776240041681,0.10592537991094989,387.6862238372177,287.8246057931988,3.5687397655636435,3.5619863605447,0.0,0.0,-166.0,-2.1660317036690815,8734.373564475916,11427.240499312175,296326.97263228,357729.89572854026,188.0,199.6565232411084,188.0,199.6565232411084,0.1267786064751106,0.11141752671833034,445.8987417761296,278.55598142978,3.922691704716224,3.7693396529469645,0.0003333333333333333,0.0011547005383792514,298.0,6.659752580323594,0,-1,0,0.0
397,63278.41053170186,1065444.6105284735,106,106,0.1654676258992805,131.62386278678,3.300556421569664,0.0,,none,0,0.0,29967.386860576367,29478.868808083822,712311.4146275398,368117.80922599824,154.0,127.94139283281233,154.0,127.94139283281233,0.18973378299751897,0.04823481628226607,179.98936220308187,74.47040870247451,4.153461490133964,2.207105278553859,0.0,0.0,105.0,3.3005564215711067,18480.783360976104,23732.699516848912,476964.2384409237,391190.79142735957,104.83333333333333,114.16902673959657,104.83333333333333,114.16902673959657,0.11056682629916159,0.0968877727617726,330.2385320505773,300.708281030547,2.6538684551578844,2.4991764050730207,0.0,0.0,-350.0,-5.489227862434553,14004.330302632281,19075.381506211113,380470.30744179495,410805.0508134247,196.75,192.90276636877778,196.75,192.90276636877778,0.14016107123501,0.10489844775759109,383.7990151911947,255.89883255610346,4.197738073180484,3.5723543504207713,0.0003333333333333333,0.0011547005383792514,105.0,3.3005564215711067,0,-1,0,0.0
398,22742.49515189806,559406.8149390994,74,74,0.2079207920792079,105.971299480386,2.7367817582094616,0.0,,none,0,0.0,31089.225675068123,28933.321281908353,651899.2183983487,375931.9470224826,159.66666666666666,121.72236168154696,159.66666666666666,121.72236168154696,0.1772797074012801,0.02676688906325239,167.78060918079052,85.80515492129452,4.232363586700424,2.120995865750013,0.0,0.0,17.0,0.236706289699379,18801.948340430346,23783.59733553059,477077.0041485072,391219.1720141291,89.66666666666667,110.56521454176588,89.66666666666667,110.56521454176588,0.1306823892573266,0.10338419010369755,262.1997927383813,296.91895415987113,2.532861038101412,2.4695756167160914,0.0,0.0,-91.0,-0.7260445023388349,15444.874648838244,19023.79108778869,422859.56182526937,399784.0217310429,199.91666666666666,190.31861244351336,199.91666666666666,190.31861244351336,0.15670898770890038,0.09780930816434119,329.19933538339853,237.28274957997752,4.358808766552828,3.446790732448695,0.0003333333333333333,0.0011547005383792514,38.0,1.9328483204681368,0,-1,0,0.0
399,56331.93922619409,970449.9042892422,126,126,0.1989528795811518,135.22073663784,3.930337108392567,0.0,,none,0,0.0,47450.948303264675,21678.194314783726,865100.4432522715,268965.5077269645,102.0,26.229754097207977,102.0,26.229754097207977,0.19078043251988,0.0223754217368543,124.2719663016685,15.950554220856104,3.3225584293905626,0.5970817864822118,0.0,0.0,-173.0,-2.7294154719295842,28181.69276840138,25912.988069204166,637312.4254635733,356529.26576713007,110.5,101.95832481950677,110.5,101.95832481950677,0.1634804521601015,0.08382265658184852,272.4309455372453,290.10970639238553,3.187917222833747,2.1659631267015484,0.0,0.0,125.0,3.93033710839401,18649.521699084373,22408.510109204733,411558.0032824921,380149.2273569543,210.0,182.0799025403158,210.0,182.0799025403158,0.16687813793040662,0.09506508958952951,333.6848668643302,232.63570549904247,4.638187960386756,3.2422615254838036,0.0003333333333333333,0.0011547005383792514,121.0,3.3525503260071394,0,-1,0,0.0
400,42933.44881216789,1222152.7706037052,127,127,0.2681564245810056,124.910548716076,3.896220710277224,0.0,,none,0,0.0,40669.29439675334,16908.799032388368,917336.4966106821,334550.1845670839,109.0,30.31501278244822,109.0,30.31501278244822,0.22501003208045503,0.037633950802458294,122.03419494476718,14.835344679848856,3.5211131922930825,0.679465106553562,0.0,0.0,21.0,0.5956642887075603,35318.34062866486,22278.324080653583,814823.9556191112,334042.5186378889,131.5,86.7334998717338,131.5,86.7334998717338,0.20737190753898704,0.043249148277425875,151.01177857392463,57.56745706747134,3.837287341213525,1.5010509410384243,0.0,0.0,126.0,3.896220710278667,19412.097765367824,23114.885611322177,472931.21036378667,446808.7238294836,197.0,181.96303320879613,197.0,181.96303320879613,0.16505147865566855,0.09266289784405059,309.07181202383816,238.2003875482738,4.417991929981792,3.190783234000371,0.0,0.0,-156.0,-2.6423523648595735,0,-1,0,0.0
401,3862.97180001102,491586.6103006744,5,5,0.0204081632653061,149.22482709039997,1.3743315666324667,0.0,,none,0,0.0,34376.11994612433,27261.12697016914,894729.7617312073,371122.4644732998,86.0,70.14983962918231,86.0,70.14983962918231,0.1625058224758211,0.12783227771172448,136.4520374814385,12.203815368206163,3.066963128434084,1.4659611813279125,0.0,0.0,-69.0,-1.3624501915769949,32732.67281059623,25206.418861453825,773314.490064778,359600.7324855416,122.83333333333333,97.58568884148288,122.83333333333333,97.58568884148288,0.16989276493855066,0.08299700797483014,152.11632333111461,57.43715617664111,3.6496633575672557,1.7511464037920452,0.0,0.0,-52.0,-1.1257439018776159,19732.21537846378,22846.98106626697,511885.97371244995,423913.98285788426,156.83333333333334,164.48809480729398,156.83333333333334,164.48809480729398,0.15481522199084044,0.10164074753519235,283.5303559099222,237.47726627637576,3.789704203537873,2.9589133143635236,0.0,0.0,-482.0,-7.539452717327027,0,-1,0,0.0
402,61316.79628543824,1910465.9014856804,91,91,0.2294117647058823,119.581328676572,3.174188439287064,0.0,,none,0,0.0,36037.738965872384,29341.073561030335,1208068.4274633531,709544.4928118939,74.33333333333333,62.684394655554655,74.33333333333333,62.684394655554655,0.17265878418406463,0.13326843529065832,131.23890149434916,15.80254049882554,2.814913572065583,1.298764811607966,0.0,0.0,-35.0,-0.756148669105503,41744.34363456853,23904.298500459405,1036584.4353578127,515370.2010290739,88.16666666666667,45.5693610517716,88.16666666666667,45.5693610517716,0.18171960835197234,0.0860405275356394,127.75543389800896,14.704340932576805,3.0687360007280744,0.9458486499427391,0.0,0.0,-208.0,-3.4855641410350873,24841.21888994507,24806.28480846928,670418.6333758036,554103.8430948058,125.66666666666667,133.2566446123169,125.66666666666667,133.2566446123169,0.15097368537619457,0.09744907005248725,257.7208288676133,237.02476920559388,3.3187378831458587,2.4983975555447917,0.0,0.0,-374.0,-5.651595844704168,0,-1,0,0.0
403,32028.672785600527,761240.7921719295,82,82,0.1956521739130435,129.681118387184,3.108282903665656,0.0,,none,0,0.0,32402.81362368326,28728.739495940503,1054431.1013194278,753508.4795620557,59.333333333333336,47.268735262679996,59.333333333333336,47.268735262679996,0.14849070062807723,0.11219973161995193,132.8290913847185,15.070386526138448,2.5522676365283936,1.0206546543654127,0.0,0.0,-45.0,-0.7879378066115681,36536.05401021831,21563.849248424634,985883.7989650551,526799.7922345736,84.16666666666667,44.7366367384353,84.16666666666667,44.7366367384353,0.1867503663542662,0.08578228276988283,127.43164316474297,14.623287505605198,3.03669041441074,0.9396605850402329,0.0,0.0,-24.0,-0.19227351790400782,27508.418685597204,23585.784429072155,731424.0187029894,516081.26907863864,94.5,83.3726573883788,94.5,83.3726573883788,0.14865859632671388,0.09588866558563355,228.83508760766017,228.9478814505681,2.8452794347843127,1.811174444467603,0.0,0.0,-374.0,-5.681501380338561,0,-1,0,0.0
404,84205.46869836727,1516127.8382935887,131,131,0.149171270718232,81.1290824602,3.837786536918476,0.0,,none,0,0.0,59183.645923135344,26153.72355481671,1395944.8439837326,583962.8002366784,101.33333333333333,26.083200212652823,101.33333333333333,26.083200212652823,0.1914117364457192,0.040287965961081286,110.1305098413185,25.618616876327494,3.3734192932903966,0.4035016575213009,0.0,0.0,126.0,2.4634549702860093,46779.88293462984,27486.333391636726,1145337.30285747,516587.5936199216,93.66666666666667,48.073554753801155,93.66666666666667,48.073554753801155,0.1769587794607702,0.08623427467793804,123.29127366137863,23.020545199272625,3.2201912108622426,0.9761746377603978,0.0,0.0,57.0,1.1010047787090143,32790.915637530095,28530.820018400893,811207.1535029886,559162.6363394554,91.66666666666667,81.3112240192899,91.66666666666667,81.3112240192899,0.1538205843590484,0.09392826921448749,192.74553319988001,213.4863811325525,2.876526124481827,1.8259710131521,0.0,0.0,-34.0,0.37496027637017937,0,-1,0,0.0
405,10625.370487917344,369537.1896494364,8,8,0.3555555555555555,119.31390060862,1.2362337484029404,0.0,,none,0,0.0,42286.50399062838,37847.39144165682,882301.9400383182,582803.0370816546,73.66666666666667,61.92199393861061,73.66666666666667,61.92199393861061,0.2334596667289436,0.10826205771978295,110.04136715200117,25.569707774856404,2.727434396329022,1.341940168939599,0.0,0.0,-83.0,-1.9379546908841236,39162.12147825039,30480.21610751963,1045185.1837508357,607521.3973378128,74.0,55.72791042197844,74.0,55.72791042197844,0.20305922545650415,0.11358469874982145,120.64013432317529,22.275832990527647,2.771173984197304,1.1820884751194216,0.0,0.0,-118.0,-2.6941033599896267,33671.90712332588,27575.255817053425,841248.8046072045,520494.292058238,92.25,80.62384601006417,92.25,80.62384601006417,0.18326983880830283,0.09739238612184635,196.53553993021035,211.57861713139326,2.979545603515526,1.6777872854407232,0.0,0.0,7.0,1.2362337484043833,0,-1,0,0.0
406,14702.54499266928,787168.2880626735,10,10,0.0652173913043478,127.29976012544,1.4523131789733026,0.0,,none,0,0.0,36511.128059651295,41354.78732513271,890944.4386685662,580297.0325320367,49.666666666666664,70.4438310523592,49.666666666666664,70.4438310523592,0.1899814058593784,0.1494093797352405,109.24758106475319,24.67652651582024,2.175444488098238,1.4436787715886767,0.0,0.0,-72.0,-1.6559697246923535,34456.97084166729,31926.275030834106,972687.7699939973,608133.4035837677,54.5,53.91382012063379,54.5,53.91382012063379,0.16923605324372784,0.12033794329952904,121.03833622473594,22.388508058028595,2.363856062313318,1.1370912158500235,0.0,0.0,-117.0,-2.4439075313039216,34887.65573516607,26251.025399306393,893755.8628065541,474994.3689358641,93.0,79.73478766282857,93.0,79.73478766282857,0.18830398039135746,0.08848296049106892,136.02505739933034,44.48851615884179,3.100571701763421,1.4845767993454495,0.0,0.0,9.0,1.4523131789747454,0,-1,0,0.0
407,61670.81617495602,1414868.519285224,129,129,0.2222222222222222,111.390237012,4.020051449285147,0.016,,none,0,0.0,28999.57721851421,28367.467796707584,857191.3323324444,526171.851419416,49.0,69.28924880527997,49.0,69.28924880527997,0.21433172302737513,0.1453298227768417,119.33463258201986,7.954781818817015,2.2361994588871283,1.5486344057956742,0.005333333333333333,0.009237604307034013,-2.0,0.18226491236667153,44091.61157082478,29475.678025470275,1126568.0881580887,578121.3986781132,75.16666666666667,54.90142681813215,75.16666666666667,54.90142681813215,0.2028717297365472,0.0962036837721031,114.73257121166931,17.698915119411083,2.8048093760887647,1.1884500535162137,0.0026666666666666666,0.0065319726474218085,124.0,2.6457198826526804,38412.1421907105,26812.433011023957,949941.2891114334,494703.7226981962,99.0,79.48813519238976,99.0,79.48813519238976,0.18638224733754893,0.08737645661573021,133.42444727139198,44.97881046357155,3.2272363668280097,1.4935001913182042,0.0013333333333333333,0.0046188021535170055,72.0,1.5199759807750648,0,-1,0,0.0
408,121385.85666437991,1908784.271185502,202,202,0.1939163498098859,81.4847848312,5.388017095211865,0.0,,none,0,0.0,65919.73927733506,53468.422998609996,1370273.6928444663,562136.2177516301,113.66666666666667,96.91405126880896,113.66666666666667,96.91405126880896,0.16045198777881856,0.08368110227224143,106.72492732287985,23.261058148205304,3.6201272411567698,1.9980980602210743,0.005333333333333333,0.009237604307034013,194.0,4.151783346808925,54103.121633981726,43405.96573967181,1126287.8164413925,577665.5887249083,93.66666666666667,75.96490417730229,93.66666666666667,75.96490417730229,0.19695582725388117,0.09533266157720018,108.38314723744061,21.93750999289297,3.173780818742898,1.598858925819019,0.0026666666666666666,0.0065319726474218085,111.0,2.2138286559248006,47923.732634275126,34026.30656616291,1081436.1258996024,524028.1023225663,90.91666666666667,59.79276078610384,90.91666666666667,59.79276078610384,0.18933771780292674,0.08694453342076562,118.06929056772482,20.478850300911844,3.121258409735486,1.2536492516476372,0.0013333333333333333,0.0046188021535170055,-97.0,-1.2717354851102867,0,-1,0,0.0
409,29562.17199098719,1127201.5692085696,64,64,0.3304347826086956,116.19482779054,2.817887863764009,0.0,,none,0,0.0,70872.94827677436,46598.355047835685,1483618.1198930983,395300.8483360453,131.66666666666666,69.03863652574067,131.66666666666666,69.03863652574067,0.24885778488026786,0.072051443580568,103.02328321124651,18.806945724584097,4.075318802753672,1.2859556473126317,0.005333333333333333,0.009237604307034013,54.0,1.3655746847907064,53692.038168212835,43667.727874697215,1187281.2792808323,550074.1680802196,90.66666666666667,76.86785197120261,90.66666666666667,76.86785197120261,0.21941959536982317,0.10975316720691342,106.13543213799998,19.91671239135737,3.1253816454259566,1.6056191492389031,0.0026666666666666666,0.0065319726474218085,-18.0,-0.29039503990164706,45114.046089215575,34035.187190511926,1086582.5391229438,524160.0113662644,87.41666666666667,60.0582419343292,87.41666666666667,60.0582419343292,0.20308498086204466,0.09545280810156524,116.7835376513715,20.029899609509343,3.0810360299183484,1.255115812866431,0.0013333333333333333,0.0046188021535170055,-42.0,-0.4826685578056549,0,-1,0,0.0
410,27535.065524814585,1577925.8524899934,58,58,0.0833333333333333,111.82898610446,2.682443430873449,0.0,,none,0,0.0,59494.364726727224,53609.186440923506,1537970.5642946882,392320.2757932194,108.0,81.46164741766519,108.0,81.46164741766519,0.20256148858397152,0.12377736213384699,103.16953290873317,18.9059876175838,3.629449463283106,1.5244692143991947,0.0,0.0,-71.0,-1.3376080184116983,44246.97097262073,41838.29417618855,1197580.9483135666,557984.6908394285,78.5,74.96065634718023,78.5,74.96065634718023,0.2084466058056734,0.12090574275740806,111.25208274537664,15.70602122966237,2.9328244610851186,1.572022148638763,0.0026666666666666666,0.0065319726474218085,-73.0,-1.1553431060450268,45513.42695362528,33775.93797024656,1171459.1255855183,513387.7217196651,86.08333333333333,60.55869929750849,86.08333333333333,60.55869929750849,0.1927026926332218,0.10146526204861406,117.27167820337768,19.812643746355477,3.076507835973681,1.2565678993599168,0.0013333333333333333,0.0046188021535170055,-16.0,-0.054338327336012515,0,-1,0,0.0
411,40994.98134257977,931594.411641794,101,101,0.0662650602409638,119.05090155022,3.324327046349276,0.0,,none,0,0.0,32697.406286127178,7257.038240177604,1212240.6111134524,331451.0700590702,74.33333333333333,23.288051299611308,74.33333333333333,23.288051299611308,0.16001105872766416,0.14783780210993883,115.69157181507319,3.6371645011923035,2.941552780328909,0.3383391828414628,0.0,0.0,-101.0,-2.063690048862589,49308.572781731134,38674.6915644415,1291257.1519789596,421705.0060610918,94.0,66.61831579978626,94.0,66.61831579978626,0.16023152325324141,0.107440566685058,111.20824956897663,15.679366401354196,3.280840010742842,1.334498667675757,0.0026666666666666666,0.0065319726474218085,93.0,2.0880932979463354,44235.347129990754,33619.161378852565,1168221.1678648975,514891.0778411254,84.0,59.48108943185216,84.0,59.48108943185216,0.1816453743548728,0.10775706347930149,115.92419194607601,19.014725587604158,3.026006997470073,1.2310519397150013,0.0013333333333333333,0.0046188021535170055,-25.0,-0.6060100620432913,0,-1,0,0.0
412,6994.325779370108,381395.3518744071,3,3,0.0277777777777777,120.95840361148,0.8280835106443815,0.0,,none,0,0.0,25174.790882254816,17122.771883466776,963638.5386687313,598908.5316503142,54.0,49.12229636326046,54.0,49.12229636326046,0.05912539045069157,0.028457619398101708,117.27943042205318,4.81561506689328,2.2782846626223674,1.296270102969587,0.0,0.0,-61.0,-1.9898043531196277,48023.8695795146,40153.889983801564,1223628.329280915,535812.7522358664,92.83333333333333,68.4205134931529,92.83333333333333,68.4205134931529,0.15399158766547974,0.11489130993393072,110.15135681664997,14.550871533099464,3.176801732688021,1.5173657281362516,0.0026666666666666666,0.0065319726474218085,-7.0,-0.6242296683289211,41240.42021059094,35304.25137284529,1098158.0496374562,561938.3016076384,73.66666666666667,62.04739146715825,73.66666666666667,62.04739146715825,0.1616138204546038,0.11245336393843652,115.59484652069301,18.878666986537723,2.77032889750067,1.3470343830184068,0.0013333333333333333,0.0046188021535170055,-124.0,-3.068137199632843,0,-1,0,0.0
413,609.2386706680061,9277.168590040132,7,7,0.0141843971631205,231.330347182814,1.1474815318699731,0.0,,none,0,0.0,16199.515264205957,21709.529886187556,440755.6440354136,464015.0939589438,37.0,55.4616984954481,37.0,55.4616984954481,0.03607574506062063,0.02701371989244215,157.11321744817118,64.28099564073848,1.7666306962878753,1.3584245335080816,0.0,0.0,-51.0,-1.534961899003476,37846.9399954666,43593.95165030923,989363.1041650511,713340.21116151,72.5,73.46495763287456,72.5,73.46495763287456,0.11931861682229615,0.12138979122913618,130.1413751784523,51.660133931799145,2.698040079785492,1.6458303579518512,0.0,0.0,-122.0,-2.8725699174151744,40969.27578314569,35628.42180951725,1057965.59616157,623178.7037764175,73.83333333333333,61.84854423705071,73.83333333333333,61.84854423705071,0.16109517327942166,0.11317585630853229,122.43697319506083,37.68578088535681,2.751424727937128,1.3698060424146412,0.0013333333333333333,0.0046188021535170055,2.0,-0.22685003476249355,0,-1,0,0.0
414,75586.2469147614,814654.1497922245,192,192,0.1409090909090909,69.76021592646,4.4955286024306265,0.0,,none,0,0.0,27729.937121599836,41567.56096538164,401775.55675222375,403075.09849373315,67.33333333333333,107.98302335706909,67.33333333333333,107.98302335706909,0.06095708861666299,0.06957324918429526,140.68298890691784,82.57131025577992,2.1570312149816586,2.0314849980543612,0.0,0.0,91.0,1.1712015560813507,30213.67170386351,26825.61120314326,807008.0839328383,553161.6581523322,70.83333333333333,69.96975537092237,70.83333333333333,69.96975537092237,0.11048407367216363,0.11671370010555046,128.18728036099563,54.03583418124974,2.549291997655286,1.3715699420499066,0.0,0.0,-10.0,-0.8924884927812382,42158.396668922614,36594.30388483201,966647.9501871153,564418.0756243038,82.25,70.64395361117734,82.25,70.64395361117734,0.1537199504630224,0.11118539524804277,118.28521379921817,40.65625264232016,2.861536408199092,1.457199328600767,0.0013333333333333333,0.0046188021535170055,101.0,1.3213401631435624,0,-1,0,0.0
415,42052.54230706483,729323.1869312618,97,97,0.1642512077294686,102.62980984572,3.1402580414752888,0.0,,none,0,0.0,39416.00929749807,37557.97413388555,517751.5017711753,442413.7813559783,98.66666666666667,92.51126057585277,98.66666666666667,92.51126057585277,0.1064482319338933,0.08075069664944322,134.5734576516645,85.39042279384259,2.9277560585919606,1.6841088492788845,0.0,0.0,94.0,2.3121745308309074,32295.40008987645,27246.2838895718,740695.0202199536,530483.8623265326,76.33333333333333,70.61916642574252,76.33333333333333,70.61916642574252,0.08278681119229248,0.06003365591303234,125.92644403685897,54.91457725139096,2.603020360607166,1.390381043701226,0.0,0.0,33.0,0.32237017771127974,42993.71912904464,36456.201094681855,963988.149750393,565548.1213538918,83.5,70.7717200839174,83.5,70.7717200839174,0.1511032032810578,0.11047605289978464,116.0309380874295,40.716853325273114,2.864201003016561,1.4577206812837014,0.0013333333333333333,0.0046188021535170055,15.0,0.03197513780963268,0,-1,0,0.0
416,20554.92673668406,764637.3094712425,18,18,0.297029702970297,108.256118248264,1.696333787095422,0.0,,none,0,0.0,46064.5719861701,27734.163710936627,769538.2153982427,42876.07100556335,102.33333333333333,87.12251909428086,102.33333333333333,87.12251909428086,0.20073000053628545,0.0842106770016333,93.54871467348119,20.792627083598994,3.1107068103337774,1.3998313684141934,0.0,0.0,11.0,0.5488522552254489,31132.043625188035,27636.41608008464,605146.9297168284,345382.0199782044,69.66666666666667,74.47863228246555,69.66666666666667,74.47863228246555,0.11840287279845307,0.10612152857584546,125.3309660608263,55.1170182478962,2.4386687533108278,1.4366280692642175,0.0,0.0,-40.0,-0.986109643778027,37689.50729890438,34492.52320116189,901363.9390151975,539874.7728408059,74.08333333333333,71.39195056909848,74.08333333333333,71.39195056909848,0.16342473930206322,0.11821533082265182,118.29152440310149,39.33246274707463,2.6857466071979736,1.4587771596481074,0.0013333333333333333,0.0046188021535170055,-113.0,-2.1414527498230536,0,-1,0,0.0
417,27279.4230628446,745345.6999357357,65,65,0.0555555555555555,133.9666435411,2.6214071665794902,0.0,,none,0,0.0,29962.29736886449,10997.055501787661,746435.3987794132,17682.2621677773,60.0,39.73663297261098,60.0,39.73663297261098,0.172278822085107,0.12093706177843591,114.95085721169453,16.706703261086858,2.4859996650500653,0.7314237531687338,0.0,0.0,-127.0,-1.8741214358511362,28846.117245232166,27221.57180271036,574105.4777658187,317411.40650628967,63.666666666666664,72.88255392524826,63.666666666666664,72.88255392524826,0.11661795535088504,0.10725783173358638,127.8169230593063,55.113490770937005,2.321515440015864,1.377400041364121,0.0,0.0,-36.0,-0.7029198797697855,39077.345013481645,33628.809287200056,932681.3148723891,516618.82704814104,78.83333333333333,68.43023432443414,78.83333333333333,68.43023432443414,0.13842473930206323,0.10485705382459054,119.5125863141415,39.59366464915578,2.8011777253793526,1.386673545375692,0.0013333333333333333,0.0046188021535170055,57.0,1.3851734181765498,0,-1,0,0.0
418,78110.22690621704,1226488.3369582137,137,137,0.203883495145631,122.506261155694,4.08844614277899,0.0,,none,0,0.0,41981.52556858189,31468.508194195805,912157.1154550639,272389.6641915119,73.33333333333333,59.936077059925516,73.33333333333333,59.936077059925516,0.18548958455716114,0.12178338526856425,121.57634098168586,12.880463553598474,2.802062365484632,1.2062452512744184,0.0,0.0,40.0,0.948188101303701,40698.76743304,31021.314184364757,714954.3086131198,393239.3287406941,86.0,71.08305001897466,86.0,71.08305001897466,0.14596890824552725,0.10205394554886914,128.0748993166753,55.07857815000831,2.864909212038299,1.3119602739117942,0.0,0.0,134.0,3.2603626321346084,44361.31850627729,34422.845792703156,969291.3189470173,520917.9095633235,89.41666666666667,66.61348257377072,89.41666666666667,66.61348257377072,0.1499802479555035,0.10369018304429622,119.11312806666267,39.532090870168325,3.0208554723631598,1.3621514866875952,0.0013333333333333333,0.0046188021535170055,127.0,2.636132963805687,0,-1,0,0.0
419,79703.12032955262,2256448.0928643188,151,151,0.3118811881188119,81.57376312841198,4.296024626605428,0.0,,none,0,0.0,61697.59009953807,29817.645681522707,1409427.3765860891,771982.9205646975,117.66666666666667,46.144699948459255,117.66666666666667,46.144699948459255,0.1904400796066661,0.12869052623737826,112.68222260840184,27.543370881543282,3.668625978654634,0.9128376838244471,0.0,0.0,133.0,2.5996908395100062,53881.08104285409,27140.886295281685,1089482.7959921663,601627.6559676216,110.0,62.91581677130205,110.0,62.91581677130205,0.1955850400714758,0.0974312096176173,103.11546864094163,24.211889351947885,3.3896663944942076,1.1002283119046194,0.0,0.0,144.0,3.148543094735455,45864.01051916034,35619.94166231902,1039422.9500786086,631313.3730205109,91.25,68.0883450178716,91.25,68.0883450178716,0.15745182844688596,0.11224620344124041,116.628421909697,40.972411995176245,3.0438532371398495,1.3827291986553474,0.0,0.0,22.0,0.2759731773202807,0,-1,0,0.0
420,38467.0782520967,1029802.5476737432,68,68,0.1304347826086956,138.2187133088,2.6720082690462625,0.0,,none,0,0.0,65426.80849595545,23361.391621235955,1504246.325832092,658807.2166206269,118.66666666666667,44.433470867504106,118.66666666666667,44.433470867504106,0.2153998219577128,0.09126975871320901,114.09957919763518,29.24323548091593,3.6854930128102246,0.8838188169068664,0.0,0.0,3.0,0.050601102466772296,47694.55293240998,25377.0645292383,1125340.8623057527,588233.8521156758,89.33333333333333,49.53651851580529,89.33333333333333,49.53651851580529,0.19383932202140994,0.09869246625691071,114.52521820466495,21.305626120244074,3.085746338930147,0.9788165561143238,0.0,0.0,-124.0,-1.823520333384364,38954.112318136744,26517.211783183586,966174.4731192953,569213.308593798,80.08333333333333,58.60105232274697,80.08333333333333,58.60105232274697,0.15216169784678676,0.11186670059539311,121.35624928283033,39.8051632412389,2.817519168292716,1.1700730188212933,0.0,0.0,-134.0,-2.716008826165602,0,-1,0,0.0
421,36948.17944951732,1103143.2893445534,71,71,0.0714285714285714,118.01382452052,3.008197271948029,0.0,,none,0,0.0,51706.12601038887,24257.99933163465,1463131.3099608717,688010.4320607447,96.66666666666667,47.07794954470014,96.66666666666667,47.07794954470014,0.17124818071869294,0.12531426621602101,112.60210031924385,28.707623802003322,3.3254100558665716,0.8572194847971831,0.0,0.0,-66.0,-1.0802488708309608,46843.82578948539,25687.689112540593,1187644.2127079677,556860.4514746113,85.0,49.86782529848333,85.0,49.86782529848333,0.17836888263792705,0.11079164486945604,117.08922065046495,20.498163354928614,3.0637362106756036,0.9788304153650177,0.0,0.0,-26.0,-0.13206076952725976,39569.61293968092,26364.674815985964,964169.6164639607,568636.6626353682,80.66666666666667,58.46107225921335,80.66666666666667,58.46107225921335,0.13057784691510976,0.09853561387609845,121.507832343662,39.78718047272045,2.8333782856413845,1.1713674769706175,0.0,0.0,7.0,0.19030940818401998,0,-1,0,0.0
422,55262.8893753044,1641123.3863703725,102,102,0.3333333333333333,95.4697505821,3.58267688016366,0.002,,none,0,0.0,43559.382358972805,10163.947105043118,1258023.0744628895,333795.0012131915,80.33333333333333,18.82374387132724,80.33333333333333,18.82374387132724,0.17839889579020007,0.1373824704686287,117.23409613713984,21.38514521381038,3.0876274737193157,0.4605010288085031,0.0006666666666666666,0.0011547005383792516,-49.0,-0.7133477464417681,52628.486229255446,22263.36676940719,1333725.2255244895,538356.4542213923,99.0,37.57126561616009,99.0,37.57126561616009,0.18441948769843308,0.11923747282812312,114.95815937277096,22.1946063700176,3.3781267261869767,0.7206950205451644,0.0003333333333333333,0.0008164965809277261,84.0,1.8863430930682379,41880.26492722174,26429.040677037352,969436.0776206589,575093.751803388,84.33333333333333,58.289767281204384,84.33333333333333,58.289767281204384,0.1514111802484431,0.11300496734742303,120.14456271679866,40.424133900937775,2.9083977397489025,1.1895091217726506,0.00016666666666666666,0.0005773502691896257,44.0,0.9002334492902109,0,-1,0,0.0
423,10333.371211955857,664509.2429122142,4,4,0.1666666666666666,141.50525978392,0.94759472021416,0.0,,none,0,0.0,34181.48001225919,22592.174971209904,1136258.6395423799,489148.51130783564,59.0,50.089919145472706,59.0,50.089919145472706,0.19047619047619038,0.1325658181626196,118.32961162884652,23.01937918343423,2.512822957441948,1.3856266744781218,0.0006666666666666666,0.0011547005383792516,-64.0,-1.7244135488321026,49804.14425410733,26745.944757671718,1320252.482687236,556724.1391323828,88.83333333333333,53.49174391124971,88.83333333333333,53.49174391124971,0.2029380062169516,0.10270298059036502,116.21459541324096,23.65145678523584,3.0991579851260878,1.2218777805021332,0.0003333333333333333,0.0008164965809277261,-61.0,-1.6738124463653303,39325.13074966975,27960.222313895334,947178.9802265273,581820.4111567399,76.25,62.35255334860718,76.25,62.35255334860718,0.15977798078391833,0.10979906316715629,122.01575923627365,40.885964901865705,2.710336712570976,1.3061137603965705,0.00016666666666666666,0.0005773502691896257,-97.0,-2.376732326135116,0,-1,0,0.0
424,25591.32486809302,839203.3636883543,49,49,0.2166666666666666,147.19611395394,2.179967902808332,0.002,,none,0,0.0,30395.861818451085,22846.839651868417,1048278.6643236469,520795.6963171179,51.666666666666664,49.054391580503015,51.666666666666664,49.054391580503015,0.2388888888888888,0.08552669065744807,128.0570414399865,28.364504215447642,2.236746501062049,1.318458324838432,0.0013333333333333333,0.0011547005383792516,-22.0,-0.8282293691396969,41050.99391441999,24091.692622971976,1255704.9871422595,591156.0031399489,74.16666666666667,49.5637636450938,74.16666666666667,49.5637636450938,0.20506853480379086,0.10285898926860768,120.32957087961529,26.890996021193196,2.781078278464312,1.1596635462273446,0.0006666666666666666,0.0010327955589886444,-88.0,-1.9084782399706577,40874.88067372999,26481.606182931682,985329.6478776896,555775.2028860502,80.08333333333333,58.749790457395456,80.08333333333333,58.749790457395456,0.17551872152465908,0.10244874326183977,124.20223509814532,41.52091206738011,2.822993745251305,1.181346665313787,0.0003333333333333333,0.000778498944161523,46.0,1.3518843921639507,0,-1,0,0.0
425,27705.295805749505,665632.5166302525,46,46,0.1318681318681318,112.94826549038,2.024889911415497,0.0,,none,0,0.0,21209.997295266123,9478.552869421912,723115.0410769401,100537.00523195394,33.0,25.15949125081802,33.0,25.15949125081802,0.1717338217338216,0.042625754202717976,133.88321307607984,18.352124621083167,1.7174841781459946,0.6712373864211745,0.0006666666666666666,0.0011547005383792516,-56.0,-1.5577869687481631,32384.68982711947,15070.10344751371,990569.0577699151,366672.4671373845,56.666666666666664,32.66598638747533,56.666666666666664,32.66598638747533,0.17506635876201085,0.09104771391429223,125.55865460660995,20.020187162544445,2.4025558259326565,0.9100747912708369,0.0006666666666666666,0.0010327955589886444,-105.0,-2.2711347151899313,43132.88543498678,23750.527534735713,1040025.9268810404,477814.575649655,83.33333333333333,55.31781454523128,83.33333333333333,55.31781454523128,0.18532569941674337,0.09054164432654098,114.33706162377582,24.207825911417412,2.8961111102134325,1.0919895996763054,0.0003333333333333333,0.000778498944161523,39.0,0.8774083795455236,0,-1,0,0.0
426,13004.254094439932,599461.8564251459,7,7,0.0333333333333333,144.030617435284,1.4764669430404198,0.0,,none,0,0.0,22100.29158942748,7947.996091090004,701432.578914584,123815.30971927494,34.0,23.430749027719724,34.0,23.430749027719724,0.12728937728937717,0.0917523924641594,134.72499895986786,18.925503494039408,1.893774919088081,0.36962380335734,0.0006666666666666666,0.0011547005383792516,3.0,0.5288722228262598,28140.885800843345,16529.287305564172,918845.6092284821,398196.8228333147,46.5,37.55928646819662,46.5,37.55928646819662,0.15888278388278382,0.10767846152049323,126.5273052943573,20.87748112004092,2.203298938265016,0.968297142901085,0.0006666666666666666,0.0010327955589886444,-61.0,-1.1955413260058427,37917.71936662666,22829.608784191147,1022093.2357671174,490900.8177068048,67.91666666666667,47.507814349245955,67.91666666666667,47.507814349245955,0.1763610529520969,0.10015449362785407,120.52626174951116,21.065147637711746,2.6445226385975817,1.0363636726638976,0.0003333333333333333,0.000778498944161523,-185.0,-3.0190616593902067,0,-1,0,0.0
427,71400.49308707188,1357053.1534421444,156,156,0.2748815165876777,95.297072906718,4.286294610296824,0.0,,none,0,0.0,37370.014329087106,30374.08879658218,874049.1754991807,419600.13238741946,69.66666666666667,77.26793211503288,69.66666666666667,77.26793211503288,0.14669432726304754,0.12145469633070907,117.42531861079385,24.673317451477033,2.595883821584245,1.4893986753073314,0.0,0.0,107.0,2.1063267074884915,33882.9380737691,24339.61753793225,961163.919911414,433617.0497035355,60.666666666666664,58.71853767479843,60.666666666666664,58.71853767479843,0.19279160807596818,0.10666008807540978,122.74118002539029,24.479320588504557,2.4163151613231486,1.2733225011106852,0.0006666666666666666,0.0010327955589886444,85.0,1.2780973383487946,40363.38193162724,24799.790322271634,1074404.066309691,490312.19276610547,72.83333333333333,53.470184271803305,72.83333333333333,53.470184271803305,0.18558024535694764,0.10395797220417854,119.91520033792767,21.727429503908404,2.740025685999376,1.1343703866352857,0.0003333333333333333,0.000778498944161523,59.0,1.1460365688215348,0,-1,0,0.0
428,67279.64979221488,829572.2756560695,150,150,0.1724137931034483,113.161159810076,4.184335621114983,0.0,,none,0,0.0,50561.4656579089,32590.6956458829,928695.7618411197,388400.87855730054,104.33333333333333,84.34650753489046,104.33333333333333,84.34650753489046,0.1602095476748197,0.12123567508464757,117.49628338402584,24.654301103056383,3.31569905815074,1.5936373454486554,0.0,0.0,104.0,2.1594457096994866,35885.73147658751,26818.858502653722,825905.4014590302,277604.39942301344,68.66666666666667,68.01078345870398,68.66666666666667,68.01078345870398,0.1659716847043207,0.0815221454674031,125.68974823005296,21.41059214068636,2.5165916181483694,1.4008508442713856,0.0003333333333333333,0.0008164965809277261,48.0,0.6016587409513234,44257.10885292148,25073.533432316657,1079815.3134917598,486929.36701200536,83.83333333333333,54.72714688397889,83.83333333333333,54.72714688397889,0.1751955862013769,0.09785803258067166,120.32395380141202,21.533422302998133,2.947359172167673,1.1534789366332172,0.0003333333333333333,0.000778498944161523,132.0,2.4880018340195615,0,-1,0,0.0
429,59869.6371779152,1305440.4993779238,73,73,0.2338709677419354,128.95940683565198,2.9520702786611146,0.0,,none,0,0.0,66183.26001906731,5843.090997103622,1164021.9761587123,290789.30196900177,126.33333333333333,46.28534685333295,126.33333333333333,46.28534685333295,0.22705542581102042,0.051572737932643796,112.47254651748183,16.841728610374194,3.8075668366909725,0.7426336105169555,0.0,0.0,66.0,1.4756033356206948,44141.77580424741,24938.271258777124,932727.2775366484,322726.1141540993,80.16666666666667,60.28404985289825,80.16666666666667,60.28404985289825,0.17717240155019884,0.08612362544385489,123.59877273867495,20.131539780789275,2.8506708778895287,1.1721904390310358,0.0003333333333333333,0.0008164965809277261,69.0,2.0044755584469547,46972.96002917736,24831.25215817179,1126489.880111942,478729.0857648275,84.5,54.52522352086229,84.5,54.52522352086229,0.19005520388357522,0.09136216869750326,119.90668407595801,21.292187501009582,2.9749144315078078,1.1489250393536354,0.0003333333333333333,0.000778498944161523,8.0,0.33066311208162436,0,-1,0,0.0
430,47895.41424809596,1236628.8518932902,97,97,0.2137404580152671,113.42658929302,3.30448081713571,0.0,,none,0,0.0,58348.233739408686,9781.265164818842,1123880.5423090942,257190.15838989388,106.66666666666667,39.39966158907123,106.66666666666667,39.39966158907123,0.20667507295355023,0.031331866018306606,118.51571864624917,9.045472925744528,3.480295572303934,0.6346673062750156,0.0,0.0,-59.0,-0.9818137931611135,47859.12403424791,23223.45956715185,998964.8589041377,340013.4306486962,88.16666666666667,58.478771076919195,88.16666666666667,58.478771076919195,0.17668470010829887,0.08586313872475318,117.97051862852163,16.631114258396295,3.038089696944091,1.1327398840457479,0.0,0.0,48.0,1.124512914327378,44455.058974333944,22838.853548921743,1127334.9230231985,478930.55538475583,81.16666666666667,52.19688833173052,81.16666666666667,52.19688833173052,0.1908766174560449,0.09154193154515268,119.1500447540685,21.352652645516358,2.909583987704202,1.1011465320073386,0.0003333333333333333,0.000778498944161523,-40.0,-0.7839653256432797,0,-1,0,0.0
431,11259.736053660014,932317.4931919276,13,13,0.1666666666666666,157.71876917554002,1.5190049165802892,0.0,,none,0,0.0,39674.92915989039,25326.130836381766,1158128.9481543803,198562.00694388305,61.0,43.266615305567804,61.0,43.266615305567804,0.20475936414128967,0.03449057198907741,133.36825510140383,22.4728226299869,2.591852004125703,0.9456738083758018,0.0,0.0,-137.0,-2.665330704534694,45118.19740889966,26776.51100136913,1043412.3549977504,303157.9148246378,82.66666666666667,64.48152190098122,82.66666666666667,64.48152190098122,0.1824844559080547,0.0833695461898676,125.43226924271498,22.819307040195845,2.9537755311382234,1.2372461127636964,0.0,0.0,-33.0,-0.5058849948352075,38751.44361800956,21756.65925774078,1016990.7063838326,321946.4014641574,69.66666666666667,50.58985405526813,69.66666666666667,50.58985405526813,0.1787754073350328,0.08332080483420726,125.49546192466251,20.466583093741463,2.6781656785354397,1.0747769255439326,0.0003333333333333333,0.000778498944161523,-138.0,-2.777019710025139,0,-1,0,0.0
432,76176.49212730925,1986577.12840462,132,132,0.1262135922330097,97.050297360784,4.357340408613826,0.0,,none,0,0.0,45110.547476355074,32547.85579702113,1385174.4911632792,542600.4052885491,80.66666666666667,61.15826463637871,80.66666666666667,61.15826463637871,0.1688735723049811,0.043805146761409695,122.73188527644784,31.386418529174836,3.060275380776607,1.4348394727964575,0.0,0.0,59.0,1.4052701299527115,55646.90374771121,23887.645675662046,1274598.233660996,407752.3484315209,103.5,54.577467878237556,103.5,54.577467878237556,0.19796449905800076,0.05335722720946636,117.60221589696495,23.218024157988072,3.433921108733791,1.1007456349631797,0.0,0.0,125.0,2.8808734655734063,41893.894774277265,24287.909157475453,1096721.921444739,426805.6004363002,75.0,53.67748808646621,75.0,53.67748808646621,0.17842364147039227,0.08355203345418677,122.06476059566118,21.561120271197858,2.8186100234994034,1.1789631164156016,0.0003333333333333333,0.000778498944161523,64.0,1.6853321395675636,0,-1,0,0.0
433,42562.55998154655,707012.4907324624,106,106,0.1342281879194631,124.84765182163,3.4185506936017878,0.0,,none,0,0.0,43332.92938750526,32465.233813229344,1208635.7041096697,683070.4434821177,83.66666666666667,62.564633247013695,83.66666666666667,62.564633247013695,0.14236948227304644,0.02142016136954896,126.53890611931784,30.369575629381295,3.098298672931966,1.4460145604009798,0.0,0.0,9.0,0.11406987646607769,50840.58156345698,22967.447209973983,1166258.1232093822,463948.0946917905,95.16666666666667,48.42898581084183,95.16666666666667,48.42898581084183,0.17452227761329833,0.04262354225478255,122.52731238278363,20.51741072630714,3.2892971226179513,1.020431658053274,0.0,0.0,-50.0,-0.8677439166950358,42361.75981861304,24238.001875996466,1063711.0215603982,441335.6585399693,77.91666666666667,54.38659315632402,77.91666666666667,54.38659315632402,0.1836569428446333,0.07802505950576483,122.63424620408699,21.53463091486046,2.85280614197055,1.1908532967124084,0.0003333333333333333,0.000778498944161523,35.0,0.41035342165375877,0,-1,0,0.0
434,52298.99078697942,1224800.7109998057,99,99,0.2275862068965517,97.50303808992,3.4218581642604904,0.004,,none,0,0.0,57012.68096527839,17295.614036446706,1306130.1100456293,643647.6278656955,112.33333333333333,17.38773514099337,112.33333333333333,17.38773514099337,0.16267599568300814,0.056356544214886485,106.46699575744451,15.919724606727494,3.732583088825366,0.5410582374499838,0.0013333333333333333,0.002309401076758503,86.0,1.9028532476802011,48343.805062584404,21596.29038782518,1232129.5291000048,433653.0398369595,86.66666666666667,40.74636998146853,86.66666666666667,40.74636998146853,0.1837176799121489,0.04772386010194431,119.91762542942429,22.814238573583594,3.1622175464755364,0.9301598838609509,0.0006666666666666666,0.0016329931618554521,-51.0,-0.762477456854493,42114.768269585955,24109.344551864164,1029017.4652795176,406833.6641706013,77.66666666666667,54.27260037546705,77.66666666666667,54.27260037546705,0.1748446823082348,0.06435829830010663,122.80368682973865,21.308271745125122,2.839404582311953,1.182770284512564,0.0005,0.001243163121016122,-3.0,-0.16081871590316954,0,-1,0,0.0
435,5347.0648621501405,225658.30020671475,6,6,0.1382978723404255,155.362957399322,1.642303338856038,0.0,,none,0,0.0,33402.87187689203,24779.94656256504,719157.1673129941,499681.90795574314,70.33333333333333,55.824128594482595,70.33333333333333,55.824128594482595,0.16670408905214673,0.05276471157636099,125.90454910362386,28.944435380929544,2.827570732239437,1.026473005102397,0.0013333333333333333,0.002309401076758503,-126.0,-2.715037069757788,39256.709676623555,26654.912639766426,1052165.829238137,592209.9343000284,75.5,52.67542121331403,75.5,52.67542121331403,0.16778883067856395,0.04338910307306908,124.31821719003597,27.058728384234247,2.9439230565080234,1.1230360159829045,0.0006666666666666666,0.0016329931618554521,-67.0,-1.3097669398050766,41699.24274043548,24741.573991349134,992446.5533873927,458963.30395011813,77.83333333333333,54.02833151283316,77.83333333333333,54.02833151283316,0.1724806161143814,0.06520151966459829,123.95849496435551,22.74127440966901,2.8972969671987756,1.0955401116760903,0.0005,0.001243163121016122,2.0,0.6947086186418779,0,-1,0,0.0
436,61808.17609597511,871263.1012269497,129,129,0.1886792452830188,114.56371176144,3.962554490168361,0.0,,none,0,0.0,39818.077248368216,30229.028639840686,773907.3708111566,506635.95701938873,78.0,64.13267497929583,78.0,64.13267497929583,0.1848544415066653,0.04476687966451742,122.4765690835605,29.730498631413397,3.0089053310949616,1.2139970688210548,0.0013333333333333333,0.002309401076758503,23.0,0.5440037965665732,41575.50331793675,28121.530671184646,991271.5374604134,588219.9474799149,80.83333333333333,56.75003671070813,80.83333333333333,56.75003671070813,0.16361196188985588,0.03907237207442963,124.5077376014393,26.971026005142043,3.053602002013465,1.1951134455224508,0.0006666666666666666,0.0016329931618554521,32.0,0.6580736730326509,44717.313676092315,24806.88957767208,995118.1981822755,458082.6403964444,84.5,55.072679252057405,84.5,55.072679252057405,0.17014833099907742,0.06396613714197685,121.23912811498049,21.634057161466128,3.0458458494787783,1.1101883893248288,0.0003333333333333333,0.0011547005383792516,80.0,1.7825865873600288,0,-1,0,0.0
437,19415.451588387717,913456.1270776376,52,52,0.0666666666666666,139.04191045989998,2.4463220293246977,0.0,,none,0,0.0,28856.89751550432,29390.813978785824,670125.8428371005,385497.8731413828,62.333333333333336,62.14767359550419,62.333333333333336,62.14767359550419,0.13121459476337025,0.06131392134807639,136.32285987355385,20.535080672425934,2.683726619449697,1.1782028924811079,0.0,0.0,-47.0,-0.9755361349357927,42934.78924039137,26514.29288128382,988127.9764413651,588648.2650902006,87.33333333333333,49.15146657696716,87.33333333333333,49.15146657696716,0.14694529522318922,0.05541776551898236,121.39492781549932,23.18324081198863,3.208154854137533,1.0011954838445372,0.0006666666666666666,0.0016329931618554521,39.0,0.9273171127444084,44026.493324645504,25431.276655645277,1015770.1657195577,447338.2484825434,85.0,54.71745608121776,85.0,54.71745608121776,0.16471487556562198,0.06999814650900724,123.41359852910716,22.032656587024068,3.080965192637878,1.0812441580296863,0.0003333333333333333,0.0011547005383792516,6.0,0.4214321179092009,0,-1,0,0.0
438,23874.350617734995,763695.1767540559,40,40,0.1214953271028037,144.04533441956002,2.153299852136639,0.0,,none,0,0.0,35032.659434032605,23295.206900217738,849471.4683528809,77222.03058677241,73.66666666666667,48.29423706130298,73.66666666666667,48.29423706130298,0.12561374635082964,0.06111046038101638,132.55031888029984,15.77647265917986,2.8540587905432306,0.9711011976856763,0.0,0.0,34.0,0.5109965132806011,34217.765655462325,21528.62811958609,784314.3178329378,327647.1357652123,72.0,46.72044520335881,72.0,46.72044520335881,0.14615891770148823,0.05580292233638011,129.22743399196196,21.16414062540671,2.8408147613913357,0.8938032399303665,0.0006666666666666666,0.0016329931618554521,-92.0,-2.204040556477187,44932.334701586755,24398.455803068377,1029456.2757469667,435807.3042163897,87.75,51.154178714939746,87.75,51.154178714939746,0.17206170837974452,0.05866410855871219,123.41482494446349,22.0339089057292,3.137367935062563,1.0048948991075564,0.0003333333333333333,0.0011547005383792516,33.0,0.6768329090962193,0,-1,0,0.0
439,11888.723850651017,544864.1866609377,9,9,0.1052631578947368,129.07039923974,1.4068691591712124,0.002,,none,0,0.0,18392.84201892457,6057.896499498082,740671.8301642103,185371.41230832826,33.666666666666664,22.188585654189986,33.666666666666664,22.188585654189986,0.09780838388806899,0.02816426357857036,137.3858813730665,7.623581518022318,2.002163680210848,0.5359544515776099,0.0006666666666666666,0.0011547005383792516,-120.0,-2.5556853309971483,29105.459633646406,22757.61684346302,757289.6004876838,341684.6524605423,55.833333333333336,49.31294623794769,55.833333333333336,49.31294623794769,0.14133141269736718,0.058241089852528134,129.93122522831362,21.05931849556205,2.5055345056529066,1.0042275879482,0.001,0.0016733200530681513,-97.0,-2.0116815344305756,39973.02059855169,24576.98545497631,961773.8618485328,443308.5257683135,75.5,50.925078658394156,75.5,50.925078658394156,0.15792684515533276,0.051653438721558836,126.22926880554866,20.196194439710638,2.8974158141354294,1.0484456289290047,0.0005,0.001243163121016122,-147.0,-2.879425451125611,0,-1,0,0.0
440,53694.163623069646,664481.1438747924,130,130,0.1048034934497816,116.50340799634,3.921742852042773,0.0,,none,0,0.0,29819.079363818546,21527.390657943604,657680.1690965951,109573.90428260696,59.666666666666664,62.85167725155255,59.666666666666664,62.85167725155255,0.11052065948244066,0.009507119431435646,129.8730472185465,13.78849558902589,2.493970621116873,1.291584241310857,0.0006666666666666666,0.0011547005383792516,78.0,1.4754208227180752,29337.98843966144,23047.280449608137,663903.0059668481,253559.63542520007,61.0,55.92137337369365,61.0,55.92137337369365,0.12086762712290548,0.04084586387393582,133.0979535460503,16.037608441348663,2.5888486202832866,1.1105597529950169,0.0003333333333333333,0.0008164965809277263,31.0,0.49988468778228246,38840.89675112292,23493.80512100882,948016.2675334265,450290.95474330126,73.83333333333333,48.5364592732914,73.83333333333333,48.5364592732914,0.15229265351752722,0.0535809875541199,126.50778948773733,20.021885704558073,2.8755330833794113,1.021538841389942,0.0005,0.001243163121016122,-20.0,-0.2625927690722105,0,-1,0,0.0
441,54853.09372541655,2618100.971121536,97,97,0.3443708609271523,127.27237094344,3.1712687727600137,0.0,,none,0,0.0,40145.32706637907,24477.79603464851,1275815.4338857553,1163990.937128609,78.66666666666667,62.54864773385057,78.66666666666667,62.54864773385057,0.18481250409055686,0.1381817815420912,124.28205939317318,6.79623348652261,2.8332935946579982,1.2910529960207564,0.0006666666666666666,0.0011547005383792516,57.0,1.0179689206233746,37588.993250205844,21553.966604566605,1062643.4511193184,773864.336026723,76.16666666666667,50.053637896427865,76.16666666666667,50.053637896427865,0.15521312522069328,0.10090998524739016,128.41618913673662,11.77045394840676,2.843676192600616,1.0217981737507384,0.0003333333333333333,0.0008164965809277263,91.0,1.5289654339039758,38422.85146341469,23127.380575960786,1057404.6401787275,657005.7718004034,75.83333333333333,48.991341226297436,75.83333333333333,48.991341226297436,0.16150097794962862,0.07434663411336905,126.36720316338632,20.009025149659863,2.8937996245543203,1.0249858228086177,0.0005,0.001243163121016122,24.0,0.21919849409889913,0,-1,0,0.0
442,13440.60743154919,402975.665015337,6,6,0.0461538461538461,185.8538844801,1.3900121297315224,0.0,,none,0,0.0,40662.621593345124,23582.07626597579,1228519.2600038883,1210495.4678861322,77.66666666666667,64.22097269065091,77.66666666666667,64.22097269065091,0.16510940017692663,0.15799034389706518,143.2098878066265,37.32124703106865,2.827674584844768,1.3003683466812426,0.0,0.0,-3.0,-0.01685702943968992,29527.73180613486,19644.538607286082,984595.5450840495,819306.5786077719,55.666666666666664,49.26932784874095,55.666666666666664,49.26932784874095,0.13145889203249783,0.10798378508418938,140.29788458984663,24.301718155879513,2.41491913252781,0.9978589482423914,0.0003333333333333333,0.0008164965809277263,-123.0,-2.5725423604368385,35551.617562035804,23967.948896048336,987933.5412722314,680004.2505508107,68.25,52.345226403873006,68.25,52.345226403873006,0.14753542696117686,0.07922189791793209,132.402811095643,25.828164632692793,2.734260567270637,1.1013974827299682,0.0005,0.001243163121016122,-91.0,-1.9144686874041876,0,-1,0,0.0
443,72889.42578736223,1019682.3315744402,151,151,0.1297709923664122,75.73241528928399,4.274649940332098,0.0,,none,0,0.0,47061.04231477599,30480.773445980103,1346919.6559037708,1143244.6064879056,84.66666666666667,73.28255817951043,84.66666666666667,73.28255817951043,0.1734318998158035,0.15382799844161602,129.6195569042745,55.098243671070605,2.9453102809412095,1.4555331513247598,0.0,0.0,21.0,0.3529070882893248,38440.06083929728,25420.22866306688,1002299.9125001832,818609.3020224195,72.16666666666667,62.576087019457525,72.16666666666667,62.576087019457525,0.1419762796491221,0.10338627867304072,129.74630206141063,35.92206708556577,2.719640451029043,1.2553162507361582,0.0003333333333333333,0.0008164965809277263,99.0,1.8283279110074,40687.42503984432,24875.300841642373,995213.944470774,679822.3282641675,79.75,54.22868244757561,79.75,54.22868244757561,0.14446078743615567,0.07912781956039612,125.570614938455,29.152458412800943,2.963897652583288,1.1122048289647741,0.0005,0.001243163121016122,138.0,2.7556450237518084,0,-1,0,0.0
444,52185.8526351918,1376661.1886367502,89,89,0.2790697674418604,94.00286905712,3.182665714294594,0.002,,none,0,0.0,46171.96195136773,30177.23747865858,933106.395075509,492582.3985009783,82.0,72.75300681071538,82.0,72.75300681071538,0.15166486865403953,0.1179913681653644,118.52972294216785,59.01575565312623,2.9491092614527368,1.456432383286182,0.0006666666666666666,0.0011547005383792516,-8.0,0.011396941534580485,43158.64450887341,24795.712585726775,1104460.9144806324,821121.0471038226,80.33333333333333,60.70804449713991,80.33333333333333,60.70804449713991,0.16823868637229822,0.11634473260608759,121.40589116767063,37.70339632392218,2.891201428055369,1.232570172789394,0.0006666666666666666,0.0010327955589886446,49.0,1.0293658621579551,38688.205082167864,22626.13914910474,944387.6161567848,619049.3905905201,76.16666666666667,51.829849829353435,76.16666666666667,51.829849829353435,0.1571988020368932,0.08775630683679968,125.31666257981631,29.43539043443331,2.866008094723352,1.0268302400783493,0.0006666666666666666,0.0013026778945578591,-43.0,-1.1746746943192319,0,-1,0,0.0
445,43477.33080234163,1034951.9533688704,102,102,0.375,158.70021747142002,3.3404269025577724,0.0,,none,0,0.0,56184.20307496522,15108.207621402327,1143765.1578600202,201838.32936561678,114.0,32.69556544854365,114.0,32.69556544854365,0.26128025326942417,0.12357858494539833,109.47850060594118,43.59513079013928,3.5992475190614868,0.5902105311871366,0.0006666666666666666,0.0011547005383792516,96.0,1.95041477282625,48423.412334155175,19647.512588759077,1186142.2089319543,777541.1069124585,95.83333333333333,49.73295352848772,95.83333333333333,49.73295352848772,0.21319482672317544,0.13735973232388607,126.34419420628394,40.727218271937986,3.2134610519531286,0.9971559362078877,0.0003333333333333333,0.0008164965809277263,93.0,1.93355774338656,38764.43598390079,22641.914603861038,971715.9047098189,614841.9274043336,75.83333333333333,51.63302912835632,75.83333333333333,51.63302912835632,0.1772631197102713,0.10736160388774241,128.13770971729883,30.968615187563813,2.859497778803018,1.0232499486895161,0.0006666666666666666,0.0013026778945578591,-4.0,-0.07812379104401534,0,-1,0,0.0
446,22269.78936958407,1089566.127882155,17,17,0.1565217391304348,138.61725689472,1.9618714481768191,0.0,,none,0,0.0,39310.99093570583,15387.056289011332,1167059.7566292584,183562.65208134145,69.33333333333333,45.78573285788193,69.33333333333333,45.78573285788193,0.27019716885743167,0.10950904013997081,130.44011447441983,33.114739415876315,2.828321355009727,0.7545023054428766,0.0006666666666666666,0.0011547005383792516,-134.0,-2.3127784921552785,43186.01662524092,22008.05782789595,1256989.706266515,738908.834709154,77.0,55.29195239815694,77.0,55.29195239815694,0.22181453433661766,0.13065668133923442,130.0298356893473,40.65910676963967,2.8868158179754704,1.038867708636085,0.0003333333333333333,0.0008164965809277263,-113.0,-1.9598714038659537,36262.00253245117,22669.487665703542,960446.3561166814,611008.7989143294,69.0,53.67410074616142,69.0,53.67410074616142,0.1713410807297616,0.10628803024158336,131.56389461769882,29.511291029729392,2.7378322191293787,1.0370105091865687,0.0003333333333333333,0.0007784989441615228,-82.0,-1.4599867160836713,0,-1,0,0.0
447,40588.40926484703,711780.3024340917,78,78,0.1374045801526717,127.73632629056,2.776131484004379,0.0,,none,0,0.0,35445.17647892424,11501.286276898702,945432.7945617056,204183.23222665797,65.66666666666667,43.82160806421107,65.66666666666667,43.82160806421107,0.22297543976103548,0.1320036614216938,141.68460021889985,15.708185304673973,2.6928099449129888,0.6930444750218288,0.0,0.0,-11.0,-0.40653423029021507,40808.569215146,21253.17098971723,939269.5948186074,337308.26656263275,73.83333333333333,54.45518034738954,73.83333333333333,54.45518034738954,0.18732015420753753,0.11859313260719989,130.10716158053395,40.65325451744672,2.820959603182864,1.029713151549892,0.0003333333333333333,0.0008164965809277263,-19.0,-0.3951372887556346,39198.781232675916,20477.1508487936,1000956.5229689628,572782.4996996024,75.0,49.8816781812903,75.0,49.8816781812903,0.1712666397141154,0.10631358634298181,129.26167535863533,28.547777510165247,2.83231789789174,0.9780988768608049,0.0003333333333333333,0.0007784989441615228,72.0,1.1338281451483412,0,-1,0,0.0
448,73361.45576487752,1456259.4868076895,147,147,0.1684210526315789,69.12616948588,3.918644965362187,0.0,,none,0,0.0,45406.551466436205,25884.36718307102,1085868.6390413118,372253.36473857524,80.66666666666667,65.04101270224297,80.66666666666667,65.04101270224297,0.15411579063822842,0.015647582317056964,111.82658422371985,37.37770360509688,2.8855492991811267,0.9829648229199427,0.0,0.0,45.0,0.5782180628044147,50795.37727070072,19853.22878169244,1114816.8984506663,269685.21200005524,97.33333333333333,49.52844300668778,97.33333333333333,49.52844300668778,0.20769802195382628,0.09824394134551173,110.65254241483062,36.34150947831814,3.2423984091213085,0.823794191777909,0.0003333333333333333,0.0008164965809277263,141.0,2.5286328356306647,40161.55453841778,21861.612644451172,1049706.2217673578,585494.3303215391,76.5,51.883611004912574,76.5,51.883611004912574,0.1695784569931621,0.10617269981862197,125.47521350233866,33.29336955620477,2.8286587708245587,0.9735577965075592,0.0003333333333333333,0.0007784989441615228,18.0,-0.04390952480617383,0,-1,0,0.0
449,5935.624360797317,180248.2030465989,12,12,0.0169491525423728,151.63511060348,1.7684646040214769,0.0,,none,0,0.0,39961.82979684062,33717.28246026303,782762.6640961264,640960.2724208,79.0,67.50555532695067,79.0,67.50555532695067,0.10759159510887441,0.08001590271361615,116.16586879330652,42.45395100704267,2.8210803511293463,1.0757946816496518,0.0,0.0,-5.0,-0.19340684415534226,39636.41036627324,23442.988983179843,974911.2103626927,471291.2091511762,74.16666666666667,51.85910399020331,74.16666666666667,51.85910399020331,0.1888943819831531,0.12365306954544364,123.3029916338633,34.93845726424238,2.824700853069538,0.8310589028672297,0.0003333333333333333,0.0008164965809277263,-139.0,-2.5061853363106206,39038.23560278525,23322.058511422958,988605.5614314378,636998.1724619414,73.16666666666667,54.80350574939743,73.16666666666667,54.80350574939743,0.16543533081613762,0.11139526108299286,126.52464684763702,33.95184055302127,2.7721706520492906,1.016477966099186,0.0003333333333333333,0.0007784989441615228,-40.0,-0.6778574253032208,0,-1,0,0.0
450,88103.75458754315,1220373.8557835931,159,159,0.213235294117647,74.15896689554,4.840652612820807,0.01,,none,0,0.0,55800.27823773932,43808.636401337775,952293.8485459605,678933.9929490963,106.0,81.62720134857007,106.0,81.62720134857007,0.1328684997638662,0.10285937174213047,98.30674899496653,46.252220231331954,3.509254060734822,1.5764788215977732,0.0033333333333333335,0.005773502691896258,81.0,2.064521128816428,45622.72735833179,30739.05551624235,948863.3215538332,448409.3953746547,85.83333333333333,62.620816560204005,85.83333333333333,62.620816560204005,0.17792196976245087,0.11678092731376834,119.99567460693329,38.973033982474284,3.101032002823907,1.1773753632550112,0.0016666666666666668,0.004082482904638631,70.0,1.6579868985262127,44390.685933602595,26657.421951647582,1026662.1180172326,635980.6766689715,83.08333333333333,58.8719076907782,83.08333333333333,58.8719076907782,0.17308032806737453,0.1112534807949316,120.700782887302,36.566481786946696,2.9961167154396384,1.1544103766375426,0.0011666666666666668,0.002886751345948129,119.0,2.687352760684168,0,-1,0,0.0
