window_id,packet_rate,byte_rate,unique_dst_ips,unique_dst_ports,syn_ack_ratio,avg_pkt_size,dst_port_entropy,failed_conn_rate,src_ip_flag,attack_type,label_attack_now,attack_fraction,packet_rate_ma3,packet_rate_std3,byte_rate_ma3,byte_rate_std3,unique_dst_ips_ma3,unique_dst_ips_std3,unique_dst_ports_ma3,unique_dst_ports_std3,syn_ack_ratio_ma3,syn_ack_ratio_std3,avg_pkt_size_ma3,avg_pkt_size_std3,dst_port_entropy_ma3,dst_port_entropy_std3,failed_conn_rate_ma3,failed_conn_rate_std3,portcount_slope3,entropy_slope3,packet_rate_ma6,packet_rate_std6,byte_rate_ma6,byte_rate_std6,unique_dst_ips_ma6,unique_dst_ips_std6,unique_dst_ports_ma6,unique_dst_ports_std6,syn_ack_ratio_ma6,syn_ack_ratio_std6,avg_pkt_size_ma6,avg_pkt_size_std6,dst_port_entropy_ma6,dst_port_entropy_std6,failed_conn_rate_ma6,failed_conn_rate_std6,portcount_slope6,entropy_slope6,packet_rate_ma12,packet_rate_std12,byte_rate_ma12,byte_rate_std12,unique_dst_ips_ma12,unique_dst_ips_std12,unique_dst_ports_ma12,unique_dst_ports_std12,syn_ack_ratio_ma12,syn_ack_ratio_std12,avg_pkt_size_ma12,avg_pkt_size_std12,dst_port_entropy_ma12,dst_port_entropy_std12,failed_conn_rate_ma12,failed_conn_rate_std12,portcount_slope12,entropy_slope12,y_forecast,windows_to_attack,intel_match,intel_confidence,risk_score,predicted_alert
315,30622.854281508444,568599.4845980833,289,289,0.2047930283224401,255.540378643226,6.18923455400869,0.0,,none,0,0.328,10217.1486947647,17671.859444698766,200408.5212656836,318863.7264247911,407.0,102.3669868658837,407.0,102.3669868658837,0.1847639143251321,0.0816139329380968,459.5154054296332,180.4952252553727,7.949601040662756,1.5247109973698842,0.0,0.0,-169.0,-2.608549729992641,8080.811619249271,12262.171403480746,282663.178055343,358007.17390047014,307.6666666666667,192.54367469918785,307.6666666666667,192.54367469918785,0.1526297422124619,0.0801097396251392,395.122415604408,216.86125794582327,6.326556667156738,3.1569315908639144,0.0,0.0,258.0,4.624140079832733,5828.773995355964,10348.337477397956,222343.82913741915,292233.4950272238,156.83333333333334,204.3000615553386,156.83333333333334,204.3000615553386,0.0789297528220411,0.0940370126928853,589.3847788273223,281.076804719788,3.2937028730924305,3.840582084693237,0.0,0.0,288.0,6.189234554010133,1,1,0,0.0,0.9608333333333333,1
316,6.514588544888001,39.08753126753199,1,1,0.0019960079840319,7.341600000000001,-1.4428232973175177e-12,0.0,,ddos,1,1.0,10214.245167696166,17674.37428052024,194717.84639756556,323883.4439261302,254.0,237.44262464856644,254.0,237.44262464856644,0.1005963454354906,0.1015142708007558,262.4383765964672,258.61478080053985,5.014339612662792,4.542318530136824,0.0,0.0,-459.0,-8.80578428399989,5788.536014127315,12273.681225227005,138334.10924385686,226026.184395433,306.6666666666667,194.42393542634264,306.6666666666667,194.42393542634264,0.147406854654245,0.089869983090583,380.42609994486537,242.67681641093995,6.126250386698939,3.5595765002203543,0.0,0.0,-6.0,-1.2018376827467945,5825.308660555905,10350.455969532515,216547.99331134252,296201.2318762536,156.83333333333334,204.3000615553386,156.83333333333334,204.3000615553386,0.0786814931225346,0.0942536865689418,516.4509181748224,310.1382866629384,3.2937028730924305,3.840582084693237,0.0,0.0,0.0,0.0,1,1,0,0.0,0.9952777777777779,1
317,76.745495845,45267.02915881674,1,1,0.0019960079840319,8.717400000000001,-1.4428232973175177e-12,0.0,,ddos,1,1.0,10235.371455299444,17656.112966528362,204635.20042938893,316012.4867608707,97.0,166.27687752661225,97.0,166.27687752661225,0.0695950147635013,0.1170849142832339,90.53312621440853,142.90212812267757,2.0630781846686,3.573356235835485,0.0,0.0,-471.0,-8.853784283982577,5124.336778841935,12491.69892857041,110043.43112759152,225130.68478774183,280.1666666666667,226.58809912849935,280.1666666666667,226.58809912849935,0.1163542412663022,0.1039890277163771,336.53030991515294,286.12244043372124,5.441097900997786,4.336027847384891,0.0,0.0,-159.0,-4.1109149142069175,5827.573786517041,10349.079962944008,214442.9203090601,297420.57671249413,156.83333333333334,204.3000615553386,156.83333333333334,204.3000615553386,0.0784471860955629,0.0944573006644231,446.21190910965566,322.5353026935354,3.2937028730924305,3.840582084693237,0.0,0.0,0.0,0.0,1,1,0,0.0,0.9876984126984126,1
318,51.723278954912,73108.58972420884,1,1,0.0038461538461538,1065.893905475,-1.4428232973175177e-12,0.0,,ddos,1,1.0,44.99445444826666,35.59568646860211,39471.56880476414,36877.88711705967,1.0,0.0,1.0,0.0,0.0026127232714058,0.0010681822115361,360.65096849166656,610.758686659525,-1.4428232973175177e-12,0.0,0.0,0.0,-288.0,-6.189234554010133,5131.071574606484,12488.401414155114,119940.04503522412,221322.91484459428,204.0,231.60829000707204,204.0,231.60829000707204,0.093688318798269,0.1123321278434262,410.08318696065,406.41620653628047,3.974800520330657,4.45967986092265,0.0,0.0,-457.0,-8.797784284002773,5828.608249670505,10348.449388575498,215725.24114998864,296715.78272467456,156.83333333333334,204.3000615553386,156.83333333333334,204.3000615553386,0.0783592021840496,0.094532495177571,461.8471755670723,348.8574426957303,3.2937028730924305,3.840582084693237,0.0,0.0,0.0,0.0,1,1,0,0.0,1.0,1
319,57.303940600876,67084.2503723258,1,1,0.0038022813688212,1147.3850707898,-1.4428232973175177e-12,0.0,,ddos,1,1.0,61.92423846692933,13.135379685904589,61819.95641845022,14648.300816295006,1.0,0.0,1.0,0.0,0.0032148143996689,0.00105574523805,740.6654587549332,635.1938074654277,-1.4428232973175177e-12,0.0,0.0,0.0,0.0,0.0,5138.084703081549,12484.96526120386,128268.90140800814,217588.09235518496,127.5,204.33868943496728,127.5,204.33868943496728,0.0519055799175798,0.0834712734163736,501.5519176757003,506.7064769561521,2.507169806330676,3.974436259022133,0.0,0.0,-459.0,-8.80578428399989,5810.943868559932,10358.977186885357,211889.2948186556,298455.36381223524,156.83333333333334,204.3000615553386,156.83333333333334,204.3000615553386,0.078269554899744,0.0946089930310182,485.1449759720557,385.811826396126,3.2937028730924305,3.840582084693237,0.0,0.0,0.0,0.0,1,1,0,0.0,1.0,1
320,61.160663837522,88173.9470109158,1,1,0.0034843205574912,1135.2760153978002,-1.4428232973175177e-12,0.0,,ddos,1,1.0,56.72929446443666,4.744862767576581,76122.26236914992,10863.033332639536,1.0,0.0,1.0,0.0,0.003710918590822,0.0001974618953086,1116.1849972208663,43.97218140329228,-1.4428232973175177e-12,0.0,0.0,0.0,0.0,0.0,5146.050374881942,12481.0562818903,140378.73139926972,212008.09297630307,49.0,117.57550765359257,49.0,117.57550765359257,0.0366529666771616,0.0823758501996322,603.3590617176377,569.6756590670313,1.0315390923335794,2.5267444259545044,0.0,0.0,-471.0,-8.853784283982577,5813.476064340517,10357.439407259724,215830.86785121332,296296.0492021109,156.83333333333334,204.3000615553386,156.83333333333334,204.3000615553386,0.0781705068465132,0.0946936316904899,511.0842158392057,419.6457866710024,3.293702873092432,3.840582084693237,0.0,0.0,0.0,0.0,1,1,0,0.0,0.9966666666666667,1
321,1381.674709718176,78532.8604975066,1,1,0.003875968992248,1171.8888700862,-1.4428232973175177e-12,0.0,,ddos,1,1.0,500.0464380521914,763.514915132499,77930.35262691583,10557.750133360692,1.0,0.0,1.0,0.0,0.0037208569728534,0.0002081335468056,1151.516652091267,18.652821640316404,-1.4428232973175177e-12,0.0,0.0,0.0,0.0,0.0,272.52044625023024,543.8846603336758,58700.96071584026,32129.44559680893,1.0,0.0,1.0,0.0,0.0031667901221296,0.0009176716266113,756.0838102914666,580.5085695170441,-1.4428232973175177e-12,0.0,0.0,0.0,-288.0,-6.189234554010133,4176.666032749748,9225.417080433132,170682.06938559157,269086.7405908187,154.33333333333334,206.1549872980976,154.33333333333334,206.1549872980976,0.0778982661672957,0.094920820909171,575.6031129479373,458.3542107630228,3.1632783335776478,3.930152011115921,0.0,0.0,-30.0,-1.5650944741774009,1,1,0,0.0,1.0,1
322,79.87867998995401,91169.8975798879,1,1,0.0039215686274509,1154.486789945,-1.4428232973175177e-12,0.0,,ddos,1,1.0,507.571351181884,757.0535661934249,85958.9016961032,6603.294319225226,1.0,0.0,1.0,0.0,0.0037606193923967,0.0002403655888646,1153.8838918096665,18.313871702310088,-1.4428232973175177e-12,0.0,0.0,0.0,0.0,0.0,284.7477948244079,537.4955449465203,73889.42905727698,16675.643579768894,1.0,0.0,1.0,0.0,0.0034877168960328,0.0007472083890583,947.2746752823,461.24556409848105,-1.4428232973175177e-12,0.0,0.0,0.0,0.0,0.0,3036.641904475859,8767.376593658959,106111.76915056688,156463.44795884116,153.83333333333334,206.5517031171761,153.83333333333334,206.5517031171761,0.0754472857751389,0.0965420377323189,663.8503876135827,459.4610934370052,3.063125193348748,3.999383540068106,0.0,0.0,-6.0,-1.2018376827467945,1,1,0,0.0,0.9966666666666667,1
323,479.59040254162,312055.02547968255,1,1,0.0049751243781094,888.4453611560001,-1.4428232973175177e-12,0.0,,ddos,1,1.0,647.0479307499166,666.8581135218781,160585.9278523588,131328.1741614608,1.0,0.0,1.0,0.0,0.0042575539992694,0.0006218522880267,1071.6070070624,158.86110126983678,-1.4428232973175177e-12,0.0,0.0,0.0,0.0,0.0,351.88861260717795,531.4430643282226,118354.0951107546,95321.9343318286,1.0,0.0,1.0,0.0,0.0039842362950457,0.000509823173544,1093.8960021416333,107.0715651122351,-1.4428232973175177e-12,0.0,0.0,0.0,0.0,0.0,2738.112695724554,8790.251075954548,114198.76311917305,164884.99667022374,140.58333333333334,211.1683767360381,140.58333333333334,211.1683767360381,0.060169238780674,0.091428532982697,715.2131560283932,445.9372387722235,2.720548950498172,4.076789362534967,0.0,0.0,-159.0,-4.1109149142069175,1,1,0,0.0,0.9803030303030302,1
324,93.831913780738,91926.37921236316,1,1,0.0045871559633027,819.3763667205999,-1.4428232973175177e-12,0.0,,ddos,1,1.0,217.76699877077067,226.85302346588085,165050.4340906443,127310.2724967999,1.0,0.0,1.0,0.0,0.0044946163229543,0.0005328392053079,954.1028392738666,176.9404624810472,-1.4428232973175177e-12,0.0,0.0,0.0,0.0,0.0,358.90671841148225,526.9453790557417,121490.39335878036,93833.4759385221,1.0,0.0,1.0,0.0,0.0041077366479039,0.0005572305953831,1052.8097456825667,156.05770104225306,-1.4428232973175177e-12,0.0,0.0,0.0,0.0,0.0,2744.989146508981,8787.956008144878,120715.21919700222,162074.612433414,102.5,188.73719101631048,102.5,188.73719101631048,0.0488980277230864,0.0890189608781268,731.4464663216085,445.8834930184035,1.9874002601646072,3.653651222829175,0.0,0.0,-457.0,-8.797784284002773,1,1,0,0.0,1.0,1
325,71.121405741296,93981.8159314092,1,1,0.0042735042735042,772.632846074,-1.4428232973175177e-12,0.0,,ddos,1,1.0,214.84790735455132,229.55475025132935,165987.74020781807,126502.15442847792,1.0,0.0,1.0,0.0,0.0046119282049721,0.0003514654190166,826.8181913168664,58.26379860080375,-1.4428232973175177e-12,0.0,0.0,0.0,0.0,0.0,361.20962926821886,525.3915668824757,125973.32095196092,91323.29344926958,1.0,0.0,1.0,0.0,0.0041862737986844,0.0005384602410608,990.3510415632668,183.2583394590937,-1.4428232973175177e-12,0.0,0.0,0.0,0.0,0.0,2749.647166174882,8786.392246342839,127121.11117998452,159099.2881461871,64.25,152.78572339301624,64.25,152.78572339301624,0.0280459268581321,0.0615482912068515,745.9514796194835,443.9952000552232,1.2535849031646165,2.9823483608254326,0.0,0.0,-459.0,-8.80578428399989,1,1,0,0.0,1.0,1
326,72.739058303712,99251.40403692148,1,1,0.0046511627906976,842.978782586,-1.4428232973175177e-12,0.0,,ddos,1,1.0,79.23079260858201,12.67078352972482,95053.19972689771,3778.2131489578537,1.0,0.0,1.0,0.0,0.0045039410091681,0.0002021139167546,811.6626651268665,35.801726077727864,-1.4428232973175177e-12,0.0,0.0,0.0,0.0,0.0,363.1393616792505,524.0887402357738,127819.56378962852,90514.67961573144,1.0,0.0,1.0,0.0,0.0043807475042187,0.000435008148251,941.6348360946334,175.72354283366332,-1.4428232973175177e-12,0.0,0.0,0.0,0.0,0.0,2754.5948682805943,8784.727904294541,134099.14759444908,155556.1552039226,25.0,83.13843876330607,25.0,83.13843876330607,0.0205168570906902,0.0580394364611806,772.4969489061355,439.0420459041189,0.5157695461660683,1.786678117917742,0.0,0.0,-471.0,-8.853784283982577,1,1,0,0.0,0.9977777777777778,1
327,128.76493642652397,89802.74947582046,1,1,0.0045662100456621,821.071950838,-1.4428232973175177e-12,0.0,,ddos,1,1.0,90.87513349051066,32.82349883150251,94345.32314805016,4734.804259639403,1.0,0.0,1.0,0.0,0.0044969590366213,0.000198124369001,812.2278598326665,35.997238160999935,-1.4428232973175177e-12,0.0,0.0,0.0,0.0,0.0,154.32106613064187,160.76795133512704,129697.87861934752,89397.39009530448,1.0,0.0,1.0,0.0,0.0044957876797878,0.0003595413749167,883.1653495532665,138.1305335714152,-1.4428232973175177e-12,0.0,0.0,0.0,0.0,0.0,213.42075619043425,387.32152135752136,94199.41966759384,74004.09092283185,1.0,0.0,1.0,0.0,0.0038312889009587,0.000960854714089,819.6245799223667,407.74327604964697,-1.4428232973175177e-12,0.0,0.0,0.0,-288.0,-6.189234554010133,1,1,0,0.0,0.5837940115440116,1
328,8091.4561353818435,176979.22431215076,14,14,0.0656565656565656,664.2667034445999,1.178413516352781,0.0,,ddos,1,0.776,2764.3200433706934,4613.520232085411,122011.12594163069,47837.6227158919,5.333333333333333,7.505553499465136,5.333333333333333,7.505553499465136,0.0249579794976417,0.0352460351067142,776.1058122895332,97.47290402839997,0.3928045054499633,0.6803573608838045,0.0,0.0,13.0,1.1784135163542238,1489.5839753626235,3238.031528226405,143999.43307472466,88863.24363623597,3.1666666666666665,5.307227776030219,3.1666666666666665,5.307227776030219,0.0147849538513069,0.0249229040931237,801.4620018032,77.00505512519445,0.1964022527242611,0.4810853035111213,0.0,0.0,13.0,1.1784135163542238,887.1658850935138,2300.6647035329943,108944.4310660008,71108.11472792712,2.083333333333333,3.752776749732568,2.083333333333333,3.752776749732568,0.0091363353736698,0.0178158000165565,874.3683385427502,324.3413257971194,0.0982011263614091,0.3401786804419023,0.0,0.0,13.0,1.1784135163542238,1,5,0,0.0,0.6845200817700817,1
329,6934.426138925614,356434.41493546136,176,176,0.1818181818181818,326.77567980609405,4.732938150708394,0.0,,none,0,0.0,5051.5490702446605,4302.328709467033,207738.79624114395,135951.1850091328,63.66666666666666,97.5004273494908,63.66666666666666,97.5004273494908,0.0840136525068031,0.0900405594858889,604.0381113628979,252.5921878584515,1.9704505556865757,2.463872538985864,0.0,0.0,175.0,4.7329381507098365,2565.3899314266223,3849.839199948429,151395.99798402112,105868.84781899808,32.333333333333336,70.5738384011148,32.333333333333336,70.5738384011148,0.0442587967579856,0.0716901356377437,707.8503882448822,197.3986255793396,0.9852252778425672,1.8955394411804851,0.0,0.0,175.0,4.7329381507098365,1458.6392720168983,2863.837734192543,134875.0465473878,97583.40141684632,16.666666666666668,50.31597131823026,16.666666666666668,50.31597131823026,0.0241215165265157,0.0527125981134584,900.8731951932576,252.12665201292864,0.4926126389205622,1.377657940447633,0.0,0.0,175.0,4.7329381507098365,1,4,0,0.0,0.9472311947311947,1
330,25.695173057484,32057.261961906323,461,461,0.2125,577.199810229836,8.809784283997004,0.0,,none,0,0.0,5017.192482454981,4361.302975656176,188490.3004031726,162494.6552886835,217.0,226.30289436947112,217.0,226.30289436947112,0.1533249158249158,0.0774573960811096,522.7473978268431,175.21086345178554,4.907045317019391,3.8186633692084366,0.0,0.0,460.0,8.809784283998447,2554.0338079727467,3858.678167174776,141417.81177561163,115020.6745338091,109.0,185.69329551709723,109.0,185.69329551709723,0.0789109374307685,0.0951041702603317,667.487628829755,194.7756157624152,2.453522658508975,3.6133923249382383,0.0,0.0,460.0,8.809784283998447,1456.4702631921127,2865.009788491187,131454.10256719598,100617.94973556904,55.0,137.31251681011193,55.0,137.31251681011193,0.0415093370393362,0.0750830601136305,860.1486872561609,262.3109074706608,1.226761329253766,2.7525581618342687,0.0,0.0,460.0,8.809784283998447,1,3,0,0.0,0.9826666666666667,1
331,39.507894092114,53006.01146029147,481,481,0.2,710.971400481526,8.889784283968151,0.0,,none,0,0.0,2333.209735358404,3984.77627880892,147165.89611921948,181534.28671202905,372.6666666666667,170.6116447764728,372.6666666666667,170.6116447764728,0.1981060606060606,0.0154283423139519,538.3156301724852,195.02710719378825,7.477502239557848,2.377198777626805,0.0,0.0,467.0,7.71137076761537,2548.7648893645496,3862.7660036445154,134588.51103042535,119528.58611421598,189.0,228.3549868078208,189.0,228.3549868078208,0.1115320200518511,0.0979091624536661,657.2107212310093,189.6783251650567,3.935153372503907,4.183714457494163,0.0,0.0,480.0,8.889784283969593,1454.9872593163827,2865.8043696351565,130280.91599119308,101514.7990217579,95.0,182.59791893666255,95.0,182.59791893666255,0.0578591469252678,0.0866034840129508,823.7808813971379,248.7705860256247,1.9675766862512325,3.48990270123094,0.0,0.0,480.0,8.889784283969593,1,2,0,0.0,0.9826666666666667,1
332,29.67818608002,39531.01384692472,473,473,0.2664835164835165,671.2815341056441,8.85778428397969,0.0,,none,0,0.0,31.627084409872666,7.109604053550983,41531.42908970727,10616.67425539551,471.6666666666667,10.066445913694151,471.6666666666667,10.066445913694151,0.2263278388278388,0.0353330063253896,653.1509149390018,68.70406904354479,8.852450950648281,0.0402657836402352,0.0,0.0,297.0,4.124846133271296,2541.588077327268,3868.322397560922,124635.11266542588,125401.92207327942,267.6666666666667,231.9100400298932,267.6666666666667,231.9100400298932,0.155170745667321,0.099087273470786,628.5945131509499,167.72848664027143,5.411450753167429,4.078908496099936,0.0,0.0,472.0,8.857784283981132,1452.3637195032572,2867.210432643729,126227.33822752716,104282.46981372802,134.33333333333334,209.381050342251,134.33333333333334,209.381050342251,0.0797757465857699,0.1032671978271996,785.1146746227918,231.4069172866673,2.7057253765829934,3.943220538407396,0.0,0.0,472.0,8.857784283981132,1,1,0,0.0,0.9301931216931217,1
333,65570.1664120815,1206072.6010161825,173,173,0.0615384615384615,81.77884427019,3.9010508299034505,0.0,,ddos,1,0.578,21879.784164084544,37836.98124702678,432869.87544113264,669647.0973712084,375.6666666666667,175.56005620109983,375.6666666666667,175.56005620109983,0.176007326007326,0.104557903530039,488.0105929524532,352.3662818734512,7.216206465950429,2.871053581598635,0.0,0.0,-288.0,-4.908733454093554,13448.488323269765,25798.591916609308,310680.0879221529,455904.7183510455,296.3333333333333,200.91358009519087,296.3333333333333,200.91358009519087,0.1646661209161209,0.0832294952454362,505.3789953896483,249.6123614587244,6.061625891484911,3.2756255893825266,0.0,0.0,172.0,3.901050829904893,6801.404694700202,18728.128104421703,220188.98327075012,327173.66921523784,148.66666666666666,205.27070079789908,148.66666666666666,205.27070079789908,0.0845809542979543,0.1007246461178222,694.2721724714575,275.5324538986186,3.0308129457417343,3.859799103981984,0.0,0.0,172.0,3.901050829904893,1,1,0,0.0,0.8977104377104378,1
334,241.92982281779007,37697.79687773977,1,1,0.002008032128514,16.7303555566,-1.4428232973175177e-12,0.0,,ddos,1,1.0,21947.25814032644,37778.695811975726,427767.1372469487,674032.9267705665,215.66666666666663,238.875141723314,215.66666666666663,238.875141723314,0.1100100033834973,0.1387405428590705,256.5969113108112,360.5971835134735,4.252945037960564,4.439364566650713,0.0,0.0,-480.0,-8.889784283969593,12140.233937842422,26318.369785154056,287466.5166830844,467473.1547435636,294.1666666666667,204.60343757294663,294.1666666666667,204.60343757294663,0.1540580319947789,0.1006134353911186,397.4562707416483,301.72171199038627,5.865223638759208,3.641832431277636,0.0,0.0,-13.0,-1.1784135163542238,6814.908956602521,18722.898511762367,215732.9748789045,329446.856607549,148.66666666666666,205.27070079789908,148.66666666666666,205.27070079789908,0.0844214929230429,0.1008653664026107,599.4591362724242,297.6408363658141,3.0308129457417343,3.859799103981984,0.0,0.0,0.0,0.0,1,1,0,0.0,0.9132407407407409,1
335,190.194431144186,68456.25219580806,1,1,0.0020408163265306,114.3570372444,-1.4428232973175177e-12,0.0,,ddos,1,1.0,22000.76355534782,37732.21856857814,437408.8833632432,665859.9355498248,58.333333333333336,99.30424630061567,58.333333333333336,99.30424630061567,0.021862436664502,0.0343604493720644,70.95541235706315,49.70515318481688,1.3003502766335198,2.2522727467679973,0.0,0.0,-472.0,-8.857784283981132,11016.195319878849,26726.036643037423,239470.15622647552,473717.8006552952,265.0,235.02850890902576,265.0,235.02850890902576,0.1240951377461704,0.1162473867721792,362.0531636480327,323.3602039684185,5.076400613640902,4.374929590382304,0.0,0.0,-175.0,-4.7329381507098365,6790.792625652734,18731.984842879778,195433.07710524823,330475.5540445298,148.66666666666666,205.27070079789908,148.66666666666666,205.27070079789908,0.084176967252078,0.1010788065290636,534.9517759464575,312.81236840116384,3.0308129457417343,3.859799103981984,0.0,0.0,0.0,0.0,1,1,0,0.0,0.9456613756613755,1
336,18.134612874564,26103.5918326078,1,1,0.0038610038610038,1153.3610813316,-1.4428232973175177e-12,0.0,,ddos,1,1.0,150.08628894551336,117.16471867149234,44085.88030205164,21887.043366753303,1.0,0.0,1.0,0.0,0.0026366174386827,0.0010604764421191,428.14949137753314,629.9457356765907,-1.4428232973175177e-12,0.0,0.0,0.0,-172.0,-3.901050829904893,11014.93522651503,26726.65863715685,238477.87787159244,474245.0943730437,188.33333333333331,233.3260951258274,188.33333333333331,233.3260951258274,0.0893219717230043,0.1157178149518498,458.0800421649933,457.6816099035503,3.608103232974494,4.3496287422190205,0.0,0.0,-460.0,-8.809784283998447,6784.484517243886,18734.45768913908,189947.844823602,332887.2037775549,148.66666666666666,205.27070079789908,148.66666666666666,205.27070079789908,0.0841164545768864,0.1011309899431901,562.7838354973742,352.7302078405929,3.0308129457417343,3.859799103981984,0.0,0.0,0.0,0.0,1,1,0,0.0,0.9888095238095237,1
337,225.54995167648204,57115.406026137,1,1,0.0037593984962406,1153.1203985666,-1.4428232973175177e-12,0.0,,ddos,1,1.0,144.62633189841068,110.9622433273959,50558.41668485072,21924.473582676022,1.0,0.0,1.0,0.0,0.003220406227925,0.0010228172682095,806.9461723808664,599.7997974856748,-1.4428232973175177e-12,0.0,0.0,0.0,0.0,0.0,11045.942236112423,26711.482438858748,239162.7769659,473926.5272439751,108.33333333333331,191.4394595339912,108.33333333333331,191.4394595339912,0.0566152048057111,0.1054570963633665,531.7715418458389,535.5196943874141,2.1264725189795617,3.648211281029547,0.0,0.0,-480.0,-8.889784283969593,6797.353562738485,18729.479303998756,186875.64399816265,334021.5714193316,148.66666666666666,205.27070079789908,148.66666666666666,205.27070079789908,0.0840736124287811,0.101167990859124,594.4911315384242,388.5873031362248,3.0308129457417343,3.859799103981984,0.0,0.0,0.0,0.0,1,1,0,0.0,0.9888095238095237,1
338,11.391732175384,16497.9257046712,1,1,0.0042372881355932,1188.8255110374,-1.4428232973175177e-12,0.0,,ddos,1,1.0,85.02543224214334,121.7444948723909,33238.97452113844,21228.05199496716,1.0,0.0,1.0,0.0,0.0039525634976125,0.0002517578244045,1165.1023303118664,20.545229612965286,-1.4428232973175177e-12,0.0,0.0,0.0,0.0,0.0,11042.894493794984,26712.991767598018,235323.9289421911,475955.9098790498,29.666666666666668,70.2187059597842,29.666666666666668,70.2187059597842,0.0129075000810572,0.0238434605767961,618.028871334465,600.2535521812338,0.6501751383160393,1.5925973323213023,0.0,0.0,-472.0,-8.857784283981132,6792.241285561125,18731.48994000153,179979.52080380847,336837.4834989024,148.66666666666666,205.27070079789908,148.66666666666666,205.27070079789908,0.0840391228741891,0.1011975947499698,623.3116922427075,420.2294566981565,3.0308129457417348,3.859799103981984,0.0,0.0,0.0,0.0,1,1,0,0.0,0.9888095238095237,1
339,8.291796245843999,11967.0977247768,1,1,0.0040485829959514,1192.3674207227998,-1.4428232973175177e-12,0.0,,ddos,1,1.0,81.74449336590335,124.54882488663768,28526.8098185281,24861.877953769912,1.0,0.0,1.0,0.0,0.0040150898759284,0.0002406989170594,1178.1044434422663,21.709172135660868,-1.4428232973175177e-12,0.0,0.0,0.0,0.0,0.0,115.91539115571078,114.4428798222158,36306.34506029018,22616.092929141287,1.0,0.0,1.0,0.0,0.0033258536573056,0.001021310128869,803.1269674098999,572.4079806036079,-1.4428232973175177e-12,0.0,0.0,0.0,-172.0,-3.901050829904893,6782.201857212735,18735.417876875992,173493.21649122148,339470.95895160275,148.66666666666666,205.27070079789908,148.66666666666666,205.27070079789908,0.0839959872867132,0.1012346532851387,654.2529813997741,448.8113291376175,3.0308129457417348,3.859799103981984,0.0,0.0,0.0,0.0,1,1,0,0.0,1.0,1
340,347.6521101098581,33680.66688674569,1,1,0.0043859649122807,1054.3327874458,-1.4428232973175177e-12,0.0,,ddos,1,1.0,122.44521284369536,195.0410529424392,20715.230105397663,11454.650310910012,1.0,0.0,1.0,0.0,0.0042239453479417,0.0001690862556805,1145.175239735333,78.69180157129377,-1.4428232973175177e-12,0.0,0.0,0.0,0.0,0.0,133.53577237105546,142.43964801239764,35636.8233951245,22626.1211392839,1.0,0.0,1.0,0.0,0.0037221757879333,0.0008555848059051,976.0607060581,425.0888722142698,-1.4428232973175177e-12,0.0,0.0,0.0,0.0,0.0,6136.884855106736,18819.397122305298,161551.6700391044,341849.25466738164,147.58333333333334,206.07873973240655,147.58333333333334,206.07873973240655,0.0788901038913561,0.1037574032483073,686.7584883998742,463.4879601787903,2.9326118193788826,3.925641375339577,0.0,0.0,-13.0,-1.1784135163542238,1,1,0,0.0,1.0,1
341,17.258382981272,23354.96129980633,1,1,0.0046511627906976,833.597916738,-1.4428232973175177e-12,0.0,,ddos,1,1.0,124.4007631123247,193.3933113414096,23000.908637109376,10861.113497469256,1.0,0.0,1.0,0.0,0.0043619035663098,0.0003020096249183,1026.7660416355332,180.96638735770705,-1.4428232973175177e-12,0.0,0.0,0.0,0.0,0.0,104.71309767723646,146.13077351453694,28119.941579124217,16089.841176087504,1.0,0.0,1.0,0.0,0.0041572335319612,0.0003348201217078,1095.9341859737,137.87477852995298,-1.4428232973175177e-12,0.0,0.0,0.0,0.0,0.0,5560.45420877804,18898.51672172853,133795.0489027998,338088.7360561198,133.0,210.0389574254349,133.0,210.0389574254349,0.0641261856390658,0.1003281605447674,728.9936748108663,450.61578525342816,2.53820030681973,3.965872300866464,0.0,0.0,-175.0,-4.7329381507098365,1,1,0,0.0,1.0,1
342,76.299962788542,38671.98576682204,1,1,0.0045454545454545,802.430753238,-1.4428232973175177e-12,0.0,,ddos,1,1.0,147.0701519598907,176.19965518696688,31902.537984457787,7811.793419355024,1.0,0.0,1.0,0.0,0.0045275274161442,0.0001335047383428,896.787152473933,137.32559245885102,-1.4428232973175177e-12,0.0,0.0,0.0,0.0,0.0,114.40732266289945,141.08055787728003,30214.673901493254,16585.33987944308,1.0,0.0,1.0,0.0,0.0042713086460363,0.0003302748300906,1037.4457979581,177.4081961435996,-1.4428232973175177e-12,0.0,0.0,0.0,0.0,0.0,5564.671274588963,18897.175002683645,134346.2758865428,337913.12783058744,94.66666666666669,185.2483999849113,94.66666666666669,185.2483999849113,0.0467966401845203,0.0897746951403473,747.7629200615467,448.4036997527307,1.8040516164865252,3.4857055865233804,0.0,0.0,-460.0,-8.809784283998447,1,1,0,0.0,1.0,1
343,13.702831723102,18273.97991916968,1,1,0.0045454545454545,812.367262766,-1.4428232973175177e-12,0.0,,ddos,1,1.0,35.753725830971995,35.15904556106329,26766.97566193245,10618.429363458785,1.0,0.0,1.0,0.0,0.0045806906272021,6.103068390238e-05,816.1319775806664,15.920987041788653,-1.4428232973175177e-12,0.0,0.0,0.0,0.0,0.0,79.0994693373361,134.03541511665273,23741.102883665368,10419.746140704276,1.0,0.0,1.0,0.0,0.0044023179875719,0.0002260666292237,980.653608658,187.2409984378016,-1.4428232973175177e-12,0.0,0.0,0.0,0.0,0.0,5562.520852724877,18897.862357909227,131451.93992478264,338820.6973753429,54.66666666666666,140.7146263208131,54.66666666666666,140.7146263208131,0.0305087613966415,0.0761486632409485,756.2125752519196,448.60267929534064,1.0632362594890594,2.698701436501039,0.0,0.0,-480.0,-8.889784283969593,1,1,0,0.0,0.99,1
344,15.801598962894,14109.989598342425,1,1,0.0047169811320754,846.5956460919999,-1.4428232973175177e-12,0.0,,ddos,1,1.0,35.26813115817934,35.55010001675824,23685.31842811115,13144.765204822146,1.0,0.0,1.0,0.0,0.0046026300743281,9.90309209930866e-05,820.4645540319997,23.169139703173965,-1.4428232973175177e-12,0.0,0.0,0.0,0.0,0.0,79.83444713525444,133.6012755145953,23343.11353261057,10790.73586471938,1.0,0.0,1.0,0.0,0.004482266820319,0.0002403987319275,923.6152978337668,161.50030368821052,-1.4428232973175177e-12,0.0,0.0,0.0,0.0,0.0,5561.364470465119,18898.23211823812,129333.52123740078,339526.3999578385,15.333333333333334,49.65212315030786,15.333333333333334,49.65212315030786,0.0086948834506881,0.016667321554006,770.8220845841157,448.43997948136354,0.3250875691572983,1.126136373383999,0.0,0.0,-472.0,-8.857784283981132,1,1,0,0.0,0.9788888888888889,1
345,22.128289976202,27699.17485852792,1,1,0.0046948356807511,834.76455085,-1.4428232973175177e-12,0.0,,ddos,1,1.0,17.21090688739933,4.3859660652922265,20027.714792013103,6962.268201751503,1.0,0.0,1.0,0.0,0.0046524237860936,9.3297476346243e-05,831.242486569333,17.383879281529524,-1.4428232973175177e-12,0.0,0.0,0.0,0.0,0.0,82.14052942364744,132.23180077446546,25965.12638823576,9279.134966530402,1.0,0.0,1.0,0.0,0.0045899756011189,0.0001236563978939,864.0148195216333,94.62049466042912,-1.4428232973175177e-12,0.0,0.0,0.0,0.0,0.0,99.02796028967668,119.21498274632552,31135.73572426291,17343.514471416176,1.0,0.0,1.0,0.0,0.0039579146292122,0.0009575460723088,833.5708934657667,392.4447457282433,-1.4428232973175177e-12,0.0,0.0,0.0,-172.0,-3.901050829904893,0,-1,0,0.0,0.15621212121212127,0
346,26478.64723937195,1084038.3931589767,72,72,0.1732283464566929,275.4805644059,2.344379312447616,0.0,,none,0,0.228,8838.859042770348,15276.505023154965,375282.51920528215,613838.197847697,24.666666666666668,40.99186911246343,24.666666666666668,40.99186911246343,0.0608800544231731,0.0972964756028811,652.2802537826332,326.37171773831363,0.7814597708149083,1.3535280271250538,0.0,0.0,71.0,2.3443793124490586,4437.306384300663,10798.033882088226,201024.7474336076,432669.57242104894,12.833333333333334,28.985628622934275,12.833333333333334,28.985628622934275,0.0327303725251876,0.0688297077208959,734.2061156816499,225.3064726203259,0.3907298854067336,0.9570888465061748,0.0,0.0,71.0,2.3443793124490586,2285.4210783358567,7619.690093319607,118330.785414366,304606.15369200474,6.916666666666667,20.495934556231717,6.916666666666667,20.495934556231717,0.0182262741565605,0.0488185228309554,855.1334108698749,348.08550518038794,0.1953649427026454,0.6767640135625269,0.0,0.0,71.0,2.3443793124490586,0,-1,0,0.0,0.9595317460317461,1
347,10575.873339237643,612627.5979872007,6,6,0.0153846153846153,102.42225851278002,1.3535148893538802,0.0,,none,0,0.0,12358.882956195264,13318.077609045416,574788.3886682349,529185.2136552142,26.33333333333333,39.62743157628732,26.33333333333333,39.62743157628732,0.0644359325073531,0.094368479097751,404.22245792289306,382.7690748299665,1.232631400600016,1.176855217751852,0.0,0.0,5.0,1.353514889355323,6197.075543676725,10793.99956970683,299236.8535481733,450775.2081579751,13.666666666666666,28.647280266487197,13.666666666666666,28.647280266487197,0.0345192812908406,0.0680894638380344,612.3435059774466,332.86158421226787,0.6163157002992875,1.004892696930632,0.0,0.0,5.0,1.353514889355323,3150.894320676978,7943.033225808359,163678.39756364873,335450.71393325075,7.333333333333333,20.415383385767672,7.333333333333333,20.415383385767672,0.0193382574114009,0.0485676639373655,854.1388459755732,350.4038295417334,0.3081578501489223,0.7500655601063474,0.0,0.0,5.0,1.353514889355323,0,-1,0,0.0,0.974420634920635,1
348,31245.241019520385,622838.8253361168,5,5,0.0476190476190476,172.713603873882,1.606098121083826,0.0,,none,0,0.0,22766.58719937666,10823.134129311944,773168.2721607644,269269.8300739898,27.666666666666668,38.397048497681865,27.666666666666668,38.397048497681865,0.0787440031534519,0.0833980395600075,183.53880893085375,87.03552784950936,1.7679974409617722,0.5148899091756675,0.0,0.0,4.0,1.606098121085269,11391.89905313203,14216.762541320486,396597.9934763892,446304.9356356554,14.333333333333334,28.3384309139844,14.333333333333334,28.3384309139844,0.0416982134697728,0.0665504719945215,507.3906477500936,359.17540165591873,0.8839987204801657,1.0216599888437032,0.0,0.0,4.0,1.606098121085269,5753.153187897464,11250.15823562618,213406.33368894111,356756.3538258789,7.666666666666667,20.335071957461853,7.666666666666667,20.335071957461853,0.0229847610579045,0.0489412371531037,772.4182228540967,386.74381617600505,0.4419993602393614,0.8292004296286624,0.0,0.0,4.0,1.606098121085269,0,-1,0,0.0,0.8997037037037037,1
349,45225.007569830384,516310.65336711454,4,4,0.15625,167.13899154798,1.3448338784071363,0.0,,none,0,0.0,29015.373976196137,17431.863239642134,583925.6922301438,58778.502884388814,5.0,0.9999999999998844,5.0,0.9999999999998844,0.0730845543345543,0.0738046961237441,147.42495131154712,39.07301939958887,1.4348156296149457,0.148398480115547,0.0,0.0,-68.0,-0.9995454340404796,18927.116509483243,18358.216447924708,479604.1057177133,406399.4221332721,14.833333333333334,28.081429213390592,14.833333333333334,28.081429213390592,0.0669823043788637,0.0775253499140134,399.8526025470903,345.9504914344461,1.1081377002149286,0.9325697052306374,0.0,0.0,3.0,1.3448338784085792,9503.107989410288,15814.12953441456,251672.60430068927,363040.0102115108,7.916666666666667,20.263977592733067,7.916666666666667,20.263977592733067,0.0356923111832178,0.0616440803154085,690.2531056025451,402.90920432151177,0.5540688501067429,0.8545247889107339,0.0,0.0,3.0,1.3448338784085792,0,-1,0,0.0,0.8603077940577939,1
350,15733.618936253932,599213.2367805719,9,9,0.2272727272727272,123.29281769542,1.2559883711966453,0.0,,none,0,0.0,30734.6225085349,14752.323523160074,579454.2384946008,55945.2979768062,6.0,2.645751311064548,6.0,2.645751311064548,0.1437139249639249,0.090480528492374,154.38180437242713,27.0677463985798,1.4023067902292008,0.181993299152734,0.0,0.0,3.0,-0.0975265181572349,21546.752732365087,16102.833211632107,577121.3135814181,336560.9569352775,16.166666666666668,27.476656759268703,16.166666666666668,27.476656759268703,0.104074928735639,0.093393545707271,279.3021311476603,278.610905505279,1.3174690954146102,0.7588681223692604,0.0,0.0,8.0,1.255988371198088,10813.293589750168,15606.17935803431,300232.2135570143,367665.7910652956,8.583333333333334,20.14699767090658,8.583333333333334,20.14699767090658,0.054278597777979,0.0816690415244633,601.4587144907135,400.4486454516317,0.6587345477065837,0.8574051014475126,0.0,0.0,8.0,1.255988371198088,1,6,0,0.0,0.7568515651015651,1
351,194.929285915362,23251.674044543543,226,226,0.0632911392405063,433.930756929924,4.897703322166134,0.0,,none,0,0.0,20384.518597333223,22872.4755614024,379591.85473074304,311371.0854635708,79.66666666666667,126.7530407261827,79.66666666666667,126.7530407261827,0.1489379555044111,0.0822349670117363,241.4541887244411,168.1250835583331,2.4995085239233035,2.077372643214764,0.0,0.0,221.0,3.291605201082308,21575.552898354945,16056.72518051747,576380.0634457541,338014.787557361,53.66666666666666,88.47297139051376,53.66666666666666,88.47297139051376,0.1138409793289315,0.0834582914080095,212.49649882764763,123.86584717671778,2.13375298244254,1.411654357938895,0.0,0.0,225.0,4.897703322167576,10828.846713889294,15594.52080245953,301172.59491699486,366875.047291183,27.33333333333333,65.68427698029599,27.33333333333333,65.68427698029599,0.0592154774650252,0.0801327613882953,538.2556591746405,356.10357241228223,1.0668764912205484,1.4654365003365546,0.0,0.0,225.0,4.897703322167576,1,5,0,0.0,0.8197469474969475,1
352,11.197890721868,13983.763678501342,463,463,0.133879781420765,644.64858790473,8.817784283994119,0.0,,none,0,0.0,5313.248704297054,9024.772913192051,212149.558167872,335239.00730156054,232.66666666666663,227.0734095690936,232.66666666666663,227.0734095690936,0.1414812159779995,0.0822546452116121,400.6240541766911,262.26887371332145,4.990491992452298,3.7817517977387474,0.0,0.0,459.0,7.472950405586982,17164.311340246597,17962.844306444033,398037.62519900827,296312.82443497074,118.83333333333331,190.1971783877633,118.83333333333331,190.1971783877633,0.1072828851562769,0.079300787692891,274.0245027441193,217.6180160121304,3.212653811033624,3.085825307209146,0.0,0.0,391.0,6.473404971546502,10800.808862273629,15615.366912486546,299531.1863163078,368222.1989918642,65.83333333333333,141.02987003618858,65.83333333333333,141.02987003618858,0.0700066288407322,0.0807943232631817,504.1153092128847,319.9295928433047,1.8016918482201785,2.629923060742395,0.0,0.0,462.0,8.817784283995561,1,4,0,0.0,0.9664484126984126,1
353,6.0338123215640005,7154.984088705169,460,460,0.0603674540682414,612.424433025096,8.805784283998447,0.0,,none,0,0.0,70.72032965293133,107.59909636436944,14796.80727058312,8079.086383803345,383.0,135.97426227047526,383.0,135.97426227047526,0.0858461249098375,0.0416240447590567,563.6679259532498,113.50506072006742,7.507090630052898,2.2598036622504134,0.0,0.0,451.0,7.549795912801802,15402.671419093918,19213.003924681376,297125.5228825923,311334.9700755645,194.5,223.6897404889192,194.5,223.6897404889192,0.1147800249368812,0.0705146760630388,359.0248651628387,236.01051560739225,4.454698710141051,3.63819314776367,0.0,0.0,454.0,7.452269394644567,10799.87348138532,15616.071904139331,298181.18821538275,369354.7361844394,104.08333333333331,178.98474202788316,104.08333333333331,178.98474202788316,0.0746496531138609,0.0782582171357788,485.6841855701427,305.2569692392298,2.5355072052201693,3.239400140242311,0.0,0.0,459.0,8.80578428399989,1,3,0,0.0,0.9930555555555555,1
354,8.338146365710001,9820.288621418247,458,458,0.1766169154228855,593.4610665471479,8.797784284001331,0.0,,none,0,0.0,8.523283136380668,2.5870124262309013,10319.67879620802,3441.6711904114886,460.3333333333333,2.516611478422131,460.3333333333333,2.516611478422131,0.1236213836372973,0.0587997479596989,616.8446958256578,25.878458765969235,8.807117617331297,0.0100664459101038,0.0,0.0,232.0,3.900080961835197,10196.520940234806,18270.58875660788,194955.76676347587,282301.43669694994,270.0,223.38576498962507,270.0,223.38576498962507,0.1362796695708542,0.0654238389820488,429.1494422750496,232.05539249574016,5.653313070627302,3.69621578312429,0.0,0.0,453.0,7.191686162917505,10794.209996683416,15620.326326021102,295776.8801199324,371286.4302849049,142.16666666666666,202.1740174536118,142.16666666666666,202.1740174536118,0.0889889415203135,0.0799904401468845,468.2700450125717,291.18073587749865,3.2686558955537337,3.5899870771186038,0.0,0.0,457.0,8.797784284002773,1,2,0,0.0,0.9970000000000001,1
355,89601.15334114137,1694612.8991946676,333,333,0.1544303797468354,246.762250781208,7.024067707666386,0.0,,none,0,0.226,29871.84176660955,51727.10118693212,570529.3906349301,973485.786554709,417.0,72.75300681071533,417.0,72.75300681071533,0.1304715830793207,0.0617171148841851,484.2159167844837,205.8593814739566,8.20921209188872,1.0263729383563722,0.0,0.0,-130.0,-1.793716576327732,17592.545235453304,35830.059409596295,391339.47440140136,680113.7689768986,324.8333333333333,181.4821386987344,324.8333333333333,181.4821386987344,0.1359763995286601,0.0653168827821375,442.4199854805876,215.7811360433293,6.59985204217051,3.041394902157729,0.0,0.0,329.0,5.67923382925925,18259.830872468272,27151.81156466973,435471.7900595573,536143.4747540934,169.83333333333334,203.8095516243862,169.83333333333334,203.8095516243862,0.1014793519537619,0.0772616162345631,421.136294013839,275.7884815725212,3.85399487119272,3.581208852162109,0.0,0.0,332.0,7.024067707667829,1,1,0,0.0,0.8515780423280422,1
356,30.466688185412,30399.99825974404,1,1,0.0026881720430107,395.38909526,-1.4428232973175177e-12,0.0,,ddos,1,1.0,29879.98605856416,51720.04919384038,578277.7286919431,966829.3752199556,264.0,236.1842501099512,264.0,236.1842501099512,0.1112451557375772,0.0946653295719871,411.8708041961184,173.93605796518077,5.2739506638887566,4.652680337950616,0.0,0.0,-459.0,-8.80578428399989,14975.353194108548,36559.099051543606,296537.2679812634,684969.3055982571,323.5,184.27452346974064,323.5,184.27452346974064,0.0985456403237073,0.0668667893660772,487.7693650746842,155.45922384965831,6.3905206469708284,3.492525304156426,0.0,0.0,-8.0,-1.255988371198088,18261.052963236816,27150.916073922945,436829.2907813408,534999.0107604112,169.83333333333334,203.80955162438616,169.83333333333334,203.80955162438616,0.1013102845296732,0.0774944740496462,383.5357481111723,241.08350073547763,3.85399487119272,3.581208852162109,0.0,0.0,0.0,0.0,1,1,0,0.0,0.8567235449735449,1
357,239.357906258474,19811.98485836804,1,1,0.0019960079840319,8.705,-1.4428232973175177e-12,0.0,,ddos,1,1.0,29956.992645195085,51653.46394703985,581608.2941042596,963904.8006526828,111.66666666666669,191.68028937095573,111.66666666666669,191.68028937095573,0.0530381865912926,0.0878088970289418,216.9521153470691,195.05801832457877,2.3413559025544983,4.055347381828179,0.0,0.0,-457.0,-8.797784284002773,14982.757964165734,36555.51097861119,295963.98645023414,685245.1594304933,286.0,226.20698486121069,286.0,226.20698486121069,0.088329785114295,0.0772121843661734,416.8984055863636,251.9149714345555,5.5742367599429,4.372665074520984,0.0,0.0,-225.0,-4.897703322167576,18279.155431260337,27137.719250457125,436172.0249479941,535551.8949784024,169.83333333333334,203.80955162438616,169.83333333333334,203.80955162438616,0.1010853822216132,0.0778036585885917,314.69745220700565,217.28906660110903,3.85399487119272,3.581208852162109,0.0,0.0,0.0,0.0,1,1,0,0.0,0.8495806878306876,1
358,5.937674903734,851.4422680707358,1,1,0.0020449897750511,72.6056414236,-1.4428232973175177e-12,0.0,,ddos,1,1.0,91.92075644920668,128.27198829732163,17021.14179539404,14970.667789082489,1.0,0.0,1.0,0.0,0.0022430566006979,0.0003862584908059,158.89991222786645,207.28283397809503,-1.4428232973175177e-12,0.0,0.0,0.0,-332.0,-7.024067707667829,14981.881261529375,36555.94191063686,293775.2662151624,686346.044985513,209.0,232.4521456128121,209.0,232.4521456128121,0.0663573198400093,0.0803518953538962,321.5579145061753,256.6843472581382,4.10460604594364,4.54298640921661,0.0,0.0,-462.0,-8.817784283995561,16073.096300887986,27484.36303510927,345906.44570708525,506949.2385797142,163.91666666666666,207.8974652577709,163.91666666666666,207.8974652577709,0.0868201024981431,0.0790568930740562,297.7912086251473,228.2344390400496,3.6586299284886312,3.731828129541132,0.0,0.0,-71.0,-2.3443793124490586,1,1,0,0.0,0.9083465608465608,1
359,30.125765558900007,43133.46660231201,1,1,0.0043290043290043,1188.4821422852,-1.4428232973175177e-12,0.0,,ddos,1,1.0,91.80711557370267,128.35377986976587,21265.631242916697,21178.46102317212,1.0,0.0,1.0,0.0,0.002790000696029,0.0013330412374393,423.2642612362665,663.467879479746,-1.4428232973175177e-12,0.0,0.0,0.0,0.0,0.0,14985.896587068934,36553.969233782496,299771.6799674302,683492.3336886622,132.5,207.51843291621108,132.5,207.51843291621108,0.0570175782168031,0.0843449870786129,417.5675327161926,433.8390196878617,2.636975331943657,4.1235106902256575,0.0,0.0,-459.0,-8.80578428399989,15194.284003081426,27842.384361963683,298448.6014250112,506366.4838342787,163.5,208.2474489639669,163.5,208.2474489639669,0.0858988015768422,0.0800235662341259,388.2961989395157,334.3743172197275,3.545837021042354,3.8270722705380624,0.0,0.0,-5.0,-1.353514889355323,1,1,0,0.0,0.9357804232804234,1
360,48.688379321954,70899.23057903381,1,1,0.0039525691699604,1168.9239942943998,-1.4428232973175177e-12,0.0,,ddos,1,1.0,28.25060659486267,21.436950543691413,38294.71314980528,35273.69151430229,1.0,0.0,1.0,0.0,0.0034421877580052,0.0012245601291635,810.0039260010666,638.6805170517961,-1.4428232973175177e-12,0.0,0.0,0.0,0.0,0.0,14992.621625894975,36550.66618971974,309951.5036270328,678748.5347229827,56.333333333333336,135.53843243400252,56.333333333333336,135.53843243400252,0.0282401871746489,0.0618279039597914,513.4780206740679,532.820146377462,1.1706779512765288,2.8675636337578188,0.0,0.0,-457.0,-8.797784284002773,12594.57128306489,27663.293380953888,252453.63519525423,499239.46078366257,163.16666666666666,208.5272309810065,163.16666666666666,208.5272309810065,0.0822599283727516,0.0828648578576044,471.3137314745589,394.2851984938475,3.411995510951915,3.927834406630891,0.0,0.0,-4.0,-1.606098121085269,1,1,0,0.0,0.9532804232804233,1
361,37.07895222153601,54604.2230986892,1,1,0.0042735042735042,1177.83958324887,-1.4428232973175177e-12,0.0,,ddos,1,1.0,38.63103236746334,9.378132687674432,56212.306760011445,13952.557546925937,1.0,0.0,1.0,0.0,0.0041850259241562,0.0002032170538763,1178.415239942823,9.791773265276976,-1.4428232973175177e-12,0.0,0.0,0.0,0.0,0.0,65.27589440833744,86.42105849662288,36616.724277703055,25065.95551422508,1.0,0.0,1.0,0.0,0.0032140412624271,0.0010988951602035,668.6575760853449,573.6272935173054,-1.4428232973175177e-12,0.0,0.0,0.0,-332.0,-7.024067707667829,8828.910564930817,25832.71118902852,213978.0993395521,494827.78388546384,162.91666666666666,208.73709359484775,162.91666666666666,208.73709359484775,0.0695952203955436,0.0821390423456015,555.5387807829662,429.7567171095579,3.299926021084534,4.010492552951105,0.0,0.0,-3.0,-1.3448338784085792,1,1,0,0.0,0.9846296296296297,1
362,96.21046547759,94992.34063277818,1,1,0.0038022813688212,705.3201040006,-1.4428232973175177e-12,0.0,,ddos,1,1.0,60.65926567369333,31.330664782553637,73498.59810350016,20319.1422834094,1.0,0.0,1.0,0.0,0.0040094516040952,0.0002407061797646,1017.3612271812898,270.27230499720145,-1.4428232973175177e-12,0.0,0.0,0.0,0.0,0.0,76.23319062370042,85.28527371784803,47382.11467320874,34103.41258423388,1.0,0.0,1.0,0.0,0.0033997261500621,0.0010863210931817,720.3127442087783,557.8351547397006,-1.4428232973175177e-12,0.0,0.0,0.0,0.0,0.0,7525.793192366123,25847.149158478795,171959.691327236,480337.4602646223,162.25,209.28541842096013,162.25,209.28541842096013,0.0509726832368847,0.067095571605692,604.0410546417313,408.8751109895992,3.195260323484693,4.084392993946605,0.0,0.0,-8.0,-1.255988371198088,1,1,0,0.0,0.987962962962963,1
363,37.447660823196,48623.18915195382,1,1,0.0042735042735042,782.545138154,-1.4428232973175177e-12,0.0,,ddos,1,1.0,56.91235950744067,34.03365741194039,66073.25096114016,25222.579216771774,1.0,0.0,1.0,0.0,0.0041164299719432,0.0002720606708993,888.5682751344899,253.4745426046786,-1.4428232973175177e-12,0.0,0.0,0.0,0.0,0.0,42.581483051154095,29.89284028439956,52183.98205547305,31363.336478015208,1.0,0.0,1.0,0.0,0.0037793088649742,0.0008751037517986,849.2861005677784,436.711078094555,-1.4428232973175177e-12,0.0,0.0,0.0,0.0,0.0,7512.669723608443,25851.24931446843,174073.98425285352,479678.7759075597,143.5,213.09899534765952,143.5,213.09899534765952,0.0460545469896346,0.0682633837745207,633.092253077071,408.0737398972406,2.7871183799707286,4.143092231626719,0.0,0.0,-225.0,-4.897703322167576,1,1,0,0.0,0.9886296296296295,1
364,29.993433580642,40209.97681444462,1,1,0.0047393364928909,832.93097468,-1.4428232973175177e-12,0.0,,ddos,1,1.0,54.550519960476,36.27057584333105,61275.16886639199,29501.377754321013,1.0,0.0,1.0,0.0,0.0042717073784054,0.0004685301463383,773.5987389448665,64.27411705340403,-1.4428232973175177e-12,0.0,0.0,0.0,0.0,0.0,46.590776163972095,25.247388885514525,58743.73781320202,20825.26908371988,1.0,0.0,1.0,0.0,0.0042283666512808,0.0003264677166567,976.0069894438452,225.50772985141512,-1.4428232973175177e-12,0.0,0.0,0.0,0.0,0.0,7514.236018846674,25850.75405559106,176259.50201418216,478942.2421552072,105.0,190.6834597393854,105.0,190.6834597393854,0.0352928432456451,0.0631467906142282,648.7824519750101,412.1577066665237,2.052303022971098,3.738461034228108,0.0,0.0,-462.0,-8.817784283995561,1,1,0,0.0,0.9886296296296295,1
365,42.472206336238,59708.73860325012,1,1,0.0046728971962616,823.65097784,-1.4428232973175177e-12,0.0,,ddos,1,1.0,36.63776691335867,6.278685306202811,49513.96818988263,9779.853950654187,1.0,0.0,1.0,0.0,0.0045619126542189,0.0002519684317559,813.0423635579997,26.81585637908196,-1.4428232973175177e-12,0.0,0.0,0.0,0.0,0.0,48.64851629352842,24.114781791413414,61506.283146691705,19390.306242947696,1.0,0.0,1.0,0.0,0.004285682129157,0.0003743460776643,915.201795369645,205.01303131857776,-1.4428232973175177e-12,0.0,0.0,0.0,0.0,0.0,7517.272551681231,25849.794057767176,180638.98155706088,477493.4524923109,66.75,155.85431717414238,66.75,155.85431717414238,0.0306516301729801,0.0631830267026466,666.3846640429189,414.9647047609448,1.3184876659711076,3.1024567796548133,0.0,0.0,-459.0,-8.80578428399989,1,1,0,0.0,0.9852962962962961,1
366,36.606789047566,51495.84858642911,1,1,0.0048780487804878,850.2611532399999,-1.4428232973175177e-12,0.0,,ddos,1,1.0,36.357476321482,6.243121069783117,50471.52133470772,9789.655896111932,1.0,0.0,1.0,0.0,0.0047634274898801,0.0001046760490612,835.6143685866664,13.50650994326822,-1.4428232973175177e-12,0.0,0.0,0.0,0.0,0.0,46.63491791446376,24.61011027870518,58272.386147924255,19126.69694852282,1.0,0.0,1.0,0.0,0.0044399287309116,0.0003994638532884,862.0913218605782,163.13780276012952,-1.4428232973175177e-12,0.0,0.0,0.0,0.0,0.0,7519.628271904717,25849.048828771985,184111.9448874785,476288.124615666,28.666666666666668,95.8401446854778,28.666666666666668,95.8401446854778,0.0163400579527803,0.0434988017631439,687.7846712673231,417.4761785983596,0.585338975637543,2.027673690914089,0.0,0.0,-457.0,-8.797784284002773,1,1,0,0.0,0.9841851851851853,1
367,46.826530379928,64678.45485433711,1,1,0.0046082949308755,825.765409576,-1.4428232973175177e-12,0.0,,ddos,1,1.0,41.96850858791066,5.128456150286258,58627.68068133856,6657.461353829262,1.0,0.0,1.0,0.0,0.0047197469692083,0.0001408472959681,833.2258468853332,14.790840149860342,-1.4428232973175177e-12,0.0,0.0,0.0,0.0,0.0,48.25951427419576,24.17094120910401,59951.424773865576,19182.387508724147,1.0,0.0,1.0,0.0,0.0044957271738068,0.0003949243295391,803.4122929150999,52.97725956046893,-1.4428232973175177e-12,0.0,0.0,0.0,0.0,0.0,56.76770434126417,61.150217652440446,48284.07452578426,24522.44857201236,1.0,0.0,1.0,0.0,0.0038548842181169,0.0010333456397002,736.0349345002224,394.7094225349063,-1.4428232973175177e-12,0.0,0.0,0.0,-332.0,-7.024067707667829,1,1,0,0.0,0.23406132756132764,0
368,17561.130689512993,345086.8224700712,36,36,0.0261780104712041,585.3426078525999,1.486814728444107,0.0,,ddos,1,0.644,5881.521336313496,10114.839696865583,153753.70863694558,165830.3820589416,12.666666666666666,20.207259421636905,12.666666666666666,20.207259421636905,0.0118881180608558,0.0123761448201513,753.7897235561999,146.39273703315604,0.4956049094804053,0.8584128837031385,0.0,0.0,35.0,1.4868147284455495,2959.079551613429,7153.517162069703,101633.8384134144,119573.91650933432,6.833333333333333,14.288690166235206,6.833333333333333,14.288690166235206,0.0082250153575373,0.00879744083118,783.4160435570999,99.56521504981798,0.2478024547394821,0.6069895711243884,0.0,0.0,35.0,1.4868147284455495,1517.656371118563,5052.747373755173,74507.97654331151,88489.63466917738,3.9166666666666665,10.103629710818453,3.9166666666666665,10.103629710818453,0.0058123707537997,0.0064858274952891,751.8643938829392,383.4546955251144,0.1239012273690196,0.4292064418515692,0.0,0.0,35.0,1.4868147284455495,1,6,0,0.0,0.6271892274392273,1
369,6415.193861033032,411472.6205116135,8,8,0.4461538461538462,109.11126384238,1.588804542754547,0.0,,none,0,0.0,8007.717026975319,8865.089400011959,273745.9659453404,184075.2201974623,15.0,18.520259177452136,15.0,18.520259177452136,0.1589800505186419,0.2489335349682123,506.7397604236599,364.7356534083942,1.025206423732402,0.8893180752715121,0.0,0.0,7.0,1.5888045427559898,4022.037251648402,7106.244545781395,162108.74364002436,168959.32322951363,8.0,14.0,8.0,14.0,0.081871739004261,0.178667278372557,671.1770645051632,292.8025980751371,0.5126032118654805,0.794776143943308,0.0,0.0,7.0,1.5888045427559898,2032.309367349776,5222.383905967437,107146.36284774863,129300.53734484524,4.5,10.121983276737096,4.5,10.121983276737096,0.0428255239346176,0.1271752883991025,760.2315825364708,366.4842948429346,0.2563016059320188,0.5989863978844008,0.0,0.0,7.0,1.5888045427559898,1,5,0,0.0,0.9413282828282827,1
370,3365.780087543775,159938.61498857985,297,297,0.2464285714285714,377.753746489166,6.440557815924116,0.0,,none,0,0.0,9114.034879363267,7472.603415803233,305499.3526567546,130356.1076754039,113.66666666666669,159.38736880108578,113.66666666666669,159.38736880108578,0.2395868093512072,0.2100714947835041,357.4025393947152,238.7670454168566,3.1720590290409216,2.8310622954022837,0.0,0.0,296.0,6.440557815925558,4578.001693975591,6857.597809371901,182063.5166690469,158425.06546364728,57.333333333333336,118.19419049456984,57.333333333333336,118.19419049456984,0.1221532781602077,0.1849345349062733,595.3141931400243,301.3531721372241,1.5860295145197405,2.494905415701793,0.0,0.0,296.0,6.440557815925558,2312.2962350697794,5193.855464496704,120403.6272411244,125511.41547830102,29.166666666666668,84.9436533381055,29.166666666666668,84.9436533381055,0.0631908224057443,0.1390628694230885,785.6605912919346,322.36602127119073,0.7930147572591487,1.8749359753744703,0.0,0.0,296.0,6.440557815925558,1,4,0,0.0,0.9670207570207572,1
371,17.039107372932,19386.05687772288,487,487,0.1168831168831168,586.395195989528,8.913784283959494,0.0,,none,0,0.0,3266.0043519832466,3200.24412521944,196932.4307926385,198643.83995323835,264.0,241.19908789213943,264.0,241.19908789213943,0.2698218448218448,0.165877175098501,357.75340210702456,239.26971873392853,5.64771554754605,3.726295908695507,0.0,0.0,451.0,7.426969555515387,4573.762844148373,6860.969067873247,175343.0697147923,165357.0588761437,138.33333333333334,205.8753668282504,138.33333333333334,205.8753668282504,0.1408549814413503,0.1761428530822385,555.7715628316122,280.224486930974,3.0716602285132297,3.716468049006761,0.0,0.0,486.0,8.913784283960936,2311.2056802209486,5194.379562263972,118424.67643074198,127018.66234043636,69.66666666666667,156.23544780719627,69.66666666666667,156.23544780719627,0.0725703317852537,0.1385265792279441,735.4866791006285,300.0531478100367,1.5358301142558934,2.975138858100225,0.0,0.0,486.0,8.913784283960936,1,3,0,0.0,0.993452380952381,1
372,45.871374547942,62373.13197821568,467,467,0.1912144702842377,526.710739602204,8.833784283988347,0.0,,none,0,0.0,1142.8968564882164,1925.127325422735,80565.93461483924,72020.7535972027,417.0,104.4030650891055,417.0,104.4030650891055,0.1848420528653086,0.0650073993955142,496.9532273602992,107.45671576743142,8.062708794623985,1.405393307324165,0.0,0.0,459.0,7.2449797412338,4575.306941731769,6859.744667817977,177155.9502800901,163779.81440712797,216.0,230.1703716815003,216.0,230.1703716815003,0.1719110516919753,0.1633346248435676,501.84649389197966,240.54178414805355,4.543957609178194,3.9955398485063145,0.0,0.0,466.0,8.83378428398979,2310.970929823114,5194.491170494696,117714.16821400712,127332.1341214988,108.5,191.5408809912628,108.5,191.5408809912628,0.0881754902114434,0.1406257209430616,681.968907876279,271.6449004402341,2.271978804588376,3.589939802826199,0.0,0.0,466.0,8.83378428398979,1,2,0,0.0,0.9367777777777778,1
373,13482.434143084569,323869.6322751615,438,438,0.1412103746397694,482.258422216642,8.712274509025859,0.0,,none,0,0.0,4515.114875001815,7765.939670555298,135209.6070436998,164792.0689738336,464.0,24.63736998950984,464.0,24.63736998950984,0.1497693206023746,0.0378976145898876,531.7881192694578,52.25372475881097,8.819947692324565,0.1014649486281101,0.0,0.0,141.0,2.2717166931017427,6814.574877182543,7266.69580157225,220354.4798502275,162355.27573893964,288.8333333333333,217.31214109355847,288.8333333333333,217.31214109355847,0.1946780649767909,0.1436894541377892,444.5953293320866,181.71175149610255,5.996003360682745,3.57486747283781,0.0,0.0,437.0,8.712274509027301,3431.417195728367,6040.59247023383,140152.95231204652,138440.4755539098,144.91666666666666,209.90623808710117,144.91666666666666,209.90623808710117,0.0995868960752989,0.1387417616931262,624.0038111235934,226.71118859513177,2.9980016803406517,3.951461825540899,0.0,0.0,437.0,8.712274509027301,1,1,0,0.0,0.9319629629629632,1
374,61884.86298619253,765750.044066035,161,161,0.0538922155688622,9.555633333319998,3.2630983724233715,0.0,,ddos,1,0.678,25137.722834608347,32525.36758821236,383997.6027731372,355522.572759739,355.3333333333333,168.9210861122238,355.3333333333333,168.9210861122238,0.1287723534976231,0.0695009258030277,339.50826505072183,286.61046127656533,6.936385721812524,3.181740265914182,0.0,0.0,-326.0,-5.650685911536122,14201.8635932958,23890.75261473981,290465.0167828881,277200.80001265,309.6666666666667,192.83948420037493,309.6666666666667,192.83948420037493,0.1992970991597339,0.1375017602189195,348.6308335788733,236.34315609793472,6.292050634679289,3.178317506633566,0.0,0.0,125.0,1.7762836439792646,8580.471572454611,17809.35637767489,196049.42759815123,226166.2033586648,158.25,204.9568136328857,158.25,204.9568136328857,0.1037610572586356,0.1363305704288252,566.0234385679867,285.3978298093376,3.269926544709385,3.837014710141358,0.0,0.0,160.0,3.2630983724248144,1,1,0,0.0,0.839645622895623,1
375,142.293352646136,48026.17126895723,1,1,0.0019960079840319,8.0153,-1.4428232973175177e-12,0.0,,ddos,1,1.0,25169.86349397441,32488.20139469656,379215.28253671766,362048.6778706224,200.0,221.09500220493453,200.0,221.09500220493453,0.0656995327308878,0.0703542431184006,166.6097851833205,273.3608232765603,3.9917909604825934,4.401610664981745,0.0,0.0,-466.0,-8.83378428398979,13156.380175231316,24430.80587643896,229890.60857577875,285068.2787384016,308.5,195.0382013862925,308.5,195.0382013862925,0.1252707927980982,0.0890435546885156,331.78150627181,259.3207880660268,6.027249877553291,3.6757902988935824,0.0,0.0,-7.0,-1.5888045427559898,8589.208713439857,17804.809356719208,195999.6761079015,226201.64493569883,158.25,204.9568136328857,158.25,204.9568136328857,0.1035712659011796,0.1364831619896816,501.4792853884867,317.72932987046227,3.269926544709385,3.837014710141358,0.0,0.0,0.0,0.0,1,1,0,0.0,0.9000965608465605,1
376,23.419734385616,29386.281782169768,1,1,0.0023474178403755,220.490463502,-1.4428232973175177e-12,0.0,,ddos,1,1.0,20683.525357741422,35681.45455996008,281054.1657057204,419862.3967976035,54.333333333333336,92.37604307034012,54.333333333333336,92.37604307034012,0.0194118804644232,0.0298613630617826,79.35379894510652,122.23036332424763,1.0876994574734935,1.8839507237116844,0.0,0.0,-437.0,-8.712274509027301,12599.320116371622,24734.9076540421,208131.8863747104,296238.9810337491,259.1666666666667,232.38796583873844,259.1666666666667,232.38796583873844,0.0845906005333989,0.077647219769934,305.57095910728225,261.6817335047029,4.953823574899031,4.400014206303977,0.0,0.0,-296.0,-6.440557815925558,8588.660905173605,17805.09674106587,195097.7015218786,226899.82890989297,158.25,204.9568136328857,158.25,204.9568136328857,0.1033719393468033,0.1366422764828217,450.4425761236533,308.70826844055495,3.269926544709385,3.837014710141358,0.0,0.0,0.0,0.0,1,1,0,0.0,0.9573743386243385,1
377,507.043148872068,126200.3972105142,1,1,0.0039682539682539,736.9070131679999,-1.4428232973175177e-12,0.0,,ddos,1,1.0,224.25207863460665,252.0135439522285,67870.9500872135,51367.35024607949,1.0,0.0,1.0,0.0,0.0027705599308871,0.0010520102077219,321.80425888999986,374.8588350741995,-1.4428232973175177e-12,0.0,0.0,0.0,-160.0,-3.2630983724248144,12680.987456621478,24685.81630334505,225934.27643017564,285648.0000397712,178.16666666666666,221.53863470434823,178.16666666666666,221.53863470434823,0.0657714567142551,0.081826216824392,330.65626197036096,298.59656838078774,3.468192860905541,4.299235107833864,0.0,0.0,-486.0,-8.913784283960936,8627.375150384925,17785.31924807471,200638.67307248397,224087.46158287505,158.25,204.9568136328857,158.25,204.9568136328857,0.1033132190778026,0.1366886905327211,443.2139124009866,300.06954719138974,3.269926544709385,3.837014710141358,0.0,0.0,0.0,0.0,1,1,0,0.0,0.9916666666666667,1
378,34.224601141095995,47660.21888195577,1,1,0.0037037037037037,674.212664338,-1.4428232973175177e-12,0.0,,ddos,1,1.0,188.22916146626,276.1538614827467,67748.96595821301,51438.42489680884,1.0,0.0,1.0,0.0,0.0033397918374443,0.0008695408691783,543.8700470026665,281.8038530833141,-1.4428232973175177e-12,0.0,0.0,0.0,0.0,0.0,12679.046327720338,24687.008982539293,223482.1242474657,287390.74896451127,100.5,177.2949519867951,100.5,177.2949519867951,0.0345196622841661,0.0560964476212511,355.2399160929936,323.03778737233984,1.9958954802405764,3.5397724644520627,0.0,0.0,-466.0,-8.83378428398979,8627.17663472605,17785.423866358087,200319.03726377783,224322.14947004316,158.25,204.9568136328857,158.25,204.9568136328857,0.1032153569880706,0.1367659703796593,428.54320499248666,282.1265473505747,3.269926544709385,3.837014710141358,0.0,0.0,0.0,0.0,1,1,0,0.0,0.99,1
379,20.014585134052,27852.70929801976,1,1,0.0040650406504065,763.455281788,-1.4428232973175177e-12,0.0,,ddos,1,1.0,187.09411171573865,277.1750726939832,67237.77513016302,52014.68505069706,1.0,0.0,1.0,0.0,0.0039123327741213,0.0001870467381087,724.8583197646664,45.82509631060738,-1.4428232973175177e-12,0.0,0.0,0.0,0.0,0.0,10435.309734728586,25205.71995323851,174145.970417942,292080.8424834542,27.666666666666668,65.31972647421786,27.666666666666668,65.31972647421786,0.0116621066192722,0.0207066460282003,402.1060593548866,363.0687350731936,0.5438497287360262,1.3321543321578344,0.0,0.0,-437.0,-8.712274509027301,8624.942305955563,17786.601427873382,197250.22513408476,226586.9188157235,158.25,204.9568136328857,158.25,204.9568136328857,0.1031700857980316,0.1368016630485463,423.3506943434866,274.6247604023839,3.269926544709385,3.837014710141358,0.0,0.0,0.0,0.0,1,1,0,0.0,0.9933333333333333,1
380,43.057858307612,55780.12562322736,1,1,0.0039840637450199,740.8529762240001,-1.4428232973175177e-12,0.0,,ddos,1,1.0,32.43234819425333,11.625714551995278,43764.351267734055,14365.531107554056,1.0,0.0,1.0,0.0,0.00391760269971,0.0001896151370011,726.1736407833332,46.39691109401042,-1.4428232973175177e-12,0.0,0.0,0.0,0.0,0.0,128.34221341443242,191.04145133241863,55817.65067747409,36226.06374022364,1.0,0.0,1.0,0.0,0.0033440813152985,0.0009229213861739,523.9889498366666,325.7654170422943,-1.4428232973175177e-12,0.0,0.0,0.0,-160.0,-3.2630983724248144,7165.102903355114,17705.199027825485,173141.33373018107,224811.2774932186,155.33333333333334,207.0925718931834,155.33333333333334,207.0925718931834,0.1013205902375162,0.1380812293355407,436.30989170777,286.3814015494668,3.146025317338923,3.922872491532259,0.0,0.0,-35.0,-1.4868147284455495,1,1,0,0.0,1.0,1
381,416.319470855166,70626.51599606672,1,1,0.0043859649122807,792.6637905279999,-1.4428232973175177e-12,0.0,,ddos,1,1.0,159.79730476561,222.4532858429701,51419.783639104375,21717.713312534164,1.0,0.0,1.0,0.0,0.004145023102569,0.0002125535969135,765.6573495133333,25.97550666320296,-1.4428232973175177e-12,0.0,0.0,0.0,0.0,0.0,174.01323311593742,224.8134314980939,59584.374798659,36428.29819679744,1.0,0.0,1.0,0.0,0.0037424074700067,0.0007176568532838,654.763698258,216.3149039943684,-1.4428232973175177e-12,0.0,0.0,0.0,0.0,0.0,6665.196704173624,17812.660560080974,144737.49168721883,213193.75780816007,154.75,207.55464778747265,154.75,207.55464778747265,0.0645066001340524,0.0873622519044528,493.27260226490495,283.3484095415524,3.013624938775924,4.006136144224161,0.0,0.0,-7.0,-1.5888045427559898,1,1,0,0.0,1.0,1
382,49.187812661712,72398.03481683631,1,1,0.0046296296296296,841.70156636,-1.4428232973175177e-12,0.0,,ddos,1,1.0,169.52171394149664,213.75510216027087,66268.2254787099,9126.047812064142,1.0,0.0,1.0,0.0,0.0043332194289767,0.0003259990680335,791.7394443706665,50.43064886522511,-1.4428232973175177e-12,0.0,0.0,0.0,0.0,0.0,178.30791282862006,221.58416594985616,66753.00030443676,33403.695780408736,1.0,0.0,1.0,0.0,0.004122776101549,0.0003311320322483,758.2988820676666,56.56148307202806,-1.4428232973175177e-12,0.0,0.0,0.0,0.0,0.0,6388.81401460012,17894.052880685926,137442.44333957354,214122.0281135276,130.08333333333334,206.69936813613825,130.08333333333334,206.69936813613825,0.0443566883174739,0.0671302764904324,531.9349205874745,297.45440777778146,2.476911787448794,3.936100159388308,0.0,0.0,-296.0,-6.440557815925558,1,1,0,0.0,0.9966666666666667,1
383,22.481858027226,29762.41979705408,1,1,0.0044444444444444,802.877651648,-1.4428232973175177e-12,0.0,,ddos,1,1.0,162.663047181368,220.07836776409627,57595.65686998548,24120.559367532627,1.0,0.0,1.0,0.0,0.0044866796621182,0.0001272044961396,812.4143361786665,25.87251685697436,-1.4428232973175177e-12,0.0,0.0,0.0,0.0,0.0,97.54769768781308,156.57544050034463,50680.00406886008,19304.38944065037,1.0,0.0,1.0,0.0,0.0042021411809141,0.0003435236970316,769.2939884809999,57.96603710547995,-1.4428232973175177e-12,0.0,0.0,0.0,0.0,0.0,6389.267577154643,17893.876760337072,138307.14024951778,213622.3040863324,89.58333333333333,175.69625563006244,89.58333333333333,175.69625563006244,0.0349867989475846,0.0638539389312161,549.9751252256805,307.4542132782089,1.7340964304520492,3.417896717992393,0.0,0.0,-486.0,-8.913784283960936,1,1,0,0.0,0.99,1
384,27.981589769874,34960.36323415902,1,1,0.0047846889952153,861.9532778199999,-1.4428232973175177e-12,0.0,,ddos,1,1.0,33.217086819604,14.10176678613911,45706.9392826829,23260.81661517676,1.0,0.0,1.0,0.0,0.0046195876897631,0.0001703444129066,835.5108319426666,30.02043131555358,-1.4428232973175177e-12,0.0,0.0,0.0,0.0,0.0,96.50719579260944,157.10027103019723,48563.361460893946,20368.623950572783,1.0,0.0,1.0,0.0,0.004382305396166,0.0003118364387387,800.584090728,45.762801480734176,-1.4428232973175177e-12,0.0,0.0,0.0,0.0,0.0,6387.776761756471,17894.454036770796,136022.74285417973,214652.22144510163,50.75,130.3381092669091,50.75,130.3381092669091,0.019450983840166,0.0409648676850889,577.9120034104968,320.1182355421642,0.9979477401195668,2.604205371817194,0.0,0.0,-466.0,-8.83378428398979,1,1,0,0.0,0.9947474747474746,1
385,38.929673825494,55724.59281429431,1,1,0.0048780487804878,876.820581806,-1.4428232973175177e-12,0.0,,ddos,1,1.0,29.79770720753133,8.372954931295148,40149.12528183557,13736.849916772073,1.0,0.0,1.0,0.0,0.0047023940733825,0.000228215951869,847.2171704246665,39.11206816267497,-1.4428232973175177e-12,0.0,0.0,0.0,0.0,0.0,99.65971057451644,155.43931114272036,53208.675380273045,17704.70378869536,1.0,0.0,1.0,0.0,0.0045178067511796,0.0003228469307768,819.4783073976665,50.52261983319264,-1.4428232973175177e-12,0.0,0.0,0.0,0.0,0.0,5267.4847226515485,17830.615609033102,113677.32289910749,207145.28573038537,14.333333333333334,46.188021535170144,14.333333333333334,46.188021535170144,0.0080899566852259,0.0144520214415113,610.7921833762766,329.5252766992846,0.2719248643672917,0.9419753618558484,0.0,0.0,-437.0,-8.712274509027301,1,1,0,0.0,0.9565808080808079,1
386,5455.962997426499,50735.76233740502,36,36,0.0093457943925233,761.1674571739401,0.8039334377413246,0.0,,ddos,1,0.85,1840.958087007289,3130.6908729390098,47140.23946195255,10839.01038269382,12.666666666666666,20.207259421636905,12.666666666666666,20.207259421636905,0.0063361773894088,0.0026068227579684,833.3137722666464,62.92119887640447,0.2679778125794779,0.464151186691328,0.0,0.0,35.0,0.8039334377427675,1001.810567094331,2187.433702802761,52367.94816596932,17677.922334367096,6.833333333333333,14.288690166235206,6.833333333333333,14.288690166235206,0.0054114285257635,0.0019367175589558,822.8640542226567,44.52439429417117,0.1339889062890184,0.3282044516052212,0.0,0.0,35.0,0.8039334377427675,565.0763902543792,1549.065879696578,54092.799421721655,27236.146608918083,3.9166666666666665,10.103629710818453,3.9166666666666665,10.103629710818453,0.004377754920531,0.001804919222739,673.4265020296616,271.10994536018404,0.0669944531437878,0.232075593345664,0.0,0.0,-125.0,-2.4591649346820468,1,6,0,0.0,0.5228591871091871,1
387,17876.17462324056,1106068.6068025697,5,5,0.0769230769230769,81.39435886666,0.5777867823854278,0.0,,none,0,0.0,7790.3557648308515,9144.882122845647,404176.3206514228,607861.6685778475,14.0,19.157244060668017,14.0,19.157244060668017,0.0303823066986959,0.0403673464265665,573.1274659488665,429.76155919280353,0.4605734067084348,0.4145859074527529,0.0,0.0,4.0,0.5777867823868706,3911.7864258252303,7176.599981969048,224941.6299670532,431931.5208456108,7.5,14.053469322555197,7.5,14.053469322555197,0.0175009471942295,0.0291708069329015,704.3191489457666,308.04544932128465,0.2302867033534968,0.3638556702236097,0.0,0.0,4.0,0.5777867823868706,2042.8998294705812,5219.574061525852,142263.002382856,304733.6189285324,4.25,10.064564299832089,4.25,10.064564299832089,0.0106216773321181,0.0209439669950935,679.5414236018834,255.09141155971847,0.115143351676027,0.2732049914683809,0.0,0.0,4.0,0.5777867823868706,1,5,0,0.0,0.9146468253968252,1
388,33782.53601676647,485674.2856281719,283,283,0.2900763358778626,420.26720680198,6.538573075136798,0.004,,none,0,0.0,19038.224545811176,14198.994850760067,547492.8849227153,530375.3459256841,108.0,152.34500319997372,108.0,152.34500319997372,0.1254484023978209,0.1465211235282658,420.9430076141932,339.8870530420693,2.640097765087848,3.3780716222022438,0.0013333333333333,0.0023094010767585,282.0,6.53857307513824,9534.011126509356,13749.207148591484,293821.0051022757,435676.47466730326,54.5,112.77544058880903,54.5,112.77544058880903,0.0650753982356017,0.1138476009711582,634.0800890194299,318.33014881497667,1.3200488825432035,2.579841471226494,0.0006666666666666,0.0016329931618554,282.0,6.53857307513824,4856.159519668986,10479.575510377772,180287.0027033562,317565.8305068028,27.75,81.0040683602317,27.75,81.0040683602317,0.0345990871685753,0.0830950145707276,696.1894855435484,227.4277808844828,0.6600244412708803,1.8709622521876643,0.0003333333333333,0.0011547005383792,282.0,6.53857307513824,1,4,0,0.0,0.9790740740740741,1
389,21.560442859544,24129.45011671455,487,487,0.1432432432432432,455.722300457392,8.913784283959494,0.0,,none,0,0.0,17226.757027622192,16889.854212976807,538624.1141824852,542909.6130577114,258.3333333333333,241.94489730790636,258.3333333333333,241.94489730790636,0.1700808853480608,0.1090814935086203,319.12795537534384,206.64513809485877,5.343381380493905,4.294598465138479,0.0013333333333333,0.0023094010767585,451.0,8.109850846218169,9533.857557314745,13749.33463784028,292882.1768222192,436364.8159186405,135.5,204.1663537412568,135.5,204.1663537412568,0.0882085313687348,0.1131632710543681,576.2208638209953,313.0185816116486,2.805679596536693,3.897630220212052,0.0006666666666666,0.0016329931618554,486.0,8.913784283960936,4815.702627501276,10498.811298774695,171781.09044553956,320499.64367818634,68.25,154.53456512438186,68.25,154.53456512438186,0.0462053362748244,0.0880090080092213,672.7574261509977,237.12964690560432,1.4028397982676253,3.008671115034048,0.0003333333333333,0.0011547005383792,486.0,8.913784283960936,1,3,0,0.0,0.991574074074074,1
390,8.754147662736,8073.985525436443,465,465,0.2755102040816326,429.295653184278,8.825784283991233,0.0,,none,0,0.0,11270.950202429582,19495.60624621585,172625.90709010742,271226.67635170923,411.6666666666667,111.97023413985228,411.6666666666667,111.97023413985228,0.2362765944009127,0.0808977525620827,435.09505348121655,18.42527338687049,8.092713881029173,1.3466444346610071,0.0013333333333333,0.0023094010767585,460.0,8.247997501605806,9530.65298363022,13751.99527599566,288401.11387076543,439668.6996393277,212.83333333333331,229.3542383882772,212.83333333333331,229.3542383882772,0.1333294505498043,0.1264409938404803,504.1112597150416,282.364444382037,4.276643643868805,4.274225491145055,0.0006666666666666,0.0016329931618554,464.0,8.825784283992675,4813.580089711412,10499.868367440387,168482.23766582963,322093.108202068,106.91666666666669,190.12840557386636,106.91666666666669,190.12840557386636,0.0688558779729852,0.1086358427192277,652.3476752215208,247.3142987152584,2.138321821933681,3.645845210843537,0.0003333333333333,0.0011547005383792,464.0,8.825784283992675,1,2,0,0.0,0.9823412698412699,1
391,22.27523777494,29176.168245699635,456,456,0.2234332425068119,476.310013506622,8.789784284004217,0.0,,none,0,0.0,17.529942765737577,7.60846034957703,20459.867962616645,11019.296882299108,469.3333333333333,15.947831618541024,469.3333333333333,15.947831618541024,0.2140622299438959,0.0666295665579234,453.7759890494305,23.5675330741608,8.843117617318311,0.0637913264511895,0.0,0.0,173.0,2.251211208867419,9527.87724428846,13754.295766011774,283976.3764426663,442602.4325256734,288.6666666666667,220.3494194833893,288.6666666666667,220.3494194833893,0.1697553161708584,0.1127780946885632,437.359498331812,216.2287131194837,5.741607691203082,4.013653133165965,0.0006666666666666,0.0016329931618554,455.0,8.789784284005659,4813.768477431486,10499.774562865472,168592.5259114696,322040.7998756916,144.83333333333334,211.2787186862344,144.83333333333334,211.2787186862344,0.087136561461019,0.1150119827418277,628.4189028647394,249.46876470290107,2.87080384560082,4.038960644949523,0.0003333333333333,0.0011547005383792,455.0,8.789784284005659,1,1,0,0.0,0.9282063492063491,1
392,20815.50527517261,558730.220693598,165,165,0.087227414330218,514.203735353562,3.4628262605482965,0.0,,ddos,1,0.654,6948.844886870093,12008.882064886777,198660.1248215778,312008.3027498708,362.0,170.6663411455229,362.0,170.6663411455229,0.1953902869728875,0.0972234937936921,473.2698006814872,42.53560596644103,7.026131609514581,3.0859654498193243,0.0,0.0,-322.0,-5.450958023411197,12087.800957246143,14264.740197616442,368642.11950203177,437621.60114965006,310.1666666666667,195.67771121583235,310.1666666666667,195.67771121583235,0.1827355861604742,0.0934486047610737,396.19887802841566,157.90031314593855,6.184756495004244,3.46932241131897,0.0006666666666666,0.0016329931618554,129.0,2.658892822806972,6544.805762170236,11321.885260374174,210505.0338340005,338340.05594387813,158.5,206.37631118464597,158.5,206.37631118464597,0.0940735073431188,0.1120119854285293,609.5314661255362,248.7613260326648,3.1593727006466312,3.937638263276464,0.0003333333333333,0.0011547005383792,164.0,3.4628262605497397,1,1,0,0.0,0.9359444444444446,1
393,53.47265836790599,9037.376398845843,1,1,0.0021645021645021,73.83381984465599,-1.4428232973175177e-12,0.0,,ddos,1,1.0,6963.75105710515,11995.981181548945,198981.25511271425,311714.42284830275,207.33333333333331,230.43509570665088,207.33333333333331,230.43509570665088,0.1042750530005106,0.1116150991189936,354.7825229016132,244.0453110610661,4.084203514850355,4.427714896982552,0.0,0.0,-464.0,-8.825784283992675,9117.35062976737,14668.281436810274,185803.58110141117,261725.6156003689,309.5,196.9281594896982,309.5,196.9281594896982,0.1702758237007117,0.1132619652310525,394.938788191415,160.91635277540811,6.088458697939765,3.658919346429321,0.0006666666666666,0.0016329931618554,-4.0,-0.5777867823868706,6514.5685277962975,11340.210171603085,205372.60553423208,341110.6250062923,158.5,206.37631118464597,158.5,206.37631118464597,0.0938883854474706,0.1121754033970891,549.6289685685908,284.6176031181509,3.1593727006466312,3.937638263276464,0.0003333333333333,0.0011547005383792,0.0,0.0,1,1,0,0.0,0.9434444444444445,1
394,113.561650586988,157083.58967047776,1,1,0.0048076923076923,853.4255504960001,-1.4428232973175177e-12,0.0,,ddos,1,1.0,6994.179861375833,11969.65662904731,241617.06225430695,284429.2297875262,55.66666666666666,94.68544414709862,55.66666666666666,94.68544414709862,0.031399869600804,0.0483661315014889,480.4877018980725,390.8879568482093,1.1542754201818015,1.999263673685305,0.0,0.0,-455.0,-8.789784284005659,3505.85490207079,8480.046480323095,131038.46510846211,216983.21603435112,262.5,234.57173742802013,262.5,234.57173742802013,0.12273104977235,0.1127881824141134,467.1318454737517,248.09994770386496,4.99869651875006,4.397264846224219,0.0,0.0,-282.0,-6.53857307513824,6519.93301429007,11336.888421974496,212429.7351053689,338978.813909744,158.5,206.37631118464597,158.5,206.37631118464597,0.0939032240039758,0.1121625339156682,550.6059672465908,285.7292880499886,3.1593727006466312,3.937638263276464,0.0003333333333333,0.0011547005383792,0.0,0.0,0,-1,0,0.0,1.0,1
395,19376.9787084228,740643.4036266728,57,57,0.2452830188679245,142.59755854726,2.5000754685100826,0.0,,none,0,0.042,6514.671005792562,11139.1257399135,302254.7898986652,386804.6700865842,19.666666666666668,32.331615074619044,19.666666666666668,32.331615074619044,0.0840850711133729,0.1396077733643174,356.6189762959719,431.6186882728381,0.8333584895023972,1.4434192447395089,0.0,0.0,-108.0,-0.962750792038214,6731.757946331333,10362.137828020295,250457.4573601218,319384.36076925416,190.83333333333331,217.31674272054303,190.83333333333331,217.31674272054303,0.1397376790431302,0.1236679043848397,414.94438848872966,281.6448337631378,3.92974504950849,4.018431089891775,0.0,0.0,-430.0,-6.413708815449411,8132.807751823035,11699.439782394496,271669.81709117047,365252.4261437436,163.16666666666666,203.09819986370823,163.16666666666666,203.09819986370823,0.1139731052059325,0.1161754713719568,495.5826261548625,296.1192217802212,3.3677123230225914,3.819651557362617,0.0003333333333333,0.0011547005383792,56.0,2.5000754685115254,0,-1,0,0.0,0.973148148148148,1
396,7246.771341604452,330846.2297274737,299,299,0.1584507042253521,265.746665275206,6.659752580322151,0.0,,none,0,0.0,8912.437233538076,9739.129393005029,409524.40767487447,299630.1151085955,119.0,158.37929157563497,119.0,158.37929157563497,0.1361804718003229,0.1217746611995336,420.5899247728219,379.8702867997883,3.053276016276929,3.364163973756162,0.0,0.0,298.0,6.659752580323594,7938.094145321618,9830.610137777594,304252.8313937947,296776.2804603778,163.16666666666666,183.34275733354372,163.16666666666666,183.34275733354372,0.1202277624004168,0.1059253799109498,387.6862238372177,287.8246057931988,3.5687397655636435,3.5619863605447,0.0,0.0,-166.0,-2.166031703669081,8734.373564475916,11427.240499312176,296326.97263228,357729.89572854026,188.0,199.6565232411084,188.0,199.6565232411084,0.1267786064751106,0.1114175267183303,445.8987417761296,278.55598142978,3.922691704716224,3.769339652946965,0.0003333333333333,0.0011547005383792,298.0,6.659752580323594,0,-1,0,0.0,0.9849074074074075,1
397,63278.41053170186,1065444.6105284735,106,106,0.1654676258992805,131.62386278678,3.300556421569664,0.0,,none,0,0.0,29967.386860576367,29478.868808083826,712311.4146275398,368117.80922599824,154.0,127.94139283281233,154.0,127.94139283281233,0.1897337829975189,0.048234816282266,179.98936220308187,74.47040870247451,4.153461490133964,2.207105278553859,0.0,0.0,105.0,3.3005564215711067,18480.783360976104,23732.699516848912,476964.2384409237,391190.7914273596,104.83333333333331,114.16902673959656,104.83333333333331,114.16902673959656,0.1105668262991615,0.0968877727617726,330.2385320505773,300.708281030547,2.6538684551578844,2.4991764050730207,0.0,0.0,-350.0,-5.489227862434553,14004.33030263228,19075.381506211117,380470.30744179495,410805.0508134247,196.75,192.90276636877775,196.75,192.90276636877775,0.14016107123501,0.104898447757591,383.7990151911947,255.89883255610343,4.197738073180484,3.5723543504207718,0.0003333333333333,0.0011547005383792,105.0,3.3005564215711067,0,-1,0,0.0,0.8057752525252525,1
398,22742.49515189806,559406.8149390994,74,74,0.2079207920792079,105.971299480386,2.7367817582094616,0.0,,none,0,0.0,31089.225675068123,28933.321281908356,651899.2183983487,375931.9470224826,159.66666666666666,121.72236168154696,159.66666666666666,121.72236168154696,0.1772797074012801,0.0267668890632523,167.78060918079052,85.80515492129452,4.232363586700424,2.120995865750013,0.0,0.0,17.0,0.236706289699379,18801.948340430343,23783.59733553059,477077.0041485072,391219.1720141291,89.66666666666667,110.56521454176588,89.66666666666667,110.56521454176588,0.1306823892573266,0.1033841901036975,262.1997927383813,296.91895415987113,2.532861038101412,2.4695756167160914,0.0,0.0,-91.0,-0.7260445023388349,15444.874648838244,19023.79108778869,422859.56182526937,399784.0217310429,199.91666666666663,190.31861244351336,199.91666666666663,190.31861244351336,0.1567089877089003,0.0978093081643411,329.19933538339853,237.28274957997752,4.358808766552828,3.446790732448695,0.0003333333333333,0.0011547005383792,38.0,1.9328483204681368,0,-1,0,0.0,0.7675266955266955,1
399,56331.93922619409,970449.9042892422,126,126,0.1989528795811518,135.22073663784,3.930337108392567,0.0,,none,0,0.0,47450.94830326468,21678.194314783726,865100.4432522715,268965.5077269645,102.0,26.229754097207977,102.0,26.229754097207977,0.19078043251988,0.0223754217368543,124.2719663016685,15.950554220856104,3.3225584293905626,0.5970817864822118,0.0,0.0,-173.0,-2.729415471929584,28181.69276840138,25912.98806920417,637312.4254635733,356529.26576713007,110.5,101.95832481950676,110.5,101.95832481950676,0.1634804521601015,0.0838226565818485,272.4309455372453,290.10970639238553,3.187917222833747,2.1659631267015484,0.0,0.0,125.0,3.93033710839401,18649.521699084373,22408.510109204733,411558.0032824921,380149.2273569543,210.0,182.0799025403158,210.0,182.0799025403158,0.1668781379304066,0.0950650895895295,333.6848668643302,232.63570549904247,4.638187960386756,3.242261525483804,0.0003333333333333,0.0011547005383792,121.0,3.3525503260071394,0,-1,0,0.0,0.5320411255411256,1
400,42933.44881216789,1222152.7706037052,127,127,0.2681564245810056,124.910548716076,3.896220710277224,0.0,,none,0,0.0,40669.29439675334,16908.799032388368,917336.496610682,334550.1845670839,109.0,30.31501278244822,109.0,30.31501278244822,0.225010032080455,0.0376339508024582,122.03419494476718,14.835344679848856,3.5211131922930825,0.679465106553562,0.0,0.0,21.0,0.5956642887075603,35318.34062866486,22278.324080653583,814823.9556191112,334042.5186378889,131.5,86.7334998717338,131.5,86.7334998717338,0.207371907538987,0.0432491482774258,151.01177857392463,57.56745706747134,3.837287341213525,1.5010509410384243,0.0,0.0,126.0,3.896220710278667,19412.097765367824,23114.885611322177,472931.21036378667,446808.7238294836,197.0,181.96303320879613,197.0,181.96303320879613,0.1650514786556685,0.0926628978440505,309.07181202383816,238.2003875482738,4.417991929981792,3.190783234000371,0.0,0.0,-156.0,-2.642352364859573,0,-1,0,0.0,0.4535331890331891,0
401,3862.97180001102,491586.6103006744,5,5,0.0204081632653061,149.22482709039997,1.3743315666324667,0.0,,none,0,0.0,34376.11994612433,27261.12697016914,894729.7617312073,371122.4644732998,86.0,70.14983962918231,86.0,70.14983962918231,0.1625058224758211,0.1278322777117244,136.4520374814385,12.203815368206165,3.066963128434084,1.4659611813279123,0.0,0.0,-69.0,-1.3624501915769949,32732.67281059623,25206.418861453825,773314.490064778,359600.7324855416,122.83333333333331,97.58568884148288,122.83333333333331,97.58568884148288,0.1698927649385506,0.0829970079748301,152.1163233311146,57.43715617664111,3.649663357567256,1.7511464037920452,0.0,0.0,-52.0,-1.125743901877616,19732.21537846378,22846.98106626697,511885.97371245,423913.98285788426,156.83333333333334,164.48809480729398,156.83333333333334,164.48809480729398,0.1548152219908404,0.1016407475351923,283.5303559099222,237.47726627637576,3.789704203537873,2.958913314363524,0.0,0.0,-482.0,-7.539452717327027,0,-1,0,0.0,0.5226363636363637,1
402,61316.79628543824,1910465.9014856804,91,91,0.2294117647058823,119.581328676572,3.174188439287064,0.0,,none,0,0.0,36037.738965872384,29341.07356103033,1208068.4274633531,709544.4928118939,74.33333333333333,62.684394655554655,74.33333333333333,62.684394655554655,0.1726587841840646,0.1332684352906583,131.23890149434916,15.80254049882554,2.814913572065583,1.298764811607966,0.0,0.0,-35.0,-0.756148669105503,41744.34363456853,23904.298500459405,1036584.4353578128,515370.2010290739,88.16666666666667,45.5693610517716,88.16666666666667,45.5693610517716,0.1817196083519723,0.0860405275356394,127.75543389800896,14.704340932576804,3.0687360007280744,0.9458486499427392,0.0,0.0,-208.0,-3.4855641410350877,24841.21888994507,24806.28480846928,670418.6333758036,554103.8430948058,125.66666666666669,133.2566446123169,125.66666666666669,133.2566446123169,0.1509736853761945,0.0974490700524872,257.7208288676133,237.02476920559388,3.3187378831458587,2.498397555544792,0.0,0.0,-374.0,-5.651595844704168,0,-1,0,0.0,0.37186940836940846,0
403,32028.672785600527,761240.7921719295,82,82,0.1956521739130435,129.681118387184,3.108282903665656,0.0,,none,0,0.0,32402.81362368326,28728.739495940503,1054431.1013194278,753508.4795620557,59.333333333333336,47.26873526268,59.333333333333336,47.26873526268,0.1484907006280772,0.1121997316199519,132.8290913847185,15.070386526138448,2.5522676365283936,1.0206546543654127,0.0,0.0,-45.0,-0.7879378066115681,36536.05401021831,21563.849248424634,985883.7989650551,526799.7922345736,84.16666666666667,44.7366367384353,84.16666666666667,44.7366367384353,0.1867503663542662,0.0857822827698828,127.43164316474297,14.623287505605198,3.03669041441074,0.9396605850402328,0.0,0.0,-24.0,-0.1922735179040078,27508.418685597204,23585.784429072155,731424.0187029894,516081.2690786386,94.5,83.3726573883788,94.5,83.3726573883788,0.1486585963267138,0.0958886655856335,228.83508760766017,228.9478814505681,2.8452794347843127,1.811174444467603,0.0,0.0,-374.0,-5.681501380338561,0,-1,0,0.0,0.27180303030303027,0
404,84205.46869836727,1516127.8382935887,131,131,0.149171270718232,81.1290824602,3.837786536918476,0.0,,none,0,0.0,59183.645923135344,26153.72355481671,1395944.8439837326,583962.8002366784,101.33333333333331,26.083200212652823,101.33333333333331,26.083200212652823,0.1914117364457192,0.0402879659610812,110.1305098413185,25.618616876327494,3.3734192932903966,0.4035016575213009,0.0,0.0,126.0,2.4634549702860093,46779.88293462984,27486.333391636726,1145337.30285747,516587.5936199216,93.66666666666669,48.07355475380116,93.66666666666669,48.07355475380116,0.1769587794607702,0.086234274677938,123.29127366137864,23.020545199272625,3.2201912108622426,0.9761746377603978,0.0,0.0,57.0,1.1010047787090145,32790.915637530095,28530.820018400893,811207.1535029886,559162.6363394554,91.66666666666669,81.3112240192899,91.66666666666669,81.3112240192899,0.1538205843590484,0.0939282692144874,192.74553319988,213.4863811325525,2.876526124481827,1.8259710131521,0.0,0.0,-34.0,0.3749602763701793,0,-1,0,0.0,0.22852525252525255,0
405,10625.370487917344,369537.1896494364,8,8,0.3555555555555555,119.31390060862,1.2362337484029404,0.0,,none,0,0.0,42286.50399062838,37847.39144165682,882301.9400383182,582803.0370816546,73.66666666666667,61.92199393861061,73.66666666666667,61.92199393861061,0.2334596667289436,0.1082620577197829,110.04136715200116,25.569707774856404,2.727434396329022,1.341940168939599,0.0,0.0,-83.0,-1.937954690884124,39162.12147825039,30480.21610751963,1045185.1837508356,607521.3973378128,74.0,55.72791042197844,74.0,55.72791042197844,0.2030592254565041,0.1135846987498214,120.64013432317527,22.275832990527647,2.771173984197304,1.1820884751194216,0.0,0.0,-118.0,-2.6941033599896267,33671.90712332588,27575.255817053425,841248.8046072045,520494.292058238,92.25,80.62384601006417,92.25,80.62384601006417,0.1832698388083028,0.0973923861218463,196.53553993021035,211.5786171313933,2.979545603515526,1.6777872854407232,0.0,0.0,7.0,1.2362337484043833,0,-1,0,0.0,0.08734151034151033,0
406,14702.54499266928,787168.2880626735,10,10,0.0652173913043478,127.29976012544,1.4523131789733026,0.0,,none,0,0.0,36511.128059651295,41354.78732513271,890944.4386685662,580297.0325320367,49.66666666666666,70.4438310523592,49.66666666666666,70.4438310523592,0.1899814058593784,0.1494093797352405,109.2475810647532,24.67652651582024,2.175444488098238,1.4436787715886767,0.0,0.0,-72.0,-1.6559697246923537,34456.97084166729,31926.275030834106,972687.7699939972,608133.4035837677,54.5,53.91382012063379,54.5,53.91382012063379,0.1692360532437278,0.120337943299529,121.03833622473594,22.388508058028595,2.363856062313318,1.1370912158500237,0.0,0.0,-117.0,-2.4439075313039216,34887.65573516607,26251.025399306396,893755.8628065541,474994.3689358641,93.0,79.73478766282857,93.0,79.73478766282857,0.1883039803913574,0.0884829604910689,136.02505739933034,44.48851615884179,3.100571701763421,1.4845767993454495,0.0,0.0,9.0,1.4523131789747454,0,-1,0,0.0,0.15127922077922082,0
407,61670.81617495602,1414868.519285224,129,129,0.2222222222222222,111.390237012,4.020051449285147,0.016,,none,0,0.0,28999.57721851421,28367.467796707584,857191.3323324444,526171.851419416,49.0,69.28924880527997,49.0,69.28924880527997,0.2143317230273751,0.1453298227768417,119.33463258201986,7.954781818817015,2.2361994588871283,1.5486344057956742,0.0053333333333333,0.009237604307034,-2.0,0.1822649123666715,44091.61157082478,29475.678025470275,1126568.0881580887,578121.3986781132,75.16666666666667,54.90142681813215,75.16666666666667,54.90142681813215,0.2028717297365472,0.0962036837721031,114.73257121166932,17.698915119411083,2.8048093760887647,1.1884500535162137,0.0026666666666666,0.0065319726474218,124.0,2.6457198826526804,38412.1421907105,26812.43301102396,949941.2891114334,494703.7226981962,99.0,79.48813519238976,99.0,79.48813519238976,0.1863822473375489,0.0873764566157302,133.42444727139198,44.97881046357155,3.2272363668280097,1.4935001913182042,0.0013333333333333,0.004618802153517,72.0,1.5199759807750648,0,-1,0,0.0,0.07108477633477633,0
408,121385.85666437991,1908784.271185502,202,202,0.1939163498098859,81.4847848312,5.388017095211865,0.0,,none,0,0.0,65919.73927733506,53468.42299861,1370273.6928444663,562136.2177516301,113.66666666666669,96.91405126880896,113.66666666666669,96.91405126880896,0.1604519877788185,0.0836811022722414,106.72492732287984,23.261058148205304,3.6201272411567698,1.9980980602210745,0.0053333333333333,0.009237604307034,194.0,4.151783346808925,54103.121633981726,43405.96573967181,1126287.8164413923,577665.5887249083,93.66666666666669,75.96490417730229,93.66666666666669,75.96490417730229,0.1969558272538811,0.0953326615772001,108.3831472374406,21.93750999289297,3.173780818742898,1.598858925819019,0.0026666666666666,0.0065319726474218,111.0,2.2138286559248006,47923.732634275126,34026.30656616291,1081436.1258996024,524028.1023225663,90.91666666666669,59.79276078610384,90.91666666666669,59.79276078610384,0.1893377178029267,0.0869445334207656,118.06929056772482,20.478850300911844,3.121258409735486,1.2536492516476372,0.0013333333333333,0.004618802153517,-97.0,-1.271735485110287,0,-1,0,0.0,0.03727649202649202,0
409,29562.17199098719,1127201.5692085696,64,64,0.3304347826086956,116.19482779054,2.817887863764009,0.0,,none,0,0.0,70872.94827677436,46598.355047835685,1483618.1198930985,395300.8483360453,131.66666666666666,69.03863652574067,131.66666666666666,69.03863652574067,0.2488577848802678,0.072051443580568,103.02328321124652,18.806945724584097,4.075318802753672,1.2859556473126317,0.0053333333333333,0.009237604307034,54.0,1.3655746847907064,53692.03816821284,43667.727874697215,1187281.2792808325,550074.1680802196,90.66666666666669,76.86785197120261,90.66666666666669,76.86785197120261,0.2194195953698231,0.1097531672069134,106.13543213799998,19.91671239135737,3.1253816454259566,1.6056191492389031,0.0026666666666666,0.0065319726474218,-18.0,-0.290395039901647,45114.046089215575,34035.187190511926,1086582.5391229438,524160.0113662644,87.41666666666667,60.0582419343292,87.41666666666667,60.0582419343292,0.2030849808620446,0.0954528081015652,116.7835376513715,20.029899609509343,3.0810360299183484,1.255115812866431,0.0013333333333333,0.004618802153517,-42.0,-0.4826685578056549,0,-1,0,0.0,0.08921155696155694,0
410,27535.065524814585,1577925.8524899934,58,58,0.0833333333333333,111.82898610446,2.682443430873449,0.0,,none,0,0.0,59494.36472672722,53609.18644092351,1537970.5642946882,392320.2757932194,108.0,81.46164741766519,108.0,81.46164741766519,0.2025614885839715,0.1237773621338469,103.16953290873316,18.9059876175838,3.629449463283106,1.5244692143991947,0.0,0.0,-71.0,-1.3376080184116983,44246.97097262073,41838.29417618855,1197580.9483135666,557984.6908394285,78.5,74.96065634718023,78.5,74.96065634718023,0.2084466058056734,0.120905742757408,111.25208274537664,15.70602122966237,2.932824461085118,1.572022148638763,0.0026666666666666,0.0065319726474218,-73.0,-1.1553431060450268,45513.42695362528,33775.93797024656,1171459.1255855183,513387.7217196651,86.08333333333333,60.55869929750849,86.08333333333333,60.55869929750849,0.1927026926332218,0.101465262048614,117.27167820337768,19.81264374635548,3.076507835973681,1.2565678993599168,0.0013333333333333,0.004618802153517,-16.0,-0.0543383273360125,0,-1,0,0.0,0.11237822362822361,0
411,40994.98134257977,931594.411641794,101,101,0.0662650602409638,119.05090155022,3.324327046349276,0.0,,none,0,0.0,32697.406286127178,7257.038240177604,1212240.6111134524,331451.0700590702,74.33333333333333,23.288051299611308,74.33333333333333,23.288051299611308,0.1600110587276641,0.1478378021099388,115.6915718150732,3.637164501192304,2.941552780328909,0.3383391828414628,0.0,0.0,-101.0,-2.063690048862589,49308.572781731134,38674.6915644415,1291257.1519789596,421705.0060610918,94.0,66.61831579978626,94.0,66.61831579978626,0.1602315232532414,0.107440566685058,111.20824956897664,15.679366401354196,3.280840010742842,1.334498667675757,0.0026666666666666,0.0065319726474218,93.0,2.088093297946336,44235.347129990754,33619.161378852565,1168221.1678648975,514891.0778411254,84.0,59.48108943185216,84.0,59.48108943185216,0.1816453743548728,0.1077570634793014,115.924191946076,19.01472558760416,3.026006997470073,1.2310519397150013,0.0013333333333333,0.004618802153517,-25.0,-0.6060100620432913,0,-1,0,0.0,0.1485571188071188,0
412,6994.325779370108,381395.3518744071,3,3,0.0277777777777777,120.95840361148,0.8280835106443815,0.0,,none,0,0.0,25174.790882254816,17122.771883466776,963638.5386687312,598908.5316503142,54.0,49.12229636326046,54.0,49.12229636326046,0.0591253904506915,0.0284576193981017,117.27943042205318,4.81561506689328,2.2782846626223674,1.296270102969587,0.0,0.0,-61.0,-1.989804353119628,48023.8695795146,40153.88998380157,1223628.329280915,535812.7522358664,92.83333333333331,68.4205134931529,92.83333333333331,68.4205134931529,0.1539915876654797,0.1148913099339307,110.15135681664997,14.550871533099464,3.176801732688021,1.5173657281362516,0.0026666666666666,0.0065319726474218,-7.0,-0.6242296683289211,41240.42021059094,35304.25137284529,1098158.0496374562,561938.3016076384,73.66666666666667,62.04739146715825,73.66666666666667,62.04739146715825,0.1616138204546038,0.1124533639384365,115.594846520693,18.878666986537723,2.77032889750067,1.3470343830184068,0.0013333333333333,0.004618802153517,-124.0,-3.068137199632843,0,-1,0,0.0,0.49312557812557817,0
413,609.2386706680061,9277.168590040132,7,7,0.0141843971631205,231.330347182814,1.1474815318699731,0.0,,none,0,0.0,16199.515264205957,21709.52988618756,440755.6440354136,464015.0939589438,37.0,55.4616984954481,37.0,55.4616984954481,0.0360757450606206,0.0270137198924421,157.11321744817118,64.28099564073848,1.7666306962878753,1.3584245335080816,0.0,0.0,-51.0,-1.534961899003476,37846.9399954666,43593.95165030923,989363.1041650512,713340.21116151,72.5,73.46495763287456,72.5,73.46495763287456,0.1193186168222961,0.1213897912291361,130.1413751784523,51.660133931799145,2.698040079785492,1.6458303579518512,0.0,0.0,-122.0,-2.8725699174151744,40969.27578314569,35628.42180951725,1057965.59616157,623178.7037764175,73.83333333333333,61.84854423705071,73.83333333333333,61.84854423705071,0.1610951732794216,0.1131758563085322,122.43697319506084,37.68578088535681,2.751424727937128,1.3698060424146412,0.0013333333333333,0.004618802153517,2.0,-0.2268500347624935,0,-1,0,0.0,0.6610181115181116,1
414,75586.2469147614,814654.1497922245,192,192,0.1409090909090909,69.76021592646,4.4955286024306265,0.0,,none,0,0.0,27729.93712159984,41567.56096538164,401775.55675222375,403075.0984937332,67.33333333333333,107.98302335706909,67.33333333333333,107.98302335706909,0.0609570886166629,0.0695732491842952,140.68298890691784,82.57131025577992,2.1570312149816586,2.031484998054361,0.0,0.0,91.0,1.171201556081351,30213.67170386351,26825.61120314326,807008.0839328383,553161.6581523322,70.83333333333333,69.96975537092237,70.83333333333333,69.96975537092237,0.1104840736721636,0.1167137001055504,128.18728036099563,54.03583418124974,2.549291997655286,1.3715699420499066,0.0,0.0,-10.0,-0.8924884927812382,42158.39666892261,36594.30388483201,966647.9501871152,564418.0756243038,82.25,70.64395361117734,82.25,70.64395361117734,0.1537199504630224,0.1111853952480427,118.28521379921816,40.65625264232016,2.861536408199092,1.457199328600767,0.0013333333333333,0.004618802153517,101.0,1.3213401631435624,0,-1,0,0.0,0.5650433640433641,1
415,42052.54230706483,729323.1869312618,97,97,0.1642512077294686,102.62980984572,3.1402580414752888,0.0,,none,0,0.0,39416.00929749807,37557.97413388555,517751.5017711753,442413.7813559783,98.66666666666669,92.51126057585276,98.66666666666669,92.51126057585276,0.1064482319338933,0.0807506966494432,134.5734576516645,85.39042279384259,2.9277560585919606,1.6841088492788845,0.0,0.0,94.0,2.3121745308309074,32295.40008987645,27246.2838895718,740695.0202199536,530483.8623265326,76.33333333333333,70.61916642574252,76.33333333333333,70.61916642574252,0.0827868111922924,0.0600336559130323,125.92644403685895,54.91457725139096,2.603020360607166,1.390381043701226,0.0,0.0,33.0,0.3223701777112797,42993.71912904464,36456.201094681855,963988.149750393,565548.1213538918,83.5,70.7717200839174,83.5,70.7717200839174,0.1511032032810578,0.1104760528997846,116.0309380874295,40.71685332527312,2.864201003016561,1.4577206812837014,0.0013333333333333,0.004618802153517,15.0,0.0319751378096326,0,-1,0,0.0,0.5266014448514449,1
416,20554.92673668406,764637.3094712425,18,18,0.297029702970297,108.256118248264,1.696333787095422,0.0,,none,0,0.0,46064.5719861701,27734.163710936627,769538.2153982427,42876.07100556335,102.33333333333331,87.12251909428086,102.33333333333331,87.12251909428086,0.2007300005362854,0.0842106770016333,93.5487146734812,20.792627083598997,3.1107068103337774,1.3998313684141934,0.0,0.0,11.0,0.5488522552254489,31132.043625188035,27636.41608008464,605146.9297168284,345382.0199782044,69.66666666666667,74.47863228246555,69.66666666666667,74.47863228246555,0.118402872798453,0.1061215285758454,125.3309660608263,55.1170182478962,2.438668753310828,1.4366280692642177,0.0,0.0,-40.0,-0.986109643778027,37689.50729890438,34492.52320116189,901363.9390151976,539874.7728408059,74.08333333333333,71.39195056909848,74.08333333333333,71.39195056909848,0.1634247393020632,0.1182153308226518,118.29152440310148,39.33246274707463,2.6857466071979736,1.4587771596481074,0.0013333333333333,0.004618802153517,-113.0,-2.1414527498230536,0,-1,0,0.0,0.533828282828283,1
417,27279.4230628446,745345.6999357357,65,65,0.0555555555555555,133.9666435411,2.6214071665794902,0.0,,none,0,0.0,29962.29736886449,10997.05550178766,746435.3987794132,17682.2621677773,60.0,39.73663297261098,60.0,39.73663297261098,0.172278822085107,0.1209370617784359,114.95085721169453,16.706703261086858,2.4859996650500653,0.7314237531687338,0.0,0.0,-127.0,-1.874121435851136,28846.11724523217,27221.57180271036,574105.4777658187,317411.40650628967,63.66666666666666,72.88255392524826,63.66666666666666,72.88255392524826,0.116617955350885,0.1072578317335863,127.8169230593063,55.113490770937005,2.321515440015864,1.377400041364121,0.0,0.0,-36.0,-0.7029198797697855,39077.345013481645,33628.809287200056,932681.3148723892,516618.827048141,78.83333333333333,68.43023432443414,78.83333333333333,68.43023432443414,0.1384247393020632,0.1048570538245905,119.5125863141415,39.59366464915578,2.8011777253793526,1.386673545375692,0.0013333333333333,0.004618802153517,57.0,1.3851734181765498,0,-1,0,0.0,0.6057978595478595,1
418,78110.22690621704,1226488.3369582137,137,137,0.203883495145631,122.506261155694,4.08844614277899,0.0,,none,0,0.0,41981.52556858189,31468.508194195805,912157.115455064,272389.6641915119,73.33333333333333,59.93607705992552,73.33333333333333,59.93607705992552,0.1854895845571611,0.1217833852685642,121.57634098168586,12.880463553598474,2.802062365484632,1.2062452512744184,0.0,0.0,40.0,0.948188101303701,40698.76743304,31021.31418436476,714954.3086131198,393239.3287406941,86.0,71.08305001897466,86.0,71.08305001897466,0.1459689082455272,0.1020539455488691,128.0748993166753,55.07857815000831,2.864909212038299,1.3119602739117942,0.0,0.0,134.0,3.2603626321346084,44361.31850627729,34422.84579270316,969291.3189470172,520917.9095633235,89.41666666666667,66.61348257377072,89.41666666666667,66.61348257377072,0.1499802479555035,0.1036901830442962,119.11312806666268,39.532090870168325,3.02085547236316,1.3621514866875952,0.0013333333333333,0.004618802153517,127.0,2.636132963805687,0,-1,0,0.0,0.4525808080808081,0
419,79703.12032955262,2256448.0928643188,151,151,0.3118811881188119,81.57376312841198,4.296024626605428,0.0,,none,0,0.0,61697.59009953807,29817.645681522707,1409427.3765860891,771982.9205646975,117.66666666666669,46.144699948459255,117.66666666666669,46.144699948459255,0.1904400796066661,0.1286905262373782,112.68222260840184,27.54337088154328,3.668625978654634,0.9128376838244472,0.0,0.0,133.0,2.5996908395100062,53881.08104285409,27140.886295281685,1089482.7959921665,601627.6559676216,110.0,62.91581677130205,110.0,62.91581677130205,0.1955850400714758,0.0974312096176173,103.11546864094164,24.211889351947885,3.389666394494208,1.1002283119046194,0.0,0.0,144.0,3.148543094735455,45864.01051916034,35619.94166231902,1039422.9500786086,631313.3730205109,91.25,68.0883450178716,91.25,68.0883450178716,0.1574518284468859,0.1122462034412404,116.628421909697,40.972411995176245,3.043853237139849,1.3827291986553474,0.0,0.0,22.0,0.2759731773202807,0,-1,0,0.0,0.26380174455174454,0
420,38467.0782520967,1029802.5476737432,68,68,0.1304347826086956,138.2187133088,2.6720082690462625,0.0,,none,0,0.0,65426.80849595545,23361.391621235955,1504246.325832092,658807.2166206269,118.66666666666669,44.433470867504106,118.66666666666669,44.433470867504106,0.2153998219577128,0.091269758713209,114.09957919763518,29.24323548091593,3.685493012810225,0.8838188169068664,0.0,0.0,3.0,0.0506011024667722,47694.55293240998,25377.0645292383,1125340.8623057527,588233.8521156758,89.33333333333333,49.53651851580529,89.33333333333333,49.53651851580529,0.1938393220214099,0.0986924662569107,114.52521820466497,21.305626120244074,3.085746338930147,0.9788165561143238,0.0,0.0,-124.0,-1.823520333384364,38954.11231813674,26517.211783183586,966174.4731192952,569213.308593798,80.08333333333333,58.60105232274697,80.08333333333333,58.60105232274697,0.1521616978467867,0.1118667005953931,121.35624928283032,39.8051632412389,2.817519168292716,1.170073018821293,0.0,0.0,-134.0,-2.716008826165602,0,-1,0,0.0,0.24580303030303027,0
421,36948.17944951732,1103143.2893445534,71,71,0.0714285714285714,118.01382452052,3.008197271948029,0.0,,none,0,0.0,51706.12601038887,24257.99933163465,1463131.3099608717,688010.4320607447,96.66666666666669,47.07794954470014,96.66666666666669,47.07794954470014,0.1712481807186929,0.125314266216021,112.60210031924385,28.70762380200332,3.325410055866572,0.8572194847971831,0.0,0.0,-66.0,-1.0802488708309608,46843.82578948539,25687.689112540596,1187644.2127079675,556860.4514746113,85.0,49.86782529848333,85.0,49.86782529848333,0.178368882637927,0.110791644869456,117.08922065046497,20.49816335492861,3.063736210675604,0.9788304153650176,0.0,0.0,-26.0,-0.1320607695272597,39569.61293968092,26364.674815985964,964169.6164639608,568636.6626353682,80.66666666666667,58.46107225921335,80.66666666666667,58.46107225921335,0.1305778469151097,0.0985356138760984,121.507832343662,39.78718047272045,2.8333782856413845,1.1713674769706175,0.0,0.0,7.0,0.1903094081840199,0,-1,0,0.0,0.3018838383838384,0
422,55262.8893753044,1641123.3863703725,102,102,0.3333333333333333,95.4697505821,3.58267688016366,0.002,,none,0,0.0,43559.382358972805,10163.947105043118,1258023.0744628897,333795.0012131915,80.33333333333333,18.82374387132724,80.33333333333333,18.82374387132724,0.1783988957902,0.1373824704686287,117.23409613713984,21.38514521381038,3.087627473719316,0.4605010288085031,0.0006666666666666,0.0011547005383792,-49.0,-0.7133477464417681,52628.486229255446,22263.36676940719,1333725.2255244895,538356.4542213923,99.0,37.57126561616009,99.0,37.57126561616009,0.184419487698433,0.1192374728281231,114.95815937277096,22.1946063700176,3.3781267261869767,0.7206950205451644,0.0003333333333333,0.0008164965809277,84.0,1.8863430930682377,41880.26492722174,26429.040677037352,969436.0776206588,575093.751803388,84.33333333333333,58.289767281204384,84.33333333333333,58.289767281204384,0.1514111802484431,0.113004967347423,120.14456271679866,40.424133900937775,2.9083977397489025,1.1895091217726506,0.0001666666666666,0.0005773502691896,44.0,0.9002334492902109,0,-1,0,0.0,0.3246192881192882,0
423,10333.371211955857,664509.2429122142,4,4,0.1666666666666666,141.50525978392,0.94759472021416,0.0,,none,0,0.0,34181.48001225919,22592.174971209904,1136258.63954238,489148.5113078357,59.0,50.08991914547271,59.0,50.08991914547271,0.1904761904761903,0.1325658181626196,118.32961162884652,23.01937918343423,2.512822957441948,1.3856266744781218,0.0006666666666666,0.0011547005383792,-64.0,-1.7244135488321026,49804.14425410733,26745.94475767172,1320252.482687236,556724.1391323828,88.83333333333333,53.49174391124971,88.83333333333333,53.49174391124971,0.2029380062169516,0.102702980590365,116.21459541324096,23.65145678523584,3.099157985126088,1.2218777805021332,0.0003333333333333,0.0008164965809277,-61.0,-1.6738124463653303,39325.13074966975,27960.22231389533,947178.9802265272,581820.4111567399,76.25,62.35255334860718,76.25,62.35255334860718,0.1597779807839183,0.1097990631671562,122.01575923627364,40.885964901865705,2.710336712570976,1.3061137603965705,0.0001666666666666,0.0005773502691896,-97.0,-2.376732326135116,0,-1,0,0.0,0.2733718133718133,0
424,25591.32486809302,839203.3636883543,49,49,0.2166666666666666,147.19611395394,2.179967902808332,0.002,,none,0,0.0,30395.861818451085,22846.839651868417,1048278.6643236468,520795.6963171179,51.66666666666666,49.054391580503015,51.66666666666666,49.054391580503015,0.2388888888888888,0.085526690657448,128.0570414399865,28.36450421544764,2.236746501062049,1.318458324838432,0.0013333333333333,0.0011547005383792,-22.0,-0.8282293691396969,41050.99391441999,24091.692622971976,1255704.9871422595,591156.0031399489,74.16666666666667,49.5637636450938,74.16666666666667,49.5637636450938,0.2050685348037908,0.1028589892686076,120.32957087961528,26.8909960211932,2.781078278464312,1.1596635462273446,0.0006666666666666,0.0010327955589886,-88.0,-1.9084782399706577,40874.88067372999,26481.60618293168,985329.6478776896,555775.2028860502,80.08333333333333,58.749790457395456,80.08333333333333,58.749790457395456,0.175518721524659,0.1024487432618397,124.20223509814532,41.52091206738011,2.822993745251305,1.181346665313787,0.0003333333333333,0.0007784989441615,46.0,1.3518843921639507,0,-1,0,0.0,0.11758477633477632,0
425,27705.295805749505,665632.5166302525,46,46,0.1318681318681318,112.94826549038,2.024889911415497,0.0,,none,0,0.0,21209.997295266123,9478.552869421912,723115.0410769401,100537.00523195394,33.0,25.15949125081802,33.0,25.15949125081802,0.1717338217338216,0.0426257542027179,133.88321307607984,18.352124621083167,1.7174841781459946,0.6712373864211745,0.0006666666666666,0.0011547005383792,-56.0,-1.5577869687481631,32384.68982711947,15070.10344751371,990569.0577699152,366672.4671373845,56.66666666666666,32.66598638747533,56.66666666666666,32.66598638747533,0.1750663587620108,0.0910477139142922,125.55865460660996,20.020187162544445,2.4025558259326565,0.9100747912708368,0.0006666666666666,0.0010327955589886,-105.0,-2.2711347151899317,43132.88543498678,23750.527534735716,1040025.9268810404,477814.575649655,83.33333333333333,55.31781454523128,83.33333333333333,55.31781454523128,0.1853256994167433,0.0905416443265409,114.33706162377582,24.20782591141741,2.8961111102134325,1.0919895996763054,0.0003333333333333,0.0007784989441615,39.0,0.8774083795455236,0,-1,0,0.0,0.13723556998557,0
426,13004.254094439932,599461.8564251459,7,7,0.0333333333333333,144.030617435284,1.4764669430404198,0.0,,none,0,0.0,22100.29158942748,7947.996091090004,701432.578914584,123815.30971927494,34.0,23.430749027719724,34.0,23.430749027719724,0.1272893772893771,0.0917523924641594,134.72499895986786,18.925503494039408,1.893774919088081,0.36962380335734,0.0006666666666666,0.0011547005383792,3.0,0.5288722228262598,28140.885800843345,16529.287305564172,918845.609228482,398196.8228333147,46.5,37.55928646819662,46.5,37.55928646819662,0.1588827838827838,0.1076784615204932,126.5273052943573,20.87748112004092,2.203298938265016,0.968297142901085,0.0006666666666666,0.0010327955589886,-61.0,-1.1955413260058427,37917.71936662666,22829.608784191147,1022093.2357671174,490900.8177068048,67.91666666666667,47.50781434924596,67.91666666666667,47.50781434924596,0.1763610529520969,0.100154493627854,120.52626174951116,21.065147637711743,2.6445226385975817,1.0363636726638976,0.0003333333333333,0.0007784989441615,-185.0,-3.0190616593902067,0,-1,0,0.0,0.4355383597883598,0
427,71400.49308707188,1357053.1534421444,156,156,0.2748815165876777,95.297072906718,4.286294610296824,0.0,,none,0,0.0,37370.01432908711,30374.08879658218,874049.1754991807,419600.13238741946,69.66666666666667,77.26793211503288,69.66666666666667,77.26793211503288,0.1466943272630475,0.121454696330709,117.42531861079384,24.673317451477036,2.595883821584245,1.4893986753073314,0.0,0.0,107.0,2.1063267074884915,33882.9380737691,24339.61753793225,961163.919911414,433617.0497035355,60.66666666666666,58.71853767479843,60.66666666666666,58.71853767479843,0.1927916080759681,0.1066600880754097,122.74118002539028,24.47932058850456,2.4163151613231486,1.2733225011106852,0.0006666666666666,0.0010327955589886,85.0,1.2780973383487946,40363.38193162724,24799.790322271638,1074404.066309691,490312.1927661055,72.83333333333333,53.470184271803305,72.83333333333333,53.470184271803305,0.1855802453569476,0.1039579722041785,119.91520033792769,21.727429503908404,2.740025685999376,1.1343703866352857,0.0003333333333333,0.0007784989441615,59.0,1.1460365688215348,0,-1,0,0.0,0.15284151034151036,0
428,67279.64979221488,829572.2756560695,150,150,0.1724137931034483,113.161159810076,4.184335621114983,0.0,,none,0,0.0,50561.4656579089,32590.6956458829,928695.7618411196,388400.8785573005,104.33333333333331,84.34650753489046,104.33333333333331,84.34650753489046,0.1602095476748197,0.1212356750846475,117.49628338402584,24.654301103056383,3.31569905815074,1.5936373454486554,0.0,0.0,104.0,2.1594457096994866,35885.73147658751,26818.85850265372,825905.4014590302,277604.39942301344,68.66666666666667,68.01078345870398,68.66666666666667,68.01078345870398,0.1659716847043207,0.0815221454674031,125.68974823005296,21.41059214068636,2.5165916181483694,1.4008508442713856,0.0003333333333333,0.0008164965809277,48.0,0.6016587409513234,44257.10885292148,25073.533432316657,1079815.3134917598,486929.36701200536,83.83333333333333,54.72714688397889,83.83333333333333,54.72714688397889,0.1751955862013769,0.0978580325806716,120.32395380141202,21.533422302998133,2.947359172167673,1.1534789366332172,0.0003333333333333,0.0007784989441615,132.0,2.488001834019561,0,-1,0,0.0,0.13289562289562287,0
429,59869.6371779152,1305440.4993779238,73,73,0.2338709677419354,128.95940683565198,2.9520702786611146,0.0,,none,0,0.0,66183.26001906731,5843.090997103622,1164021.9761587123,290789.30196900177,126.33333333333331,46.28534685333295,126.33333333333331,46.28534685333295,0.2270554258110204,0.0515727379326437,112.47254651748185,16.841728610374194,3.807566836690973,0.7426336105169555,0.0,0.0,66.0,1.4756033356206948,44141.77580424741,24938.271258777124,932727.2775366484,322726.1141540993,80.16666666666667,60.28404985289825,80.16666666666667,60.28404985289825,0.1771724015501988,0.0861236254438548,123.59877273867497,20.131539780789275,2.8506708778895287,1.1721904390310358,0.0003333333333333,0.0008164965809277,69.0,2.0044755584469547,46972.96002917736,24831.25215817179,1126489.880111942,478729.0857648275,84.5,54.52522352086229,84.5,54.52522352086229,0.1900552038835752,0.0913621686975032,119.906684075958,21.292187501009582,2.974914431507808,1.1489250393536354,0.0003333333333333,0.0007784989441615,8.0,0.3306631120816243,0,-1,0,0.0,0.016425925925925927,0
430,47895.41424809596,1236628.8518932902,97,97,0.2137404580152671,113.42658929302,3.30448081713571,0.0,,none,0,0.0,58348.233739408686,9781.265164818842,1123880.5423090942,257190.15838989388,106.66666666666669,39.39966158907123,106.66666666666669,39.39966158907123,0.2066750729535502,0.0313318660183066,118.51571864624916,9.045472925744528,3.480295572303934,0.6346673062750156,0.0,0.0,-59.0,-0.9818137931611136,47859.12403424791,23223.45956715185,998964.8589041376,340013.4306486962,88.16666666666667,58.4787710769192,88.16666666666667,58.4787710769192,0.1766847001082988,0.0858631387247531,117.97051862852165,16.631114258396295,3.038089696944091,1.132739884045748,0.0,0.0,48.0,1.124512914327378,44455.05897433394,22838.853548921743,1127334.9230231985,478930.55538475583,81.16666666666667,52.19688833173052,81.16666666666667,52.19688833173052,0.1908766174560449,0.0915419315451526,119.1500447540685,21.35265264551636,2.909583987704202,1.1011465320073386,0.0003333333333333,0.0007784989441615,-40.0,-0.7839653256432797,0,-1,0,0.0,0.03237830687830688,0
431,11259.736053660014,932317.4931919276,13,13,0.1666666666666666,157.71876917554002,1.5190049165802892,0.0,,none,0,0.0,39674.92915989039,25326.13083638177,1158128.9481543803,198562.00694388305,61.0,43.26661530556781,61.0,43.26661530556781,0.2047593641412896,0.0344905719890774,133.36825510140383,22.4728226299869,2.591852004125703,0.9456738083758018,0.0,0.0,-137.0,-2.665330704534694,45118.19740889966,26776.51100136913,1043412.3549977504,303157.9148246378,82.66666666666667,64.48152190098122,82.66666666666667,64.48152190098122,0.1824844559080547,0.0833695461898676,125.43226924271498,22.819307040195845,2.9537755311382234,1.2372461127636964,0.0,0.0,-33.0,-0.5058849948352075,38751.44361800956,21756.65925774078,1016990.7063838326,321946.4014641574,69.66666666666667,50.58985405526813,69.66666666666667,50.58985405526813,0.1787754073350328,0.0833208048342072,125.49546192466252,20.466583093741463,2.67816567853544,1.0747769255439326,0.0003333333333333,0.0007784989441615,-138.0,-2.777019710025139,0,-1,0,0.0,0.07336387686387685,0
432,76176.49212730925,1986577.12840462,132,132,0.1262135922330097,97.050297360784,4.357340408613826,0.0,,none,0,0.0,45110.547476355074,32547.85579702113,1385174.4911632792,542600.4052885491,80.66666666666667,61.15826463637871,80.66666666666667,61.15826463637871,0.1688735723049811,0.0438051467614096,122.73188527644784,31.38641852917484,3.060275380776607,1.4348394727964575,0.0,0.0,59.0,1.4052701299527115,55646.90374771121,23887.645675662046,1274598.233660996,407752.3484315209,103.5,54.57746787823756,103.5,54.57746787823756,0.1979644990580007,0.0533572272094663,117.60221589696496,23.218024157988072,3.433921108733791,1.1007456349631797,0.0,0.0,125.0,2.8808734655734063,41893.89477427727,24287.909157475453,1096721.921444739,426805.6004363002,75.0,53.67748808646621,75.0,53.67748808646621,0.1784236414703922,0.0835520334541867,122.06476059566118,21.561120271197854,2.818610023499404,1.1789631164156016,0.0003333333333333,0.0007784989441615,64.0,1.6853321395675636,0,-1,0,0.0,0.03409163059163059,0
433,42562.55998154655,707012.4907324624,106,106,0.1342281879194631,124.84765182163,3.418550693601788,0.0,,none,0,0.0,43332.92938750526,32465.233813229344,1208635.7041096697,683070.4434821177,83.66666666666667,62.564633247013695,83.66666666666667,62.564633247013695,0.1423694822730464,0.0214201613695489,126.53890611931784,30.36957562938129,3.098298672931966,1.4460145604009798,0.0,0.0,9.0,0.1140698764660776,50840.58156345698,22967.447209973983,1166258.1232093822,463948.0946917905,95.16666666666669,48.42898581084183,95.16666666666669,48.42898581084183,0.1745222776132983,0.0426235422547825,122.52731238278363,20.51741072630714,3.2892971226179517,1.020431658053274,0.0,0.0,-50.0,-0.8677439166950358,42361.75981861304,24238.001875996462,1063711.0215603982,441335.6585399693,77.91666666666667,54.38659315632402,77.91666666666667,54.38659315632402,0.1836569428446333,0.0780250595057648,122.634246204087,21.53463091486046,2.85280614197055,1.1908532967124084,0.0003333333333333,0.0007784989441615,35.0,0.4103534216537587,0,-1,0,0.0,0.016945887445887445,0
434,52298.99078697942,1224800.7109998057,99,99,0.2275862068965517,97.50303808992,3.4218581642604904,0.004,,none,0,0.0,57012.68096527839,17295.614036446706,1306130.110045629,643647.6278656955,112.33333333333331,17.38773514099337,112.33333333333331,17.38773514099337,0.1626759956830081,0.0563565442148864,106.46699575744452,15.919724606727494,3.732583088825366,0.5410582374499838,0.0013333333333333,0.0023094010767585,86.0,1.9028532476802007,48343.8050625844,21596.29038782518,1232129.5291000048,433653.0398369595,86.66666666666667,40.74636998146853,86.66666666666667,40.74636998146853,0.1837176799121489,0.0477238601019443,119.91762542942428,22.814238573583594,3.1622175464755364,0.9301598838609508,0.0006666666666666,0.0016329931618554,-51.0,-0.762477456854493,42114.76826958596,24109.344551864164,1029017.4652795176,406833.6641706013,77.66666666666667,54.27260037546705,77.66666666666667,54.27260037546705,0.1748446823082348,0.0643582983001066,122.80368682973864,21.30827174512512,2.839404582311953,1.182770284512564,0.0005,0.0012431631210161,-3.0,-0.1608187159031695,0,-1,0,0.0,0.09339033189033188,0
435,5347.0648621501405,225658.30020671475,6,6,0.1382978723404255,155.362957399322,1.642303338856038,0.0,,none,0,0.0,33402.87187689203,24779.94656256504,719157.1673129941,499681.9079557432,70.33333333333333,55.8241285944826,70.33333333333333,55.8241285944826,0.1667040890521467,0.0527647115763609,125.90454910362386,28.944435380929544,2.827570732239437,1.026473005102397,0.0013333333333333,0.0023094010767585,-126.0,-2.715037069757788,39256.70967662356,26654.912639766422,1052165.829238137,592209.9343000284,75.5,52.67542121331403,75.5,52.67542121331403,0.1677888306785639,0.043389103073069,124.31821719003597,27.058728384234247,2.9439230565080234,1.1230360159829045,0.0006666666666666,0.0016329931618554,-67.0,-1.3097669398050766,41699.24274043548,24741.57399134913,992446.5533873928,458963.3039501181,77.83333333333333,54.02833151283316,77.83333333333333,54.02833151283316,0.1724806161143814,0.0652015196645982,123.95849496435552,22.74127440966901,2.897296967198776,1.0955401116760903,0.0005,0.0012431631210161,2.0,0.6947086186418779,0,-1,0,0.0,0.17096176046176048,0
436,61808.17609597511,871263.1012269497,129,129,0.1886792452830188,114.56371176144,3.962554490168361,0.0,,none,0,0.0,39818.077248368216,30229.02863984069,773907.3708111566,506635.95701938873,78.0,64.13267497929583,78.0,64.13267497929583,0.1848544415066653,0.0447668796645174,122.4765690835605,29.7304986314134,3.0089053310949616,1.2139970688210548,0.0013333333333333,0.0023094010767585,23.0,0.5440037965665732,41575.50331793675,28121.53067118465,991271.5374604134,588219.9474799149,80.83333333333333,56.75003671070813,80.83333333333333,56.75003671070813,0.1636119618898558,0.0390723720744296,124.5077376014393,26.971026005142043,3.053602002013465,1.1951134455224508,0.0006666666666666,0.0016329931618554,32.0,0.6580736730326509,44717.31367609232,24806.88957767208,995118.1981822756,458082.6403964444,84.5,55.072679252057405,84.5,55.072679252057405,0.1701483309990774,0.0639661371419768,121.23912811498047,21.634057161466128,3.0458458494787783,1.1101883893248288,0.0003333333333333,0.0011547005383792,80.0,1.7825865873600288,0,-1,0,0.0,0.18685858585858586,0
437,19415.45158838772,913456.1270776376,52,52,0.0666666666666666,139.04191045989998,2.4463220293246977,0.0,,none,0,0.0,28856.89751550432,29390.813978785824,670125.8428371005,385497.8731413828,62.333333333333336,62.14767359550419,62.333333333333336,62.14767359550419,0.1312145947633702,0.0613139213480763,136.32285987355385,20.53508067242593,2.683726619449697,1.178202892481108,0.0,0.0,-47.0,-0.9755361349357928,42934.78924039137,26514.29288128382,988127.9764413652,588648.2650902006,87.33333333333333,49.15146657696716,87.33333333333333,49.15146657696716,0.1469452952231892,0.0554177655189823,121.39492781549932,23.18324081198863,3.208154854137533,1.0011954838445372,0.0006666666666666,0.0016329931618554,39.0,0.9273171127444084,44026.493324645504,25431.27665564528,1015770.1657195576,447338.2484825434,85.0,54.71745608121776,85.0,54.71745608121776,0.1647148755656219,0.0699981465090072,123.41359852910716,22.032656587024068,3.080965192637878,1.0812441580296863,0.0003333333333333,0.0011547005383792,6.0,0.4214321179092009,0,-1,0,0.0,0.3975753968253969,0
438,23874.350617734995,763695.1767540559,40,40,0.1214953271028037,144.04533441956002,2.153299852136639,0.0,,none,0,0.0,35032.659434032605,23295.206900217738,849471.4683528809,77222.03058677241,73.66666666666667,48.29423706130298,73.66666666666667,48.29423706130298,0.1256137463508296,0.0611104603810163,132.55031888029984,15.77647265917986,2.85405879054323,0.9711011976856764,0.0,0.0,34.0,0.5109965132806011,34217.765655462325,21528.62811958609,784314.3178329378,327647.1357652123,72.0,46.72044520335881,72.0,46.72044520335881,0.1461589177014882,0.0558029223363801,129.22743399196196,21.16414062540671,2.840814761391336,0.8938032399303665,0.0006666666666666,0.0016329931618554,-92.0,-2.204040556477187,44932.33470158676,24398.455803068377,1029456.2757469668,435807.3042163897,87.75,51.15417871493975,87.75,51.15417871493975,0.1720617083797445,0.0586641085587121,123.41482494446348,22.0339089057292,3.137367935062563,1.0048948991075564,0.0003333333333333,0.0011547005383792,33.0,0.6768329090962193,0,-1,0,0.0,0.3440396825396826,0
439,11888.723850651017,544864.1866609377,9,9,0.1052631578947368,129.07039923974,1.4068691591712124,0.002,,none,0,0.0,18392.84201892457,6057.896499498082,740671.8301642103,185371.41230832823,33.666666666666664,22.188585654189986,33.666666666666664,22.188585654189986,0.0978083838880689,0.0281642635785703,137.3858813730665,7.623581518022318,2.002163680210848,0.5359544515776099,0.0006666666666666,0.0011547005383792,-120.0,-2.5556853309971483,29105.45963364641,22757.61684346302,757289.6004876838,341684.6524605423,55.833333333333336,49.31294623794769,55.833333333333336,49.31294623794769,0.1413314126973671,0.0582410898525281,129.93122522831362,21.05931849556205,2.5055345056529066,1.0042275879482,0.001,0.0016733200530681,-97.0,-2.011681534430576,39973.02059855169,24576.98545497631,961773.8618485328,443308.5257683135,75.5,50.92507865839416,75.5,50.92507865839416,0.1579268451553327,0.0516534387215588,126.22926880554866,20.19619443971064,2.8974158141354294,1.0484456289290047,0.0005,0.0012431631210161,-147.0,-2.879425451125611,0,-1,0,0.0,0.6298161375661376,1
440,53694.163623069646,664481.1438747924,130,130,0.1048034934497816,116.50340799634,3.921742852042773,0.0,,none,0,0.0,29819.079363818542,21527.390657943604,657680.1690965951,109573.90428260696,59.66666666666666,62.85167725155255,59.66666666666666,62.85167725155255,0.1105206594824406,0.0095071194314356,129.8730472185465,13.78849558902589,2.493970621116873,1.291584241310857,0.0006666666666666,0.0011547005383792,78.0,1.4754208227180752,29337.98843966144,23047.280449608137,663903.0059668481,253559.63542520007,61.0,55.92137337369365,61.0,55.92137337369365,0.1208676271229054,0.0408458638739358,133.0979535460503,16.037608441348663,2.5888486202832866,1.1105597529950169,0.0003333333333333,0.0008164965809277,31.0,0.4998846877822824,38840.89675112292,23493.80512100882,948016.2675334264,450290.95474330126,73.83333333333333,48.5364592732914,73.83333333333333,48.5364592732914,0.1522926535175272,0.0535809875541199,126.50778948773733,20.021885704558077,2.8755330833794117,1.021538841389942,0.0005,0.0012431631210161,-20.0,-0.2625927690722105,0,-1,0,0.0,0.5974246031746032,1
441,54853.09372541655,2618100.971121536,97,97,0.3443708609271523,127.27237094344,3.1712687727600137,0.0,,none,0,0.0,40145.32706637907,24477.79603464851,1275815.4338857553,1163990.937128609,78.66666666666667,62.54864773385057,78.66666666666667,62.54864773385057,0.1848125040905568,0.1381817815420912,124.28205939317318,6.79623348652261,2.8332935946579982,1.2910529960207564,0.0006666666666666,0.0011547005383792,57.0,1.0179689206233746,37588.99325020584,21553.966604566605,1062643.4511193184,773864.336026723,76.16666666666667,50.053637896427865,76.16666666666667,50.053637896427865,0.1552131252206932,0.1009099852473901,128.41618913673662,11.77045394840676,2.843676192600616,1.0217981737507384,0.0003333333333333,0.0008164965809277,91.0,1.5289654339039758,38422.85146341469,23127.380575960786,1057404.6401787277,657005.7718004034,75.83333333333333,48.99134122629744,75.83333333333333,48.99134122629744,0.1615009779496286,0.074346634113369,126.36720316338632,20.009025149659863,2.8937996245543203,1.0249858228086175,0.0005,0.0012431631210161,24.0,0.2191984940988991,0,-1,0,0.0,0.3062027417027417,0
442,13440.60743154919,402975.665015337,6,6,0.0461538461538461,185.8538844801,1.3900121297315224,0.0,,none,0,0.0,40662.62159334512,23582.07626597579,1228519.2600038885,1210495.4678861322,77.66666666666667,64.22097269065091,77.66666666666667,64.22097269065091,0.1651094001769266,0.1579903438970651,143.2098878066265,37.32124703106865,2.827674584844768,1.3003683466812426,0.0,0.0,-3.0,-0.0168570294396899,29527.73180613486,19644.53860728608,984595.5450840496,819306.5786077719,55.66666666666666,49.26932784874095,55.66666666666666,49.26932784874095,0.1314588920324978,0.1079837850841893,140.29788458984663,24.301718155879517,2.41491913252781,0.9978589482423914,0.0003333333333333,0.0008164965809277,-123.0,-2.5725423604368385,35551.617562035804,23967.948896048336,987933.5412722314,680004.2505508107,68.25,52.345226403873006,68.25,52.345226403873006,0.1475354269611768,0.079221897917932,132.402811095643,25.828164632692797,2.734260567270637,1.1013974827299682,0.0005,0.0012431631210161,-91.0,-1.914468687404188,0,-1,0,0.0,0.613858585858586,1
443,72889.42578736223,1019682.3315744402,151,151,0.1297709923664122,75.73241528928399,4.274649940332098,0.0,,none,0,0.0,47061.04231477599,30480.773445980103,1346919.6559037708,1143244.6064879056,84.66666666666667,73.28255817951043,84.66666666666667,73.28255817951043,0.1734318998158035,0.153827998441616,129.6195569042745,55.098243671070605,2.945310280941209,1.4555331513247598,0.0,0.0,21.0,0.3529070882893248,38440.06083929728,25420.22866306688,1002299.9125001832,818609.3020224195,72.16666666666667,62.576087019457525,72.16666666666667,62.576087019457525,0.1419762796491221,0.1033862786730407,129.74630206141063,35.92206708556577,2.719640451029043,1.2553162507361582,0.0003333333333333,0.0008164965809277,99.0,1.8283279110074,40687.42503984432,24875.300841642373,995213.944470774,679822.3282641675,79.75,54.22868244757561,79.75,54.22868244757561,0.1444607874361556,0.0791278195603961,125.570614938455,29.152458412800943,2.963897652583288,1.112204828964774,0.0005,0.0012431631210161,138.0,2.7556450237518084,0,-1,0,0.0,0.4621378066378066,0
444,52185.8526351918,1376661.1886367502,89,89,0.2790697674418604,94.00286905712,3.182665714294594,0.002,,none,0,0.0,46171.96195136773,30177.23747865858,933106.395075509,492582.3985009783,82.0,72.75300681071538,82.0,72.75300681071538,0.1516648686540395,0.1179913681653644,118.52972294216784,59.01575565312623,2.9491092614527368,1.456432383286182,0.0006666666666666,0.0011547005383792,-8.0,0.0113969415345804,43158.64450887341,24795.71258572677,1104460.9144806324,821121.0471038226,80.33333333333333,60.70804449713991,80.33333333333333,60.70804449713991,0.1682386863722982,0.1163447326060875,121.40589116767065,37.70339632392218,2.891201428055369,1.232570172789394,0.0006666666666666,0.0010327955589886,49.0,1.0293658621579551,38688.20508216786,22626.13914910474,944387.6161567848,619049.3905905201,76.16666666666667,51.82984982935344,76.16666666666667,51.82984982935344,0.1571988020368932,0.0877563068367996,125.31666257981632,29.43539043443331,2.866008094723352,1.026830240078349,0.0006666666666666,0.0013026778945578,-43.0,-1.174674694319232,0,-1,0,0.0,0.31536002886002884,0
445,43477.33080234163,1034951.9533688704,102,102,0.375,158.70021747142002,3.3404269025577724,0.0,,none,0,0.0,56184.20307496522,15108.207621402327,1143765.1578600202,201838.3293656168,114.0,32.69556544854365,114.0,32.69556544854365,0.2612802532694241,0.1235785849453983,109.47850060594118,43.59513079013928,3.5992475190614868,0.5902105311871366,0.0006666666666666,0.0011547005383792,96.0,1.95041477282625,48423.412334155175,19647.51258875908,1186142.2089319543,777541.1069124585,95.83333333333331,49.73295352848772,95.83333333333331,49.73295352848772,0.2131948267231754,0.137359732323886,126.34419420628394,40.72721827193799,3.2134610519531286,0.9971559362078876,0.0003333333333333,0.0008164965809277,93.0,1.93355774338656,38764.43598390079,22641.91460386104,971715.9047098188,614841.9274043336,75.83333333333333,51.63302912835632,75.83333333333333,51.63302912835632,0.1772631197102713,0.1073616038877424,128.13770971729883,30.968615187563813,2.859497778803018,1.023249948689516,0.0006666666666666,0.0013026778945578,-4.0,-0.0781237910440153,0,-1,0,0.0,0.12111399711399708,0
446,22269.78936958407,1089566.127882155,17,17,0.1565217391304348,138.61725689472,1.9618714481768191,0.0,,none,0,0.0,39310.99093570583,15387.056289011332,1167059.7566292584,183562.65208134145,69.33333333333333,45.78573285788193,69.33333333333333,45.78573285788193,0.2701971688574316,0.1095090401399708,130.44011447441983,33.114739415876315,2.828321355009727,0.7545023054428766,0.0006666666666666,0.0011547005383792,-134.0,-2.3127784921552785,43186.01662524092,22008.05782789595,1256989.706266515,738908.834709154,77.0,55.29195239815694,77.0,55.29195239815694,0.2218145343366176,0.1306566813392344,130.0298356893473,40.65910676963967,2.8868158179754704,1.038867708636085,0.0003333333333333,0.0008164965809277,-113.0,-1.9598714038659537,36262.00253245117,22669.487665703546,960446.3561166814,611008.7989143294,69.0,53.67410074616142,69.0,53.67410074616142,0.1713410807297616,0.1062880302415833,131.56389461769882,29.511291029729392,2.7378322191293787,1.037010509186569,0.0003333333333333,0.0007784989441615,-82.0,-1.4599867160836713,0,-1,0,0.0,0.20147643097643103,0
447,40588.40926484703,711780.3024340917,78,78,0.1374045801526717,127.73632629056,2.776131484004379,0.0,,none,0,0.0,35445.17647892424,11501.286276898702,945432.7945617056,204183.232226658,65.66666666666667,43.82160806421107,65.66666666666667,43.82160806421107,0.2229754397610354,0.1320036614216938,141.68460021889985,15.708185304673972,2.6928099449129888,0.6930444750218288,0.0,0.0,-11.0,-0.406534230290215,40808.569215146,21253.17098971723,939269.5948186074,337308.26656263275,73.83333333333333,54.45518034738954,73.83333333333333,54.45518034738954,0.1873201542075375,0.1185931326071998,130.10716158053395,40.65325451744672,2.820959603182864,1.029713151549892,0.0003333333333333,0.0008164965809277,-19.0,-0.3951372887556346,39198.78123267592,20477.1508487936,1000956.5229689628,572782.4996996024,75.0,49.8816781812903,75.0,49.8816781812903,0.1712666397141154,0.1063135863429818,129.26167535863533,28.547777510165247,2.83231789789174,0.9780988768608048,0.0003333333333333,0.0007784989441615,72.0,1.1338281451483412,0,-1,0,0.0,0.17583621933621935,0
448,73361.45576487752,1456259.4868076895,147,147,0.1684210526315789,69.12616948588,3.918644965362187,0.0,,none,0,0.0,45406.551466436205,25884.36718307102,1085868.6390413118,372253.3647385752,80.66666666666667,65.04101270224297,80.66666666666667,65.04101270224297,0.1541157906382284,0.0156475823170569,111.82658422371983,37.37770360509688,2.8855492991811267,0.9829648229199428,0.0,0.0,45.0,0.5782180628044147,50795.37727070072,19853.22878169244,1114816.8984506663,269685.21200005524,97.33333333333331,49.52844300668778,97.33333333333331,49.52844300668778,0.2076980219538262,0.0982439413455117,110.65254241483062,36.34150947831814,3.2423984091213085,0.823794191777909,0.0003333333333333,0.0008164965809277,141.0,2.5286328356306647,40161.55453841778,21861.61264445117,1049706.2217673578,585494.3303215391,76.5,51.883611004912574,76.5,51.883611004912574,0.1695784569931621,0.1061726998186219,125.47521350233866,33.29336955620477,2.8286587708245587,0.9735577965075592,0.0003333333333333,0.0007784989441615,18.0,-0.0439095248061738,0,-1,0,0.0,0.21047610722610724,0
449,5935.624360797317,180248.2030465989,12,12,0.0169491525423728,151.63511060348,1.7684646040214769,0.0,,none,0,0.0,39961.82979684062,33717.28246026303,782762.6640961264,640960.2724208,79.0,67.50555532695067,79.0,67.50555532695067,0.1075915951088744,0.0800159027136161,116.16586879330652,42.45395100704267,2.8210803511293463,1.0757946816496518,0.0,0.0,-5.0,-0.1934068441553422,39636.41036627324,23442.988983179843,974911.2103626928,471291.2091511762,74.16666666666667,51.85910399020331,74.16666666666667,51.85910399020331,0.1888943819831531,0.1236530695454436,123.3029916338633,34.93845726424238,2.824700853069538,0.8310589028672297,0.0003333333333333,0.0008164965809277,-139.0,-2.506185336310621,39038.23560278525,23322.05851142296,988605.5614314378,636998.1724619414,73.16666666666667,54.80350574939743,73.16666666666667,54.80350574939743,0.1654353308161376,0.1113952610829928,126.52464684763702,33.95184055302127,2.7721706520492906,1.016477966099186,0.0003333333333333,0.0007784989441615,-40.0,-0.6778574253032208,0,-1,0,0.0,0.4386125541125542,0
450,88103.75458754315,1220373.8557835931,159,159,0.213235294117647,74.15896689554,4.840652612820807,0.01,,none,0,0.0,55800.27823773932,43808.636401337775,952293.8485459604,678933.9929490963,106.0,81.62720134857007,106.0,81.62720134857007,0.1328684997638662,0.1028593717421304,98.30674899496653,46.252220231331954,3.509254060734822,1.5764788215977732,0.0033333333333333,0.0057735026918962,81.0,2.064521128816428,45622.72735833179,30739.05551624235,948863.3215538332,448409.3953746547,85.83333333333333,62.620816560204005,85.83333333333333,62.620816560204005,0.1779219697624508,0.1167809273137683,119.99567460693328,38.97303398247429,3.101032002823907,1.1773753632550112,0.0016666666666666,0.0040824829046386,70.0,1.6579868985262127,44390.6859336026,26657.421951647582,1026662.1180172326,635980.6766689715,83.08333333333333,58.8719076907782,83.08333333333333,58.8719076907782,0.1730803280673745,0.1112534807949316,120.700782887302,36.566481786946696,2.9961167154396384,1.1544103766375426,0.0011666666666666,0.0028867513459481,119.0,2.687352760684168,0,-1,0,0.0,0.19791943241943247,0
